feedback_date,theme,theme_count,total_feedback,theme_share,theme_label
2024-01-01,app_performance,25,132,0.1893939393939394,App Performance
2024-01-02,app_performance,20,132,0.1515151515151515,App Performance
2024-01-03,app_performance,22,146,0.1506849315068493,App Performance
2024-01-04,app_performance,29,154,0.1883116883116883,App Performance
2024-01-05,app_performance,20,134,0.1492537313432835,App Performance
2024-01-06,app_performance,18,142,0.1267605633802817,App Performance
2024-01-07,app_performance,25,148,0.1689189189189189,App Performance
2024-01-08,app_performance,15,140,0.1071428571428571,App Performance
2024-01-09,app_performance,28,152,0.1842105263157894,App Performance
2024-01-10,app_performance,15,134,0.1119402985074626,App Performance
2024-01-11,app_performance,19,145,0.1310344827586207,App Performance
2024-01-12,app_performance,18,104,0.173076923076923,App Performance
2024-01-13,app_performance,33,140,0.2357142857142857,App Performance
2024-01-14,app_performance,25,142,0.176056338028169,App Performance
2024-01-15,app_performance,27,130,0.2076923076923077,App Performance
2024-01-16,app_performance,17,113,0.1504424778761062,App Performance
2024-01-17,app_performance,19,130,0.1461538461538461,App Performance
2024-01-18,app_performance,14,145,0.096551724137931,App Performance
2024-01-19,app_performance,26,133,0.1954887218045112,App Performance
2024-01-20,app_performance,24,137,0.1751824817518248,App Performance
2024-01-21,app_performance,15,144,0.1041666666666666,App Performance
2024-01-22,app_performance,19,147,0.1292517006802721,App Performance
2024-01-23,app_performance,25,153,0.1633986928104575,App Performance
2024-01-24,app_performance,25,132,0.1893939393939394,App Performance
2024-01-25,app_performance,28,147,0.1904761904761904,App Performance
2024-01-26,app_performance,22,133,0.1654135338345864,App Performance
2024-01-27,app_performance,20,146,0.136986301369863,App Performance
2024-01-28,app_performance,18,138,0.1304347826086956,App Performance
2024-01-29,app_performance,18,127,0.1417322834645669,App Performance
2024-01-30,app_performance,20,131,0.1526717557251908,App Performance
2024-01-31,app_performance,22,123,0.1788617886178861,App Performance
2024-02-01,app_performance,22,140,0.1571428571428571,App Performance
2024-02-02,app_performance,17,116,0.146551724137931,App Performance
2024-02-03,app_performance,18,113,0.1592920353982301,App Performance
2024-02-04,app_performance,17,138,0.1231884057971014,App Performance
2024-02-05,app_performance,22,135,0.1629629629629629,App Performance
2024-02-06,app_performance,21,124,0.1693548387096774,App Performance
2024-02-07,app_performance,26,131,0.1984732824427481,App Performance
2024-02-08,app_performance,14,110,0.1272727272727272,App Performance
2024-02-09,app_performance,24,125,0.192,App Performance
2024-02-10,app_performance,15,138,0.108695652173913,App Performance
2024-02-11,app_performance,18,125,0.144,App Performance
2024-02-12,app_performance,18,151,0.119205298013245,App Performance
2024-02-13,app_performance,15,119,0.1260504201680672,App Performance
2024-02-14,app_performance,24,158,0.1518987341772152,App Performance
2024-02-15,app_performance,14,126,0.1111111111111111,App Performance
2024-02-16,app_performance,17,120,0.1416666666666666,App Performance
2024-02-17,app_performance,18,126,0.1428571428571428,App Performance
2024-02-18,app_performance,18,130,0.1384615384615384,App Performance
2024-02-19,app_performance,21,140,0.15,App Performance
2024-02-20,app_performance,20,133,0.150375939849624,App Performance
2024-02-21,app_performance,22,141,0.1560283687943262,App Performance
2024-02-22,app_performance,17,138,0.1231884057971014,App Performance
2024-02-23,app_performance,20,139,0.1438848920863309,App Performance
2024-02-24,app_performance,20,128,0.15625,App Performance
2024-02-25,app_performance,18,126,0.1428571428571428,App Performance
2024-02-26,app_performance,17,119,0.1428571428571428,App Performance
2024-02-27,app_performance,16,125,0.128,App Performance
2024-02-28,app_performance,21,126,0.1666666666666666,App Performance
2024-02-29,app_performance,9,126,0.0714285714285714,App Performance
2024-03-01,app_performance,20,121,0.1652892561983471,App Performance
2024-03-02,app_performance,20,141,0.1418439716312056,App Performance
2024-03-03,app_performance,21,136,0.1544117647058823,App Performance
2024-03-04,app_performance,19,128,0.1484375,App Performance
2024-03-05,app_performance,14,109,0.128440366972477,App Performance
2024-03-06,app_performance,20,111,0.1801801801801801,App Performance
2024-03-07,app_performance,19,129,0.1472868217054263,App Performance
2024-03-08,app_performance,18,113,0.1592920353982301,App Performance
2024-03-09,app_performance,17,127,0.1338582677165354,App Performance
2024-03-10,app_performance,16,128,0.125,App Performance
2024-03-11,app_performance,21,133,0.1578947368421052,App Performance
2024-03-12,app_performance,18,109,0.1651376146788991,App Performance
2024-03-13,app_performance,14,134,0.1044776119402985,App Performance
2024-03-14,app_performance,18,122,0.1475409836065573,App Performance
2024-03-15,app_performance,24,152,0.1578947368421052,App Performance
2024-03-16,app_performance,14,139,0.1007194244604316,App Performance
2024-03-17,app_performance,19,135,0.1407407407407407,App Performance
2024-03-18,app_performance,21,143,0.1468531468531468,App Performance
2024-03-19,app_performance,21,140,0.15,App Performance
2024-03-20,app_performance,18,122,0.1475409836065573,App Performance
2024-03-21,app_performance,21,126,0.1666666666666666,App Performance
2024-03-22,app_performance,15,123,0.1219512195121951,App Performance
2024-03-23,app_performance,14,124,0.1129032258064516,App Performance
2024-03-24,app_performance,24,158,0.1518987341772152,App Performance
2024-03-25,app_performance,32,156,0.2051282051282051,App Performance
2024-03-26,app_performance,16,131,0.1221374045801526,App Performance
2024-03-27,app_performance,32,134,0.2388059701492537,App Performance
2024-03-28,app_performance,17,130,0.1307692307692307,App Performance
2024-03-29,app_performance,18,151,0.119205298013245,App Performance
2024-03-30,app_performance,18,121,0.1487603305785124,App Performance
2024-03-31,app_performance,23,133,0.1729323308270676,App Performance
2024-04-01,app_performance,23,136,0.1691176470588235,App Performance
2024-04-02,app_performance,21,124,0.1693548387096774,App Performance
2024-04-03,app_performance,13,117,0.1111111111111111,App Performance
2024-04-04,app_performance,20,132,0.1515151515151515,App Performance
2024-04-05,app_performance,20,135,0.1481481481481481,App Performance
2024-04-06,app_performance,22,132,0.1666666666666666,App Performance
2024-04-07,app_performance,22,124,0.1774193548387097,App Performance
2024-04-08,app_performance,25,139,0.1798561151079136,App Performance
2024-04-09,app_performance,16,130,0.123076923076923,App Performance
2024-04-10,app_performance,23,152,0.1513157894736842,App Performance
2024-04-11,app_performance,21,108,0.1944444444444444,App Performance
2024-04-12,app_performance,22,133,0.1654135338345864,App Performance
2024-04-13,app_performance,13,123,0.1056910569105691,App Performance
2024-04-14,app_performance,18,143,0.1258741258741259,App Performance
2024-04-15,app_performance,26,130,0.2,App Performance
2024-04-16,app_performance,27,127,0.2125984251968504,App Performance
2024-04-17,app_performance,14,121,0.1157024793388429,App Performance
2024-04-18,app_performance,21,155,0.1354838709677419,App Performance
2024-04-19,app_performance,18,137,0.1313868613138686,App Performance
2024-04-20,app_performance,28,147,0.1904761904761904,App Performance
2024-04-21,app_performance,19,137,0.1386861313868613,App Performance
2024-04-22,app_performance,22,130,0.1692307692307692,App Performance
2024-04-23,app_performance,19,119,0.1596638655462184,App Performance
2024-04-24,app_performance,12,121,0.0991735537190082,App Performance
2024-04-25,app_performance,19,124,0.1532258064516129,App Performance
2024-04-26,app_performance,18,138,0.1304347826086956,App Performance
2024-04-27,app_performance,23,118,0.1949152542372881,App Performance
2024-04-28,app_performance,23,127,0.1811023622047244,App Performance
2024-04-29,app_performance,27,131,0.2061068702290076,App Performance
2024-04-30,app_performance,21,137,0.1532846715328467,App Performance
2024-05-01,app_performance,24,136,0.1764705882352941,App Performance
2024-05-02,app_performance,12,101,0.1188118811881188,App Performance
2024-05-03,app_performance,30,138,0.217391304347826,App Performance
2024-05-04,app_performance,16,135,0.1185185185185185,App Performance
2024-05-05,app_performance,21,116,0.1810344827586207,App Performance
2024-05-06,app_performance,20,140,0.1428571428571428,App Performance
2024-05-07,app_performance,18,124,0.1451612903225806,App Performance
2024-05-08,app_performance,29,141,0.2056737588652482,App Performance
2024-05-09,app_performance,16,125,0.128,App Performance
2024-05-10,app_performance,20,133,0.150375939849624,App Performance
2024-05-11,app_performance,23,137,0.1678832116788321,App Performance
2024-05-12,app_performance,29,133,0.2180451127819548,App Performance
2024-05-13,app_performance,15,151,0.0993377483443708,App Performance
2024-05-14,app_performance,15,119,0.1260504201680672,App Performance
2024-05-15,app_performance,16,114,0.1403508771929824,App Performance
2024-05-16,app_performance,23,129,0.1782945736434108,App Performance
2024-05-17,app_performance,18,117,0.1538461538461538,App Performance
2024-05-18,app_performance,16,130,0.123076923076923,App Performance
2024-05-19,app_performance,13,123,0.1056910569105691,App Performance
2024-05-20,app_performance,18,141,0.1276595744680851,App Performance
2024-05-21,app_performance,15,130,0.1153846153846153,App Performance
2024-05-22,app_performance,18,140,0.1285714285714285,App Performance
2024-05-23,app_performance,17,134,0.126865671641791,App Performance
2024-05-24,app_performance,21,132,0.1590909090909091,App Performance
2024-05-25,app_performance,24,125,0.192,App Performance
2024-05-26,app_performance,25,148,0.1689189189189189,App Performance
2024-05-27,app_performance,19,108,0.1759259259259259,App Performance
2024-05-28,app_performance,26,125,0.208,App Performance
2024-05-29,app_performance,17,122,0.1393442622950819,App Performance
2024-05-30,app_performance,15,133,0.112781954887218,App Performance
2024-05-31,app_performance,20,121,0.1652892561983471,App Performance
2024-06-01,app_performance,20,128,0.15625,App Performance
2024-06-02,app_performance,14,122,0.1147540983606557,App Performance
2024-06-03,app_performance,22,130,0.1692307692307692,App Performance
2024-06-04,app_performance,26,133,0.1954887218045112,App Performance
2024-06-05,app_performance,20,125,0.16,App Performance
2024-06-06,app_performance,24,145,0.1655172413793103,App Performance
2024-06-07,app_performance,19,126,0.1507936507936507,App Performance
2024-06-08,app_performance,25,136,0.1838235294117647,App Performance
2024-06-09,app_performance,14,120,0.1166666666666666,App Performance
2024-06-10,app_performance,13,107,0.1214953271028037,App Performance
2024-06-11,app_performance,25,143,0.1748251748251748,App Performance
2024-06-12,app_performance,28,128,0.21875,App Performance
2024-06-13,app_performance,19,136,0.1397058823529411,App Performance
2024-06-14,app_performance,22,125,0.176,App Performance
2024-06-15,app_performance,25,133,0.18796992481203,App Performance
2024-06-16,app_performance,24,155,0.1548387096774193,App Performance
2024-06-17,app_performance,17,129,0.1317829457364341,App Performance
2024-06-18,app_performance,20,133,0.150375939849624,App Performance
2024-06-19,app_performance,19,120,0.1583333333333333,App Performance
2024-06-20,app_performance,20,119,0.1680672268907563,App Performance
2024-06-21,app_performance,23,129,0.1782945736434108,App Performance
2024-06-22,app_performance,27,146,0.184931506849315,App Performance
2024-06-23,app_performance,18,146,0.1232876712328767,App Performance
2024-06-24,app_performance,22,144,0.1527777777777778,App Performance
2024-06-25,app_performance,26,162,0.1604938271604938,App Performance
2024-06-26,app_performance,20,129,0.1550387596899224,App Performance
2024-06-27,app_performance,24,148,0.1621621621621621,App Performance
2024-06-28,app_performance,13,106,0.1226415094339622,App Performance
2024-06-29,app_performance,22,124,0.1774193548387097,App Performance
2024-06-30,app_performance,22,156,0.141025641025641,App Performance
2024-07-01,app_performance,13,126,0.1031746031746031,App Performance
2024-07-02,app_performance,20,122,0.1639344262295081,App Performance
2024-07-03,app_performance,15,124,0.1209677419354838,App Performance
2024-07-04,app_performance,20,146,0.136986301369863,App Performance
2024-07-05,app_performance,30,154,0.1948051948051948,App Performance
2024-07-06,app_performance,19,128,0.1484375,App Performance
2024-07-07,app_performance,23,125,0.184,App Performance
2024-07-08,app_performance,14,130,0.1076923076923077,App Performance
2024-07-09,app_performance,34,153,0.2222222222222222,App Performance
2024-07-10,app_performance,22,141,0.1560283687943262,App Performance
2024-07-11,app_performance,23,132,0.1742424242424242,App Performance
2024-07-12,app_performance,19,137,0.1386861313868613,App Performance
2024-07-13,app_performance,15,130,0.1153846153846153,App Performance
2024-07-14,app_performance,19,130,0.1461538461538461,App Performance
2024-07-15,app_performance,17,115,0.1478260869565217,App Performance
2024-07-16,app_performance,32,149,0.2147651006711409,App Performance
2024-07-17,app_performance,30,125,0.24,App Performance
2024-07-18,app_performance,24,120,0.2,App Performance
2024-07-19,app_performance,21,129,0.1627906976744186,App Performance
2024-07-20,app_performance,25,143,0.1748251748251748,App Performance
2024-07-21,app_performance,21,145,0.1448275862068965,App Performance
2024-07-22,app_performance,23,148,0.1554054054054054,App Performance
2024-07-23,app_performance,17,145,0.1172413793103448,App Performance
2024-07-24,app_performance,25,115,0.217391304347826,App Performance
2024-07-25,app_performance,33,147,0.2244897959183673,App Performance
2024-07-26,app_performance,25,139,0.1798561151079136,App Performance
2024-07-27,app_performance,11,123,0.089430894308943,App Performance
2024-07-28,app_performance,22,123,0.1788617886178861,App Performance
2024-07-29,app_performance,15,126,0.119047619047619,App Performance
2024-07-30,app_performance,19,138,0.1376811594202898,App Performance
2024-07-31,app_performance,13,120,0.1083333333333333,App Performance
2024-08-01,app_performance,18,124,0.1451612903225806,App Performance
2024-08-02,app_performance,24,134,0.1791044776119403,App Performance
2024-08-03,app_performance,13,131,0.099236641221374,App Performance
2024-08-04,app_performance,20,119,0.1680672268907563,App Performance
2024-08-05,app_performance,26,115,0.2260869565217391,App Performance
2024-08-06,app_performance,21,139,0.1510791366906475,App Performance
2024-08-07,app_performance,20,123,0.1626016260162601,App Performance
2024-08-08,app_performance,24,134,0.1791044776119403,App Performance
2024-08-09,app_performance,14,119,0.1176470588235294,App Performance
2024-08-10,app_performance,19,127,0.1496062992125984,App Performance
2024-08-11,app_performance,16,140,0.1142857142857142,App Performance
2024-08-12,app_performance,17,142,0.1197183098591549,App Performance
2024-08-13,app_performance,14,133,0.1052631578947368,App Performance
2024-08-14,app_performance,20,145,0.1379310344827586,App Performance
2024-08-15,app_performance,20,121,0.1652892561983471,App Performance
2024-08-16,app_performance,20,93,0.2150537634408602,App Performance
2024-08-17,app_performance,24,134,0.1791044776119403,App Performance
2024-08-18,app_performance,20,145,0.1379310344827586,App Performance
2024-08-19,app_performance,21,132,0.1590909090909091,App Performance
2024-08-20,app_performance,26,151,0.1721854304635761,App Performance
2024-08-21,app_performance,20,135,0.1481481481481481,App Performance
2024-08-22,app_performance,13,107,0.1214953271028037,App Performance
2024-08-23,app_performance,17,116,0.146551724137931,App Performance
2024-08-24,app_performance,19,145,0.1310344827586207,App Performance
2024-08-25,app_performance,26,124,0.2096774193548387,App Performance
2024-08-26,app_performance,26,134,0.1940298507462686,App Performance
2024-08-27,app_performance,11,123,0.089430894308943,App Performance
2024-08-28,app_performance,22,133,0.1654135338345864,App Performance
2024-08-29,app_performance,21,148,0.1418918918918918,App Performance
2024-08-30,app_performance,16,141,0.1134751773049645,App Performance
2024-08-31,app_performance,25,143,0.1748251748251748,App Performance
2024-09-01,app_performance,26,117,0.2222222222222222,App Performance
2024-09-02,app_performance,31,130,0.2384615384615384,App Performance
2024-09-03,app_performance,25,149,0.1677852348993288,App Performance
2024-09-04,app_performance,21,141,0.1489361702127659,App Performance
2024-09-05,app_performance,21,129,0.1627906976744186,App Performance
2024-09-06,app_performance,17,137,0.1240875912408759,App Performance
2024-09-07,app_performance,35,143,0.2447552447552447,App Performance
2024-09-08,app_performance,20,140,0.1428571428571428,App Performance
2024-09-09,app_performance,19,133,0.1428571428571428,App Performance
2024-09-10,app_performance,24,131,0.183206106870229,App Performance
2024-09-11,app_performance,18,123,0.1463414634146341,App Performance
2024-09-12,app_performance,21,128,0.1640625,App Performance
2024-09-13,app_performance,17,133,0.1278195488721804,App Performance
2024-09-14,app_performance,30,141,0.2127659574468085,App Performance
2024-09-15,app_performance,27,122,0.221311475409836,App Performance
2024-09-16,app_performance,20,136,0.1470588235294117,App Performance
2024-09-17,app_performance,21,136,0.1544117647058823,App Performance
2024-09-18,app_performance,14,128,0.109375,App Performance
2024-09-19,app_performance,19,122,0.1557377049180328,App Performance
2024-09-20,app_performance,22,154,0.1428571428571428,App Performance
2024-09-21,app_performance,21,149,0.1409395973154362,App Performance
2024-09-22,app_performance,14,121,0.1157024793388429,App Performance
2024-09-23,app_performance,22,142,0.1549295774647887,App Performance
2024-09-24,app_performance,22,119,0.1848739495798319,App Performance
2024-09-25,app_performance,23,144,0.1597222222222222,App Performance
2024-09-26,app_performance,22,120,0.1833333333333333,App Performance
2024-09-27,app_performance,17,111,0.1531531531531531,App Performance
2024-09-28,app_performance,16,135,0.1185185185185185,App Performance
2024-09-29,app_performance,27,156,0.173076923076923,App Performance
2024-09-30,app_performance,10,116,0.0862068965517241,App Performance
2024-10-01,app_performance,21,133,0.1578947368421052,App Performance
2024-10-02,app_performance,16,114,0.1403508771929824,App Performance
2024-10-03,app_performance,22,110,0.2,App Performance
2024-10-04,app_performance,21,134,0.1567164179104477,App Performance
2024-10-05,app_performance,23,143,0.1608391608391608,App Performance
2024-10-06,app_performance,24,142,0.1690140845070422,App Performance
2024-10-07,app_performance,21,124,0.1693548387096774,App Performance
2024-10-08,app_performance,10,122,0.081967213114754,App Performance
2024-10-09,app_performance,25,129,0.1937984496124031,App Performance
2024-10-10,app_performance,26,130,0.2,App Performance
2024-10-11,app_performance,28,141,0.1985815602836879,App Performance
2024-10-12,app_performance,26,119,0.2184873949579832,App Performance
2024-10-13,app_performance,29,145,0.2,App Performance
2024-10-14,app_performance,23,130,0.1769230769230769,App Performance
2024-10-15,app_performance,15,120,0.125,App Performance
2024-10-16,app_performance,19,112,0.1696428571428571,App Performance
2024-10-17,app_performance,20,133,0.150375939849624,App Performance
2024-10-18,app_performance,28,112,0.25,App Performance
2024-10-19,app_performance,26,134,0.1940298507462686,App Performance
2024-10-20,app_performance,27,128,0.2109375,App Performance
2024-10-21,app_performance,26,127,0.2047244094488189,App Performance
2024-10-22,app_performance,26,136,0.1911764705882352,App Performance
2024-10-23,app_performance,23,143,0.1608391608391608,App Performance
2024-10-24,app_performance,27,118,0.2288135593220339,App Performance
2024-10-25,app_performance,11,148,0.0743243243243243,App Performance
2024-10-26,app_performance,27,133,0.2030075187969924,App Performance
2024-10-27,app_performance,14,124,0.1129032258064516,App Performance
2024-10-28,app_performance,28,133,0.2105263157894736,App Performance
2024-10-29,app_performance,25,128,0.1953125,App Performance
2024-10-30,app_performance,11,115,0.0956521739130434,App Performance
2024-10-31,app_performance,18,127,0.1417322834645669,App Performance
2024-11-01,app_performance,26,136,0.1911764705882352,App Performance
2024-11-02,app_performance,15,132,0.1136363636363636,App Performance
2024-11-03,app_performance,21,117,0.1794871794871795,App Performance
2024-11-04,app_performance,35,179,0.1955307262569832,App Performance
2024-11-05,app_performance,22,140,0.1571428571428571,App Performance
2024-11-06,app_performance,22,146,0.1506849315068493,App Performance
2024-11-07,app_performance,22,124,0.1774193548387097,App Performance
2024-11-08,app_performance,34,150,0.2266666666666666,App Performance
2024-11-09,app_performance,19,141,0.1347517730496454,App Performance
2024-11-10,app_performance,16,127,0.1259842519685039,App Performance
2024-11-11,app_performance,25,120,0.2083333333333333,App Performance
2024-11-12,app_performance,18,126,0.1428571428571428,App Performance
2024-11-13,app_performance,19,139,0.1366906474820144,App Performance
2024-11-14,app_performance,14,126,0.1111111111111111,App Performance
2024-11-15,app_performance,18,109,0.1651376146788991,App Performance
2024-11-16,app_performance,25,139,0.1798561151079136,App Performance
2024-11-17,app_performance,18,120,0.15,App Performance
2024-11-18,app_performance,16,138,0.1159420289855072,App Performance
2024-11-19,app_performance,22,135,0.1629629629629629,App Performance
2024-11-20,app_performance,14,118,0.1186440677966101,App Performance
2024-11-21,app_performance,22,133,0.1654135338345864,App Performance
2024-11-22,app_performance,23,142,0.1619718309859155,App Performance
2024-11-23,app_performance,23,134,0.1716417910447761,App Performance
2024-11-24,app_performance,15,134,0.1119402985074626,App Performance
2024-11-25,app_performance,18,111,0.1621621621621621,App Performance
2024-11-26,app_performance,26,143,0.1818181818181818,App Performance
2024-11-27,app_performance,19,136,0.1397058823529411,App Performance
2024-11-28,app_performance,17,134,0.126865671641791,App Performance
2024-11-29,app_performance,25,131,0.1908396946564885,App Performance
2024-11-30,app_performance,18,140,0.1285714285714285,App Performance
2024-12-01,app_performance,19,138,0.1376811594202898,App Performance
2024-12-02,app_performance,20,124,0.1612903225806451,App Performance
2024-12-03,app_performance,20,134,0.1492537313432835,App Performance
2024-12-04,app_performance,22,130,0.1692307692307692,App Performance
2024-12-05,app_performance,27,135,0.2,App Performance
2024-12-06,app_performance,20,140,0.1428571428571428,App Performance
2024-12-07,app_performance,13,141,0.0921985815602836,App Performance
2024-12-08,app_performance,17,138,0.1231884057971014,App Performance
2024-12-09,app_performance,21,145,0.1448275862068965,App Performance
2024-12-10,app_performance,24,141,0.1702127659574468,App Performance
2024-12-11,app_performance,27,137,0.1970802919708029,App Performance
2024-12-12,app_performance,15,142,0.1056338028169014,App Performance
2024-12-13,app_performance,12,140,0.0857142857142857,App Performance
2024-12-14,app_performance,19,124,0.1532258064516129,App Performance
2024-12-15,app_performance,13,128,0.1015625,App Performance
2024-12-16,app_performance,26,132,0.1969696969696969,App Performance
2024-12-17,app_performance,13,115,0.1130434782608695,App Performance
2024-12-18,app_performance,17,122,0.1393442622950819,App Performance
2024-12-19,app_performance,23,120,0.1916666666666666,App Performance
2024-12-20,app_performance,23,132,0.1742424242424242,App Performance
2024-12-21,app_performance,21,107,0.1962616822429906,App Performance
2024-12-22,app_performance,20,143,0.1398601398601398,App Performance
2024-12-23,app_performance,20,129,0.1550387596899224,App Performance
2024-12-24,app_performance,19,103,0.1844660194174757,App Performance
2024-12-25,app_performance,15,117,0.1282051282051282,App Performance
2024-12-26,app_performance,19,131,0.1450381679389313,App Performance
2024-12-27,app_performance,16,136,0.1176470588235294,App Performance
2024-12-28,app_performance,19,134,0.1417910447761194,App Performance
2024-12-29,app_performance,22,135,0.1629629629629629,App Performance
2024-12-30,app_performance,22,149,0.1476510067114094,App Performance
2024-12-31,app_performance,17,129,0.1317829457364341,App Performance
2025-01-01,app_performance,21,118,0.1779661016949152,App Performance
2025-01-02,app_performance,22,134,0.1641791044776119,App Performance
2025-01-03,app_performance,21,137,0.1532846715328467,App Performance
2025-01-04,app_performance,27,119,0.226890756302521,App Performance
2025-01-05,app_performance,33,148,0.2229729729729729,App Performance
2025-01-06,app_performance,28,156,0.1794871794871795,App Performance
2025-01-07,app_performance,21,126,0.1666666666666666,App Performance
2025-01-08,app_performance,25,150,0.1666666666666666,App Performance
2025-01-09,app_performance,20,131,0.1526717557251908,App Performance
2025-01-10,app_performance,28,128,0.21875,App Performance
2025-01-11,app_performance,23,148,0.1554054054054054,App Performance
2025-01-12,app_performance,35,136,0.2573529411764705,App Performance
2025-01-13,app_performance,24,123,0.1951219512195122,App Performance
2025-01-14,app_performance,18,135,0.1333333333333333,App Performance
2025-01-15,app_performance,13,139,0.0935251798561151,App Performance
2025-01-16,app_performance,25,148,0.1689189189189189,App Performance
2025-01-17,app_performance,26,156,0.1666666666666666,App Performance
2025-01-18,app_performance,13,120,0.1083333333333333,App Performance
2025-01-19,app_performance,15,120,0.125,App Performance
2025-01-20,app_performance,26,132,0.1969696969696969,App Performance
2025-01-21,app_performance,25,130,0.1923076923076923,App Performance
2025-01-22,app_performance,14,152,0.0921052631578947,App Performance
2025-01-23,app_performance,21,139,0.1510791366906475,App Performance
2025-01-24,app_performance,16,126,0.1269841269841269,App Performance
2025-01-25,app_performance,21,143,0.1468531468531468,App Performance
2025-01-26,app_performance,27,148,0.1824324324324324,App Performance
2025-01-27,app_performance,16,113,0.1415929203539823,App Performance
2025-01-28,app_performance,18,156,0.1153846153846153,App Performance
2025-01-29,app_performance,27,137,0.1970802919708029,App Performance
2025-01-30,app_performance,15,136,0.1102941176470588,App Performance
2025-01-31,app_performance,14,136,0.1029411764705882,App Performance
2025-02-01,app_performance,14,132,0.106060606060606,App Performance
2025-02-02,app_performance,14,138,0.1014492753623188,App Performance
2025-02-03,app_performance,12,138,0.0869565217391304,App Performance
2025-02-04,app_performance,15,132,0.1136363636363636,App Performance
2025-02-05,app_performance,20,139,0.1438848920863309,App Performance
2025-02-06,app_performance,28,143,0.1958041958041958,App Performance
2025-02-07,app_performance,29,149,0.1946308724832214,App Performance
2025-02-08,app_performance,21,128,0.1640625,App Performance
2025-02-09,app_performance,26,139,0.1870503597122302,App Performance
2025-02-10,app_performance,25,138,0.181159420289855,App Performance
2025-02-11,app_performance,17,129,0.1317829457364341,App Performance
2025-02-12,app_performance,27,140,0.1928571428571428,App Performance
2025-02-13,app_performance,24,148,0.1621621621621621,App Performance
2025-02-14,app_performance,11,116,0.0948275862068965,App Performance
2025-02-15,app_performance,22,128,0.171875,App Performance
2025-02-16,app_performance,17,143,0.1188811188811188,App Performance
2025-02-17,app_performance,20,136,0.1470588235294117,App Performance
2025-02-18,app_performance,28,145,0.193103448275862,App Performance
2025-02-19,app_performance,18,117,0.1538461538461538,App Performance
2025-02-20,app_performance,22,143,0.1538461538461538,App Performance
2025-02-21,app_performance,18,139,0.1294964028776978,App Performance
2025-02-22,app_performance,20,114,0.175438596491228,App Performance
2025-02-23,app_performance,12,123,0.0975609756097561,App Performance
2025-02-24,app_performance,22,135,0.1629629629629629,App Performance
2025-02-25,app_performance,24,139,0.1726618705035971,App Performance
2025-02-26,app_performance,24,127,0.1889763779527559,App Performance
2025-02-27,app_performance,24,120,0.2,App Performance
2025-02-28,app_performance,16,130,0.123076923076923,App Performance
2025-03-01,app_performance,26,137,0.1897810218978102,App Performance
2025-03-02,app_performance,28,141,0.1985815602836879,App Performance
2025-03-03,app_performance,23,128,0.1796875,App Performance
2025-03-04,app_performance,13,142,0.0915492957746478,App Performance
2025-03-05,app_performance,17,137,0.1240875912408759,App Performance
2025-03-06,app_performance,19,143,0.1328671328671328,App Performance
2025-03-07,app_performance,19,123,0.1544715447154471,App Performance
2025-03-08,app_performance,25,128,0.1953125,App Performance
2025-03-09,app_performance,15,135,0.1111111111111111,App Performance
2025-03-10,app_performance,28,127,0.2204724409448819,App Performance
2025-03-11,app_performance,22,138,0.1594202898550724,App Performance
2025-03-12,app_performance,15,133,0.112781954887218,App Performance
2025-03-13,app_performance,17,121,0.140495867768595,App Performance
2025-03-14,app_performance,18,140,0.1285714285714285,App Performance
2025-03-15,app_performance,12,131,0.0916030534351145,App Performance
2025-03-16,app_performance,29,134,0.2164179104477611,App Performance
2025-03-17,app_performance,29,135,0.2148148148148148,App Performance
2025-03-18,app_performance,16,99,0.1616161616161616,App Performance
2025-03-19,app_performance,16,121,0.1322314049586777,App Performance
2025-03-20,app_performance,34,120,0.2833333333333333,App Performance
2025-03-21,app_performance,22,138,0.1594202898550724,App Performance
2025-03-22,app_performance,18,142,0.1267605633802817,App Performance
2025-03-23,app_performance,23,121,0.1900826446280991,App Performance
2025-03-24,app_performance,20,146,0.136986301369863,App Performance
2025-03-25,app_performance,22,119,0.1848739495798319,App Performance
2025-03-26,app_performance,30,137,0.218978102189781,App Performance
2025-03-27,app_performance,26,131,0.1984732824427481,App Performance
2025-03-28,app_performance,21,125,0.168,App Performance
2025-03-29,app_performance,21,125,0.168,App Performance
2025-03-30,app_performance,20,137,0.145985401459854,App Performance
2025-03-31,app_performance,20,150,0.1333333333333333,App Performance
2025-04-01,app_performance,23,152,0.1513157894736842,App Performance
2025-04-02,app_performance,20,145,0.1379310344827586,App Performance
2025-04-03,app_performance,18,138,0.1304347826086956,App Performance
2025-04-04,app_performance,11,116,0.0948275862068965,App Performance
2025-04-05,app_performance,23,148,0.1554054054054054,App Performance
2025-04-06,app_performance,24,139,0.1726618705035971,App Performance
2025-04-07,app_performance,24,119,0.2016806722689075,App Performance
2025-04-08,app_performance,29,127,0.2283464566929134,App Performance
2025-04-09,app_performance,15,124,0.1209677419354838,App Performance
2025-04-10,app_performance,20,147,0.1360544217687075,App Performance
2025-04-11,app_performance,21,150,0.14,App Performance
2025-04-12,app_performance,28,158,0.1772151898734177,App Performance
2025-04-13,app_performance,15,109,0.1376146788990825,App Performance
2025-04-14,app_performance,20,132,0.1515151515151515,App Performance
2025-04-15,app_performance,29,149,0.1946308724832214,App Performance
2025-04-16,app_performance,19,130,0.1461538461538461,App Performance
2025-04-17,app_performance,22,123,0.1788617886178861,App Performance
2025-04-18,app_performance,23,139,0.1654676258992805,App Performance
2025-04-19,app_performance,22,110,0.2,App Performance
2025-04-20,app_performance,15,128,0.1171875,App Performance
2025-04-21,app_performance,19,132,0.1439393939393939,App Performance
2025-04-22,app_performance,19,137,0.1386861313868613,App Performance
2025-04-23,app_performance,23,130,0.1769230769230769,App Performance
2025-04-24,app_performance,19,145,0.1310344827586207,App Performance
2025-04-25,app_performance,19,121,0.1570247933884297,App Performance
2025-04-26,app_performance,17,129,0.1317829457364341,App Performance
2025-04-27,app_performance,18,127,0.1417322834645669,App Performance
2025-04-28,app_performance,21,118,0.1779661016949152,App Performance
2025-04-29,app_performance,15,122,0.1229508196721311,App Performance
2025-04-30,app_performance,19,125,0.152,App Performance
2025-05-01,app_performance,23,149,0.1543624161073825,App Performance
2025-05-02,app_performance,21,122,0.1721311475409836,App Performance
2025-05-03,app_performance,18,129,0.1395348837209302,App Performance
2025-05-04,app_performance,19,139,0.1366906474820144,App Performance
2025-05-05,app_performance,18,126,0.1428571428571428,App Performance
2025-05-06,app_performance,25,150,0.1666666666666666,App Performance
2025-05-07,app_performance,24,130,0.1846153846153846,App Performance
2025-05-08,app_performance,19,118,0.1610169491525423,App Performance
2025-05-09,app_performance,19,142,0.1338028169014084,App Performance
2025-05-10,app_performance,12,124,0.0967741935483871,App Performance
2025-05-11,app_performance,17,132,0.1287878787878787,App Performance
2025-05-12,app_performance,25,138,0.181159420289855,App Performance
2025-05-13,app_performance,19,129,0.1472868217054263,App Performance
2025-05-14,app_performance,14,119,0.1176470588235294,App Performance
2025-05-15,app_performance,16,124,0.1290322580645161,App Performance
2025-05-16,app_performance,21,139,0.1510791366906475,App Performance
2025-05-17,app_performance,18,124,0.1451612903225806,App Performance
2025-05-18,app_performance,16,121,0.1322314049586777,App Performance
2025-05-19,app_performance,16,114,0.1403508771929824,App Performance
2025-05-20,app_performance,21,130,0.1615384615384615,App Performance
2025-05-21,app_performance,13,108,0.1203703703703703,App Performance
2025-05-22,app_performance,22,156,0.141025641025641,App Performance
2025-05-23,app_performance,24,148,0.1621621621621621,App Performance
2025-05-24,app_performance,20,137,0.145985401459854,App Performance
2025-05-25,app_performance,19,141,0.1347517730496454,App Performance
2025-05-26,app_performance,16,119,0.134453781512605,App Performance
2025-05-27,app_performance,19,160,0.11875,App Performance
2025-05-28,app_performance,21,147,0.1428571428571428,App Performance
2025-05-29,app_performance,13,116,0.1120689655172413,App Performance
2025-05-30,app_performance,23,133,0.1729323308270676,App Performance
2025-05-31,app_performance,21,140,0.15,App Performance
2025-06-01,app_performance,20,132,0.1515151515151515,App Performance
2025-06-02,app_performance,17,118,0.1440677966101695,App Performance
2025-06-03,app_performance,19,121,0.1570247933884297,App Performance
2025-06-04,app_performance,24,141,0.1702127659574468,App Performance
2025-06-05,app_performance,16,116,0.1379310344827586,App Performance
2025-06-06,app_performance,16,140,0.1142857142857142,App Performance
2025-06-07,app_performance,22,138,0.1594202898550724,App Performance
2025-06-08,app_performance,23,142,0.1619718309859155,App Performance
2025-06-09,app_performance,23,126,0.1825396825396825,App Performance
2025-06-10,app_performance,23,152,0.1513157894736842,App Performance
2025-06-11,app_performance,19,133,0.1428571428571428,App Performance
2025-06-12,app_performance,26,137,0.1897810218978102,App Performance
2025-06-13,app_performance,25,137,0.1824817518248175,App Performance
2025-06-14,app_performance,25,113,0.2212389380530973,App Performance
2025-06-15,app_performance,14,104,0.1346153846153846,App Performance
2025-06-16,app_performance,13,132,0.0984848484848484,App Performance
2025-06-17,app_performance,25,117,0.2136752136752136,App Performance
2025-06-18,app_performance,24,136,0.1764705882352941,App Performance
2025-06-19,app_performance,18,130,0.1384615384615384,App Performance
2025-06-20,app_performance,18,137,0.1313868613138686,App Performance
2025-06-21,app_performance,26,146,0.1780821917808219,App Performance
2025-06-22,app_performance,24,134,0.1791044776119403,App Performance
2025-06-23,app_performance,18,116,0.1551724137931034,App Performance
2025-06-24,app_performance,24,134,0.1791044776119403,App Performance
2025-06-25,app_performance,14,118,0.1186440677966101,App Performance
2025-06-26,app_performance,27,119,0.226890756302521,App Performance
2025-06-27,app_performance,26,143,0.1818181818181818,App Performance
2025-06-28,app_performance,23,132,0.1742424242424242,App Performance
2025-06-29,app_performance,30,140,0.2142857142857142,App Performance
2025-06-30,app_performance,18,133,0.1353383458646616,App Performance
2025-07-01,app_performance,20,118,0.1694915254237288,App Performance
2025-07-02,app_performance,9,128,0.0703125,App Performance
2025-07-03,app_performance,16,124,0.1290322580645161,App Performance
2025-07-04,app_performance,17,124,0.1370967741935483,App Performance
2025-07-05,app_performance,22,126,0.1746031746031746,App Performance
2025-07-06,app_performance,16,131,0.1221374045801526,App Performance
2025-07-07,app_performance,14,116,0.1206896551724138,App Performance
2025-07-08,app_performance,23,158,0.1455696202531645,App Performance
2025-07-09,app_performance,20,134,0.1492537313432835,App Performance
2025-07-10,app_performance,20,151,0.1324503311258278,App Performance
2025-07-11,app_performance,23,139,0.1654676258992805,App Performance
2025-07-12,app_performance,34,141,0.2411347517730496,App Performance
2025-07-13,app_performance,13,122,0.1065573770491803,App Performance
2025-07-14,app_performance,22,123,0.1788617886178861,App Performance
2025-07-15,app_performance,13,120,0.1083333333333333,App Performance
2025-07-16,app_performance,22,112,0.1964285714285714,App Performance
2025-07-17,app_performance,20,136,0.1470588235294117,App Performance
2025-07-18,app_performance,22,141,0.1560283687943262,App Performance
2025-07-19,app_performance,17,145,0.1172413793103448,App Performance
2025-07-20,app_performance,24,147,0.1632653061224489,App Performance
2025-07-21,app_performance,17,124,0.1370967741935483,App Performance
2025-07-22,app_performance,16,125,0.128,App Performance
2025-07-23,app_performance,16,129,0.1240310077519379,App Performance
2025-07-24,app_performance,27,154,0.1753246753246753,App Performance
2025-07-25,app_performance,21,126,0.1666666666666666,App Performance
2025-07-26,app_performance,16,146,0.1095890410958904,App Performance
2025-07-27,app_performance,20,144,0.1388888888888889,App Performance
2025-07-28,app_performance,25,148,0.1689189189189189,App Performance
2025-07-29,app_performance,20,101,0.198019801980198,App Performance
2025-07-30,app_performance,17,133,0.1278195488721804,App Performance
2025-07-31,app_performance,22,133,0.1654135338345864,App Performance
2025-08-01,app_performance,29,143,0.2027972027972027,App Performance
2025-08-02,app_performance,18,151,0.119205298013245,App Performance
2025-08-03,app_performance,17,130,0.1307692307692307,App Performance
2025-08-04,app_performance,24,143,0.1678321678321678,App Performance
2025-08-05,app_performance,28,122,0.2295081967213114,App Performance
2025-08-06,app_performance,19,143,0.1328671328671328,App Performance
2025-08-07,app_performance,19,116,0.1637931034482758,App Performance
2025-08-08,app_performance,19,124,0.1532258064516129,App Performance
2025-08-09,app_performance,22,125,0.176,App Performance
2025-08-10,app_performance,17,158,0.1075949367088607,App Performance
2025-08-11,app_performance,14,131,0.1068702290076335,App Performance
2025-08-12,app_performance,26,155,0.1677419354838709,App Performance
2025-08-13,app_performance,22,119,0.1848739495798319,App Performance
2025-08-14,app_performance,17,136,0.125,App Performance
2025-08-15,app_performance,23,142,0.1619718309859155,App Performance
2025-08-16,app_performance,21,117,0.1794871794871795,App Performance
2025-08-17,app_performance,26,138,0.1884057971014492,App Performance
2025-08-18,app_performance,23,117,0.1965811965811965,App Performance
2025-08-19,app_performance,18,129,0.1395348837209302,App Performance
2025-08-20,app_performance,18,146,0.1232876712328767,App Performance
2025-08-21,app_performance,17,145,0.1172413793103448,App Performance
2025-08-22,app_performance,24,146,0.1643835616438356,App Performance
2025-08-23,app_performance,20,122,0.1639344262295081,App Performance
2025-08-24,app_performance,17,129,0.1317829457364341,App Performance
2025-08-25,app_performance,20,129,0.1550387596899224,App Performance
2025-08-26,app_performance,18,124,0.1451612903225806,App Performance
2025-08-27,app_performance,18,126,0.1428571428571428,App Performance
2025-08-28,app_performance,17,123,0.1382113821138211,App Performance
2025-08-29,app_performance,14,121,0.1157024793388429,App Performance
2025-08-30,app_performance,19,127,0.1496062992125984,App Performance
2025-08-31,app_performance,13,124,0.1048387096774193,App Performance
2025-09-01,app_performance,18,132,0.1363636363636363,App Performance
2025-09-02,app_performance,17,132,0.1287878787878787,App Performance
2025-09-03,app_performance,23,136,0.1691176470588235,App Performance
2025-09-04,app_performance,17,133,0.1278195488721804,App Performance
2025-09-05,app_performance,13,113,0.1150442477876106,App Performance
2025-09-06,app_performance,28,122,0.2295081967213114,App Performance
2025-09-07,app_performance,16,141,0.1134751773049645,App Performance
2025-09-08,app_performance,25,141,0.1773049645390071,App Performance
2025-09-09,app_performance,21,152,0.1381578947368421,App Performance
2025-09-10,app_performance,19,127,0.1496062992125984,App Performance
2025-09-11,app_performance,23,129,0.1782945736434108,App Performance
2025-09-12,app_performance,25,129,0.1937984496124031,App Performance
2025-09-13,app_performance,11,115,0.0956521739130434,App Performance
2025-09-14,app_performance,21,119,0.1764705882352941,App Performance
2025-09-15,app_performance,21,132,0.1590909090909091,App Performance
2025-09-16,app_performance,21,133,0.1578947368421052,App Performance
2025-09-17,app_performance,19,137,0.1386861313868613,App Performance
2025-09-18,app_performance,24,135,0.1777777777777777,App Performance
2025-09-19,app_performance,15,138,0.108695652173913,App Performance
2025-09-20,app_performance,33,142,0.2323943661971831,App Performance
2025-09-21,app_performance,16,118,0.135593220338983,App Performance
2025-09-22,app_performance,15,117,0.1282051282051282,App Performance
2025-09-23,app_performance,20,125,0.16,App Performance
2025-09-24,app_performance,22,129,0.1705426356589147,App Performance
2025-09-25,app_performance,13,113,0.1150442477876106,App Performance
2025-09-26,app_performance,22,135,0.1629629629629629,App Performance
2025-09-27,app_performance,19,146,0.1301369863013698,App Performance
2025-09-28,app_performance,21,140,0.15,App Performance
2025-09-29,app_performance,17,122,0.1393442622950819,App Performance
2025-09-30,app_performance,22,134,0.1641791044776119,App Performance
2025-10-01,app_performance,18,135,0.1333333333333333,App Performance
2025-10-02,app_performance,21,114,0.1842105263157894,App Performance
2025-10-03,app_performance,17,125,0.136,App Performance
2025-10-04,app_performance,13,139,0.0935251798561151,App Performance
2025-10-05,app_performance,19,118,0.1610169491525423,App Performance
2025-10-06,app_performance,26,130,0.2,App Performance
2025-10-07,app_performance,20,130,0.1538461538461538,App Performance
2025-10-08,app_performance,24,129,0.1860465116279069,App Performance
2025-10-09,app_performance,20,141,0.1418439716312056,App Performance
2025-10-10,app_performance,24,127,0.1889763779527559,App Performance
2025-10-11,app_performance,33,142,0.2323943661971831,App Performance
2025-10-12,app_performance,13,116,0.1120689655172413,App Performance
2025-10-13,app_performance,23,121,0.1900826446280991,App Performance
2025-10-14,app_performance,20,123,0.1626016260162601,App Performance
2025-10-15,app_performance,12,137,0.0875912408759124,App Performance
2025-10-16,app_performance,16,143,0.1118881118881118,App Performance
2025-10-17,app_performance,21,107,0.1962616822429906,App Performance
2025-10-18,app_performance,19,143,0.1328671328671328,App Performance
2025-10-19,app_performance,16,114,0.1403508771929824,App Performance
2025-10-20,app_performance,11,110,0.1,App Performance
2025-10-21,app_performance,15,115,0.1304347826086956,App Performance
2025-10-22,app_performance,14,115,0.1217391304347826,App Performance
2025-10-23,app_performance,22,140,0.1571428571428571,App Performance
2025-10-24,app_performance,21,130,0.1615384615384615,App Performance
2025-10-25,app_performance,23,133,0.1729323308270676,App Performance
2025-10-26,app_performance,19,138,0.1376811594202898,App Performance
2025-10-27,app_performance,20,132,0.1515151515151515,App Performance
2025-10-28,app_performance,26,142,0.1830985915492957,App Performance
2025-10-29,app_performance,20,134,0.1492537313432835,App Performance
2025-10-30,app_performance,22,130,0.1692307692307692,App Performance
2025-10-31,app_performance,16,105,0.1523809523809524,App Performance
2025-11-01,app_performance,24,149,0.1610738255033557,App Performance
2025-11-02,app_performance,20,128,0.15625,App Performance
2025-11-03,app_performance,19,136,0.1397058823529411,App Performance
2025-11-04,app_performance,23,130,0.1769230769230769,App Performance
2025-11-05,app_performance,15,133,0.112781954887218,App Performance
2025-11-06,app_performance,11,126,0.0873015873015873,App Performance
2025-11-07,app_performance,17,146,0.1164383561643835,App Performance
2025-11-08,app_performance,28,142,0.1971830985915492,App Performance
2025-11-09,app_performance,19,118,0.1610169491525423,App Performance
2025-11-10,app_performance,15,129,0.1162790697674418,App Performance
2025-11-11,app_performance,21,145,0.1448275862068965,App Performance
2025-11-12,app_performance,12,112,0.1071428571428571,App Performance
2025-11-13,app_performance,21,136,0.1544117647058823,App Performance
2025-11-14,app_performance,25,117,0.2136752136752136,App Performance
2025-11-15,app_performance,16,110,0.1454545454545454,App Performance
2025-11-16,app_performance,18,137,0.1313868613138686,App Performance
2025-11-17,app_performance,26,149,0.174496644295302,App Performance
2025-11-18,app_performance,25,134,0.1865671641791045,App Performance
2025-11-19,app_performance,24,123,0.1951219512195122,App Performance
2025-11-20,app_performance,26,143,0.1818181818181818,App Performance
2025-11-21,app_performance,20,120,0.1666666666666666,App Performance
2025-11-22,app_performance,18,130,0.1384615384615384,App Performance
2025-11-23,app_performance,15,129,0.1162790697674418,App Performance
2025-11-24,app_performance,24,121,0.1983471074380165,App Performance
2025-11-25,app_performance,12,119,0.1008403361344537,App Performance
2025-11-26,app_performance,18,119,0.1512605042016806,App Performance
2025-11-27,app_performance,29,140,0.2071428571428571,App Performance
2025-11-28,app_performance,21,129,0.1627906976744186,App Performance
2025-11-29,app_performance,20,151,0.1324503311258278,App Performance
2025-11-30,app_performance,9,129,0.0697674418604651,App Performance
2025-12-01,app_performance,31,168,0.1845238095238095,App Performance
2025-12-02,app_performance,13,119,0.1092436974789916,App Performance
2025-12-03,app_performance,22,133,0.1654135338345864,App Performance
2025-12-04,app_performance,23,139,0.1654676258992805,App Performance
2025-12-05,app_performance,23,113,0.2035398230088495,App Performance
2025-12-06,app_performance,19,134,0.1417910447761194,App Performance
2025-12-07,app_performance,25,124,0.2016129032258064,App Performance
2025-12-08,app_performance,19,153,0.1241830065359477,App Performance
2025-12-09,app_performance,19,134,0.1417910447761194,App Performance
2025-12-10,app_performance,16,147,0.1088435374149659,App Performance
2025-12-11,app_performance,22,132,0.1666666666666666,App Performance
2025-12-12,app_performance,22,131,0.1679389312977099,App Performance
2025-12-13,app_performance,20,137,0.145985401459854,App Performance
2025-12-14,app_performance,18,105,0.1714285714285714,App Performance
2025-12-15,app_performance,14,122,0.1147540983606557,App Performance
2025-12-16,app_performance,15,136,0.1102941176470588,App Performance
2025-12-17,app_performance,20,128,0.15625,App Performance
2025-12-18,app_performance,14,118,0.1186440677966101,App Performance
2025-12-19,app_performance,21,140,0.15,App Performance
2025-12-20,app_performance,23,145,0.1586206896551724,App Performance
2025-12-21,app_performance,13,121,0.1074380165289256,App Performance
2025-12-22,app_performance,19,138,0.1376811594202898,App Performance
2025-12-23,app_performance,28,137,0.2043795620437956,App Performance
2025-12-24,app_performance,22,123,0.1788617886178861,App Performance
2025-12-25,app_performance,20,123,0.1626016260162601,App Performance
2025-12-26,app_performance,21,135,0.1555555555555555,App Performance
2025-12-27,app_performance,9,119,0.0756302521008403,App Performance
2025-12-28,app_performance,21,151,0.1390728476821192,App Performance
2025-12-29,app_performance,16,130,0.123076923076923,App Performance
2025-12-30,app_performance,16,115,0.1391304347826087,App Performance
2025-12-31,app_performance,30,134,0.2238805970149253,App Performance
2026-01-01,app_performance,21,140,0.15,App Performance
2026-01-02,app_performance,22,116,0.1896551724137931,App Performance
2026-01-03,app_performance,18,132,0.1363636363636363,App Performance
2026-01-04,app_performance,23,123,0.1869918699186991,App Performance
2026-01-05,app_performance,16,125,0.128,App Performance
2026-01-06,app_performance,19,137,0.1386861313868613,App Performance
2026-01-07,app_performance,22,123,0.1788617886178861,App Performance
2026-01-08,app_performance,20,111,0.1801801801801801,App Performance
2026-01-09,app_performance,25,127,0.1968503937007874,App Performance
2026-01-10,app_performance,33,143,0.2307692307692307,App Performance
2026-01-11,app_performance,19,118,0.1610169491525423,App Performance
2026-01-12,app_performance,20,145,0.1379310344827586,App Performance
2026-01-13,app_performance,18,138,0.1304347826086956,App Performance
2026-01-14,app_performance,17,127,0.1338582677165354,App Performance
2026-01-15,app_performance,17,135,0.1259259259259259,App Performance
2026-01-16,app_performance,20,120,0.1666666666666666,App Performance
2026-01-17,app_performance,21,120,0.175,App Performance
2026-01-18,app_performance,19,131,0.1450381679389313,App Performance
2026-01-19,app_performance,21,136,0.1544117647058823,App Performance
2026-01-20,app_performance,16,127,0.1259842519685039,App Performance
2026-01-21,app_performance,19,130,0.1461538461538461,App Performance
2026-01-22,app_performance,20,149,0.1342281879194631,App Performance
2026-01-23,app_performance,24,115,0.208695652173913,App Performance
2026-01-24,app_performance,21,134,0.1567164179104477,App Performance
2026-01-25,app_performance,23,124,0.1854838709677419,App Performance
2026-01-26,app_performance,36,125,0.288,App Performance
2026-01-27,app_performance,22,139,0.158273381294964,App Performance
2026-01-28,app_performance,18,121,0.1487603305785124,App Performance
2026-01-29,app_performance,17,132,0.1287878787878787,App Performance
2026-01-30,app_performance,27,140,0.1928571428571428,App Performance
2026-01-31,app_performance,17,114,0.1491228070175438,App Performance
2026-02-01,app_performance,10,115,0.0869565217391304,App Performance
2026-02-02,app_performance,19,147,0.1292517006802721,App Performance
2026-02-03,app_performance,19,153,0.1241830065359477,App Performance
2026-02-04,app_performance,26,136,0.1911764705882352,App Performance
2026-02-05,app_performance,21,133,0.1578947368421052,App Performance
2026-02-06,app_performance,25,126,0.1984126984126984,App Performance
2026-02-07,app_performance,26,143,0.1818181818181818,App Performance
2026-02-08,app_performance,22,140,0.1571428571428571,App Performance
2026-02-09,app_performance,19,137,0.1386861313868613,App Performance
2026-02-10,app_performance,16,134,0.1194029850746268,App Performance
2026-02-11,app_performance,29,121,0.2396694214876033,App Performance
2026-02-12,app_performance,20,130,0.1538461538461538,App Performance
2026-02-13,app_performance,24,131,0.183206106870229,App Performance
2026-02-14,app_performance,18,129,0.1395348837209302,App Performance
2026-02-15,app_performance,29,141,0.2056737588652482,App Performance
2026-02-16,app_performance,22,149,0.1476510067114094,App Performance
2026-02-17,app_performance,15,118,0.1271186440677966,App Performance
2026-02-18,app_performance,16,121,0.1322314049586777,App Performance
2026-02-19,app_performance,16,123,0.1300813008130081,App Performance
2026-02-20,app_performance,20,131,0.1526717557251908,App Performance
2026-02-21,app_performance,13,156,0.0833333333333333,App Performance
2026-02-22,app_performance,21,118,0.1779661016949152,App Performance
2026-02-23,app_performance,16,145,0.1103448275862069,App Performance
2026-02-24,app_performance,21,140,0.15,App Performance
2026-02-25,app_performance,11,114,0.0964912280701754,App Performance
2026-02-26,app_performance,17,140,0.1214285714285714,App Performance
2026-02-27,app_performance,18,138,0.1304347826086956,App Performance
2026-02-28,app_performance,18,113,0.1592920353982301,App Performance
2026-03-01,app_performance,26,137,0.1897810218978102,App Performance
2026-03-02,app_performance,17,131,0.1297709923664122,App Performance
2026-03-03,app_performance,30,164,0.1829268292682926,App Performance
2026-03-04,app_performance,16,144,0.1111111111111111,App Performance
2026-03-05,app_performance,21,147,0.1428571428571428,App Performance
2026-03-06,app_performance,22,131,0.1679389312977099,App Performance
2026-03-07,app_performance,15,133,0.112781954887218,App Performance
2026-03-08,app_performance,29,128,0.2265625,App Performance
2026-03-09,app_performance,18,124,0.1451612903225806,App Performance
2026-03-10,app_performance,21,129,0.1627906976744186,App Performance
2026-03-11,app_performance,20,127,0.1574803149606299,App Performance
2026-03-12,app_performance,19,120,0.1583333333333333,App Performance
2026-03-13,app_performance,15,139,0.1079136690647482,App Performance
2026-03-14,app_performance,18,131,0.1374045801526717,App Performance
2026-03-15,app_performance,20,123,0.1626016260162601,App Performance
2026-03-16,app_performance,22,119,0.1848739495798319,App Performance
2026-03-17,app_performance,25,138,0.181159420289855,App Performance
2026-03-18,app_performance,31,150,0.2066666666666666,App Performance
2026-03-19,app_performance,18,136,0.1323529411764706,App Performance
2026-03-20,app_performance,23,142,0.1619718309859155,App Performance
2026-03-21,app_performance,18,114,0.1578947368421052,App Performance
2026-03-22,app_performance,14,146,0.0958904109589041,App Performance
2026-03-23,app_performance,28,139,0.2014388489208633,App Performance
2026-03-24,app_performance,16,121,0.1322314049586777,App Performance
2026-03-25,app_performance,18,140,0.1285714285714285,App Performance
2026-03-26,app_performance,21,138,0.1521739130434782,App Performance
2026-03-27,app_performance,24,139,0.1726618705035971,App Performance
2026-03-28,app_performance,17,116,0.146551724137931,App Performance
2026-03-29,app_performance,18,130,0.1384615384615384,App Performance
2026-03-30,app_performance,23,145,0.1586206896551724,App Performance
2026-03-31,app_performance,14,125,0.112,App Performance
2026-04-01,app_performance,11,126,0.0873015873015873,App Performance
2026-04-02,app_performance,15,124,0.1209677419354838,App Performance
2026-04-03,app_performance,22,139,0.158273381294964,App Performance
2026-04-04,app_performance,26,138,0.1884057971014492,App Performance
2026-04-05,app_performance,17,134,0.126865671641791,App Performance
2026-04-06,app_performance,22,144,0.1527777777777778,App Performance
2026-04-07,app_performance,16,135,0.1185185185185185,App Performance
2026-04-08,app_performance,19,116,0.1637931034482758,App Performance
2026-04-09,app_performance,14,131,0.1068702290076335,App Performance
2026-04-10,app_performance,22,137,0.1605839416058394,App Performance
2026-04-11,app_performance,20,131,0.1526717557251908,App Performance
2026-04-12,app_performance,14,129,0.1085271317829457,App Performance
2026-04-13,app_performance,21,121,0.1735537190082644,App Performance
2026-04-14,app_performance,18,132,0.1363636363636363,App Performance
2026-04-15,app_performance,24,131,0.183206106870229,App Performance
2026-04-16,app_performance,28,135,0.2074074074074074,App Performance
2026-04-17,app_performance,21,125,0.168,App Performance
2026-04-18,app_performance,26,137,0.1897810218978102,App Performance
2026-04-19,app_performance,16,118,0.135593220338983,App Performance
2026-04-20,app_performance,24,140,0.1714285714285714,App Performance
2026-04-21,app_performance,17,128,0.1328125,App Performance
2026-04-22,app_performance,20,139,0.1438848920863309,App Performance
2026-04-23,app_performance,17,125,0.136,App Performance
2026-04-24,app_performance,20,130,0.1538461538461538,App Performance
2026-04-25,app_performance,16,107,0.1495327102803738,App Performance
2026-04-26,app_performance,30,140,0.2142857142857142,App Performance
2026-04-27,app_performance,29,140,0.2071428571428571,App Performance
2026-04-28,app_performance,14,113,0.1238938053097345,App Performance
2026-04-29,app_performance,27,138,0.1956521739130435,App Performance
2026-04-30,app_performance,20,126,0.1587301587301587,App Performance
2026-05-01,app_performance,28,141,0.1985815602836879,App Performance
2026-05-02,app_performance,24,128,0.1875,App Performance
2026-05-03,app_performance,20,137,0.145985401459854,App Performance
2026-05-04,app_performance,19,143,0.1328671328671328,App Performance
2026-05-05,app_performance,24,155,0.1548387096774193,App Performance
2026-05-06,app_performance,17,127,0.1338582677165354,App Performance
2026-05-07,app_performance,28,139,0.2014388489208633,App Performance
2026-05-08,app_performance,15,136,0.1102941176470588,App Performance
2026-05-09,app_performance,24,130,0.1846153846153846,App Performance
2026-05-10,app_performance,23,134,0.1716417910447761,App Performance
2026-05-11,app_performance,23,125,0.184,App Performance
2026-05-12,app_performance,21,132,0.1590909090909091,App Performance
2026-05-13,app_performance,19,123,0.1544715447154471,App Performance
2026-05-14,app_performance,19,132,0.1439393939393939,App Performance
2026-05-15,app_performance,21,131,0.1603053435114503,App Performance
2026-05-16,app_performance,25,136,0.1838235294117647,App Performance
2026-05-17,app_performance,22,135,0.1629629629629629,App Performance
2026-05-18,app_performance,19,120,0.1583333333333333,App Performance
2026-05-19,app_performance,25,138,0.181159420289855,App Performance
2026-05-20,app_performance,26,140,0.1857142857142857,App Performance
2026-05-21,app_performance,16,118,0.135593220338983,App Performance
2026-05-22,app_performance,24,141,0.1702127659574468,App Performance
2026-05-23,app_performance,29,130,0.2230769230769231,App Performance
2026-05-24,app_performance,22,124,0.1774193548387097,App Performance
2026-05-25,app_performance,15,128,0.1171875,App Performance
2026-05-26,app_performance,14,111,0.1261261261261261,App Performance
2026-05-27,app_performance,26,136,0.1911764705882352,App Performance
2026-05-28,app_performance,11,125,0.088,App Performance
2026-05-29,app_performance,14,125,0.112,App Performance
2026-05-30,app_performance,17,111,0.1531531531531531,App Performance
2026-05-31,app_performance,30,154,0.1948051948051948,App Performance
2026-06-01,app_performance,22,125,0.176,App Performance
2026-06-02,app_performance,24,144,0.1666666666666666,App Performance
2026-06-03,app_performance,22,141,0.1560283687943262,App Performance
2026-06-04,app_performance,18,134,0.1343283582089552,App Performance
2026-06-05,app_performance,24,138,0.1739130434782608,App Performance
2026-06-06,app_performance,19,133,0.1428571428571428,App Performance
2026-06-07,app_performance,23,132,0.1742424242424242,App Performance
2026-06-08,app_performance,14,124,0.1129032258064516,App Performance
2026-06-09,app_performance,22,141,0.1560283687943262,App Performance
2026-06-10,app_performance,13,122,0.1065573770491803,App Performance
2026-06-11,app_performance,31,143,0.2167832167832167,App Performance
2026-06-12,app_performance,13,126,0.1031746031746031,App Performance
2026-06-13,app_performance,18,115,0.1565217391304348,App Performance
2026-06-14,app_performance,28,126,0.2222222222222222,App Performance
2026-06-15,app_performance,21,126,0.1666666666666666,App Performance
2026-06-16,app_performance,28,130,0.2153846153846154,App Performance
2026-06-17,app_performance,25,131,0.1908396946564885,App Performance
2026-06-18,app_performance,13,131,0.099236641221374,App Performance
2026-06-19,app_performance,23,147,0.1564625850340136,App Performance
2026-06-20,app_performance,19,115,0.1652173913043478,App Performance
2026-06-21,app_performance,18,124,0.1451612903225806,App Performance
2026-06-22,app_performance,25,142,0.176056338028169,App Performance
2026-06-23,app_performance,18,131,0.1374045801526717,App Performance
2026-06-24,app_performance,22,123,0.1788617886178861,App Performance
2026-06-25,app_performance,16,129,0.1240310077519379,App Performance
2026-06-26,app_performance,19,146,0.1301369863013698,App Performance
2026-06-27,app_performance,22,123,0.1788617886178861,App Performance
2026-06-28,app_performance,29,137,0.2116788321167883,App Performance
2026-06-29,app_performance,18,119,0.1512605042016806,App Performance
2024-01-01,customer_support,34,132,0.2575757575757575,Customer Service
2024-01-02,customer_support,29,132,0.2196969696969697,Customer Service
2024-01-03,customer_support,32,146,0.2191780821917808,Customer Service
2024-01-04,customer_support,37,154,0.2402597402597402,Customer Service
2024-01-05,customer_support,27,134,0.2014925373134328,Customer Service
2024-01-06,customer_support,32,142,0.2253521126760563,Customer Service
2024-01-07,customer_support,28,148,0.1891891891891892,Customer Service
2024-01-08,customer_support,34,140,0.2428571428571428,Customer Service
2024-01-09,customer_support,32,152,0.2105263157894736,Customer Service
2024-01-10,customer_support,26,134,0.1940298507462686,Customer Service
2024-01-11,customer_support,34,145,0.2344827586206896,Customer Service
2024-01-12,customer_support,31,104,0.2980769230769231,Customer Service
2024-01-13,customer_support,28,140,0.2,Customer Service
2024-01-14,customer_support,25,142,0.176056338028169,Customer Service
2024-01-15,customer_support,25,130,0.1923076923076923,Customer Service
2024-01-16,customer_support,25,113,0.2212389380530973,Customer Service
2024-01-17,customer_support,35,130,0.2692307692307692,Customer Service
2024-01-18,customer_support,31,145,0.2137931034482758,Customer Service
2024-01-19,customer_support,27,133,0.2030075187969924,Customer Service
2024-01-20,customer_support,23,137,0.1678832116788321,Customer Service
2024-01-21,customer_support,29,144,0.2013888888888889,Customer Service
2024-01-22,customer_support,26,147,0.1768707482993197,Customer Service
2024-01-23,customer_support,37,153,0.2418300653594771,Customer Service
2024-01-24,customer_support,25,132,0.1893939393939394,Customer Service
2024-01-25,customer_support,33,147,0.2244897959183673,Customer Service
2024-01-26,customer_support,23,133,0.1729323308270676,Customer Service
2024-01-27,customer_support,29,146,0.1986301369863013,Customer Service
2024-01-28,customer_support,27,138,0.1956521739130435,Customer Service
2024-01-29,customer_support,25,127,0.1968503937007874,Customer Service
2024-01-30,customer_support,29,131,0.2213740458015267,Customer Service
2024-01-31,customer_support,36,123,0.2926829268292683,Customer Service
2024-02-01,customer_support,27,140,0.1928571428571428,Customer Service
2024-02-02,customer_support,20,116,0.1724137931034483,Customer Service
2024-02-03,customer_support,28,113,0.247787610619469,Customer Service
2024-02-04,customer_support,23,138,0.1666666666666666,Customer Service
2024-02-05,customer_support,25,135,0.1851851851851851,Customer Service
2024-02-06,customer_support,29,124,0.2338709677419354,Customer Service
2024-02-07,customer_support,31,131,0.2366412213740458,Customer Service
2024-02-08,customer_support,21,110,0.1909090909090909,Customer Service
2024-02-09,customer_support,15,125,0.12,Customer Service
2024-02-10,customer_support,34,138,0.2463768115942029,Customer Service
2024-02-11,customer_support,34,125,0.272,Customer Service
2024-02-12,customer_support,26,151,0.1721854304635761,Customer Service
2024-02-13,customer_support,20,119,0.1680672268907563,Customer Service
2024-02-14,customer_support,33,158,0.2088607594936709,Customer Service
2024-02-15,customer_support,30,126,0.238095238095238,Customer Service
2024-02-16,customer_support,28,120,0.2333333333333333,Customer Service
2024-02-17,customer_support,26,126,0.2063492063492063,Customer Service
2024-02-18,customer_support,30,130,0.2307692307692307,Customer Service
2024-02-19,customer_support,27,140,0.1928571428571428,Customer Service
2024-02-20,customer_support,31,133,0.2330827067669172,Customer Service
2024-02-21,customer_support,27,141,0.1914893617021276,Customer Service
2024-02-22,customer_support,23,138,0.1666666666666666,Customer Service
2024-02-23,customer_support,29,139,0.2086330935251798,Customer Service
2024-02-24,customer_support,27,128,0.2109375,Customer Service
2024-02-25,customer_support,24,126,0.1904761904761904,Customer Service
2024-02-26,customer_support,27,119,0.226890756302521,Customer Service
2024-02-27,customer_support,23,125,0.184,Customer Service
2024-02-28,customer_support,31,126,0.246031746031746,Customer Service
2024-02-29,customer_support,20,126,0.1587301587301587,Customer Service
2024-03-01,customer_support,25,121,0.2066115702479339,Customer Service
2024-03-02,customer_support,30,141,0.2127659574468085,Customer Service
2024-03-03,customer_support,31,136,0.2279411764705882,Customer Service
2024-03-04,customer_support,31,128,0.2421875,Customer Service
2024-03-05,customer_support,23,109,0.2110091743119266,Customer Service
2024-03-06,customer_support,33,111,0.2972972972972973,Customer Service
2024-03-07,customer_support,28,129,0.2170542635658914,Customer Service
2024-03-08,customer_support,16,113,0.1415929203539823,Customer Service
2024-03-09,customer_support,29,127,0.2283464566929134,Customer Service
2024-03-10,customer_support,26,128,0.203125,Customer Service
2024-03-11,customer_support,31,133,0.2330827067669172,Customer Service
2024-03-12,customer_support,31,109,0.2844036697247706,Customer Service
2024-03-13,customer_support,26,134,0.1940298507462686,Customer Service
2024-03-14,customer_support,18,122,0.1475409836065573,Customer Service
2024-03-15,customer_support,33,152,0.2171052631578947,Customer Service
2024-03-16,customer_support,31,139,0.2230215827338129,Customer Service
2024-03-17,customer_support,24,135,0.1777777777777777,Customer Service
2024-03-18,customer_support,35,143,0.2447552447552447,Customer Service
2024-03-19,customer_support,29,140,0.2071428571428571,Customer Service
2024-03-20,customer_support,35,122,0.2868852459016393,Customer Service
2024-03-21,customer_support,26,126,0.2063492063492063,Customer Service
2024-03-22,customer_support,33,123,0.2682926829268293,Customer Service
2024-03-23,customer_support,20,124,0.1612903225806451,Customer Service
2024-03-24,customer_support,26,158,0.1645569620253164,Customer Service
2024-03-25,customer_support,30,156,0.1923076923076923,Customer Service
2024-03-26,customer_support,35,131,0.2671755725190839,Customer Service
2024-03-27,customer_support,31,134,0.2313432835820895,Customer Service
2024-03-28,customer_support,28,130,0.2153846153846154,Customer Service
2024-03-29,customer_support,40,151,0.2649006622516556,Customer Service
2024-03-30,customer_support,15,121,0.1239669421487603,Customer Service
2024-03-31,customer_support,33,133,0.2481203007518796,Customer Service
2024-04-01,customer_support,33,136,0.2426470588235294,Customer Service
2024-04-02,customer_support,29,124,0.2338709677419354,Customer Service
2024-04-03,customer_support,26,117,0.2222222222222222,Customer Service
2024-04-04,customer_support,24,132,0.1818181818181818,Customer Service
2024-04-05,customer_support,28,135,0.2074074074074074,Customer Service
2024-04-06,customer_support,34,132,0.2575757575757575,Customer Service
2024-04-07,customer_support,29,124,0.2338709677419354,Customer Service
2024-04-08,customer_support,27,139,0.1942446043165467,Customer Service
2024-04-09,customer_support,30,130,0.2307692307692307,Customer Service
2024-04-10,customer_support,33,152,0.2171052631578947,Customer Service
2024-04-11,customer_support,16,108,0.1481481481481481,Customer Service
2024-04-12,customer_support,26,133,0.1954887218045112,Customer Service
2024-04-13,customer_support,25,123,0.2032520325203252,Customer Service
2024-04-14,customer_support,41,143,0.2867132867132867,Customer Service
2024-04-15,customer_support,31,130,0.2384615384615384,Customer Service
2024-04-16,customer_support,31,127,0.2440944881889764,Customer Service
2024-04-17,customer_support,33,121,0.2727272727272727,Customer Service
2024-04-18,customer_support,30,155,0.1935483870967742,Customer Service
2024-04-19,customer_support,25,137,0.1824817518248175,Customer Service
2024-04-20,customer_support,29,147,0.1972789115646258,Customer Service
2024-04-21,customer_support,25,137,0.1824817518248175,Customer Service
2024-04-22,customer_support,29,130,0.2230769230769231,Customer Service
2024-04-23,customer_support,27,119,0.226890756302521,Customer Service
2024-04-24,customer_support,22,121,0.1818181818181818,Customer Service
2024-04-25,customer_support,32,124,0.2580645161290322,Customer Service
2024-04-26,customer_support,26,138,0.1884057971014492,Customer Service
2024-04-27,customer_support,28,118,0.2372881355932203,Customer Service
2024-04-28,customer_support,23,127,0.1811023622047244,Customer Service
2024-04-29,customer_support,23,131,0.1755725190839694,Customer Service
2024-04-30,customer_support,27,137,0.1970802919708029,Customer Service
2024-05-01,customer_support,25,136,0.1838235294117647,Customer Service
2024-05-02,customer_support,23,101,0.2277227722772277,Customer Service
2024-05-03,customer_support,32,138,0.2318840579710145,Customer Service
2024-05-04,customer_support,30,135,0.2222222222222222,Customer Service
2024-05-05,customer_support,29,116,0.25,Customer Service
2024-05-06,customer_support,25,140,0.1785714285714285,Customer Service
2024-05-07,customer_support,25,124,0.2016129032258064,Customer Service
2024-05-08,customer_support,25,141,0.1773049645390071,Customer Service
2024-05-09,customer_support,25,125,0.2,Customer Service
2024-05-10,customer_support,27,133,0.2030075187969924,Customer Service
2024-05-11,customer_support,31,137,0.2262773722627737,Customer Service
2024-05-12,customer_support,31,133,0.2330827067669172,Customer Service
2024-05-13,customer_support,29,151,0.1920529801324503,Customer Service
2024-05-14,customer_support,26,119,0.2184873949579832,Customer Service
2024-05-15,customer_support,25,114,0.219298245614035,Customer Service
2024-05-16,customer_support,29,129,0.2248062015503876,Customer Service
2024-05-17,customer_support,30,117,0.2564102564102564,Customer Service
2024-05-18,customer_support,30,130,0.2307692307692307,Customer Service
2024-05-19,customer_support,28,123,0.2276422764227642,Customer Service
2024-05-20,customer_support,29,141,0.2056737588652482,Customer Service
2024-05-21,customer_support,28,130,0.2153846153846154,Customer Service
2024-05-22,customer_support,36,140,0.2571428571428571,Customer Service
2024-05-23,customer_support,25,134,0.1865671641791045,Customer Service
2024-05-24,customer_support,23,132,0.1742424242424242,Customer Service
2024-05-25,customer_support,28,125,0.224,Customer Service
2024-05-26,customer_support,30,148,0.2027027027027027,Customer Service
2024-05-27,customer_support,22,108,0.2037037037037037,Customer Service
2024-05-28,customer_support,21,125,0.168,Customer Service
2024-05-29,customer_support,31,122,0.2540983606557377,Customer Service
2024-05-30,customer_support,29,133,0.2180451127819548,Customer Service
2024-05-31,customer_support,22,121,0.1818181818181818,Customer Service
2024-06-01,customer_support,32,128,0.25,Customer Service
2024-06-02,customer_support,30,122,0.2459016393442623,Customer Service
2024-06-03,customer_support,34,130,0.2615384615384615,Customer Service
2024-06-04,customer_support,30,133,0.225563909774436,Customer Service
2024-06-05,customer_support,28,125,0.224,Customer Service
2024-06-06,customer_support,32,145,0.2206896551724138,Customer Service
2024-06-07,customer_support,31,126,0.246031746031746,Customer Service
2024-06-08,customer_support,25,136,0.1838235294117647,Customer Service
2024-06-09,customer_support,25,120,0.2083333333333333,Customer Service
2024-06-10,customer_support,28,107,0.2616822429906542,Customer Service
2024-06-11,customer_support,29,143,0.2027972027972027,Customer Service
2024-06-12,customer_support,23,128,0.1796875,Customer Service
2024-06-13,customer_support,33,136,0.2426470588235294,Customer Service
2024-06-14,customer_support,24,125,0.192,Customer Service
2024-06-15,customer_support,20,133,0.150375939849624,Customer Service
2024-06-16,customer_support,36,155,0.232258064516129,Customer Service
2024-06-17,customer_support,25,129,0.1937984496124031,Customer Service
2024-06-18,customer_support,33,133,0.2481203007518796,Customer Service
2024-06-19,customer_support,23,120,0.1916666666666666,Customer Service
2024-06-20,customer_support,32,119,0.2689075630252101,Customer Service
2024-06-21,customer_support,24,129,0.1860465116279069,Customer Service
2024-06-22,customer_support,38,146,0.2602739726027397,Customer Service
2024-06-23,customer_support,38,146,0.2602739726027397,Customer Service
2024-06-24,customer_support,35,144,0.2430555555555555,Customer Service
2024-06-25,customer_support,29,162,0.1790123456790123,Customer Service
2024-06-26,customer_support,29,129,0.2248062015503876,Customer Service
2024-06-27,customer_support,33,148,0.2229729729729729,Customer Service
2024-06-28,customer_support,20,106,0.1886792452830188,Customer Service
2024-06-29,customer_support,18,124,0.1451612903225806,Customer Service
2024-06-30,customer_support,33,156,0.2115384615384615,Customer Service
2024-07-01,customer_support,34,126,0.2698412698412698,Customer Service
2024-07-02,customer_support,31,122,0.2540983606557377,Customer Service
2024-07-03,customer_support,24,124,0.1935483870967742,Customer Service
2024-07-04,customer_support,36,146,0.2465753424657534,Customer Service
2024-07-05,customer_support,37,154,0.2402597402597402,Customer Service
2024-07-06,customer_support,35,128,0.2734375,Customer Service
2024-07-07,customer_support,21,125,0.168,Customer Service
2024-07-08,customer_support,29,130,0.2230769230769231,Customer Service
2024-07-09,customer_support,44,153,0.2875816993464052,Customer Service
2024-07-10,customer_support,29,141,0.2056737588652482,Customer Service
2024-07-11,customer_support,31,132,0.2348484848484848,Customer Service
2024-07-12,customer_support,27,137,0.1970802919708029,Customer Service
2024-07-13,customer_support,27,130,0.2076923076923077,Customer Service
2024-07-14,customer_support,25,130,0.1923076923076923,Customer Service
2024-07-15,customer_support,32,115,0.2782608695652174,Customer Service
2024-07-16,customer_support,37,149,0.2483221476510067,Customer Service
2024-07-17,customer_support,16,125,0.128,Customer Service
2024-07-18,customer_support,19,120,0.1583333333333333,Customer Service
2024-07-19,customer_support,21,129,0.1627906976744186,Customer Service
2024-07-20,customer_support,29,143,0.2027972027972027,Customer Service
2024-07-21,customer_support,33,145,0.2275862068965517,Customer Service
2024-07-22,customer_support,36,148,0.2432432432432432,Customer Service
2024-07-23,customer_support,29,145,0.2,Customer Service
2024-07-24,customer_support,20,115,0.1739130434782608,Customer Service
2024-07-25,customer_support,29,147,0.1972789115646258,Customer Service
2024-07-26,customer_support,31,139,0.2230215827338129,Customer Service
2024-07-27,customer_support,23,123,0.1869918699186991,Customer Service
2024-07-28,customer_support,32,123,0.2601626016260163,Customer Service
2024-07-29,customer_support,27,126,0.2142857142857142,Customer Service
2024-07-30,customer_support,30,138,0.217391304347826,Customer Service
2024-07-31,customer_support,23,120,0.1916666666666666,Customer Service
2024-08-01,customer_support,35,124,0.282258064516129,Customer Service
2024-08-02,customer_support,27,134,0.2014925373134328,Customer Service
2024-08-03,customer_support,37,131,0.2824427480916031,Customer Service
2024-08-04,customer_support,23,119,0.1932773109243697,Customer Service
2024-08-05,customer_support,23,115,0.2,Customer Service
2024-08-06,customer_support,29,139,0.2086330935251798,Customer Service
2024-08-07,customer_support,25,123,0.2032520325203252,Customer Service
2024-08-08,customer_support,28,134,0.208955223880597,Customer Service
2024-08-09,customer_support,16,119,0.134453781512605,Customer Service
2024-08-10,customer_support,27,127,0.2125984251968504,Customer Service
2024-08-11,customer_support,32,140,0.2285714285714285,Customer Service
2024-08-12,customer_support,33,142,0.2323943661971831,Customer Service
2024-08-13,customer_support,21,133,0.1578947368421052,Customer Service
2024-08-14,customer_support,23,145,0.1586206896551724,Customer Service
2024-08-15,customer_support,25,121,0.2066115702479339,Customer Service
2024-08-16,customer_support,25,93,0.2688172043010752,Customer Service
2024-08-17,customer_support,33,134,0.2462686567164179,Customer Service
2024-08-18,customer_support,37,145,0.2551724137931034,Customer Service
2024-08-19,customer_support,28,132,0.2121212121212121,Customer Service
2024-08-20,customer_support,36,151,0.23841059602649,Customer Service
2024-08-21,customer_support,29,135,0.2148148148148148,Customer Service
2024-08-22,customer_support,22,107,0.205607476635514,Customer Service
2024-08-23,customer_support,25,116,0.2155172413793103,Customer Service
2024-08-24,customer_support,30,145,0.2068965517241379,Customer Service
2024-08-25,customer_support,28,124,0.2258064516129032,Customer Service
2024-08-26,customer_support,17,134,0.126865671641791,Customer Service
2024-08-27,customer_support,29,123,0.2357723577235772,Customer Service
2024-08-28,customer_support,24,133,0.1804511278195488,Customer Service
2024-08-29,customer_support,28,148,0.1891891891891892,Customer Service
2024-08-30,customer_support,36,141,0.2553191489361702,Customer Service
2024-08-31,customer_support,27,143,0.1888111888111888,Customer Service
2024-09-01,customer_support,32,117,0.2735042735042735,Customer Service
2024-09-02,customer_support,14,130,0.1076923076923077,Customer Service
2024-09-03,customer_support,39,149,0.261744966442953,Customer Service
2024-09-04,customer_support,24,141,0.1702127659574468,Customer Service
2024-09-05,customer_support,34,129,0.2635658914728682,Customer Service
2024-09-06,customer_support,27,137,0.1970802919708029,Customer Service
2024-09-07,customer_support,29,143,0.2027972027972027,Customer Service
2024-09-08,customer_support,29,140,0.2071428571428571,Customer Service
2024-09-09,customer_support,25,133,0.18796992481203,Customer Service
2024-09-10,customer_support,28,131,0.2137404580152671,Customer Service
2024-09-11,customer_support,33,123,0.2682926829268293,Customer Service
2024-09-12,customer_support,28,128,0.21875,Customer Service
2024-09-13,customer_support,32,133,0.2406015037593984,Customer Service
2024-09-14,customer_support,29,141,0.2056737588652482,Customer Service
2024-09-15,customer_support,29,122,0.2377049180327868,Customer Service
2024-09-16,customer_support,23,136,0.1691176470588235,Customer Service
2024-09-17,customer_support,21,136,0.1544117647058823,Customer Service
2024-09-18,customer_support,30,128,0.234375,Customer Service
2024-09-19,customer_support,31,122,0.2540983606557377,Customer Service
2024-09-20,customer_support,43,154,0.2792207792207792,Customer Service
2024-09-21,customer_support,36,149,0.2416107382550335,Customer Service
2024-09-22,customer_support,35,121,0.2892561983471074,Customer Service
2024-09-23,customer_support,27,142,0.1901408450704225,Customer Service
2024-09-24,customer_support,20,119,0.1680672268907563,Customer Service
2024-09-25,customer_support,33,144,0.2291666666666666,Customer Service
2024-09-26,customer_support,25,120,0.2083333333333333,Customer Service
2024-09-27,customer_support,27,111,0.2432432432432432,Customer Service
2024-09-28,customer_support,28,135,0.2074074074074074,Customer Service
2024-09-29,customer_support,30,156,0.1923076923076923,Customer Service
2024-09-30,customer_support,25,116,0.2155172413793103,Customer Service
2024-10-01,customer_support,26,133,0.1954887218045112,Customer Service
2024-10-02,customer_support,28,114,0.2456140350877192,Customer Service
2024-10-03,customer_support,21,110,0.1909090909090909,Customer Service
2024-10-04,customer_support,43,134,0.3208955223880597,Customer Service
2024-10-05,customer_support,35,143,0.2447552447552447,Customer Service
2024-10-06,customer_support,24,142,0.1690140845070422,Customer Service
2024-10-07,customer_support,33,124,0.2661290322580645,Customer Service
2024-10-08,customer_support,25,122,0.2049180327868852,Customer Service
2024-10-09,customer_support,27,129,0.2093023255813953,Customer Service
2024-10-10,customer_support,27,130,0.2076923076923077,Customer Service
2024-10-11,customer_support,29,141,0.2056737588652482,Customer Service
2024-10-12,customer_support,21,119,0.1764705882352941,Customer Service
2024-10-13,customer_support,31,145,0.2137931034482758,Customer Service
2024-10-14,customer_support,25,130,0.1923076923076923,Customer Service
2024-10-15,customer_support,23,120,0.1916666666666666,Customer Service
2024-10-16,customer_support,32,112,0.2857142857142857,Customer Service
2024-10-17,customer_support,27,133,0.2030075187969924,Customer Service
2024-10-18,customer_support,20,112,0.1785714285714285,Customer Service
2024-10-19,customer_support,31,134,0.2313432835820895,Customer Service
2024-10-20,customer_support,23,128,0.1796875,Customer Service
2024-10-21,customer_support,26,127,0.2047244094488189,Customer Service
2024-10-22,customer_support,28,136,0.2058823529411764,Customer Service
2024-10-23,customer_support,34,143,0.2377622377622377,Customer Service
2024-10-24,customer_support,26,118,0.2203389830508474,Customer Service
2024-10-25,customer_support,28,148,0.1891891891891892,Customer Service
2024-10-26,customer_support,28,133,0.2105263157894736,Customer Service
2024-10-27,customer_support,26,124,0.2096774193548387,Customer Service
2024-10-28,customer_support,32,133,0.2406015037593984,Customer Service
2024-10-29,customer_support,27,128,0.2109375,Customer Service
2024-10-30,customer_support,22,115,0.1913043478260869,Customer Service
2024-10-31,customer_support,18,127,0.1417322834645669,Customer Service
2024-11-01,customer_support,27,136,0.1985294117647058,Customer Service
2024-11-02,customer_support,25,132,0.1893939393939394,Customer Service
2024-11-03,customer_support,32,117,0.2735042735042735,Customer Service
2024-11-04,customer_support,41,179,0.2290502793296089,Customer Service
2024-11-05,customer_support,33,140,0.2357142857142857,Customer Service
2024-11-06,customer_support,30,146,0.2054794520547945,Customer Service
2024-11-07,customer_support,29,124,0.2338709677419354,Customer Service
2024-11-08,customer_support,31,150,0.2066666666666666,Customer Service
2024-11-09,customer_support,20,141,0.1418439716312056,Customer Service
2024-11-10,customer_support,29,127,0.2283464566929134,Customer Service
2024-11-11,customer_support,28,120,0.2333333333333333,Customer Service
2024-11-12,customer_support,35,126,0.2777777777777778,Customer Service
2024-11-13,customer_support,32,139,0.2302158273381295,Customer Service
2024-11-14,customer_support,28,126,0.2222222222222222,Customer Service
2024-11-15,customer_support,23,109,0.2110091743119266,Customer Service
2024-11-16,customer_support,27,139,0.1942446043165467,Customer Service
2024-11-17,customer_support,19,120,0.1583333333333333,Customer Service
2024-11-18,customer_support,37,138,0.2681159420289855,Customer Service
2024-11-19,customer_support,28,135,0.2074074074074074,Customer Service
2024-11-20,customer_support,24,118,0.2033898305084746,Customer Service
2024-11-21,customer_support,24,133,0.1804511278195488,Customer Service
2024-11-22,customer_support,32,142,0.2253521126760563,Customer Service
2024-11-23,customer_support,23,134,0.1716417910447761,Customer Service
2024-11-24,customer_support,29,134,0.2164179104477611,Customer Service
2024-11-25,customer_support,18,111,0.1621621621621621,Customer Service
2024-11-26,customer_support,26,143,0.1818181818181818,Customer Service
2024-11-27,customer_support,33,136,0.2426470588235294,Customer Service
2024-11-28,customer_support,35,134,0.2611940298507462,Customer Service
2024-11-29,customer_support,24,131,0.183206106870229,Customer Service
2024-11-30,customer_support,30,140,0.2142857142857142,Customer Service
2024-12-01,customer_support,33,138,0.2391304347826087,Customer Service
2024-12-02,customer_support,22,124,0.1774193548387097,Customer Service
2024-12-03,customer_support,32,134,0.2388059701492537,Customer Service
2024-12-04,customer_support,32,130,0.2461538461538461,Customer Service
2024-12-05,customer_support,22,135,0.1629629629629629,Customer Service
2024-12-06,customer_support,34,140,0.2428571428571428,Customer Service
2024-12-07,customer_support,35,141,0.2482269503546099,Customer Service
2024-12-08,customer_support,37,138,0.2681159420289855,Customer Service
2024-12-09,customer_support,32,145,0.2206896551724138,Customer Service
2024-12-10,customer_support,24,141,0.1702127659574468,Customer Service
2024-12-11,customer_support,27,137,0.1970802919708029,Customer Service
2024-12-12,customer_support,36,142,0.2535211267605634,Customer Service
2024-12-13,customer_support,39,140,0.2785714285714286,Customer Service
2024-12-14,customer_support,34,124,0.2741935483870967,Customer Service
2024-12-15,customer_support,22,128,0.171875,Customer Service
2024-12-16,customer_support,27,132,0.2045454545454545,Customer Service
2024-12-17,customer_support,21,115,0.1826086956521739,Customer Service
2024-12-18,customer_support,23,122,0.1885245901639344,Customer Service
2024-12-19,customer_support,27,120,0.225,Customer Service
2024-12-20,customer_support,26,132,0.1969696969696969,Customer Service
2024-12-21,customer_support,18,107,0.1682242990654205,Customer Service
2024-12-22,customer_support,36,143,0.2517482517482518,Customer Service
2024-12-23,customer_support,23,129,0.1782945736434108,Customer Service
2024-12-24,customer_support,23,103,0.2233009708737864,Customer Service
2024-12-25,customer_support,32,117,0.2735042735042735,Customer Service
2024-12-26,customer_support,27,131,0.2061068702290076,Customer Service
2024-12-27,customer_support,33,136,0.2426470588235294,Customer Service
2024-12-28,customer_support,34,134,0.2537313432835821,Customer Service
2024-12-29,customer_support,29,135,0.2148148148148148,Customer Service
2024-12-30,customer_support,33,149,0.2214765100671141,Customer Service
2024-12-31,customer_support,30,129,0.2325581395348837,Customer Service
2025-01-01,customer_support,26,118,0.2203389830508474,Customer Service
2025-01-02,customer_support,33,134,0.2462686567164179,Customer Service
2025-01-03,customer_support,32,137,0.2335766423357664,Customer Service
2025-01-04,customer_support,22,119,0.1848739495798319,Customer Service
2025-01-05,customer_support,24,148,0.1621621621621621,Customer Service
2025-01-06,customer_support,37,156,0.2371794871794871,Customer Service
2025-01-07,customer_support,34,126,0.2698412698412698,Customer Service
2025-01-08,customer_support,33,150,0.22,Customer Service
2025-01-09,customer_support,29,131,0.2213740458015267,Customer Service
2025-01-10,customer_support,30,128,0.234375,Customer Service
2025-01-11,customer_support,40,148,0.2702702702702703,Customer Service
2025-01-12,customer_support,27,136,0.1985294117647058,Customer Service
2025-01-13,customer_support,25,123,0.2032520325203252,Customer Service
2025-01-14,customer_support,29,135,0.2148148148148148,Customer Service
2025-01-15,customer_support,27,139,0.1942446043165467,Customer Service
2025-01-16,customer_support,31,148,0.2094594594594594,Customer Service
2025-01-17,customer_support,42,156,0.2692307692307692,Customer Service
2025-01-18,customer_support,30,120,0.25,Customer Service
2025-01-19,customer_support,27,120,0.225,Customer Service
2025-01-20,customer_support,26,132,0.1969696969696969,Customer Service
2025-01-21,customer_support,22,130,0.1692307692307692,Customer Service
2025-01-22,customer_support,33,152,0.2171052631578947,Customer Service
2025-01-23,customer_support,28,139,0.2014388489208633,Customer Service
2025-01-24,customer_support,31,126,0.246031746031746,Customer Service
2025-01-25,customer_support,48,143,0.3356643356643357,Customer Service
2025-01-26,customer_support,29,148,0.1959459459459459,Customer Service
2025-01-27,customer_support,20,113,0.1769911504424778,Customer Service
2025-01-28,customer_support,41,156,0.2628205128205128,Customer Service
2025-01-29,customer_support,26,137,0.1897810218978102,Customer Service
2025-01-30,customer_support,29,136,0.213235294117647,Customer Service
2025-01-31,customer_support,36,136,0.2647058823529412,Customer Service
2025-02-01,customer_support,34,132,0.2575757575757575,Customer Service
2025-02-02,customer_support,33,138,0.2391304347826087,Customer Service
2025-02-03,customer_support,30,138,0.217391304347826,Customer Service
2025-02-04,customer_support,32,132,0.2424242424242424,Customer Service
2025-02-05,customer_support,22,139,0.158273381294964,Customer Service
2025-02-06,customer_support,29,143,0.2027972027972027,Customer Service
2025-02-07,customer_support,27,149,0.1812080536912751,Customer Service
2025-02-08,customer_support,31,128,0.2421875,Customer Service
2025-02-09,customer_support,27,139,0.1942446043165467,Customer Service
2025-02-10,customer_support,31,138,0.2246376811594203,Customer Service
2025-02-11,customer_support,28,129,0.2170542635658914,Customer Service
2025-02-12,customer_support,31,140,0.2214285714285714,Customer Service
2025-02-13,customer_support,32,148,0.2162162162162162,Customer Service
2025-02-14,customer_support,17,116,0.146551724137931,Customer Service
2025-02-15,customer_support,23,128,0.1796875,Customer Service
2025-02-16,customer_support,38,143,0.2657342657342657,Customer Service
2025-02-17,customer_support,30,136,0.2205882352941176,Customer Service
2025-02-18,customer_support,24,145,0.1655172413793103,Customer Service
2025-02-19,customer_support,22,117,0.188034188034188,Customer Service
2025-02-20,customer_support,22,143,0.1538461538461538,Customer Service
2025-02-21,customer_support,33,139,0.237410071942446,Customer Service
2025-02-22,customer_support,16,114,0.1403508771929824,Customer Service
2025-02-23,customer_support,22,123,0.1788617886178861,Customer Service
2025-02-24,customer_support,32,135,0.237037037037037,Customer Service
2025-02-25,customer_support,31,139,0.2230215827338129,Customer Service
2025-02-26,customer_support,24,127,0.1889763779527559,Customer Service
2025-02-27,customer_support,21,120,0.175,Customer Service
2025-02-28,customer_support,23,130,0.1769230769230769,Customer Service
2025-03-01,customer_support,30,137,0.218978102189781,Customer Service
2025-03-02,customer_support,30,141,0.2127659574468085,Customer Service
2025-03-03,customer_support,23,128,0.1796875,Customer Service
2025-03-04,customer_support,26,142,0.1830985915492957,Customer Service
2025-03-05,customer_support,27,137,0.1970802919708029,Customer Service
2025-03-06,customer_support,35,143,0.2447552447552447,Customer Service
2025-03-07,customer_support,27,123,0.2195121951219512,Customer Service
2025-03-08,customer_support,29,128,0.2265625,Customer Service
2025-03-09,customer_support,32,135,0.237037037037037,Customer Service
2025-03-10,customer_support,23,127,0.1811023622047244,Customer Service
2025-03-11,customer_support,26,138,0.1884057971014492,Customer Service
2025-03-12,customer_support,25,133,0.18796992481203,Customer Service
2025-03-13,customer_support,30,121,0.2479338842975206,Customer Service
2025-03-14,customer_support,35,140,0.25,Customer Service
2025-03-15,customer_support,21,131,0.1603053435114503,Customer Service
2025-03-16,customer_support,43,134,0.3208955223880597,Customer Service
2025-03-17,customer_support,25,135,0.1851851851851851,Customer Service
2025-03-18,customer_support,24,99,0.2424242424242424,Customer Service
2025-03-19,customer_support,25,121,0.2066115702479339,Customer Service
2025-03-20,customer_support,28,120,0.2333333333333333,Customer Service
2025-03-21,customer_support,32,138,0.2318840579710145,Customer Service
2025-03-22,customer_support,30,142,0.2112676056338028,Customer Service
2025-03-23,customer_support,28,121,0.2314049586776859,Customer Service
2025-03-24,customer_support,35,146,0.2397260273972602,Customer Service
2025-03-25,customer_support,28,119,0.2352941176470588,Customer Service
2025-03-26,customer_support,24,137,0.1751824817518248,Customer Service
2025-03-27,customer_support,22,131,0.1679389312977099,Customer Service
2025-03-28,customer_support,22,125,0.176,Customer Service
2025-03-29,customer_support,33,125,0.264,Customer Service
2025-03-30,customer_support,34,137,0.2481751824817518,Customer Service
2025-03-31,customer_support,36,150,0.24,Customer Service
2025-04-01,customer_support,40,152,0.2631578947368421,Customer Service
2025-04-02,customer_support,36,145,0.2482758620689655,Customer Service
2025-04-03,customer_support,31,138,0.2246376811594203,Customer Service
2025-04-04,customer_support,23,116,0.1982758620689655,Customer Service
2025-04-05,customer_support,23,148,0.1554054054054054,Customer Service
2025-04-06,customer_support,27,139,0.1942446043165467,Customer Service
2025-04-07,customer_support,27,119,0.226890756302521,Customer Service
2025-04-08,customer_support,19,127,0.1496062992125984,Customer Service
2025-04-09,customer_support,35,124,0.282258064516129,Customer Service
2025-04-10,customer_support,40,147,0.272108843537415,Customer Service
2025-04-11,customer_support,24,150,0.16,Customer Service
2025-04-12,customer_support,42,158,0.2658227848101265,Customer Service
2025-04-13,customer_support,15,109,0.1376146788990825,Customer Service
2025-04-14,customer_support,24,132,0.1818181818181818,Customer Service
2025-04-15,customer_support,29,149,0.1946308724832214,Customer Service
2025-04-16,customer_support,27,130,0.2076923076923077,Customer Service
2025-04-17,customer_support,27,123,0.2195121951219512,Customer Service
2025-04-18,customer_support,23,139,0.1654676258992805,Customer Service
2025-04-19,customer_support,23,110,0.209090909090909,Customer Service
2025-04-20,customer_support,30,128,0.234375,Customer Service
2025-04-21,customer_support,26,132,0.1969696969696969,Customer Service
2025-04-22,customer_support,35,137,0.2554744525547445,Customer Service
2025-04-23,customer_support,20,130,0.1538461538461538,Customer Service
2025-04-24,customer_support,45,145,0.3103448275862069,Customer Service
2025-04-25,customer_support,29,121,0.2396694214876033,Customer Service
2025-04-26,customer_support,33,129,0.2558139534883721,Customer Service
2025-04-27,customer_support,24,127,0.1889763779527559,Customer Service
2025-04-28,customer_support,22,118,0.1864406779661017,Customer Service
2025-04-29,customer_support,26,122,0.2131147540983606,Customer Service
2025-04-30,customer_support,28,125,0.224,Customer Service
2025-05-01,customer_support,35,149,0.2348993288590604,Customer Service
2025-05-02,customer_support,23,122,0.1885245901639344,Customer Service
2025-05-03,customer_support,33,129,0.2558139534883721,Customer Service
2025-05-04,customer_support,29,139,0.2086330935251798,Customer Service
2025-05-05,customer_support,24,126,0.1904761904761904,Customer Service
2025-05-06,customer_support,34,150,0.2266666666666666,Customer Service
2025-05-07,customer_support,20,130,0.1538461538461538,Customer Service
2025-05-08,customer_support,27,118,0.2288135593220339,Customer Service
2025-05-09,customer_support,36,142,0.2535211267605634,Customer Service
2025-05-10,customer_support,19,124,0.1532258064516129,Customer Service
2025-05-11,customer_support,26,132,0.1969696969696969,Customer Service
2025-05-12,customer_support,26,138,0.1884057971014492,Customer Service
2025-05-13,customer_support,32,129,0.2480620155038759,Customer Service
2025-05-14,customer_support,31,119,0.2605042016806723,Customer Service
2025-05-15,customer_support,27,124,0.2177419354838709,Customer Service
2025-05-16,customer_support,29,139,0.2086330935251798,Customer Service
2025-05-17,customer_support,26,124,0.2096774193548387,Customer Service
2025-05-18,customer_support,34,121,0.2809917355371901,Customer Service
2025-05-19,customer_support,27,114,0.2368421052631578,Customer Service
2025-05-20,customer_support,37,130,0.2846153846153846,Customer Service
2025-05-21,customer_support,16,108,0.1481481481481481,Customer Service
2025-05-22,customer_support,34,156,0.2179487179487179,Customer Service
2025-05-23,customer_support,26,148,0.1756756756756756,Customer Service
2025-05-24,customer_support,30,137,0.218978102189781,Customer Service
2025-05-25,customer_support,31,141,0.2198581560283688,Customer Service
2025-05-26,customer_support,28,119,0.2352941176470588,Customer Service
2025-05-27,customer_support,41,160,0.25625,Customer Service
2025-05-28,customer_support,32,147,0.2176870748299319,Customer Service
2025-05-29,customer_support,25,116,0.2155172413793103,Customer Service
2025-05-30,customer_support,26,133,0.1954887218045112,Customer Service
2025-05-31,customer_support,39,140,0.2785714285714286,Customer Service
2025-06-01,customer_support,26,132,0.1969696969696969,Customer Service
2025-06-02,customer_support,14,118,0.1186440677966101,Customer Service
2025-06-03,customer_support,22,121,0.1818181818181818,Customer Service
2025-06-04,customer_support,24,141,0.1702127659574468,Customer Service
2025-06-05,customer_support,18,116,0.1551724137931034,Customer Service
2025-06-06,customer_support,27,140,0.1928571428571428,Customer Service
2025-06-07,customer_support,30,138,0.217391304347826,Customer Service
2025-06-08,customer_support,28,142,0.1971830985915492,Customer Service
2025-06-09,customer_support,27,126,0.2142857142857142,Customer Service
2025-06-10,customer_support,26,152,0.1710526315789473,Customer Service
2025-06-11,customer_support,25,133,0.18796992481203,Customer Service
2025-06-12,customer_support,42,137,0.3065693430656934,Customer Service
2025-06-13,customer_support,27,137,0.1970802919708029,Customer Service
2025-06-14,customer_support,27,113,0.2389380530973451,Customer Service
2025-06-15,customer_support,25,104,0.2403846153846154,Customer Service
2025-06-16,customer_support,34,132,0.2575757575757575,Customer Service
2025-06-17,customer_support,26,117,0.2222222222222222,Customer Service
2025-06-18,customer_support,28,136,0.2058823529411764,Customer Service
2025-06-19,customer_support,29,130,0.2230769230769231,Customer Service
2025-06-20,customer_support,30,137,0.218978102189781,Customer Service
2025-06-21,customer_support,26,146,0.1780821917808219,Customer Service
2025-06-22,customer_support,30,134,0.2238805970149253,Customer Service
2025-06-23,customer_support,21,116,0.1810344827586207,Customer Service
2025-06-24,customer_support,34,134,0.2537313432835821,Customer Service
2025-06-25,customer_support,20,118,0.1694915254237288,Customer Service
2025-06-26,customer_support,21,119,0.1764705882352941,Customer Service
2025-06-27,customer_support,28,143,0.1958041958041958,Customer Service
2025-06-28,customer_support,35,132,0.2651515151515151,Customer Service
2025-06-29,customer_support,23,140,0.1642857142857142,Customer Service
2025-06-30,customer_support,32,133,0.2406015037593984,Customer Service
2025-07-01,customer_support,27,118,0.2288135593220339,Customer Service
2025-07-02,customer_support,24,128,0.1875,Customer Service
2025-07-03,customer_support,28,124,0.2258064516129032,Customer Service
2025-07-04,customer_support,27,124,0.2177419354838709,Customer Service
2025-07-05,customer_support,30,126,0.238095238095238,Customer Service
2025-07-06,customer_support,26,131,0.1984732824427481,Customer Service
2025-07-07,customer_support,28,116,0.2413793103448276,Customer Service
2025-07-08,customer_support,39,158,0.2468354430379747,Customer Service
2025-07-09,customer_support,37,134,0.2761194029850746,Customer Service
2025-07-10,customer_support,35,151,0.2317880794701986,Customer Service
2025-07-11,customer_support,34,139,0.2446043165467626,Customer Service
2025-07-12,customer_support,33,141,0.2340425531914893,Customer Service
2025-07-13,customer_support,21,122,0.1721311475409836,Customer Service
2025-07-14,customer_support,27,123,0.2195121951219512,Customer Service
2025-07-15,customer_support,25,120,0.2083333333333333,Customer Service
2025-07-16,customer_support,18,112,0.1607142857142857,Customer Service
2025-07-17,customer_support,19,136,0.1397058823529411,Customer Service
2025-07-18,customer_support,34,141,0.2411347517730496,Customer Service
2025-07-19,customer_support,33,145,0.2275862068965517,Customer Service
2025-07-20,customer_support,27,147,0.1836734693877551,Customer Service
2025-07-21,customer_support,28,124,0.2258064516129032,Customer Service
2025-07-22,customer_support,24,125,0.192,Customer Service
2025-07-23,customer_support,26,129,0.2015503875968992,Customer Service
2025-07-24,customer_support,35,154,0.2272727272727272,Customer Service
2025-07-25,customer_support,34,126,0.2698412698412698,Customer Service
2025-07-26,customer_support,24,146,0.1643835616438356,Customer Service
2025-07-27,customer_support,32,144,0.2222222222222222,Customer Service
2025-07-28,customer_support,34,148,0.2297297297297297,Customer Service
2025-07-29,customer_support,23,101,0.2277227722772277,Customer Service
2025-07-30,customer_support,31,133,0.2330827067669172,Customer Service
2025-07-31,customer_support,31,133,0.2330827067669172,Customer Service
2025-08-01,customer_support,34,143,0.2377622377622377,Customer Service
2025-08-02,customer_support,34,151,0.2251655629139073,Customer Service
2025-08-03,customer_support,28,130,0.2153846153846154,Customer Service
2025-08-04,customer_support,30,143,0.2097902097902098,Customer Service
2025-08-05,customer_support,28,122,0.2295081967213114,Customer Service
2025-08-06,customer_support,36,143,0.2517482517482518,Customer Service
2025-08-07,customer_support,23,116,0.1982758620689655,Customer Service
2025-08-08,customer_support,16,124,0.1290322580645161,Customer Service
2025-08-09,customer_support,25,125,0.2,Customer Service
2025-08-10,customer_support,34,158,0.2151898734177215,Customer Service
2025-08-11,customer_support,31,131,0.2366412213740458,Customer Service
2025-08-12,customer_support,34,155,0.2193548387096774,Customer Service
2025-08-13,customer_support,29,119,0.2436974789915966,Customer Service
2025-08-14,customer_support,28,136,0.2058823529411764,Customer Service
2025-08-15,customer_support,32,142,0.2253521126760563,Customer Service
2025-08-16,customer_support,19,117,0.1623931623931624,Customer Service
2025-08-17,customer_support,29,138,0.2101449275362318,Customer Service
2025-08-18,customer_support,22,117,0.188034188034188,Customer Service
2025-08-19,customer_support,25,129,0.1937984496124031,Customer Service
2025-08-20,customer_support,37,146,0.2534246575342466,Customer Service
2025-08-21,customer_support,33,145,0.2275862068965517,Customer Service
2025-08-22,customer_support,39,146,0.2671232876712329,Customer Service
2025-08-23,customer_support,28,122,0.2295081967213114,Customer Service
2025-08-24,customer_support,17,129,0.1317829457364341,Customer Service
2025-08-25,customer_support,35,129,0.2713178294573643,Customer Service
2025-08-26,customer_support,21,124,0.1693548387096774,Customer Service
2025-08-27,customer_support,22,126,0.1746031746031746,Customer Service
2025-08-28,customer_support,23,123,0.1869918699186991,Customer Service
2025-08-29,customer_support,30,121,0.2479338842975206,Customer Service
2025-08-30,customer_support,24,127,0.1889763779527559,Customer Service
2025-08-31,customer_support,31,124,0.25,Customer Service
2025-09-01,customer_support,25,132,0.1893939393939394,Customer Service
2025-09-02,customer_support,29,132,0.2196969696969697,Customer Service
2025-09-03,customer_support,39,136,0.2867647058823529,Customer Service
2025-09-04,customer_support,27,133,0.2030075187969924,Customer Service
2025-09-05,customer_support,20,113,0.1769911504424778,Customer Service
2025-09-06,customer_support,18,122,0.1475409836065573,Customer Service
2025-09-07,customer_support,32,141,0.226950354609929,Customer Service
2025-09-08,customer_support,35,141,0.2482269503546099,Customer Service
2025-09-09,customer_support,31,152,0.2039473684210526,Customer Service
2025-09-10,customer_support,23,127,0.1811023622047244,Customer Service
2025-09-11,customer_support,29,129,0.2248062015503876,Customer Service
2025-09-12,customer_support,26,129,0.2015503875968992,Customer Service
2025-09-13,customer_support,26,115,0.2260869565217391,Customer Service
2025-09-14,customer_support,22,119,0.1848739495798319,Customer Service
2025-09-15,customer_support,24,132,0.1818181818181818,Customer Service
2025-09-16,customer_support,32,133,0.2406015037593984,Customer Service
2025-09-17,customer_support,24,137,0.1751824817518248,Customer Service
2025-09-18,customer_support,27,135,0.2,Customer Service
2025-09-19,customer_support,35,138,0.2536231884057971,Customer Service
2025-09-20,customer_support,27,142,0.1901408450704225,Customer Service
2025-09-21,customer_support,23,118,0.1949152542372881,Customer Service
2025-09-22,customer_support,20,117,0.1709401709401709,Customer Service
2025-09-23,customer_support,27,125,0.216,Customer Service
2025-09-24,customer_support,22,129,0.1705426356589147,Customer Service
2025-09-25,customer_support,34,113,0.3008849557522124,Customer Service
2025-09-26,customer_support,21,135,0.1555555555555555,Customer Service
2025-09-27,customer_support,34,146,0.2328767123287671,Customer Service
2025-09-28,customer_support,29,140,0.2071428571428571,Customer Service
2025-09-29,customer_support,25,122,0.2049180327868852,Customer Service
2025-09-30,customer_support,23,134,0.1716417910447761,Customer Service
2025-10-01,customer_support,32,135,0.237037037037037,Customer Service
2025-10-02,customer_support,20,114,0.175438596491228,Customer Service
2025-10-03,customer_support,25,125,0.2,Customer Service
2025-10-04,customer_support,38,139,0.2733812949640288,Customer Service
2025-10-05,customer_support,21,118,0.1779661016949152,Customer Service
2025-10-06,customer_support,24,130,0.1846153846153846,Customer Service
2025-10-07,customer_support,31,130,0.2384615384615384,Customer Service
2025-10-08,customer_support,30,129,0.2325581395348837,Customer Service
2025-10-09,customer_support,33,141,0.2340425531914893,Customer Service
2025-10-10,customer_support,29,127,0.2283464566929134,Customer Service
2025-10-11,customer_support,33,142,0.2323943661971831,Customer Service
2025-10-12,customer_support,32,116,0.2758620689655172,Customer Service
2025-10-13,customer_support,21,121,0.1735537190082644,Customer Service
2025-10-14,customer_support,27,123,0.2195121951219512,Customer Service
2025-10-15,customer_support,23,137,0.1678832116788321,Customer Service
2025-10-16,customer_support,34,143,0.2377622377622377,Customer Service
2025-10-17,customer_support,15,107,0.1401869158878504,Customer Service
2025-10-18,customer_support,23,143,0.1608391608391608,Customer Service
2025-10-19,customer_support,26,114,0.2280701754385964,Customer Service
2025-10-20,customer_support,29,110,0.2636363636363636,Customer Service
2025-10-21,customer_support,22,115,0.1913043478260869,Customer Service
2025-10-22,customer_support,23,115,0.2,Customer Service
2025-10-23,customer_support,32,140,0.2285714285714285,Customer Service
2025-10-24,customer_support,30,130,0.2307692307692307,Customer Service
2025-10-25,customer_support,31,133,0.2330827067669172,Customer Service
2025-10-26,customer_support,23,138,0.1666666666666666,Customer Service
2025-10-27,customer_support,29,132,0.2196969696969697,Customer Service
2025-10-28,customer_support,27,142,0.1901408450704225,Customer Service
2025-10-29,customer_support,25,134,0.1865671641791045,Customer Service
2025-10-30,customer_support,34,130,0.2615384615384615,Customer Service
2025-10-31,customer_support,24,105,0.2285714285714285,Customer Service
2025-11-01,customer_support,26,149,0.174496644295302,Customer Service
2025-11-02,customer_support,18,128,0.140625,Customer Service
2025-11-03,customer_support,31,136,0.2279411764705882,Customer Service
2025-11-04,customer_support,28,130,0.2153846153846154,Customer Service
2025-11-05,customer_support,30,133,0.225563909774436,Customer Service
2025-11-06,customer_support,32,126,0.2539682539682539,Customer Service
2025-11-07,customer_support,36,146,0.2465753424657534,Customer Service
2025-11-08,customer_support,32,142,0.2253521126760563,Customer Service
2025-11-09,customer_support,28,118,0.2372881355932203,Customer Service
2025-11-10,customer_support,35,129,0.2713178294573643,Customer Service
2025-11-11,customer_support,23,145,0.1586206896551724,Customer Service
2025-11-12,customer_support,26,112,0.2321428571428571,Customer Service
2025-11-13,customer_support,26,136,0.1911764705882352,Customer Service
2025-11-14,customer_support,20,117,0.1709401709401709,Customer Service
2025-11-15,customer_support,22,110,0.2,Customer Service
2025-11-16,customer_support,28,137,0.2043795620437956,Customer Service
2025-11-17,customer_support,29,149,0.1946308724832214,Customer Service
2025-11-18,customer_support,32,134,0.2388059701492537,Customer Service
2025-11-19,customer_support,26,123,0.2113821138211382,Customer Service
2025-11-20,customer_support,31,143,0.2167832167832167,Customer Service
2025-11-21,customer_support,15,120,0.125,Customer Service
2025-11-22,customer_support,22,130,0.1692307692307692,Customer Service
2025-11-23,customer_support,18,129,0.1395348837209302,Customer Service
2025-11-24,customer_support,24,121,0.1983471074380165,Customer Service
2025-11-25,customer_support,24,119,0.2016806722689075,Customer Service
2025-11-26,customer_support,22,119,0.1848739495798319,Customer Service
2025-11-27,customer_support,34,140,0.2428571428571428,Customer Service
2025-11-28,customer_support,34,129,0.2635658914728682,Customer Service
2025-11-29,customer_support,36,151,0.23841059602649,Customer Service
2025-11-30,customer_support,27,129,0.2093023255813953,Customer Service
2025-12-01,customer_support,33,168,0.1964285714285714,Customer Service
2025-12-02,customer_support,28,119,0.2352941176470588,Customer Service
2025-12-03,customer_support,24,133,0.1804511278195488,Customer Service
2025-12-04,customer_support,31,139,0.2230215827338129,Customer Service
2025-12-05,customer_support,16,113,0.1415929203539823,Customer Service
2025-12-06,customer_support,27,134,0.2014925373134328,Customer Service
2025-12-07,customer_support,25,124,0.2016129032258064,Customer Service
2025-12-08,customer_support,31,153,0.2026143790849673,Customer Service
2025-12-09,customer_support,36,134,0.2686567164179104,Customer Service
2025-12-10,customer_support,29,147,0.1972789115646258,Customer Service
2025-12-11,customer_support,33,132,0.25,Customer Service
2025-12-12,customer_support,31,131,0.2366412213740458,Customer Service
2025-12-13,customer_support,23,137,0.1678832116788321,Customer Service
2025-12-14,customer_support,18,105,0.1714285714285714,Customer Service
2025-12-15,customer_support,33,122,0.2704918032786885,Customer Service
2025-12-16,customer_support,30,136,0.2205882352941176,Customer Service
2025-12-17,customer_support,25,128,0.1953125,Customer Service
2025-12-18,customer_support,26,118,0.2203389830508474,Customer Service
2025-12-19,customer_support,27,140,0.1928571428571428,Customer Service
2025-12-20,customer_support,33,145,0.2275862068965517,Customer Service
2025-12-21,customer_support,27,121,0.2231404958677686,Customer Service
2025-12-22,customer_support,37,138,0.2681159420289855,Customer Service
2025-12-23,customer_support,32,137,0.2335766423357664,Customer Service
2025-12-24,customer_support,26,123,0.2113821138211382,Customer Service
2025-12-25,customer_support,27,123,0.2195121951219512,Customer Service
2025-12-26,customer_support,33,135,0.2444444444444444,Customer Service
2025-12-27,customer_support,24,119,0.2016806722689075,Customer Service
2025-12-28,customer_support,37,151,0.2450331125827814,Customer Service
2025-12-29,customer_support,27,130,0.2076923076923077,Customer Service
2025-12-30,customer_support,23,115,0.2,Customer Service
2025-12-31,customer_support,30,134,0.2238805970149253,Customer Service
2026-01-01,customer_support,32,140,0.2285714285714285,Customer Service
2026-01-02,customer_support,24,116,0.2068965517241379,Customer Service
2026-01-03,customer_support,30,132,0.2272727272727272,Customer Service
2026-01-04,customer_support,32,123,0.2601626016260163,Customer Service
2026-01-05,customer_support,33,125,0.264,Customer Service
2026-01-06,customer_support,32,137,0.2335766423357664,Customer Service
2026-01-07,customer_support,20,123,0.1626016260162601,Customer Service
2026-01-08,customer_support,21,111,0.1891891891891892,Customer Service
2026-01-09,customer_support,19,127,0.1496062992125984,Customer Service
2026-01-10,customer_support,24,143,0.1678321678321678,Customer Service
2026-01-11,customer_support,24,118,0.2033898305084746,Customer Service
2026-01-12,customer_support,25,145,0.1724137931034483,Customer Service
2026-01-13,customer_support,26,138,0.1884057971014492,Customer Service
2026-01-14,customer_support,39,127,0.3070866141732283,Customer Service
2026-01-15,customer_support,32,135,0.237037037037037,Customer Service
2026-01-16,customer_support,27,120,0.225,Customer Service
2026-01-17,customer_support,16,120,0.1333333333333333,Customer Service
2026-01-18,customer_support,25,131,0.1908396946564885,Customer Service
2026-01-19,customer_support,28,136,0.2058823529411764,Customer Service
2026-01-20,customer_support,25,127,0.1968503937007874,Customer Service
2026-01-21,customer_support,25,130,0.1923076923076923,Customer Service
2026-01-22,customer_support,33,149,0.2214765100671141,Customer Service
2026-01-23,customer_support,24,115,0.208695652173913,Customer Service
2026-01-24,customer_support,34,134,0.2537313432835821,Customer Service
2026-01-25,customer_support,26,124,0.2096774193548387,Customer Service
2026-01-26,customer_support,20,125,0.16,Customer Service
2026-01-27,customer_support,33,139,0.237410071942446,Customer Service
2026-01-28,customer_support,27,121,0.2231404958677686,Customer Service
2026-01-29,customer_support,31,132,0.2348484848484848,Customer Service
2026-01-30,customer_support,25,140,0.1785714285714285,Customer Service
2026-01-31,customer_support,23,114,0.2017543859649122,Customer Service
2026-02-01,customer_support,21,115,0.1826086956521739,Customer Service
2026-02-02,customer_support,39,147,0.2653061224489796,Customer Service
2026-02-03,customer_support,30,153,0.196078431372549,Customer Service
2026-02-04,customer_support,26,136,0.1911764705882352,Customer Service
2026-02-05,customer_support,25,133,0.18796992481203,Customer Service
2026-02-06,customer_support,27,126,0.2142857142857142,Customer Service
2026-02-07,customer_support,30,143,0.2097902097902098,Customer Service
2026-02-08,customer_support,33,140,0.2357142857142857,Customer Service
2026-02-09,customer_support,24,137,0.1751824817518248,Customer Service
2026-02-10,customer_support,28,134,0.208955223880597,Customer Service
2026-02-11,customer_support,27,121,0.2231404958677686,Customer Service
2026-02-12,customer_support,34,130,0.2615384615384615,Customer Service
2026-02-13,customer_support,25,131,0.1908396946564885,Customer Service
2026-02-14,customer_support,24,129,0.1860465116279069,Customer Service
2026-02-15,customer_support,32,141,0.226950354609929,Customer Service
2026-02-16,customer_support,25,149,0.1677852348993288,Customer Service
2026-02-17,customer_support,17,118,0.1440677966101695,Customer Service
2026-02-18,customer_support,34,121,0.2809917355371901,Customer Service
2026-02-19,customer_support,33,123,0.2682926829268293,Customer Service
2026-02-20,customer_support,28,131,0.2137404580152671,Customer Service
2026-02-21,customer_support,31,156,0.1987179487179487,Customer Service
2026-02-22,customer_support,25,118,0.211864406779661,Customer Service
2026-02-23,customer_support,33,145,0.2275862068965517,Customer Service
2026-02-24,customer_support,30,140,0.2142857142857142,Customer Service
2026-02-25,customer_support,22,114,0.1929824561403508,Customer Service
2026-02-26,customer_support,27,140,0.1928571428571428,Customer Service
2026-02-27,customer_support,25,138,0.181159420289855,Customer Service
2026-02-28,customer_support,21,113,0.1858407079646017,Customer Service
2026-03-01,customer_support,33,137,0.2408759124087591,Customer Service
2026-03-02,customer_support,31,131,0.2366412213740458,Customer Service
2026-03-03,customer_support,36,164,0.2195121951219512,Customer Service
2026-03-04,customer_support,32,144,0.2222222222222222,Customer Service
2026-03-05,customer_support,36,147,0.2448979591836734,Customer Service
2026-03-06,customer_support,24,131,0.183206106870229,Customer Service
2026-03-07,customer_support,27,133,0.2030075187969924,Customer Service
2026-03-08,customer_support,26,128,0.203125,Customer Service
2026-03-09,customer_support,17,124,0.1370967741935483,Customer Service
2026-03-10,customer_support,25,129,0.1937984496124031,Customer Service
2026-03-11,customer_support,26,127,0.2047244094488189,Customer Service
2026-03-12,customer_support,22,120,0.1833333333333333,Customer Service
2026-03-13,customer_support,28,139,0.2014388489208633,Customer Service
2026-03-14,customer_support,25,131,0.1908396946564885,Customer Service
2026-03-15,customer_support,26,123,0.2113821138211382,Customer Service
2026-03-16,customer_support,30,119,0.2521008403361344,Customer Service
2026-03-17,customer_support,36,138,0.2608695652173913,Customer Service
2026-03-18,customer_support,31,150,0.2066666666666666,Customer Service
2026-03-19,customer_support,26,136,0.1911764705882352,Customer Service
2026-03-20,customer_support,31,142,0.2183098591549295,Customer Service
2026-03-21,customer_support,21,114,0.1842105263157894,Customer Service
2026-03-22,customer_support,34,146,0.2328767123287671,Customer Service
2026-03-23,customer_support,31,139,0.2230215827338129,Customer Service
2026-03-24,customer_support,15,121,0.1239669421487603,Customer Service
2026-03-25,customer_support,34,140,0.2428571428571428,Customer Service
2026-03-26,customer_support,28,138,0.2028985507246377,Customer Service
2026-03-27,customer_support,37,139,0.2661870503597122,Customer Service
2026-03-28,customer_support,29,116,0.25,Customer Service
2026-03-29,customer_support,31,130,0.2384615384615384,Customer Service
2026-03-30,customer_support,24,145,0.1655172413793103,Customer Service
2026-03-31,customer_support,29,125,0.232,Customer Service
2026-04-01,customer_support,32,126,0.2539682539682539,Customer Service
2026-04-02,customer_support,29,124,0.2338709677419354,Customer Service
2026-04-03,customer_support,33,139,0.237410071942446,Customer Service
2026-04-04,customer_support,26,138,0.1884057971014492,Customer Service
2026-04-05,customer_support,38,134,0.2835820895522388,Customer Service
2026-04-06,customer_support,42,144,0.2916666666666667,Customer Service
2026-04-07,customer_support,38,135,0.2814814814814815,Customer Service
2026-04-08,customer_support,26,116,0.2241379310344827,Customer Service
2026-04-09,customer_support,23,131,0.1755725190839694,Customer Service
2026-04-10,customer_support,36,137,0.2627737226277372,Customer Service
2026-04-11,customer_support,26,131,0.1984732824427481,Customer Service
2026-04-12,customer_support,31,129,0.2403100775193798,Customer Service
2026-04-13,customer_support,24,121,0.1983471074380165,Customer Service
2026-04-14,customer_support,18,132,0.1363636363636363,Customer Service
2026-04-15,customer_support,34,131,0.2595419847328244,Customer Service
2026-04-16,customer_support,32,135,0.237037037037037,Customer Service
2026-04-17,customer_support,27,125,0.216,Customer Service
2026-04-18,customer_support,36,137,0.2627737226277372,Customer Service
2026-04-19,customer_support,22,118,0.1864406779661017,Customer Service
2026-04-20,customer_support,28,140,0.2,Customer Service
2026-04-21,customer_support,31,128,0.2421875,Customer Service
2026-04-22,customer_support,31,139,0.2230215827338129,Customer Service
2026-04-23,customer_support,18,125,0.144,Customer Service
2026-04-24,customer_support,40,130,0.3076923076923077,Customer Service
2026-04-25,customer_support,19,107,0.1775700934579439,Customer Service
2026-04-26,customer_support,35,140,0.25,Customer Service
2026-04-27,customer_support,24,140,0.1714285714285714,Customer Service
2026-04-28,customer_support,24,113,0.2123893805309734,Customer Service
2026-04-29,customer_support,28,138,0.2028985507246377,Customer Service
2026-04-30,customer_support,26,126,0.2063492063492063,Customer Service
2026-05-01,customer_support,28,141,0.1985815602836879,Customer Service
2026-05-02,customer_support,21,128,0.1640625,Customer Service
2026-05-03,customer_support,36,137,0.2627737226277372,Customer Service
2026-05-04,customer_support,31,143,0.2167832167832167,Customer Service
2026-05-05,customer_support,23,155,0.1483870967741935,Customer Service
2026-05-06,customer_support,30,127,0.2362204724409448,Customer Service
2026-05-07,customer_support,23,139,0.1654676258992805,Customer Service
2026-05-08,customer_support,26,136,0.1911764705882352,Customer Service
2026-05-09,customer_support,25,130,0.1923076923076923,Customer Service
2026-05-10,customer_support,31,134,0.2313432835820895,Customer Service
2026-05-11,customer_support,25,125,0.2,Customer Service
2026-05-12,customer_support,31,132,0.2348484848484848,Customer Service
2026-05-13,customer_support,24,123,0.1951219512195122,Customer Service
2026-05-14,customer_support,33,132,0.25,Customer Service
2026-05-15,customer_support,24,131,0.183206106870229,Customer Service
2026-05-16,customer_support,23,136,0.1691176470588235,Customer Service
2026-05-17,customer_support,33,135,0.2444444444444444,Customer Service
2026-05-18,customer_support,28,120,0.2333333333333333,Customer Service
2026-05-19,customer_support,26,138,0.1884057971014492,Customer Service
2026-05-20,customer_support,29,140,0.2071428571428571,Customer Service
2026-05-21,customer_support,24,118,0.2033898305084746,Customer Service
2026-05-22,customer_support,28,141,0.1985815602836879,Customer Service
2026-05-23,customer_support,23,130,0.1769230769230769,Customer Service
2026-05-24,customer_support,19,124,0.1532258064516129,Customer Service
2026-05-25,customer_support,25,128,0.1953125,Customer Service
2026-05-26,customer_support,20,111,0.1801801801801801,Customer Service
2026-05-27,customer_support,21,136,0.1544117647058823,Customer Service
2026-05-28,customer_support,33,125,0.264,Customer Service
2026-05-29,customer_support,24,125,0.192,Customer Service
2026-05-30,customer_support,22,111,0.1981981981981982,Customer Service
2026-05-31,customer_support,42,154,0.2727272727272727,Customer Service
2026-06-01,customer_support,30,125,0.24,Customer Service
2026-06-02,customer_support,33,144,0.2291666666666666,Customer Service
2026-06-03,customer_support,32,141,0.226950354609929,Customer Service
2026-06-04,customer_support,27,134,0.2014925373134328,Customer Service
2026-06-05,customer_support,34,138,0.2463768115942029,Customer Service
2026-06-06,customer_support,28,133,0.2105263157894736,Customer Service
2026-06-07,customer_support,32,132,0.2424242424242424,Customer Service
2026-06-08,customer_support,34,124,0.2741935483870967,Customer Service
2026-06-09,customer_support,38,141,0.2695035460992908,Customer Service
2026-06-10,customer_support,30,122,0.2459016393442623,Customer Service
2026-06-11,customer_support,30,143,0.2097902097902098,Customer Service
2026-06-12,customer_support,24,126,0.1904761904761904,Customer Service
2026-06-13,customer_support,31,115,0.2695652173913043,Customer Service
2026-06-14,customer_support,26,126,0.2063492063492063,Customer Service
2026-06-15,customer_support,23,126,0.1825396825396825,Customer Service
2026-06-16,customer_support,33,130,0.2538461538461538,Customer Service
2026-06-17,customer_support,39,131,0.2977099236641221,Customer Service
2026-06-18,customer_support,23,131,0.1755725190839694,Customer Service
2026-06-19,customer_support,34,147,0.2312925170068027,Customer Service
2026-06-20,customer_support,23,115,0.2,Customer Service
2026-06-21,customer_support,25,124,0.2016129032258064,Customer Service
2026-06-22,customer_support,33,142,0.2323943661971831,Customer Service
2026-06-23,customer_support,27,131,0.2061068702290076,Customer Service
2026-06-24,customer_support,28,123,0.2276422764227642,Customer Service
2026-06-25,customer_support,32,129,0.2480620155038759,Customer Service
2026-06-26,customer_support,24,146,0.1643835616438356,Customer Service
2026-06-27,customer_support,17,123,0.1382113821138211,Customer Service
2026-06-28,customer_support,24,137,0.1751824817518248,Customer Service
2026-06-29,customer_support,18,119,0.1512605042016806,Customer Service
2024-01-01,delivery_delay,31,132,0.2348484848484848,Delivery Delay
2024-01-02,delivery_delay,33,132,0.25,Delivery Delay
2024-01-03,delivery_delay,24,146,0.1643835616438356,Delivery Delay
2024-01-04,delivery_delay,37,154,0.2402597402597402,Delivery Delay
2024-01-05,delivery_delay,29,134,0.2164179104477611,Delivery Delay
2024-01-06,delivery_delay,30,142,0.2112676056338028,Delivery Delay
2024-01-07,delivery_delay,43,148,0.2905405405405405,Delivery Delay
2024-01-08,delivery_delay,35,140,0.25,Delivery Delay
2024-01-09,delivery_delay,41,152,0.2697368421052631,Delivery Delay
2024-01-10,delivery_delay,39,134,0.291044776119403,Delivery Delay
2024-01-11,delivery_delay,43,145,0.296551724137931,Delivery Delay
2024-01-12,delivery_delay,29,104,0.2788461538461538,Delivery Delay
2024-01-13,delivery_delay,36,140,0.2571428571428571,Delivery Delay
2024-01-14,delivery_delay,38,142,0.2676056338028169,Delivery Delay
2024-01-15,delivery_delay,31,130,0.2384615384615384,Delivery Delay
2024-01-16,delivery_delay,37,113,0.3274336283185841,Delivery Delay
2024-01-17,delivery_delay,21,130,0.1615384615384615,Delivery Delay
2024-01-18,delivery_delay,37,145,0.2551724137931034,Delivery Delay
2024-01-19,delivery_delay,31,133,0.2330827067669172,Delivery Delay
2024-01-20,delivery_delay,33,137,0.2408759124087591,Delivery Delay
2024-01-21,delivery_delay,23,144,0.1597222222222222,Delivery Delay
2024-01-22,delivery_delay,40,147,0.272108843537415,Delivery Delay
2024-01-23,delivery_delay,39,153,0.2549019607843137,Delivery Delay
2024-01-24,delivery_delay,34,132,0.2575757575757575,Delivery Delay
2024-01-25,delivery_delay,49,147,0.3333333333333333,Delivery Delay
2024-01-26,delivery_delay,27,133,0.2030075187969924,Delivery Delay
2024-01-27,delivery_delay,37,146,0.2534246575342466,Delivery Delay
2024-01-28,delivery_delay,42,138,0.3043478260869565,Delivery Delay
2024-01-29,delivery_delay,28,127,0.2204724409448819,Delivery Delay
2024-01-30,delivery_delay,33,131,0.2519083969465648,Delivery Delay
2024-01-31,delivery_delay,30,123,0.2439024390243902,Delivery Delay
2024-02-01,delivery_delay,28,140,0.2,Delivery Delay
2024-02-02,delivery_delay,31,116,0.2672413793103448,Delivery Delay
2024-02-03,delivery_delay,29,113,0.2566371681415929,Delivery Delay
2024-02-04,delivery_delay,39,138,0.2826086956521739,Delivery Delay
2024-02-05,delivery_delay,29,135,0.2148148148148148,Delivery Delay
2024-02-06,delivery_delay,27,124,0.2177419354838709,Delivery Delay
2024-02-07,delivery_delay,42,131,0.3206106870229007,Delivery Delay
2024-02-08,delivery_delay,24,110,0.2181818181818181,Delivery Delay
2024-02-09,delivery_delay,26,125,0.208,Delivery Delay
2024-02-10,delivery_delay,34,138,0.2463768115942029,Delivery Delay
2024-02-11,delivery_delay,27,125,0.216,Delivery Delay
2024-02-12,delivery_delay,24,151,0.1589403973509933,Delivery Delay
2024-02-13,delivery_delay,26,119,0.2184873949579832,Delivery Delay
2024-02-14,delivery_delay,33,158,0.2088607594936709,Delivery Delay
2024-02-15,delivery_delay,31,126,0.246031746031746,Delivery Delay
2024-02-16,delivery_delay,28,120,0.2333333333333333,Delivery Delay
2024-02-17,delivery_delay,36,126,0.2857142857142857,Delivery Delay
2024-02-18,delivery_delay,27,130,0.2076923076923077,Delivery Delay
2024-02-19,delivery_delay,39,140,0.2785714285714286,Delivery Delay
2024-02-20,delivery_delay,38,133,0.2857142857142857,Delivery Delay
2024-02-21,delivery_delay,34,141,0.2411347517730496,Delivery Delay
2024-02-22,delivery_delay,29,138,0.2101449275362318,Delivery Delay
2024-02-23,delivery_delay,38,139,0.2733812949640288,Delivery Delay
2024-02-24,delivery_delay,39,128,0.3046875,Delivery Delay
2024-02-25,delivery_delay,38,126,0.3015873015873015,Delivery Delay
2024-02-26,delivery_delay,34,119,0.2857142857142857,Delivery Delay
2024-02-27,delivery_delay,43,125,0.344,Delivery Delay
2024-02-28,delivery_delay,30,126,0.238095238095238,Delivery Delay
2024-02-29,delivery_delay,29,126,0.2301587301587301,Delivery Delay
2024-03-01,delivery_delay,22,121,0.1818181818181818,Delivery Delay
2024-03-02,delivery_delay,31,141,0.2198581560283688,Delivery Delay
2024-03-03,delivery_delay,28,136,0.2058823529411764,Delivery Delay
2024-03-04,delivery_delay,33,128,0.2578125,Delivery Delay
2024-03-05,delivery_delay,35,109,0.3211009174311927,Delivery Delay
2024-03-06,delivery_delay,29,111,0.2612612612612612,Delivery Delay
2024-03-07,delivery_delay,30,129,0.2325581395348837,Delivery Delay
2024-03-08,delivery_delay,32,113,0.2831858407079646,Delivery Delay
2024-03-09,delivery_delay,36,127,0.2834645669291338,Delivery Delay
2024-03-10,delivery_delay,29,128,0.2265625,Delivery Delay
2024-03-11,delivery_delay,34,133,0.2556390977443609,Delivery Delay
2024-03-12,delivery_delay,26,109,0.2385321100917431,Delivery Delay
2024-03-13,delivery_delay,38,134,0.2835820895522388,Delivery Delay
2024-03-14,delivery_delay,28,122,0.2295081967213114,Delivery Delay
2024-03-15,delivery_delay,40,152,0.2631578947368421,Delivery Delay
2024-03-16,delivery_delay,36,139,0.2589928057553957,Delivery Delay
2024-03-17,delivery_delay,34,135,0.2518518518518518,Delivery Delay
2024-03-18,delivery_delay,33,143,0.2307692307692307,Delivery Delay
2024-03-19,delivery_delay,32,140,0.2285714285714285,Delivery Delay
2024-03-20,delivery_delay,35,122,0.2868852459016393,Delivery Delay
2024-03-21,delivery_delay,29,126,0.2301587301587301,Delivery Delay
2024-03-22,delivery_delay,34,123,0.2764227642276423,Delivery Delay
2024-03-23,delivery_delay,30,124,0.2419354838709677,Delivery Delay
2024-03-24,delivery_delay,51,158,0.3227848101265823,Delivery Delay
2024-03-25,delivery_delay,40,156,0.2564102564102564,Delivery Delay
2024-03-26,delivery_delay,32,131,0.2442748091603053,Delivery Delay
2024-03-27,delivery_delay,27,134,0.2014925373134328,Delivery Delay
2024-03-28,delivery_delay,31,130,0.2384615384615384,Delivery Delay
2024-03-29,delivery_delay,34,151,0.2251655629139073,Delivery Delay
2024-03-30,delivery_delay,22,121,0.1818181818181818,Delivery Delay
2024-03-31,delivery_delay,35,133,0.2631578947368421,Delivery Delay
2024-04-01,delivery_delay,30,136,0.2205882352941176,Delivery Delay
2024-04-02,delivery_delay,26,124,0.2096774193548387,Delivery Delay
2024-04-03,delivery_delay,24,117,0.2051282051282051,Delivery Delay
2024-04-04,delivery_delay,35,132,0.2651515151515151,Delivery Delay
2024-04-05,delivery_delay,36,135,0.2666666666666666,Delivery Delay
2024-04-06,delivery_delay,35,132,0.2651515151515151,Delivery Delay
2024-04-07,delivery_delay,30,124,0.2419354838709677,Delivery Delay
2024-04-08,delivery_delay,43,139,0.3093525179856115,Delivery Delay
2024-04-09,delivery_delay,30,130,0.2307692307692307,Delivery Delay
2024-04-10,delivery_delay,38,152,0.25,Delivery Delay
2024-04-11,delivery_delay,23,108,0.2129629629629629,Delivery Delay
2024-04-12,delivery_delay,33,133,0.2481203007518796,Delivery Delay
2024-04-13,delivery_delay,27,123,0.2195121951219512,Delivery Delay
2024-04-14,delivery_delay,33,143,0.2307692307692307,Delivery Delay
2024-04-15,delivery_delay,32,130,0.2461538461538461,Delivery Delay
2024-04-16,delivery_delay,32,127,0.2519685039370078,Delivery Delay
2024-04-17,delivery_delay,30,121,0.2479338842975206,Delivery Delay
2024-04-18,delivery_delay,46,155,0.2967741935483871,Delivery Delay
2024-04-19,delivery_delay,42,137,0.3065693430656934,Delivery Delay
2024-04-20,delivery_delay,39,147,0.2653061224489796,Delivery Delay
2024-04-21,delivery_delay,27,137,0.1970802919708029,Delivery Delay
2024-04-22,delivery_delay,31,130,0.2384615384615384,Delivery Delay
2024-04-23,delivery_delay,32,119,0.2689075630252101,Delivery Delay
2024-04-24,delivery_delay,32,121,0.2644628099173554,Delivery Delay
2024-04-25,delivery_delay,27,124,0.2177419354838709,Delivery Delay
2024-04-26,delivery_delay,36,138,0.2608695652173913,Delivery Delay
2024-04-27,delivery_delay,28,118,0.2372881355932203,Delivery Delay
2024-04-28,delivery_delay,36,127,0.2834645669291338,Delivery Delay
2024-04-29,delivery_delay,21,131,0.1603053435114503,Delivery Delay
2024-04-30,delivery_delay,30,137,0.218978102189781,Delivery Delay
2024-05-01,delivery_delay,43,136,0.3161764705882353,Delivery Delay
2024-05-02,delivery_delay,19,101,0.1881188118811881,Delivery Delay
2024-05-03,delivery_delay,31,138,0.2246376811594203,Delivery Delay
2024-05-04,delivery_delay,35,135,0.2592592592592592,Delivery Delay
2024-05-05,delivery_delay,24,116,0.2068965517241379,Delivery Delay
2024-05-06,delivery_delay,32,140,0.2285714285714285,Delivery Delay
2024-05-07,delivery_delay,28,124,0.2258064516129032,Delivery Delay
2024-05-08,delivery_delay,26,141,0.1843971631205673,Delivery Delay
2024-05-09,delivery_delay,23,125,0.184,Delivery Delay
2024-05-10,delivery_delay,29,133,0.2180451127819548,Delivery Delay
2024-05-11,delivery_delay,30,137,0.218978102189781,Delivery Delay
2024-05-12,delivery_delay,22,133,0.1654135338345864,Delivery Delay
2024-05-13,delivery_delay,33,151,0.2185430463576159,Delivery Delay
2024-05-14,delivery_delay,33,119,0.2773109243697479,Delivery Delay
2024-05-15,delivery_delay,27,114,0.2368421052631578,Delivery Delay
2024-05-16,delivery_delay,22,129,0.1705426356589147,Delivery Delay
2024-05-17,delivery_delay,29,117,0.2478632478632478,Delivery Delay
2024-05-18,delivery_delay,33,130,0.2538461538461538,Delivery Delay
2024-05-19,delivery_delay,32,123,0.2601626016260163,Delivery Delay
2024-05-20,delivery_delay,37,141,0.2624113475177305,Delivery Delay
2024-05-21,delivery_delay,40,130,0.3076923076923077,Delivery Delay
2024-05-22,delivery_delay,36,140,0.2571428571428571,Delivery Delay
2024-05-23,delivery_delay,24,134,0.1791044776119403,Delivery Delay
2024-05-24,delivery_delay,31,132,0.2348484848484848,Delivery Delay
2024-05-25,delivery_delay,26,125,0.208,Delivery Delay
2024-05-26,delivery_delay,42,148,0.2837837837837837,Delivery Delay
2024-05-27,delivery_delay,27,108,0.25,Delivery Delay
2024-05-28,delivery_delay,31,125,0.248,Delivery Delay
2024-05-29,delivery_delay,19,122,0.1557377049180328,Delivery Delay
2024-05-30,delivery_delay,35,133,0.2631578947368421,Delivery Delay
2024-05-31,delivery_delay,30,121,0.2479338842975206,Delivery Delay
2024-06-01,delivery_delay,34,128,0.265625,Delivery Delay
2024-06-02,delivery_delay,30,122,0.2459016393442623,Delivery Delay
2024-06-03,delivery_delay,30,130,0.2307692307692307,Delivery Delay
2024-06-04,delivery_delay,28,133,0.2105263157894736,Delivery Delay
2024-06-05,delivery_delay,30,125,0.24,Delivery Delay
2024-06-06,delivery_delay,22,145,0.1517241379310344,Delivery Delay
2024-06-07,delivery_delay,22,126,0.1746031746031746,Delivery Delay
2024-06-08,delivery_delay,38,136,0.2794117647058823,Delivery Delay
2024-06-09,delivery_delay,30,120,0.25,Delivery Delay
2024-06-10,delivery_delay,23,107,0.2149532710280373,Delivery Delay
2024-06-11,delivery_delay,33,143,0.2307692307692307,Delivery Delay
2024-06-12,delivery_delay,29,128,0.2265625,Delivery Delay
2024-06-13,delivery_delay,31,136,0.2279411764705882,Delivery Delay
2024-06-14,delivery_delay,29,125,0.232,Delivery Delay
2024-06-15,delivery_delay,30,133,0.225563909774436,Delivery Delay
2024-06-16,delivery_delay,33,155,0.2129032258064516,Delivery Delay
2024-06-17,delivery_delay,37,129,0.2868217054263566,Delivery Delay
2024-06-18,delivery_delay,28,133,0.2105263157894736,Delivery Delay
2024-06-19,delivery_delay,28,120,0.2333333333333333,Delivery Delay
2024-06-20,delivery_delay,29,119,0.2436974789915966,Delivery Delay
2024-06-21,delivery_delay,26,129,0.2015503875968992,Delivery Delay
2024-06-22,delivery_delay,35,146,0.2397260273972602,Delivery Delay
2024-06-23,delivery_delay,29,146,0.1986301369863013,Delivery Delay
2024-06-24,delivery_delay,38,144,0.2638888888888889,Delivery Delay
2024-06-25,delivery_delay,46,162,0.2839506172839506,Delivery Delay
2024-06-26,delivery_delay,28,129,0.2170542635658914,Delivery Delay
2024-06-27,delivery_delay,35,148,0.2364864864864864,Delivery Delay
2024-06-28,delivery_delay,28,106,0.2641509433962264,Delivery Delay
2024-06-29,delivery_delay,29,124,0.2338709677419354,Delivery Delay
2024-06-30,delivery_delay,36,156,0.2307692307692307,Delivery Delay
2024-07-01,delivery_delay,25,126,0.1984126984126984,Delivery Delay
2024-07-02,delivery_delay,29,122,0.2377049180327868,Delivery Delay
2024-07-03,delivery_delay,30,124,0.2419354838709677,Delivery Delay
2024-07-04,delivery_delay,34,146,0.2328767123287671,Delivery Delay
2024-07-05,delivery_delay,41,154,0.2662337662337662,Delivery Delay
2024-07-06,delivery_delay,26,128,0.203125,Delivery Delay
2024-07-07,delivery_delay,37,125,0.296,Delivery Delay
2024-07-08,delivery_delay,28,130,0.2153846153846154,Delivery Delay
2024-07-09,delivery_delay,31,153,0.2026143790849673,Delivery Delay
2024-07-10,delivery_delay,33,141,0.2340425531914893,Delivery Delay
2024-07-11,delivery_delay,28,132,0.2121212121212121,Delivery Delay
2024-07-12,delivery_delay,39,137,0.2846715328467153,Delivery Delay
2024-07-13,delivery_delay,34,130,0.2615384615384615,Delivery Delay
2024-07-14,delivery_delay,39,130,0.3,Delivery Delay
2024-07-15,delivery_delay,43,115,0.3739130434782609,Delivery Delay
2024-07-16,delivery_delay,40,149,0.2684563758389262,Delivery Delay
2024-07-17,delivery_delay,37,125,0.296,Delivery Delay
2024-07-18,delivery_delay,31,120,0.2583333333333333,Delivery Delay
2024-07-19,delivery_delay,35,129,0.2713178294573643,Delivery Delay
2024-07-20,delivery_delay,40,143,0.2797202797202797,Delivery Delay
2024-07-21,delivery_delay,28,145,0.193103448275862,Delivery Delay
2024-07-22,delivery_delay,28,148,0.1891891891891892,Delivery Delay
2024-07-23,delivery_delay,35,145,0.2413793103448276,Delivery Delay
2024-07-24,delivery_delay,27,115,0.2347826086956521,Delivery Delay
2024-07-25,delivery_delay,31,147,0.2108843537414966,Delivery Delay
2024-07-26,delivery_delay,27,139,0.1942446043165467,Delivery Delay
2024-07-27,delivery_delay,36,123,0.2926829268292683,Delivery Delay
2024-07-28,delivery_delay,29,123,0.2357723577235772,Delivery Delay
2024-07-29,delivery_delay,35,126,0.2777777777777778,Delivery Delay
2024-07-30,delivery_delay,29,138,0.2101449275362318,Delivery Delay
2024-07-31,delivery_delay,19,120,0.1583333333333333,Delivery Delay
2024-08-01,delivery_delay,34,124,0.2741935483870967,Delivery Delay
2024-08-02,delivery_delay,33,134,0.2462686567164179,Delivery Delay
2024-08-03,delivery_delay,33,131,0.2519083969465648,Delivery Delay
2024-08-04,delivery_delay,23,119,0.1932773109243697,Delivery Delay
2024-08-05,delivery_delay,31,115,0.2695652173913043,Delivery Delay
2024-08-06,delivery_delay,36,139,0.2589928057553957,Delivery Delay
2024-08-07,delivery_delay,26,123,0.2113821138211382,Delivery Delay
2024-08-08,delivery_delay,34,134,0.2537313432835821,Delivery Delay
2024-08-09,delivery_delay,35,119,0.2941176470588235,Delivery Delay
2024-08-10,delivery_delay,34,127,0.2677165354330709,Delivery Delay
2024-08-11,delivery_delay,28,140,0.2,Delivery Delay
2024-08-12,delivery_delay,36,142,0.2535211267605634,Delivery Delay
2024-08-13,delivery_delay,28,133,0.2105263157894736,Delivery Delay
2024-08-14,delivery_delay,27,145,0.1862068965517241,Delivery Delay
2024-08-15,delivery_delay,30,121,0.2479338842975206,Delivery Delay
2024-08-16,delivery_delay,20,93,0.2150537634408602,Delivery Delay
2024-08-17,delivery_delay,23,134,0.1716417910447761,Delivery Delay
2024-08-18,delivery_delay,36,145,0.2482758620689655,Delivery Delay
2024-08-19,delivery_delay,22,132,0.1666666666666666,Delivery Delay
2024-08-20,delivery_delay,33,151,0.2185430463576159,Delivery Delay
2024-08-21,delivery_delay,29,135,0.2148148148148148,Delivery Delay
2024-08-22,delivery_delay,28,107,0.2616822429906542,Delivery Delay
2024-08-23,delivery_delay,31,116,0.2672413793103448,Delivery Delay
2024-08-24,delivery_delay,28,145,0.193103448275862,Delivery Delay
2024-08-25,delivery_delay,24,124,0.1935483870967742,Delivery Delay
2024-08-26,delivery_delay,30,134,0.2238805970149253,Delivery Delay
2024-08-27,delivery_delay,34,123,0.2764227642276423,Delivery Delay
2024-08-28,delivery_delay,34,133,0.2556390977443609,Delivery Delay
2024-08-29,delivery_delay,33,148,0.2229729729729729,Delivery Delay
2024-08-30,delivery_delay,36,141,0.2553191489361702,Delivery Delay
2024-08-31,delivery_delay,35,143,0.2447552447552447,Delivery Delay
2024-09-01,delivery_delay,24,117,0.2051282051282051,Delivery Delay
2024-09-02,delivery_delay,31,130,0.2384615384615384,Delivery Delay
2024-09-03,delivery_delay,28,149,0.1879194630872483,Delivery Delay
2024-09-04,delivery_delay,35,141,0.2482269503546099,Delivery Delay
2024-09-05,delivery_delay,31,129,0.2403100775193798,Delivery Delay
2024-09-06,delivery_delay,40,137,0.291970802919708,Delivery Delay
2024-09-07,delivery_delay,42,143,0.2937062937062937,Delivery Delay
2024-09-08,delivery_delay,28,140,0.2,Delivery Delay
2024-09-09,delivery_delay,29,133,0.2180451127819548,Delivery Delay
2024-09-10,delivery_delay,36,131,0.2748091603053435,Delivery Delay
2024-09-11,delivery_delay,29,123,0.2357723577235772,Delivery Delay
2024-09-12,delivery_delay,17,128,0.1328125,Delivery Delay
2024-09-13,delivery_delay,43,133,0.3233082706766917,Delivery Delay
2024-09-14,delivery_delay,33,141,0.2340425531914893,Delivery Delay
2024-09-15,delivery_delay,24,122,0.1967213114754098,Delivery Delay
2024-09-16,delivery_delay,37,136,0.2720588235294117,Delivery Delay
2024-09-17,delivery_delay,38,136,0.2794117647058823,Delivery Delay
2024-09-18,delivery_delay,33,128,0.2578125,Delivery Delay
2024-09-19,delivery_delay,38,122,0.3114754098360656,Delivery Delay
2024-09-20,delivery_delay,36,154,0.2337662337662337,Delivery Delay
2024-09-21,delivery_delay,38,149,0.2550335570469799,Delivery Delay
2024-09-22,delivery_delay,26,121,0.2148760330578512,Delivery Delay
2024-09-23,delivery_delay,40,142,0.2816901408450704,Delivery Delay
2024-09-24,delivery_delay,37,119,0.3109243697478991,Delivery Delay
2024-09-25,delivery_delay,37,144,0.2569444444444444,Delivery Delay
2024-09-26,delivery_delay,31,120,0.2583333333333333,Delivery Delay
2024-09-27,delivery_delay,25,111,0.2252252252252252,Delivery Delay
2024-09-28,delivery_delay,31,135,0.2296296296296296,Delivery Delay
2024-09-29,delivery_delay,39,156,0.25,Delivery Delay
2024-09-30,delivery_delay,29,116,0.25,Delivery Delay
2024-10-01,delivery_delay,28,133,0.2105263157894736,Delivery Delay
2024-10-02,delivery_delay,25,114,0.219298245614035,Delivery Delay
2024-10-03,delivery_delay,30,110,0.2727272727272727,Delivery Delay
2024-10-04,delivery_delay,35,134,0.2611940298507462,Delivery Delay
2024-10-05,delivery_delay,40,143,0.2797202797202797,Delivery Delay
2024-10-06,delivery_delay,28,142,0.1971830985915492,Delivery Delay
2024-10-07,delivery_delay,38,124,0.3064516129032258,Delivery Delay
2024-10-08,delivery_delay,29,122,0.2377049180327868,Delivery Delay
2024-10-09,delivery_delay,32,129,0.2480620155038759,Delivery Delay
2024-10-10,delivery_delay,24,130,0.1846153846153846,Delivery Delay
2024-10-11,delivery_delay,31,141,0.2198581560283688,Delivery Delay
2024-10-12,delivery_delay,26,119,0.2184873949579832,Delivery Delay
2024-10-13,delivery_delay,27,145,0.1862068965517241,Delivery Delay
2024-10-14,delivery_delay,26,130,0.2,Delivery Delay
2024-10-15,delivery_delay,30,120,0.25,Delivery Delay
2024-10-16,delivery_delay,17,112,0.1517857142857142,Delivery Delay
2024-10-17,delivery_delay,32,133,0.2406015037593984,Delivery Delay
2024-10-18,delivery_delay,22,112,0.1964285714285714,Delivery Delay
2024-10-19,delivery_delay,37,134,0.2761194029850746,Delivery Delay
2024-10-20,delivery_delay,38,128,0.296875,Delivery Delay
2024-10-21,delivery_delay,22,127,0.1732283464566929,Delivery Delay
2024-10-22,delivery_delay,28,136,0.2058823529411764,Delivery Delay
2024-10-23,delivery_delay,37,143,0.2587412587412587,Delivery Delay
2024-10-24,delivery_delay,20,118,0.1694915254237288,Delivery Delay
2024-10-25,delivery_delay,35,148,0.2364864864864864,Delivery Delay
2024-10-26,delivery_delay,35,133,0.2631578947368421,Delivery Delay
2024-10-27,delivery_delay,33,124,0.2661290322580645,Delivery Delay
2024-10-28,delivery_delay,34,133,0.2556390977443609,Delivery Delay
2024-10-29,delivery_delay,33,128,0.2578125,Delivery Delay
2024-10-30,delivery_delay,22,115,0.1913043478260869,Delivery Delay
2024-10-31,delivery_delay,34,127,0.2677165354330709,Delivery Delay
2024-11-01,delivery_delay,34,136,0.25,Delivery Delay
2024-11-02,delivery_delay,43,132,0.3257575757575757,Delivery Delay
2024-11-03,delivery_delay,29,117,0.2478632478632478,Delivery Delay
2024-11-04,delivery_delay,53,179,0.2960893854748603,Delivery Delay
2024-11-05,delivery_delay,37,140,0.2642857142857143,Delivery Delay
2024-11-06,delivery_delay,35,146,0.2397260273972602,Delivery Delay
2024-11-07,delivery_delay,37,124,0.2983870967741935,Delivery Delay
2024-11-08,delivery_delay,40,150,0.2666666666666666,Delivery Delay
2024-11-09,delivery_delay,34,141,0.2411347517730496,Delivery Delay
2024-11-10,delivery_delay,30,127,0.2362204724409448,Delivery Delay
2024-11-11,delivery_delay,44,120,0.3666666666666666,Delivery Delay
2024-11-12,delivery_delay,26,126,0.2063492063492063,Delivery Delay
2024-11-13,delivery_delay,40,139,0.2877697841726618,Delivery Delay
2024-11-14,delivery_delay,26,126,0.2063492063492063,Delivery Delay
2024-11-15,delivery_delay,25,109,0.2293577981651376,Delivery Delay
2024-11-16,delivery_delay,41,139,0.2949640287769784,Delivery Delay
2024-11-17,delivery_delay,34,120,0.2833333333333333,Delivery Delay
2024-11-18,delivery_delay,28,138,0.2028985507246377,Delivery Delay
2024-11-19,delivery_delay,36,135,0.2666666666666666,Delivery Delay
2024-11-20,delivery_delay,32,118,0.2711864406779661,Delivery Delay
2024-11-21,delivery_delay,30,133,0.225563909774436,Delivery Delay
2024-11-22,delivery_delay,33,142,0.2323943661971831,Delivery Delay
2024-11-23,delivery_delay,26,134,0.1940298507462686,Delivery Delay
2024-11-24,delivery_delay,34,134,0.2537313432835821,Delivery Delay
2024-11-25,delivery_delay,27,111,0.2432432432432432,Delivery Delay
2024-11-26,delivery_delay,31,143,0.2167832167832167,Delivery Delay
2024-11-27,delivery_delay,30,136,0.2205882352941176,Delivery Delay
2024-11-28,delivery_delay,34,134,0.2537313432835821,Delivery Delay
2024-11-29,delivery_delay,35,131,0.2671755725190839,Delivery Delay
2024-11-30,delivery_delay,35,140,0.25,Delivery Delay
2024-12-01,delivery_delay,32,138,0.2318840579710145,Delivery Delay
2024-12-02,delivery_delay,31,124,0.25,Delivery Delay
2024-12-03,delivery_delay,33,134,0.2462686567164179,Delivery Delay
2024-12-04,delivery_delay,35,130,0.2692307692307692,Delivery Delay
2024-12-05,delivery_delay,39,135,0.2888888888888888,Delivery Delay
2024-12-06,delivery_delay,35,140,0.25,Delivery Delay
2024-12-07,delivery_delay,36,141,0.2553191489361702,Delivery Delay
2024-12-08,delivery_delay,36,138,0.2608695652173913,Delivery Delay
2024-12-09,delivery_delay,43,145,0.296551724137931,Delivery Delay
2024-12-10,delivery_delay,28,141,0.1985815602836879,Delivery Delay
2024-12-11,delivery_delay,41,137,0.2992700729927007,Delivery Delay
2024-12-12,delivery_delay,38,142,0.2676056338028169,Delivery Delay
2024-12-13,delivery_delay,34,140,0.2428571428571428,Delivery Delay
2024-12-14,delivery_delay,32,124,0.2580645161290322,Delivery Delay
2024-12-15,delivery_delay,36,128,0.28125,Delivery Delay
2024-12-16,delivery_delay,20,132,0.1515151515151515,Delivery Delay
2024-12-17,delivery_delay,12,115,0.1043478260869565,Delivery Delay
2024-12-18,delivery_delay,32,122,0.2622950819672131,Delivery Delay
2024-12-19,delivery_delay,29,120,0.2416666666666666,Delivery Delay
2024-12-20,delivery_delay,26,132,0.1969696969696969,Delivery Delay
2024-12-21,delivery_delay,22,107,0.205607476635514,Delivery Delay
2024-12-22,delivery_delay,37,143,0.2587412587412587,Delivery Delay
2024-12-23,delivery_delay,27,129,0.2093023255813953,Delivery Delay
2024-12-24,delivery_delay,24,103,0.233009708737864,Delivery Delay
2024-12-25,delivery_delay,29,117,0.2478632478632478,Delivery Delay
2024-12-26,delivery_delay,31,131,0.2366412213740458,Delivery Delay
2024-12-27,delivery_delay,29,136,0.213235294117647,Delivery Delay
2024-12-28,delivery_delay,35,134,0.2611940298507462,Delivery Delay
2024-12-29,delivery_delay,32,135,0.237037037037037,Delivery Delay
2024-12-30,delivery_delay,35,149,0.2348993288590604,Delivery Delay
2024-12-31,delivery_delay,26,129,0.2015503875968992,Delivery Delay
2025-01-01,delivery_delay,34,118,0.288135593220339,Delivery Delay
2025-01-02,delivery_delay,33,134,0.2462686567164179,Delivery Delay
2025-01-03,delivery_delay,37,137,0.2700729927007299,Delivery Delay
2025-01-04,delivery_delay,23,119,0.1932773109243697,Delivery Delay
2025-01-05,delivery_delay,34,148,0.2297297297297297,Delivery Delay
2025-01-06,delivery_delay,33,156,0.2115384615384615,Delivery Delay
2025-01-07,delivery_delay,34,126,0.2698412698412698,Delivery Delay
2025-01-08,delivery_delay,37,150,0.2466666666666666,Delivery Delay
2025-01-09,delivery_delay,33,131,0.2519083969465648,Delivery Delay
2025-01-10,delivery_delay,33,128,0.2578125,Delivery Delay
2025-01-11,delivery_delay,43,148,0.2905405405405405,Delivery Delay
2025-01-12,delivery_delay,41,136,0.3014705882352941,Delivery Delay
2025-01-13,delivery_delay,36,123,0.2926829268292683,Delivery Delay
2025-01-14,delivery_delay,31,135,0.2296296296296296,Delivery Delay
2025-01-15,delivery_delay,32,139,0.2302158273381295,Delivery Delay
2025-01-16,delivery_delay,40,148,0.2702702702702703,Delivery Delay
2025-01-17,delivery_delay,42,156,0.2692307692307692,Delivery Delay
2025-01-18,delivery_delay,26,120,0.2166666666666666,Delivery Delay
2025-01-19,delivery_delay,39,120,0.325,Delivery Delay
2025-01-20,delivery_delay,27,132,0.2045454545454545,Delivery Delay
2025-01-21,delivery_delay,35,130,0.2692307692307692,Delivery Delay
2025-01-22,delivery_delay,36,152,0.2368421052631578,Delivery Delay
2025-01-23,delivery_delay,35,139,0.2517985611510791,Delivery Delay
2025-01-24,delivery_delay,34,126,0.2698412698412698,Delivery Delay
2025-01-25,delivery_delay,28,143,0.1958041958041958,Delivery Delay
2025-01-26,delivery_delay,29,148,0.1959459459459459,Delivery Delay
2025-01-27,delivery_delay,28,113,0.247787610619469,Delivery Delay
2025-01-28,delivery_delay,42,156,0.2692307692307692,Delivery Delay
2025-01-29,delivery_delay,36,137,0.2627737226277372,Delivery Delay
2025-01-30,delivery_delay,35,136,0.2573529411764705,Delivery Delay
2025-01-31,delivery_delay,33,136,0.2426470588235294,Delivery Delay
2025-02-01,delivery_delay,29,132,0.2196969696969697,Delivery Delay
2025-02-02,delivery_delay,35,138,0.2536231884057971,Delivery Delay
2025-02-03,delivery_delay,31,138,0.2246376811594203,Delivery Delay
2025-02-04,delivery_delay,33,132,0.25,Delivery Delay
2025-02-05,delivery_delay,36,139,0.2589928057553957,Delivery Delay
2025-02-06,delivery_delay,34,143,0.2377622377622377,Delivery Delay
2025-02-07,delivery_delay,34,149,0.2281879194630872,Delivery Delay
2025-02-08,delivery_delay,25,128,0.1953125,Delivery Delay
2025-02-09,delivery_delay,32,139,0.2302158273381295,Delivery Delay
2025-02-10,delivery_delay,37,138,0.2681159420289855,Delivery Delay
2025-02-11,delivery_delay,39,129,0.3023255813953488,Delivery Delay
2025-02-12,delivery_delay,38,140,0.2714285714285714,Delivery Delay
2025-02-13,delivery_delay,36,148,0.2432432432432432,Delivery Delay
2025-02-14,delivery_delay,31,116,0.2672413793103448,Delivery Delay
2025-02-15,delivery_delay,26,128,0.203125,Delivery Delay
2025-02-16,delivery_delay,35,143,0.2447552447552447,Delivery Delay
2025-02-17,delivery_delay,31,136,0.2279411764705882,Delivery Delay
2025-02-18,delivery_delay,41,145,0.2827586206896552,Delivery Delay
2025-02-19,delivery_delay,24,117,0.2051282051282051,Delivery Delay
2025-02-20,delivery_delay,38,143,0.2657342657342657,Delivery Delay
2025-02-21,delivery_delay,34,139,0.2446043165467626,Delivery Delay
2025-02-22,delivery_delay,19,114,0.1666666666666666,Delivery Delay
2025-02-23,delivery_delay,32,123,0.2601626016260163,Delivery Delay
2025-02-24,delivery_delay,33,135,0.2444444444444444,Delivery Delay
2025-02-25,delivery_delay,35,139,0.2517985611510791,Delivery Delay
2025-02-26,delivery_delay,30,127,0.2362204724409448,Delivery Delay
2025-02-27,delivery_delay,25,120,0.2083333333333333,Delivery Delay
2025-02-28,delivery_delay,36,130,0.2769230769230769,Delivery Delay
2025-03-01,delivery_delay,36,137,0.2627737226277372,Delivery Delay
2025-03-02,delivery_delay,42,141,0.2978723404255319,Delivery Delay
2025-03-03,delivery_delay,28,128,0.21875,Delivery Delay
2025-03-04,delivery_delay,40,142,0.2816901408450704,Delivery Delay
2025-03-05,delivery_delay,35,137,0.2554744525547445,Delivery Delay
2025-03-06,delivery_delay,23,143,0.1608391608391608,Delivery Delay
2025-03-07,delivery_delay,25,123,0.2032520325203252,Delivery Delay
2025-03-08,delivery_delay,37,128,0.2890625,Delivery Delay
2025-03-09,delivery_delay,29,135,0.2148148148148148,Delivery Delay
2025-03-10,delivery_delay,30,127,0.2362204724409448,Delivery Delay
2025-03-11,delivery_delay,29,138,0.2101449275362318,Delivery Delay
2025-03-12,delivery_delay,22,133,0.1654135338345864,Delivery Delay
2025-03-13,delivery_delay,31,121,0.256198347107438,Delivery Delay
2025-03-14,delivery_delay,33,140,0.2357142857142857,Delivery Delay
2025-03-15,delivery_delay,27,131,0.2061068702290076,Delivery Delay
2025-03-16,delivery_delay,34,134,0.2537313432835821,Delivery Delay
2025-03-17,delivery_delay,39,135,0.2888888888888888,Delivery Delay
2025-03-18,delivery_delay,20,99,0.202020202020202,Delivery Delay
2025-03-19,delivery_delay,25,121,0.2066115702479339,Delivery Delay
2025-03-20,delivery_delay,21,120,0.175,Delivery Delay
2025-03-21,delivery_delay,32,138,0.2318840579710145,Delivery Delay
2025-03-22,delivery_delay,34,142,0.2394366197183098,Delivery Delay
2025-03-23,delivery_delay,25,121,0.2066115702479339,Delivery Delay
2025-03-24,delivery_delay,34,146,0.2328767123287671,Delivery Delay
2025-03-25,delivery_delay,32,119,0.2689075630252101,Delivery Delay
2025-03-26,delivery_delay,29,137,0.2116788321167883,Delivery Delay
2025-03-27,delivery_delay,31,131,0.2366412213740458,Delivery Delay
2025-03-28,delivery_delay,31,125,0.248,Delivery Delay
2025-03-29,delivery_delay,30,125,0.24,Delivery Delay
2025-03-30,delivery_delay,32,137,0.2335766423357664,Delivery Delay
2025-03-31,delivery_delay,39,150,0.26,Delivery Delay
2025-04-01,delivery_delay,41,152,0.2697368421052631,Delivery Delay
2025-04-02,delivery_delay,46,145,0.3172413793103448,Delivery Delay
2025-04-03,delivery_delay,31,138,0.2246376811594203,Delivery Delay
2025-04-04,delivery_delay,27,116,0.2327586206896551,Delivery Delay
2025-04-05,delivery_delay,38,148,0.2567567567567567,Delivery Delay
2025-04-06,delivery_delay,26,139,0.1870503597122302,Delivery Delay
2025-04-07,delivery_delay,20,119,0.1680672268907563,Delivery Delay
2025-04-08,delivery_delay,32,127,0.2519685039370078,Delivery Delay
2025-04-09,delivery_delay,36,124,0.2903225806451613,Delivery Delay
2025-04-10,delivery_delay,35,147,0.238095238095238,Delivery Delay
2025-04-11,delivery_delay,40,150,0.2666666666666666,Delivery Delay
2025-04-12,delivery_delay,33,158,0.2088607594936709,Delivery Delay
2025-04-13,delivery_delay,28,109,0.2568807339449541,Delivery Delay
2025-04-14,delivery_delay,41,132,0.3106060606060606,Delivery Delay
2025-04-15,delivery_delay,33,149,0.2214765100671141,Delivery Delay
2025-04-16,delivery_delay,35,130,0.2692307692307692,Delivery Delay
2025-04-17,delivery_delay,29,123,0.2357723577235772,Delivery Delay
2025-04-18,delivery_delay,36,139,0.2589928057553957,Delivery Delay
2025-04-19,delivery_delay,26,110,0.2363636363636363,Delivery Delay
2025-04-20,delivery_delay,32,128,0.25,Delivery Delay
2025-04-21,delivery_delay,33,132,0.25,Delivery Delay
2025-04-22,delivery_delay,26,137,0.1897810218978102,Delivery Delay
2025-04-23,delivery_delay,29,130,0.2230769230769231,Delivery Delay
2025-04-24,delivery_delay,29,145,0.2,Delivery Delay
2025-04-25,delivery_delay,30,121,0.2479338842975206,Delivery Delay
2025-04-26,delivery_delay,40,129,0.3100775193798449,Delivery Delay
2025-04-27,delivery_delay,25,127,0.1968503937007874,Delivery Delay
2025-04-28,delivery_delay,19,118,0.1610169491525423,Delivery Delay
2025-04-29,delivery_delay,31,122,0.2540983606557377,Delivery Delay
2025-04-30,delivery_delay,31,125,0.248,Delivery Delay
2025-05-01,delivery_delay,39,149,0.261744966442953,Delivery Delay
2025-05-02,delivery_delay,29,122,0.2377049180327868,Delivery Delay
2025-05-03,delivery_delay,32,129,0.2480620155038759,Delivery Delay
2025-05-04,delivery_delay,33,139,0.237410071942446,Delivery Delay
2025-05-05,delivery_delay,40,126,0.3174603174603174,Delivery Delay
2025-05-06,delivery_delay,38,150,0.2533333333333333,Delivery Delay
2025-05-07,delivery_delay,34,130,0.2615384615384615,Delivery Delay
2025-05-08,delivery_delay,24,118,0.2033898305084746,Delivery Delay
2025-05-09,delivery_delay,28,142,0.1971830985915492,Delivery Delay
2025-05-10,delivery_delay,30,124,0.2419354838709677,Delivery Delay
2025-05-11,delivery_delay,36,132,0.2727272727272727,Delivery Delay
2025-05-12,delivery_delay,40,138,0.2898550724637681,Delivery Delay
2025-05-13,delivery_delay,32,129,0.2480620155038759,Delivery Delay
2025-05-14,delivery_delay,26,119,0.2184873949579832,Delivery Delay
2025-05-15,delivery_delay,33,124,0.2661290322580645,Delivery Delay
2025-05-16,delivery_delay,40,139,0.2877697841726618,Delivery Delay
2025-05-17,delivery_delay,37,124,0.2983870967741935,Delivery Delay
2025-05-18,delivery_delay,30,121,0.2479338842975206,Delivery Delay
2025-05-19,delivery_delay,29,114,0.2543859649122807,Delivery Delay
2025-05-20,delivery_delay,36,130,0.2769230769230769,Delivery Delay
2025-05-21,delivery_delay,23,108,0.2129629629629629,Delivery Delay
2025-05-22,delivery_delay,36,156,0.2307692307692307,Delivery Delay
2025-05-23,delivery_delay,47,148,0.3175675675675675,Delivery Delay
2025-05-24,delivery_delay,40,137,0.291970802919708,Delivery Delay
2025-05-25,delivery_delay,33,141,0.2340425531914893,Delivery Delay
2025-05-26,delivery_delay,21,119,0.1764705882352941,Delivery Delay
2025-05-27,delivery_delay,31,160,0.19375,Delivery Delay
2025-05-28,delivery_delay,34,147,0.2312925170068027,Delivery Delay
2025-05-29,delivery_delay,21,116,0.1810344827586207,Delivery Delay
2025-05-30,delivery_delay,27,133,0.2030075187969924,Delivery Delay
2025-05-31,delivery_delay,32,140,0.2285714285714285,Delivery Delay
2025-06-01,delivery_delay,32,132,0.2424242424242424,Delivery Delay
2025-06-02,delivery_delay,27,118,0.2288135593220339,Delivery Delay
2025-06-03,delivery_delay,25,121,0.2066115702479339,Delivery Delay
2025-06-04,delivery_delay,34,141,0.2411347517730496,Delivery Delay
2025-06-05,delivery_delay,25,116,0.2155172413793103,Delivery Delay
2025-06-06,delivery_delay,37,140,0.2642857142857143,Delivery Delay
2025-06-07,delivery_delay,39,138,0.2826086956521739,Delivery Delay
2025-06-08,delivery_delay,35,142,0.2464788732394366,Delivery Delay
2025-06-09,delivery_delay,26,126,0.2063492063492063,Delivery Delay
2025-06-10,delivery_delay,41,152,0.2697368421052631,Delivery Delay
2025-06-11,delivery_delay,29,133,0.2180451127819548,Delivery Delay
2025-06-12,delivery_delay,39,137,0.2846715328467153,Delivery Delay
2025-06-13,delivery_delay,27,137,0.1970802919708029,Delivery Delay
2025-06-14,delivery_delay,24,113,0.2123893805309734,Delivery Delay
2025-06-15,delivery_delay,25,104,0.2403846153846154,Delivery Delay
2025-06-16,delivery_delay,37,132,0.2803030303030303,Delivery Delay
2025-06-17,delivery_delay,26,117,0.2222222222222222,Delivery Delay
2025-06-18,delivery_delay,29,136,0.213235294117647,Delivery Delay
2025-06-19,delivery_delay,37,130,0.2846153846153846,Delivery Delay
2025-06-20,delivery_delay,34,137,0.2481751824817518,Delivery Delay
2025-06-21,delivery_delay,33,146,0.2260273972602739,Delivery Delay
2025-06-22,delivery_delay,23,134,0.1716417910447761,Delivery Delay
2025-06-23,delivery_delay,23,116,0.1982758620689655,Delivery Delay
2025-06-24,delivery_delay,26,134,0.1940298507462686,Delivery Delay
2025-06-25,delivery_delay,26,118,0.2203389830508474,Delivery Delay
2025-06-26,delivery_delay,31,119,0.2605042016806723,Delivery Delay
2025-06-27,delivery_delay,31,143,0.2167832167832167,Delivery Delay
2025-06-28,delivery_delay,34,132,0.2575757575757575,Delivery Delay
2025-06-29,delivery_delay,31,140,0.2214285714285714,Delivery Delay
2025-06-30,delivery_delay,22,133,0.1654135338345864,Delivery Delay
2025-07-01,delivery_delay,27,118,0.2288135593220339,Delivery Delay
2025-07-02,delivery_delay,32,128,0.25,Delivery Delay
2025-07-03,delivery_delay,29,124,0.2338709677419354,Delivery Delay
2025-07-04,delivery_delay,42,124,0.3387096774193548,Delivery Delay
2025-07-05,delivery_delay,36,126,0.2857142857142857,Delivery Delay
2025-07-06,delivery_delay,29,131,0.2213740458015267,Delivery Delay
2025-07-07,delivery_delay,26,116,0.2241379310344827,Delivery Delay
2025-07-08,delivery_delay,42,158,0.2658227848101265,Delivery Delay
2025-07-09,delivery_delay,31,134,0.2313432835820895,Delivery Delay
2025-07-10,delivery_delay,23,151,0.152317880794702,Delivery Delay
2025-07-11,delivery_delay,30,139,0.2158273381294964,Delivery Delay
2025-07-12,delivery_delay,37,141,0.2624113475177305,Delivery Delay
2025-07-13,delivery_delay,35,122,0.2868852459016393,Delivery Delay
2025-07-14,delivery_delay,32,123,0.2601626016260163,Delivery Delay
2025-07-15,delivery_delay,33,120,0.275,Delivery Delay
2025-07-16,delivery_delay,31,112,0.2767857142857143,Delivery Delay
2025-07-17,delivery_delay,32,136,0.2352941176470588,Delivery Delay
2025-07-18,delivery_delay,37,141,0.2624113475177305,Delivery Delay
2025-07-19,delivery_delay,37,145,0.2551724137931034,Delivery Delay
2025-07-20,delivery_delay,30,147,0.2040816326530612,Delivery Delay
2025-07-21,delivery_delay,31,124,0.25,Delivery Delay
2025-07-22,delivery_delay,25,125,0.2,Delivery Delay
2025-07-23,delivery_delay,28,129,0.2170542635658914,Delivery Delay
2025-07-24,delivery_delay,37,154,0.2402597402597402,Delivery Delay
2025-07-25,delivery_delay,27,126,0.2142857142857142,Delivery Delay
2025-07-26,delivery_delay,37,146,0.2534246575342466,Delivery Delay
2025-07-27,delivery_delay,30,144,0.2083333333333333,Delivery Delay
2025-07-28,delivery_delay,38,148,0.2567567567567567,Delivery Delay
2025-07-29,delivery_delay,25,101,0.2475247524752475,Delivery Delay
2025-07-30,delivery_delay,30,133,0.225563909774436,Delivery Delay
2025-07-31,delivery_delay,37,133,0.2781954887218045,Delivery Delay
2025-08-01,delivery_delay,41,143,0.2867132867132867,Delivery Delay
2025-08-02,delivery_delay,38,151,0.2516556291390728,Delivery Delay
2025-08-03,delivery_delay,33,130,0.2538461538461538,Delivery Delay
2025-08-04,delivery_delay,20,143,0.1398601398601398,Delivery Delay
2025-08-05,delivery_delay,26,122,0.2131147540983606,Delivery Delay
2025-08-06,delivery_delay,33,143,0.2307692307692307,Delivery Delay
2025-08-07,delivery_delay,26,116,0.2241379310344827,Delivery Delay
2025-08-08,delivery_delay,32,124,0.2580645161290322,Delivery Delay
2025-08-09,delivery_delay,29,125,0.232,Delivery Delay
2025-08-10,delivery_delay,29,158,0.1835443037974683,Delivery Delay
2025-08-11,delivery_delay,27,131,0.2061068702290076,Delivery Delay
2025-08-12,delivery_delay,43,155,0.2774193548387096,Delivery Delay
2025-08-13,delivery_delay,29,119,0.2436974789915966,Delivery Delay
2025-08-14,delivery_delay,36,136,0.2647058823529412,Delivery Delay
2025-08-15,delivery_delay,28,142,0.1971830985915492,Delivery Delay
2025-08-16,delivery_delay,23,117,0.1965811965811965,Delivery Delay
2025-08-17,delivery_delay,26,138,0.1884057971014492,Delivery Delay
2025-08-18,delivery_delay,31,117,0.2649572649572649,Delivery Delay
2025-08-19,delivery_delay,35,129,0.2713178294573643,Delivery Delay
2025-08-20,delivery_delay,40,146,0.273972602739726,Delivery Delay
2025-08-21,delivery_delay,31,145,0.2137931034482758,Delivery Delay
2025-08-22,delivery_delay,34,146,0.2328767123287671,Delivery Delay
2025-08-23,delivery_delay,34,122,0.2786885245901639,Delivery Delay
2025-08-24,delivery_delay,28,129,0.2170542635658914,Delivery Delay
2025-08-25,delivery_delay,33,129,0.2558139534883721,Delivery Delay
2025-08-26,delivery_delay,19,124,0.1532258064516129,Delivery Delay
2025-08-27,delivery_delay,34,126,0.2698412698412698,Delivery Delay
2025-08-28,delivery_delay,40,123,0.3252032520325203,Delivery Delay
2025-08-29,delivery_delay,19,121,0.1570247933884297,Delivery Delay
2025-08-30,delivery_delay,31,127,0.2440944881889764,Delivery Delay
2025-08-31,delivery_delay,18,124,0.1451612903225806,Delivery Delay
2025-09-01,delivery_delay,34,132,0.2575757575757575,Delivery Delay
2025-09-02,delivery_delay,30,132,0.2272727272727272,Delivery Delay
2025-09-03,delivery_delay,32,136,0.2352941176470588,Delivery Delay
2025-09-04,delivery_delay,38,133,0.2857142857142857,Delivery Delay
2025-09-05,delivery_delay,30,113,0.2654867256637168,Delivery Delay
2025-09-06,delivery_delay,33,122,0.2704918032786885,Delivery Delay
2025-09-07,delivery_delay,39,141,0.2765957446808511,Delivery Delay
2025-09-08,delivery_delay,30,141,0.2127659574468085,Delivery Delay
2025-09-09,delivery_delay,37,152,0.2434210526315789,Delivery Delay
2025-09-10,delivery_delay,26,127,0.2047244094488189,Delivery Delay
2025-09-11,delivery_delay,31,129,0.2403100775193798,Delivery Delay
2025-09-12,delivery_delay,27,129,0.2093023255813953,Delivery Delay
2025-09-13,delivery_delay,26,115,0.2260869565217391,Delivery Delay
2025-09-14,delivery_delay,27,119,0.226890756302521,Delivery Delay
2025-09-15,delivery_delay,24,132,0.1818181818181818,Delivery Delay
2025-09-16,delivery_delay,32,133,0.2406015037593984,Delivery Delay
2025-09-17,delivery_delay,29,137,0.2116788321167883,Delivery Delay
2025-09-18,delivery_delay,32,135,0.237037037037037,Delivery Delay
2025-09-19,delivery_delay,41,138,0.2971014492753623,Delivery Delay
2025-09-20,delivery_delay,44,142,0.3098591549295774,Delivery Delay
2025-09-21,delivery_delay,24,118,0.2033898305084746,Delivery Delay
2025-09-22,delivery_delay,32,117,0.2735042735042735,Delivery Delay
2025-09-23,delivery_delay,31,125,0.248,Delivery Delay
2025-09-24,delivery_delay,34,129,0.2635658914728682,Delivery Delay
2025-09-25,delivery_delay,26,113,0.2300884955752212,Delivery Delay
2025-09-26,delivery_delay,38,135,0.2814814814814815,Delivery Delay
2025-09-27,delivery_delay,26,146,0.1780821917808219,Delivery Delay
2025-09-28,delivery_delay,24,140,0.1714285714285714,Delivery Delay
2025-09-29,delivery_delay,30,122,0.2459016393442623,Delivery Delay
2025-09-30,delivery_delay,27,134,0.2014925373134328,Delivery Delay
2025-10-01,delivery_delay,32,135,0.237037037037037,Delivery Delay
2025-10-02,delivery_delay,26,114,0.2280701754385964,Delivery Delay
2025-10-03,delivery_delay,35,125,0.28,Delivery Delay
2025-10-04,delivery_delay,27,139,0.1942446043165467,Delivery Delay
2025-10-05,delivery_delay,26,118,0.2203389830508474,Delivery Delay
2025-10-06,delivery_delay,34,130,0.2615384615384615,Delivery Delay
2025-10-07,delivery_delay,33,130,0.2538461538461538,Delivery Delay
2025-10-08,delivery_delay,22,129,0.1705426356589147,Delivery Delay
2025-10-09,delivery_delay,35,141,0.2482269503546099,Delivery Delay
2025-10-10,delivery_delay,27,127,0.2125984251968504,Delivery Delay
2025-10-11,delivery_delay,28,142,0.1971830985915492,Delivery Delay
2025-10-12,delivery_delay,19,116,0.1637931034482758,Delivery Delay
2025-10-13,delivery_delay,24,121,0.1983471074380165,Delivery Delay
2025-10-14,delivery_delay,15,123,0.1219512195121951,Delivery Delay
2025-10-15,delivery_delay,37,137,0.2700729927007299,Delivery Delay
2025-10-16,delivery_delay,43,143,0.3006993006993007,Delivery Delay
2025-10-17,delivery_delay,29,107,0.2710280373831775,Delivery Delay
2025-10-18,delivery_delay,37,143,0.2587412587412587,Delivery Delay
2025-10-19,delivery_delay,34,114,0.2982456140350877,Delivery Delay
2025-10-20,delivery_delay,24,110,0.2181818181818181,Delivery Delay
2025-10-21,delivery_delay,37,115,0.3217391304347826,Delivery Delay
2025-10-22,delivery_delay,25,115,0.217391304347826,Delivery Delay
2025-10-23,delivery_delay,31,140,0.2214285714285714,Delivery Delay
2025-10-24,delivery_delay,31,130,0.2384615384615384,Delivery Delay
2025-10-25,delivery_delay,29,133,0.2180451127819548,Delivery Delay
2025-10-26,delivery_delay,40,138,0.2898550724637681,Delivery Delay
2025-10-27,delivery_delay,34,132,0.2575757575757575,Delivery Delay
2025-10-28,delivery_delay,34,142,0.2394366197183098,Delivery Delay
2025-10-29,delivery_delay,31,134,0.2313432835820895,Delivery Delay
2025-10-30,delivery_delay,30,130,0.2307692307692307,Delivery Delay
2025-10-31,delivery_delay,26,105,0.2476190476190476,Delivery Delay
2025-11-01,delivery_delay,44,149,0.2953020134228188,Delivery Delay
2025-11-02,delivery_delay,25,128,0.1953125,Delivery Delay
2025-11-03,delivery_delay,22,136,0.1617647058823529,Delivery Delay
2025-11-04,delivery_delay,32,130,0.2461538461538461,Delivery Delay
2025-11-05,delivery_delay,33,133,0.2481203007518796,Delivery Delay
2025-11-06,delivery_delay,32,126,0.2539682539682539,Delivery Delay
2025-11-07,delivery_delay,35,146,0.2397260273972602,Delivery Delay
2025-11-08,delivery_delay,44,142,0.3098591549295774,Delivery Delay
2025-11-09,delivery_delay,25,118,0.211864406779661,Delivery Delay
2025-11-10,delivery_delay,29,129,0.2248062015503876,Delivery Delay
2025-11-11,delivery_delay,42,145,0.2896551724137931,Delivery Delay
2025-11-12,delivery_delay,27,112,0.2410714285714285,Delivery Delay
2025-11-13,delivery_delay,28,136,0.2058823529411764,Delivery Delay
2025-11-14,delivery_delay,24,117,0.2051282051282051,Delivery Delay
2025-11-15,delivery_delay,22,110,0.2,Delivery Delay
2025-11-16,delivery_delay,29,137,0.2116788321167883,Delivery Delay
2025-11-17,delivery_delay,33,149,0.2214765100671141,Delivery Delay
2025-11-18,delivery_delay,29,134,0.2164179104477611,Delivery Delay
2025-11-19,delivery_delay,34,123,0.2764227642276423,Delivery Delay
2025-11-20,delivery_delay,27,143,0.1888111888111888,Delivery Delay
2025-11-21,delivery_delay,23,120,0.1916666666666666,Delivery Delay
2025-11-22,delivery_delay,37,130,0.2846153846153846,Delivery Delay
2025-11-23,delivery_delay,29,129,0.2248062015503876,Delivery Delay
2025-11-24,delivery_delay,29,121,0.2396694214876033,Delivery Delay
2025-11-25,delivery_delay,34,119,0.2857142857142857,Delivery Delay
2025-11-26,delivery_delay,28,119,0.2352941176470588,Delivery Delay
2025-11-27,delivery_delay,33,140,0.2357142857142857,Delivery Delay
2025-11-28,delivery_delay,27,129,0.2093023255813953,Delivery Delay
2025-11-29,delivery_delay,39,151,0.2582781456953642,Delivery Delay
2025-11-30,delivery_delay,39,129,0.3023255813953488,Delivery Delay
2025-12-01,delivery_delay,30,168,0.1785714285714285,Delivery Delay
2025-12-02,delivery_delay,27,119,0.226890756302521,Delivery Delay
2025-12-03,delivery_delay,19,133,0.1428571428571428,Delivery Delay
2025-12-04,delivery_delay,29,139,0.2086330935251798,Delivery Delay
2025-12-05,delivery_delay,37,113,0.3274336283185841,Delivery Delay
2025-12-06,delivery_delay,38,134,0.2835820895522388,Delivery Delay
2025-12-07,delivery_delay,35,124,0.282258064516129,Delivery Delay
2025-12-08,delivery_delay,34,153,0.2222222222222222,Delivery Delay
2025-12-09,delivery_delay,36,134,0.2686567164179104,Delivery Delay
2025-12-10,delivery_delay,33,147,0.2244897959183673,Delivery Delay
2025-12-11,delivery_delay,36,132,0.2727272727272727,Delivery Delay
2025-12-12,delivery_delay,28,131,0.2137404580152671,Delivery Delay
2025-12-13,delivery_delay,48,137,0.3503649635036496,Delivery Delay
2025-12-14,delivery_delay,25,105,0.238095238095238,Delivery Delay
2025-12-15,delivery_delay,29,122,0.2377049180327868,Delivery Delay
2025-12-16,delivery_delay,36,136,0.2647058823529412,Delivery Delay
2025-12-17,delivery_delay,31,128,0.2421875,Delivery Delay
2025-12-18,delivery_delay,27,118,0.2288135593220339,Delivery Delay
2025-12-19,delivery_delay,38,140,0.2714285714285714,Delivery Delay
2025-12-20,delivery_delay,28,145,0.193103448275862,Delivery Delay
2025-12-21,delivery_delay,40,121,0.3305785123966942,Delivery Delay
2025-12-22,delivery_delay,27,138,0.1956521739130435,Delivery Delay
2025-12-23,delivery_delay,29,137,0.2116788321167883,Delivery Delay
2025-12-24,delivery_delay,30,123,0.2439024390243902,Delivery Delay
2025-12-25,delivery_delay,23,123,0.1869918699186991,Delivery Delay
2025-12-26,delivery_delay,31,135,0.2296296296296296,Delivery Delay
2025-12-27,delivery_delay,30,119,0.2521008403361344,Delivery Delay
2025-12-28,delivery_delay,35,151,0.2317880794701986,Delivery Delay
2025-12-29,delivery_delay,38,130,0.2923076923076923,Delivery Delay
2025-12-30,delivery_delay,25,115,0.217391304347826,Delivery Delay
2025-12-31,delivery_delay,42,134,0.3134328358208955,Delivery Delay
2026-01-01,delivery_delay,28,140,0.2,Delivery Delay
2026-01-02,delivery_delay,27,116,0.2327586206896551,Delivery Delay
2026-01-03,delivery_delay,33,132,0.25,Delivery Delay
2026-01-04,delivery_delay,28,123,0.2276422764227642,Delivery Delay
2026-01-05,delivery_delay,30,125,0.24,Delivery Delay
2026-01-06,delivery_delay,35,137,0.2554744525547445,Delivery Delay
2026-01-07,delivery_delay,33,123,0.2682926829268293,Delivery Delay
2026-01-08,delivery_delay,31,111,0.2792792792792792,Delivery Delay
2026-01-09,delivery_delay,26,127,0.2047244094488189,Delivery Delay
2026-01-10,delivery_delay,23,143,0.1608391608391608,Delivery Delay
2026-01-11,delivery_delay,29,118,0.2457627118644068,Delivery Delay
2026-01-12,delivery_delay,31,145,0.2137931034482758,Delivery Delay
2026-01-13,delivery_delay,39,138,0.2826086956521739,Delivery Delay
2026-01-14,delivery_delay,32,127,0.2519685039370078,Delivery Delay
2026-01-15,delivery_delay,28,135,0.2074074074074074,Delivery Delay
2026-01-16,delivery_delay,27,120,0.225,Delivery Delay
2026-01-17,delivery_delay,21,120,0.175,Delivery Delay
2026-01-18,delivery_delay,33,131,0.2519083969465648,Delivery Delay
2026-01-19,delivery_delay,36,136,0.2647058823529412,Delivery Delay
2026-01-20,delivery_delay,25,127,0.1968503937007874,Delivery Delay
2026-01-21,delivery_delay,36,130,0.2769230769230769,Delivery Delay
2026-01-22,delivery_delay,33,149,0.2214765100671141,Delivery Delay
2026-01-23,delivery_delay,25,115,0.217391304347826,Delivery Delay
2026-01-24,delivery_delay,34,134,0.2537313432835821,Delivery Delay
2026-01-25,delivery_delay,30,124,0.2419354838709677,Delivery Delay
2026-01-26,delivery_delay,28,125,0.224,Delivery Delay
2026-01-27,delivery_delay,32,139,0.2302158273381295,Delivery Delay
2026-01-28,delivery_delay,31,121,0.256198347107438,Delivery Delay
2026-01-29,delivery_delay,34,132,0.2575757575757575,Delivery Delay
2026-01-30,delivery_delay,34,140,0.2428571428571428,Delivery Delay
2026-01-31,delivery_delay,25,114,0.219298245614035,Delivery Delay
2026-02-01,delivery_delay,32,115,0.2782608695652174,Delivery Delay
2026-02-02,delivery_delay,32,147,0.2176870748299319,Delivery Delay
2026-02-03,delivery_delay,34,153,0.2222222222222222,Delivery Delay
2026-02-04,delivery_delay,28,136,0.2058823529411764,Delivery Delay
2026-02-05,delivery_delay,39,133,0.2932330827067669,Delivery Delay
2026-02-06,delivery_delay,29,126,0.2301587301587301,Delivery Delay
2026-02-07,delivery_delay,24,143,0.1678321678321678,Delivery Delay
2026-02-08,delivery_delay,34,140,0.2428571428571428,Delivery Delay
2026-02-09,delivery_delay,36,137,0.2627737226277372,Delivery Delay
2026-02-10,delivery_delay,34,134,0.2537313432835821,Delivery Delay
2026-02-11,delivery_delay,30,121,0.2479338842975206,Delivery Delay
2026-02-12,delivery_delay,23,130,0.1769230769230769,Delivery Delay
2026-02-13,delivery_delay,24,131,0.183206106870229,Delivery Delay
2026-02-14,delivery_delay,32,129,0.2480620155038759,Delivery Delay
2026-02-15,delivery_delay,38,141,0.2695035460992908,Delivery Delay
2026-02-16,delivery_delay,40,149,0.2684563758389262,Delivery Delay
2026-02-17,delivery_delay,38,118,0.3220338983050847,Delivery Delay
2026-02-18,delivery_delay,37,121,0.3057851239669421,Delivery Delay
2026-02-19,delivery_delay,27,123,0.2195121951219512,Delivery Delay
2026-02-20,delivery_delay,34,131,0.2595419847328244,Delivery Delay
2026-02-21,delivery_delay,38,156,0.2435897435897435,Delivery Delay
2026-02-22,delivery_delay,30,118,0.2542372881355932,Delivery Delay
2026-02-23,delivery_delay,25,145,0.1724137931034483,Delivery Delay
2026-02-24,delivery_delay,35,140,0.25,Delivery Delay
2026-02-25,delivery_delay,22,114,0.1929824561403508,Delivery Delay
2026-02-26,delivery_delay,32,140,0.2285714285714285,Delivery Delay
2026-02-27,delivery_delay,32,138,0.2318840579710145,Delivery Delay
2026-02-28,delivery_delay,34,113,0.3008849557522124,Delivery Delay
2026-03-01,delivery_delay,29,137,0.2116788321167883,Delivery Delay
2026-03-02,delivery_delay,32,131,0.2442748091603053,Delivery Delay
2026-03-03,delivery_delay,46,164,0.2804878048780488,Delivery Delay
2026-03-04,delivery_delay,30,144,0.2083333333333333,Delivery Delay
2026-03-05,delivery_delay,32,147,0.2176870748299319,Delivery Delay
2026-03-06,delivery_delay,29,131,0.2213740458015267,Delivery Delay
2026-03-07,delivery_delay,33,133,0.2481203007518796,Delivery Delay
2026-03-08,delivery_delay,37,128,0.2890625,Delivery Delay
2026-03-09,delivery_delay,30,124,0.2419354838709677,Delivery Delay
2026-03-10,delivery_delay,41,129,0.3178294573643411,Delivery Delay
2026-03-11,delivery_delay,25,127,0.1968503937007874,Delivery Delay
2026-03-12,delivery_delay,25,120,0.2083333333333333,Delivery Delay
2026-03-13,delivery_delay,35,139,0.2517985611510791,Delivery Delay
2026-03-14,delivery_delay,32,131,0.2442748091603053,Delivery Delay
2026-03-15,delivery_delay,32,123,0.2601626016260163,Delivery Delay
2026-03-16,delivery_delay,26,119,0.2184873949579832,Delivery Delay
2026-03-17,delivery_delay,28,138,0.2028985507246377,Delivery Delay
2026-03-18,delivery_delay,35,150,0.2333333333333333,Delivery Delay
2026-03-19,delivery_delay,44,136,0.3235294117647059,Delivery Delay
2026-03-20,delivery_delay,39,142,0.2746478873239437,Delivery Delay
2026-03-21,delivery_delay,23,114,0.2017543859649122,Delivery Delay
2026-03-22,delivery_delay,41,146,0.2808219178082192,Delivery Delay
2026-03-23,delivery_delay,27,139,0.1942446043165467,Delivery Delay
2026-03-24,delivery_delay,26,121,0.2148760330578512,Delivery Delay
2026-03-25,delivery_delay,33,140,0.2357142857142857,Delivery Delay
2026-03-26,delivery_delay,28,138,0.2028985507246377,Delivery Delay
2026-03-27,delivery_delay,32,139,0.2302158273381295,Delivery Delay
2026-03-28,delivery_delay,30,116,0.2586206896551724,Delivery Delay
2026-03-29,delivery_delay,31,130,0.2384615384615384,Delivery Delay
2026-03-30,delivery_delay,35,145,0.2413793103448276,Delivery Delay
2026-03-31,delivery_delay,35,125,0.28,Delivery Delay
2026-04-01,delivery_delay,26,126,0.2063492063492063,Delivery Delay
2026-04-02,delivery_delay,31,124,0.25,Delivery Delay
2026-04-03,delivery_delay,36,139,0.2589928057553957,Delivery Delay
2026-04-04,delivery_delay,34,138,0.2463768115942029,Delivery Delay
2026-04-05,delivery_delay,39,134,0.291044776119403,Delivery Delay
2026-04-06,delivery_delay,26,144,0.1805555555555555,Delivery Delay
2026-04-07,delivery_delay,29,135,0.2148148148148148,Delivery Delay
2026-04-08,delivery_delay,24,116,0.2068965517241379,Delivery Delay
2026-04-09,delivery_delay,30,131,0.2290076335877862,Delivery Delay
2026-04-10,delivery_delay,31,137,0.2262773722627737,Delivery Delay
2026-04-11,delivery_delay,23,131,0.1755725190839694,Delivery Delay
2026-04-12,delivery_delay,36,129,0.2790697674418604,Delivery Delay
2026-04-13,delivery_delay,22,121,0.1818181818181818,Delivery Delay
2026-04-14,delivery_delay,33,132,0.25,Delivery Delay
2026-04-15,delivery_delay,35,131,0.2671755725190839,Delivery Delay
2026-04-16,delivery_delay,32,135,0.237037037037037,Delivery Delay
2026-04-17,delivery_delay,26,125,0.208,Delivery Delay
2026-04-18,delivery_delay,29,137,0.2116788321167883,Delivery Delay
2026-04-19,delivery_delay,27,118,0.2288135593220339,Delivery Delay
2026-04-20,delivery_delay,34,140,0.2428571428571428,Delivery Delay
2026-04-21,delivery_delay,23,128,0.1796875,Delivery Delay
2026-04-22,delivery_delay,40,139,0.2877697841726618,Delivery Delay
2026-04-23,delivery_delay,33,125,0.264,Delivery Delay
2026-04-24,delivery_delay,19,130,0.1461538461538461,Delivery Delay
2026-04-25,delivery_delay,27,107,0.2523364485981308,Delivery Delay
2026-04-26,delivery_delay,22,140,0.1571428571428571,Delivery Delay
2026-04-27,delivery_delay,41,140,0.2928571428571428,Delivery Delay
2026-04-28,delivery_delay,24,113,0.2123893805309734,Delivery Delay
2026-04-29,delivery_delay,28,138,0.2028985507246377,Delivery Delay
2026-04-30,delivery_delay,44,126,0.3492063492063492,Delivery Delay
2026-05-01,delivery_delay,30,141,0.2127659574468085,Delivery Delay
2026-05-02,delivery_delay,28,128,0.21875,Delivery Delay
2026-05-03,delivery_delay,24,137,0.1751824817518248,Delivery Delay
2026-05-04,delivery_delay,26,143,0.1818181818181818,Delivery Delay
2026-05-05,delivery_delay,38,155,0.2451612903225806,Delivery Delay
2026-05-06,delivery_delay,32,127,0.2519685039370078,Delivery Delay
2026-05-07,delivery_delay,36,139,0.2589928057553957,Delivery Delay
2026-05-08,delivery_delay,33,136,0.2426470588235294,Delivery Delay
2026-05-09,delivery_delay,35,130,0.2692307692307692,Delivery Delay
2026-05-10,delivery_delay,30,134,0.2238805970149253,Delivery Delay
2026-05-11,delivery_delay,28,125,0.224,Delivery Delay
2026-05-12,delivery_delay,37,132,0.2803030303030303,Delivery Delay
2026-05-13,delivery_delay,32,123,0.2601626016260163,Delivery Delay
2026-05-14,delivery_delay,38,132,0.2878787878787879,Delivery Delay
2026-05-15,delivery_delay,30,131,0.2290076335877862,Delivery Delay
2026-05-16,delivery_delay,32,136,0.2352941176470588,Delivery Delay
2026-05-17,delivery_delay,28,135,0.2074074074074074,Delivery Delay
2026-05-18,delivery_delay,29,120,0.2416666666666666,Delivery Delay
2026-05-19,delivery_delay,34,138,0.2463768115942029,Delivery Delay
2026-05-20,delivery_delay,28,140,0.2,Delivery Delay
2026-05-21,delivery_delay,33,118,0.2796610169491525,Delivery Delay
2026-05-22,delivery_delay,26,141,0.1843971631205673,Delivery Delay
2026-05-23,delivery_delay,37,130,0.2846153846153846,Delivery Delay
2026-05-24,delivery_delay,32,124,0.2580645161290322,Delivery Delay
2026-05-25,delivery_delay,27,128,0.2109375,Delivery Delay
2026-05-26,delivery_delay,23,111,0.2072072072072072,Delivery Delay
2026-05-27,delivery_delay,36,136,0.2647058823529412,Delivery Delay
2026-05-28,delivery_delay,23,125,0.184,Delivery Delay
2026-05-29,delivery_delay,31,125,0.248,Delivery Delay
2026-05-30,delivery_delay,29,111,0.2612612612612612,Delivery Delay
2026-05-31,delivery_delay,27,154,0.1753246753246753,Delivery Delay
2026-06-01,delivery_delay,39,125,0.312,Delivery Delay
2026-06-02,delivery_delay,24,144,0.1666666666666666,Delivery Delay
2026-06-03,delivery_delay,31,141,0.2198581560283688,Delivery Delay
2026-06-04,delivery_delay,31,134,0.2313432835820895,Delivery Delay
2026-06-05,delivery_delay,31,138,0.2246376811594203,Delivery Delay
2026-06-06,delivery_delay,32,133,0.2406015037593984,Delivery Delay
2026-06-07,delivery_delay,32,132,0.2424242424242424,Delivery Delay
2026-06-08,delivery_delay,36,124,0.2903225806451613,Delivery Delay
2026-06-09,delivery_delay,28,141,0.1985815602836879,Delivery Delay
2026-06-10,delivery_delay,27,122,0.221311475409836,Delivery Delay
2026-06-11,delivery_delay,39,143,0.2727272727272727,Delivery Delay
2026-06-12,delivery_delay,30,126,0.238095238095238,Delivery Delay
2026-06-13,delivery_delay,26,115,0.2260869565217391,Delivery Delay
2026-06-14,delivery_delay,28,126,0.2222222222222222,Delivery Delay
2026-06-15,delivery_delay,28,126,0.2222222222222222,Delivery Delay
2026-06-16,delivery_delay,34,130,0.2615384615384615,Delivery Delay
2026-06-17,delivery_delay,35,131,0.2671755725190839,Delivery Delay
2026-06-18,delivery_delay,37,131,0.2824427480916031,Delivery Delay
2026-06-19,delivery_delay,45,147,0.3061224489795918,Delivery Delay
2026-06-20,delivery_delay,27,115,0.2347826086956521,Delivery Delay
2026-06-21,delivery_delay,31,124,0.25,Delivery Delay
2026-06-22,delivery_delay,47,142,0.3309859154929577,Delivery Delay
2026-06-23,delivery_delay,29,131,0.2213740458015267,Delivery Delay
2026-06-24,delivery_delay,23,123,0.1869918699186991,Delivery Delay
2026-06-25,delivery_delay,27,129,0.2093023255813953,Delivery Delay
2026-06-26,delivery_delay,37,146,0.2534246575342466,Delivery Delay
2026-06-27,delivery_delay,31,123,0.2520325203252032,Delivery Delay
2026-06-28,delivery_delay,29,137,0.2116788321167883,Delivery Delay
2026-06-29,delivery_delay,28,119,0.2352941176470588,Delivery Delay
2024-01-01,feature_request,9,132,0.0681818181818181,Feature Requests
2024-01-02,feature_request,9,132,0.0681818181818181,Feature Requests
2024-01-03,feature_request,7,146,0.047945205479452,Feature Requests
2024-01-04,feature_request,11,154,0.0714285714285714,Feature Requests
2024-01-05,feature_request,16,134,0.1194029850746268,Feature Requests
2024-01-06,feature_request,8,142,0.056338028169014,Feature Requests
2024-01-07,feature_request,11,148,0.0743243243243243,Feature Requests
2024-01-08,feature_request,12,140,0.0857142857142857,Feature Requests
2024-01-09,feature_request,15,152,0.0986842105263157,Feature Requests
2024-01-10,feature_request,10,134,0.0746268656716417,Feature Requests
2024-01-11,feature_request,14,145,0.096551724137931,Feature Requests
2024-01-12,feature_request,8,104,0.0769230769230769,Feature Requests
2024-01-13,feature_request,12,140,0.0857142857142857,Feature Requests
2024-01-14,feature_request,10,142,0.0704225352112676,Feature Requests
2024-01-15,feature_request,9,130,0.0692307692307692,Feature Requests
2024-01-16,feature_request,8,113,0.0707964601769911,Feature Requests
2024-01-17,feature_request,8,130,0.0615384615384615,Feature Requests
2024-01-18,feature_request,10,145,0.0689655172413793,Feature Requests
2024-01-19,feature_request,10,133,0.075187969924812,Feature Requests
2024-01-20,feature_request,14,137,0.1021897810218978,Feature Requests
2024-01-21,feature_request,14,144,0.0972222222222222,Feature Requests
2024-01-22,feature_request,14,147,0.0952380952380952,Feature Requests
2024-01-23,feature_request,10,153,0.065359477124183,Feature Requests
2024-01-24,feature_request,6,132,0.0454545454545454,Feature Requests
2024-01-25,feature_request,12,147,0.0816326530612244,Feature Requests
2024-01-26,feature_request,9,133,0.0676691729323308,Feature Requests
2024-01-27,feature_request,16,146,0.1095890410958904,Feature Requests
2024-01-28,feature_request,12,138,0.0869565217391304,Feature Requests
2024-01-29,feature_request,9,127,0.0708661417322834,Feature Requests
2024-01-30,feature_request,15,131,0.1145038167938931,Feature Requests
2024-01-31,feature_request,9,123,0.073170731707317,Feature Requests
2024-02-01,feature_request,13,140,0.0928571428571428,Feature Requests
2024-02-02,feature_request,8,116,0.0689655172413793,Feature Requests
2024-02-03,feature_request,6,113,0.0530973451327433,Feature Requests
2024-02-04,feature_request,15,138,0.108695652173913,Feature Requests
2024-02-05,feature_request,9,135,0.0666666666666666,Feature Requests
2024-02-06,feature_request,7,124,0.0564516129032258,Feature Requests
2024-02-07,feature_request,7,131,0.0534351145038167,Feature Requests
2024-02-08,feature_request,10,110,0.0909090909090909,Feature Requests
2024-02-09,feature_request,13,125,0.104,Feature Requests
2024-02-10,feature_request,9,138,0.0652173913043478,Feature Requests
2024-02-11,feature_request,9,125,0.072,Feature Requests
2024-02-12,feature_request,13,151,0.086092715231788,Feature Requests
2024-02-13,feature_request,10,119,0.0840336134453781,Feature Requests
2024-02-14,feature_request,16,158,0.1012658227848101,Feature Requests
2024-02-15,feature_request,7,126,0.0555555555555555,Feature Requests
2024-02-16,feature_request,17,120,0.1416666666666666,Feature Requests
2024-02-17,feature_request,19,126,0.1507936507936507,Feature Requests
2024-02-18,feature_request,10,130,0.0769230769230769,Feature Requests
2024-02-19,feature_request,12,140,0.0857142857142857,Feature Requests
2024-02-20,feature_request,7,133,0.0526315789473684,Feature Requests
2024-02-21,feature_request,11,141,0.0780141843971631,Feature Requests
2024-02-22,feature_request,12,138,0.0869565217391304,Feature Requests
2024-02-23,feature_request,14,139,0.1007194244604316,Feature Requests
2024-02-24,feature_request,9,128,0.0703125,Feature Requests
2024-02-25,feature_request,9,126,0.0714285714285714,Feature Requests
2024-02-26,feature_request,9,119,0.0756302521008403,Feature Requests
2024-02-27,feature_request,6,125,0.048,Feature Requests
2024-02-28,feature_request,14,126,0.1111111111111111,Feature Requests
2024-02-29,feature_request,7,126,0.0555555555555555,Feature Requests
2024-03-01,feature_request,7,121,0.0578512396694214,Feature Requests
2024-03-02,feature_request,8,141,0.0567375886524822,Feature Requests
2024-03-03,feature_request,6,136,0.0441176470588235,Feature Requests
2024-03-04,feature_request,10,128,0.078125,Feature Requests
2024-03-05,feature_request,7,109,0.0642201834862385,Feature Requests
2024-03-06,feature_request,9,111,0.081081081081081,Feature Requests
2024-03-07,feature_request,14,129,0.1085271317829457,Feature Requests
2024-03-08,feature_request,13,113,0.1150442477876106,Feature Requests
2024-03-09,feature_request,10,127,0.0787401574803149,Feature Requests
2024-03-10,feature_request,9,128,0.0703125,Feature Requests
2024-03-11,feature_request,8,133,0.0601503759398496,Feature Requests
2024-03-12,feature_request,18,109,0.1651376146788991,Feature Requests
2024-03-13,feature_request,14,134,0.1044776119402985,Feature Requests
2024-03-14,feature_request,7,122,0.0573770491803278,Feature Requests
2024-03-15,feature_request,15,152,0.0986842105263157,Feature Requests
2024-03-16,feature_request,11,139,0.079136690647482,Feature Requests
2024-03-17,feature_request,14,135,0.1037037037037037,Feature Requests
2024-03-18,feature_request,8,143,0.0559440559440559,Feature Requests
2024-03-19,feature_request,9,140,0.0642857142857142,Feature Requests
2024-03-20,feature_request,6,122,0.0491803278688524,Feature Requests
2024-03-21,feature_request,9,126,0.0714285714285714,Feature Requests
2024-03-22,feature_request,6,123,0.048780487804878,Feature Requests
2024-03-23,feature_request,10,124,0.0806451612903225,Feature Requests
2024-03-24,feature_request,14,158,0.0886075949367088,Feature Requests
2024-03-25,feature_request,12,156,0.0769230769230769,Feature Requests
2024-03-26,feature_request,8,131,0.0610687022900763,Feature Requests
2024-03-27,feature_request,11,134,0.0820895522388059,Feature Requests
2024-03-28,feature_request,10,130,0.0769230769230769,Feature Requests
2024-03-29,feature_request,6,151,0.0397350993377483,Feature Requests
2024-03-30,feature_request,10,121,0.0826446280991735,Feature Requests
2024-03-31,feature_request,9,133,0.0676691729323308,Feature Requests
2024-04-01,feature_request,12,136,0.088235294117647,Feature Requests
2024-04-02,feature_request,9,124,0.0725806451612903,Feature Requests
2024-04-03,feature_request,9,117,0.0769230769230769,Feature Requests
2024-04-04,feature_request,12,132,0.0909090909090909,Feature Requests
2024-04-05,feature_request,8,135,0.0592592592592592,Feature Requests
2024-04-06,feature_request,10,132,0.0757575757575757,Feature Requests
2024-04-07,feature_request,6,124,0.0483870967741935,Feature Requests
2024-04-08,feature_request,11,139,0.079136690647482,Feature Requests
2024-04-09,feature_request,15,130,0.1153846153846153,Feature Requests
2024-04-10,feature_request,12,152,0.0789473684210526,Feature Requests
2024-04-11,feature_request,9,108,0.0833333333333333,Feature Requests
2024-04-12,feature_request,8,133,0.0601503759398496,Feature Requests
2024-04-13,feature_request,11,123,0.089430894308943,Feature Requests
2024-04-14,feature_request,12,143,0.0839160839160839,Feature Requests
2024-04-15,feature_request,7,130,0.0538461538461538,Feature Requests
2024-04-16,feature_request,6,127,0.0472440944881889,Feature Requests
2024-04-17,feature_request,11,121,0.0909090909090909,Feature Requests
2024-04-18,feature_request,8,155,0.0516129032258064,Feature Requests
2024-04-19,feature_request,8,137,0.0583941605839416,Feature Requests
2024-04-20,feature_request,11,147,0.0748299319727891,Feature Requests
2024-04-21,feature_request,13,137,0.0948905109489051,Feature Requests
2024-04-22,feature_request,11,130,0.0846153846153846,Feature Requests
2024-04-23,feature_request,11,119,0.0924369747899159,Feature Requests
2024-04-24,feature_request,7,121,0.0578512396694214,Feature Requests
2024-04-25,feature_request,8,124,0.064516129032258,Feature Requests
2024-04-26,feature_request,16,138,0.1159420289855072,Feature Requests
2024-04-27,feature_request,5,118,0.0423728813559322,Feature Requests
2024-04-28,feature_request,11,127,0.0866141732283464,Feature Requests
2024-04-29,feature_request,10,131,0.0763358778625954,Feature Requests
2024-04-30,feature_request,8,137,0.0583941605839416,Feature Requests
2024-05-01,feature_request,12,136,0.088235294117647,Feature Requests
2024-05-02,feature_request,12,101,0.1188118811881188,Feature Requests
2024-05-03,feature_request,10,138,0.072463768115942,Feature Requests
2024-05-04,feature_request,9,135,0.0666666666666666,Feature Requests
2024-05-05,feature_request,10,116,0.0862068965517241,Feature Requests
2024-05-06,feature_request,8,140,0.0571428571428571,Feature Requests
2024-05-07,feature_request,13,124,0.1048387096774193,Feature Requests
2024-05-08,feature_request,7,141,0.0496453900709219,Feature Requests
2024-05-09,feature_request,11,125,0.088,Feature Requests
2024-05-10,feature_request,18,133,0.1353383458646616,Feature Requests
2024-05-11,feature_request,13,137,0.0948905109489051,Feature Requests
2024-05-12,feature_request,8,133,0.0601503759398496,Feature Requests
2024-05-13,feature_request,8,151,0.0529801324503311,Feature Requests
2024-05-14,feature_request,9,119,0.0756302521008403,Feature Requests
2024-05-15,feature_request,8,114,0.0701754385964912,Feature Requests
2024-05-16,feature_request,12,129,0.0930232558139534,Feature Requests
2024-05-17,feature_request,8,117,0.0683760683760683,Feature Requests
2024-05-18,feature_request,10,130,0.0769230769230769,Feature Requests
2024-05-19,feature_request,12,123,0.0975609756097561,Feature Requests
2024-05-20,feature_request,13,141,0.0921985815602836,Feature Requests
2024-05-21,feature_request,5,130,0.0384615384615384,Feature Requests
2024-05-22,feature_request,8,140,0.0571428571428571,Feature Requests
2024-05-23,feature_request,14,134,0.1044776119402985,Feature Requests
2024-05-24,feature_request,12,132,0.0909090909090909,Feature Requests
2024-05-25,feature_request,5,125,0.04,Feature Requests
2024-05-26,feature_request,14,148,0.0945945945945946,Feature Requests
2024-05-27,feature_request,11,108,0.1018518518518518,Feature Requests
2024-05-28,feature_request,8,125,0.064,Feature Requests
2024-05-29,feature_request,16,122,0.1311475409836065,Feature Requests
2024-05-30,feature_request,13,133,0.0977443609022556,Feature Requests
2024-05-31,feature_request,9,121,0.0743801652892562,Feature Requests
2024-06-01,feature_request,8,128,0.0625,Feature Requests
2024-06-02,feature_request,10,122,0.081967213114754,Feature Requests
2024-06-03,feature_request,10,130,0.0769230769230769,Feature Requests
2024-06-04,feature_request,10,133,0.075187969924812,Feature Requests
2024-06-05,feature_request,8,125,0.064,Feature Requests
2024-06-06,feature_request,11,145,0.0758620689655172,Feature Requests
2024-06-07,feature_request,8,126,0.0634920634920634,Feature Requests
2024-06-08,feature_request,14,136,0.1029411764705882,Feature Requests
2024-06-09,feature_request,7,120,0.0583333333333333,Feature Requests
2024-06-10,feature_request,12,107,0.1121495327102803,Feature Requests
2024-06-11,feature_request,15,143,0.1048951048951049,Feature Requests
2024-06-12,feature_request,9,128,0.0703125,Feature Requests
2024-06-13,feature_request,17,136,0.125,Feature Requests
2024-06-14,feature_request,11,125,0.088,Feature Requests
2024-06-15,feature_request,15,133,0.112781954887218,Feature Requests
2024-06-16,feature_request,19,155,0.1225806451612903,Feature Requests
2024-06-17,feature_request,6,129,0.0465116279069767,Feature Requests
2024-06-18,feature_request,11,133,0.0827067669172932,Feature Requests
2024-06-19,feature_request,7,120,0.0583333333333333,Feature Requests
2024-06-20,feature_request,3,119,0.0252100840336134,Feature Requests
2024-06-21,feature_request,13,129,0.1007751937984496,Feature Requests
2024-06-22,feature_request,10,146,0.0684931506849315,Feature Requests
2024-06-23,feature_request,12,146,0.0821917808219178,Feature Requests
2024-06-24,feature_request,13,144,0.0902777777777777,Feature Requests
2024-06-25,feature_request,6,162,0.037037037037037,Feature Requests
2024-06-26,feature_request,9,129,0.0697674418604651,Feature Requests
2024-06-27,feature_request,7,148,0.0472972972972973,Feature Requests
2024-06-28,feature_request,10,106,0.0943396226415094,Feature Requests
2024-06-29,feature_request,8,124,0.064516129032258,Feature Requests
2024-06-30,feature_request,14,156,0.0897435897435897,Feature Requests
2024-07-01,feature_request,12,126,0.0952380952380952,Feature Requests
2024-07-02,feature_request,6,122,0.0491803278688524,Feature Requests
2024-07-03,feature_request,13,124,0.1048387096774193,Feature Requests
2024-07-04,feature_request,16,146,0.1095890410958904,Feature Requests
2024-07-05,feature_request,8,154,0.0519480519480519,Feature Requests
2024-07-06,feature_request,12,128,0.09375,Feature Requests
2024-07-07,feature_request,8,125,0.064,Feature Requests
2024-07-08,feature_request,10,130,0.0769230769230769,Feature Requests
2024-07-09,feature_request,13,153,0.0849673202614379,Feature Requests
2024-07-10,feature_request,15,141,0.1063829787234042,Feature Requests
2024-07-11,feature_request,8,132,0.0606060606060606,Feature Requests
2024-07-12,feature_request,13,137,0.0948905109489051,Feature Requests
2024-07-13,feature_request,11,130,0.0846153846153846,Feature Requests
2024-07-14,feature_request,7,130,0.0538461538461538,Feature Requests
2024-07-15,feature_request,10,115,0.0869565217391304,Feature Requests
2024-07-16,feature_request,10,149,0.0671140939597315,Feature Requests
2024-07-17,feature_request,12,125,0.096,Feature Requests
2024-07-18,feature_request,7,120,0.0583333333333333,Feature Requests
2024-07-19,feature_request,7,129,0.0542635658914728,Feature Requests
2024-07-20,feature_request,11,143,0.0769230769230769,Feature Requests
2024-07-21,feature_request,7,145,0.0482758620689655,Feature Requests
2024-07-22,feature_request,15,148,0.1013513513513513,Feature Requests
2024-07-23,feature_request,12,145,0.0827586206896551,Feature Requests
2024-07-24,feature_request,11,115,0.0956521739130434,Feature Requests
2024-07-25,feature_request,10,147,0.0680272108843537,Feature Requests
2024-07-26,feature_request,8,139,0.0575539568345323,Feature Requests
2024-07-27,feature_request,10,123,0.08130081300813,Feature Requests
2024-07-28,feature_request,17,123,0.1382113821138211,Feature Requests
2024-07-29,feature_request,15,126,0.119047619047619,Feature Requests
2024-07-30,feature_request,7,138,0.0507246376811594,Feature Requests
2024-07-31,feature_request,14,120,0.1166666666666666,Feature Requests
2024-08-01,feature_request,11,124,0.0887096774193548,Feature Requests
2024-08-02,feature_request,9,134,0.0671641791044776,Feature Requests
2024-08-03,feature_request,8,131,0.0610687022900763,Feature Requests
2024-08-04,feature_request,10,119,0.0840336134453781,Feature Requests
2024-08-05,feature_request,10,115,0.0869565217391304,Feature Requests
2024-08-06,feature_request,9,139,0.0647482014388489,Feature Requests
2024-08-07,feature_request,7,123,0.056910569105691,Feature Requests
2024-08-08,feature_request,15,134,0.1119402985074626,Feature Requests
2024-08-09,feature_request,10,119,0.0840336134453781,Feature Requests
2024-08-10,feature_request,7,127,0.0551181102362204,Feature Requests
2024-08-11,feature_request,15,140,0.1071428571428571,Feature Requests
2024-08-12,feature_request,16,142,0.1126760563380281,Feature Requests
2024-08-13,feature_request,11,133,0.0827067669172932,Feature Requests
2024-08-14,feature_request,13,145,0.0896551724137931,Feature Requests
2024-08-15,feature_request,7,121,0.0578512396694214,Feature Requests
2024-08-16,feature_request,8,93,0.086021505376344,Feature Requests
2024-08-17,feature_request,14,134,0.1044776119402985,Feature Requests
2024-08-18,feature_request,11,145,0.0758620689655172,Feature Requests
2024-08-19,feature_request,12,132,0.0909090909090909,Feature Requests
2024-08-20,feature_request,13,151,0.086092715231788,Feature Requests
2024-08-21,feature_request,10,135,0.074074074074074,Feature Requests
2024-08-22,feature_request,6,107,0.0560747663551401,Feature Requests
2024-08-23,feature_request,9,116,0.0775862068965517,Feature Requests
2024-08-24,feature_request,12,145,0.0827586206896551,Feature Requests
2024-08-25,feature_request,11,124,0.0887096774193548,Feature Requests
2024-08-26,feature_request,8,134,0.0597014925373134,Feature Requests
2024-08-27,feature_request,8,123,0.065040650406504,Feature Requests
2024-08-28,feature_request,16,133,0.1203007518796992,Feature Requests
2024-08-29,feature_request,11,148,0.0743243243243243,Feature Requests
2024-08-30,feature_request,9,141,0.0638297872340425,Feature Requests
2024-08-31,feature_request,12,143,0.0839160839160839,Feature Requests
2024-09-01,feature_request,8,117,0.0683760683760683,Feature Requests
2024-09-02,feature_request,10,130,0.0769230769230769,Feature Requests
2024-09-03,feature_request,10,149,0.0671140939597315,Feature Requests
2024-09-04,feature_request,13,141,0.0921985815602836,Feature Requests
2024-09-05,feature_request,14,129,0.1085271317829457,Feature Requests
2024-09-06,feature_request,6,137,0.0437956204379562,Feature Requests
2024-09-07,feature_request,7,143,0.0489510489510489,Feature Requests
2024-09-08,feature_request,15,140,0.1071428571428571,Feature Requests
2024-09-09,feature_request,18,133,0.1353383458646616,Feature Requests
2024-09-10,feature_request,17,131,0.1297709923664122,Feature Requests
2024-09-11,feature_request,12,123,0.0975609756097561,Feature Requests
2024-09-12,feature_request,11,128,0.0859375,Feature Requests
2024-09-13,feature_request,9,133,0.0676691729323308,Feature Requests
2024-09-14,feature_request,16,141,0.1134751773049645,Feature Requests
2024-09-15,feature_request,10,122,0.081967213114754,Feature Requests
2024-09-16,feature_request,9,136,0.0661764705882353,Feature Requests
2024-09-17,feature_request,8,136,0.0588235294117647,Feature Requests
2024-09-18,feature_request,14,128,0.109375,Feature Requests
2024-09-19,feature_request,9,122,0.0737704918032786,Feature Requests
2024-09-20,feature_request,16,154,0.1038961038961039,Feature Requests
2024-09-21,feature_request,9,149,0.0604026845637583,Feature Requests
2024-09-22,feature_request,9,121,0.0743801652892562,Feature Requests
2024-09-23,feature_request,10,142,0.0704225352112676,Feature Requests
2024-09-24,feature_request,4,119,0.0336134453781512,Feature Requests
2024-09-25,feature_request,16,144,0.1111111111111111,Feature Requests
2024-09-26,feature_request,9,120,0.075,Feature Requests
2024-09-27,feature_request,10,111,0.09009009009009,Feature Requests
2024-09-28,feature_request,16,135,0.1185185185185185,Feature Requests
2024-09-29,feature_request,15,156,0.0961538461538461,Feature Requests
2024-09-30,feature_request,18,116,0.1551724137931034,Feature Requests
2024-10-01,feature_request,12,133,0.0902255639097744,Feature Requests
2024-10-02,feature_request,7,114,0.0614035087719298,Feature Requests
2024-10-03,feature_request,12,110,0.109090909090909,Feature Requests
2024-10-04,feature_request,13,134,0.0970149253731343,Feature Requests
2024-10-05,feature_request,11,143,0.0769230769230769,Feature Requests
2024-10-06,feature_request,11,142,0.0774647887323943,Feature Requests
2024-10-07,feature_request,11,124,0.0887096774193548,Feature Requests
2024-10-08,feature_request,9,122,0.0737704918032786,Feature Requests
2024-10-09,feature_request,9,129,0.0697674418604651,Feature Requests
2024-10-10,feature_request,12,130,0.0923076923076923,Feature Requests
2024-10-11,feature_request,10,141,0.0709219858156028,Feature Requests
2024-10-12,feature_request,11,119,0.0924369747899159,Feature Requests
2024-10-13,feature_request,10,145,0.0689655172413793,Feature Requests
2024-10-14,feature_request,11,130,0.0846153846153846,Feature Requests
2024-10-15,feature_request,10,120,0.0833333333333333,Feature Requests
2024-10-16,feature_request,10,112,0.0892857142857142,Feature Requests
2024-10-17,feature_request,14,133,0.1052631578947368,Feature Requests
2024-10-18,feature_request,5,112,0.0446428571428571,Feature Requests
2024-10-19,feature_request,11,134,0.0820895522388059,Feature Requests
2024-10-20,feature_request,9,128,0.0703125,Feature Requests
2024-10-21,feature_request,11,127,0.0866141732283464,Feature Requests
2024-10-22,feature_request,13,136,0.0955882352941176,Feature Requests
2024-10-23,feature_request,11,143,0.0769230769230769,Feature Requests
2024-10-24,feature_request,10,118,0.0847457627118644,Feature Requests
2024-10-25,feature_request,10,148,0.0675675675675675,Feature Requests
2024-10-26,feature_request,10,133,0.075187969924812,Feature Requests
2024-10-27,feature_request,8,124,0.064516129032258,Feature Requests
2024-10-28,feature_request,9,133,0.0676691729323308,Feature Requests
2024-10-29,feature_request,9,128,0.0703125,Feature Requests
2024-10-30,feature_request,10,115,0.0869565217391304,Feature Requests
2024-10-31,feature_request,8,127,0.0629921259842519,Feature Requests
2024-11-01,feature_request,10,136,0.0735294117647058,Feature Requests
2024-11-02,feature_request,11,132,0.0833333333333333,Feature Requests
2024-11-03,feature_request,7,117,0.0598290598290598,Feature Requests
2024-11-04,feature_request,16,179,0.0893854748603352,Feature Requests
2024-11-05,feature_request,10,140,0.0714285714285714,Feature Requests
2024-11-06,feature_request,8,146,0.0547945205479452,Feature Requests
2024-11-07,feature_request,9,124,0.0725806451612903,Feature Requests
2024-11-08,feature_request,11,150,0.0733333333333333,Feature Requests
2024-11-09,feature_request,16,141,0.1134751773049645,Feature Requests
2024-11-10,feature_request,15,127,0.1181102362204724,Feature Requests
2024-11-11,feature_request,7,120,0.0583333333333333,Feature Requests
2024-11-12,feature_request,11,126,0.0873015873015873,Feature Requests
2024-11-13,feature_request,4,139,0.0287769784172661,Feature Requests
2024-11-14,feature_request,14,126,0.1111111111111111,Feature Requests
2024-11-15,feature_request,8,109,0.073394495412844,Feature Requests
2024-11-16,feature_request,11,139,0.079136690647482,Feature Requests
2024-11-17,feature_request,6,120,0.05,Feature Requests
2024-11-18,feature_request,10,138,0.072463768115942,Feature Requests
2024-11-19,feature_request,12,135,0.0888888888888888,Feature Requests
2024-11-20,feature_request,10,118,0.0847457627118644,Feature Requests
2024-11-21,feature_request,15,133,0.112781954887218,Feature Requests
2024-11-22,feature_request,17,142,0.1197183098591549,Feature Requests
2024-11-23,feature_request,8,134,0.0597014925373134,Feature Requests
2024-11-24,feature_request,12,134,0.0895522388059701,Feature Requests
2024-11-25,feature_request,10,111,0.09009009009009,Feature Requests
2024-11-26,feature_request,13,143,0.0909090909090909,Feature Requests
2024-11-27,feature_request,15,136,0.1102941176470588,Feature Requests
2024-11-28,feature_request,8,134,0.0597014925373134,Feature Requests
2024-11-29,feature_request,10,131,0.0763358778625954,Feature Requests
2024-11-30,feature_request,20,140,0.1428571428571428,Feature Requests
2024-12-01,feature_request,10,138,0.072463768115942,Feature Requests
2024-12-02,feature_request,10,124,0.0806451612903225,Feature Requests
2024-12-03,feature_request,9,134,0.0671641791044776,Feature Requests
2024-12-04,feature_request,9,130,0.0692307692307692,Feature Requests
2024-12-05,feature_request,14,135,0.1037037037037037,Feature Requests
2024-12-06,feature_request,11,140,0.0785714285714285,Feature Requests
2024-12-07,feature_request,9,141,0.0638297872340425,Feature Requests
2024-12-08,feature_request,9,138,0.0652173913043478,Feature Requests
2024-12-09,feature_request,14,145,0.096551724137931,Feature Requests
2024-12-10,feature_request,12,141,0.0851063829787234,Feature Requests
2024-12-11,feature_request,11,137,0.0802919708029197,Feature Requests
2024-12-12,feature_request,11,142,0.0774647887323943,Feature Requests
2024-12-13,feature_request,13,140,0.0928571428571428,Feature Requests
2024-12-14,feature_request,11,124,0.0887096774193548,Feature Requests
2024-12-15,feature_request,11,128,0.0859375,Feature Requests
2024-12-16,feature_request,10,132,0.0757575757575757,Feature Requests
2024-12-17,feature_request,11,115,0.0956521739130434,Feature Requests
2024-12-18,feature_request,6,122,0.0491803278688524,Feature Requests
2024-12-19,feature_request,8,120,0.0666666666666666,Feature Requests
2024-12-20,feature_request,13,132,0.0984848484848484,Feature Requests
2024-12-21,feature_request,10,107,0.0934579439252336,Feature Requests
2024-12-22,feature_request,9,143,0.0629370629370629,Feature Requests
2024-12-23,feature_request,10,129,0.0775193798449612,Feature Requests
2024-12-24,feature_request,11,103,0.1067961165048543,Feature Requests
2024-12-25,feature_request,9,117,0.0769230769230769,Feature Requests
2024-12-26,feature_request,16,131,0.1221374045801526,Feature Requests
2024-12-27,feature_request,12,136,0.088235294117647,Feature Requests
2024-12-28,feature_request,11,134,0.0820895522388059,Feature Requests
2024-12-29,feature_request,13,135,0.0962962962962963,Feature Requests
2024-12-30,feature_request,12,149,0.0805369127516778,Feature Requests
2024-12-31,feature_request,10,129,0.0775193798449612,Feature Requests
2025-01-01,feature_request,13,118,0.1101694915254237,Feature Requests
2025-01-02,feature_request,9,134,0.0671641791044776,Feature Requests
2025-01-03,feature_request,5,137,0.0364963503649635,Feature Requests
2025-01-04,feature_request,5,119,0.042016806722689,Feature Requests
2025-01-05,feature_request,12,148,0.081081081081081,Feature Requests
2025-01-06,feature_request,7,156,0.0448717948717948,Feature Requests
2025-01-07,feature_request,11,126,0.0873015873015873,Feature Requests
2025-01-08,feature_request,8,150,0.0533333333333333,Feature Requests
2025-01-09,feature_request,10,131,0.0763358778625954,Feature Requests
2025-01-10,feature_request,15,128,0.1171875,Feature Requests
2025-01-11,feature_request,16,148,0.1081081081081081,Feature Requests
2025-01-12,feature_request,15,136,0.1102941176470588,Feature Requests
2025-01-13,feature_request,8,123,0.065040650406504,Feature Requests
2025-01-14,feature_request,12,135,0.0888888888888888,Feature Requests
2025-01-15,feature_request,13,139,0.0935251798561151,Feature Requests
2025-01-16,feature_request,13,148,0.0878378378378378,Feature Requests
2025-01-17,feature_request,16,156,0.1025641025641025,Feature Requests
2025-01-18,feature_request,10,120,0.0833333333333333,Feature Requests
2025-01-19,feature_request,9,120,0.075,Feature Requests
2025-01-20,feature_request,9,132,0.0681818181818181,Feature Requests
2025-01-21,feature_request,11,130,0.0846153846153846,Feature Requests
2025-01-22,feature_request,12,152,0.0789473684210526,Feature Requests
2025-01-23,feature_request,5,139,0.0359712230215827,Feature Requests
2025-01-24,feature_request,11,126,0.0873015873015873,Feature Requests
2025-01-25,feature_request,14,143,0.0979020979020979,Feature Requests
2025-01-26,feature_request,8,148,0.054054054054054,Feature Requests
2025-01-27,feature_request,4,113,0.0353982300884955,Feature Requests
2025-01-28,feature_request,18,156,0.1153846153846153,Feature Requests
2025-01-29,feature_request,12,137,0.0875912408759124,Feature Requests
2025-01-30,feature_request,12,136,0.088235294117647,Feature Requests
2025-01-31,feature_request,6,136,0.0441176470588235,Feature Requests
2025-02-01,feature_request,5,132,0.0378787878787878,Feature Requests
2025-02-02,feature_request,13,138,0.0942028985507246,Feature Requests
2025-02-03,feature_request,5,138,0.036231884057971,Feature Requests
2025-02-04,feature_request,14,132,0.106060606060606,Feature Requests
2025-02-05,feature_request,13,139,0.0935251798561151,Feature Requests
2025-02-06,feature_request,10,143,0.0699300699300699,Feature Requests
2025-02-07,feature_request,15,149,0.1006711409395973,Feature Requests
2025-02-08,feature_request,8,128,0.0625,Feature Requests
2025-02-09,feature_request,7,139,0.0503597122302158,Feature Requests
2025-02-10,feature_request,15,138,0.108695652173913,Feature Requests
2025-02-11,feature_request,8,129,0.0620155038759689,Feature Requests
2025-02-12,feature_request,10,140,0.0714285714285714,Feature Requests
2025-02-13,feature_request,13,148,0.0878378378378378,Feature Requests
2025-02-14,feature_request,11,116,0.0948275862068965,Feature Requests
2025-02-15,feature_request,16,128,0.125,Feature Requests
2025-02-16,feature_request,13,143,0.0909090909090909,Feature Requests
2025-02-17,feature_request,13,136,0.0955882352941176,Feature Requests
2025-02-18,feature_request,12,145,0.0827586206896551,Feature Requests
2025-02-19,feature_request,8,117,0.0683760683760683,Feature Requests
2025-02-20,feature_request,15,143,0.1048951048951049,Feature Requests
2025-02-21,feature_request,8,139,0.0575539568345323,Feature Requests
2025-02-22,feature_request,14,114,0.1228070175438596,Feature Requests
2025-02-23,feature_request,9,123,0.073170731707317,Feature Requests
2025-02-24,feature_request,9,135,0.0666666666666666,Feature Requests
2025-02-25,feature_request,9,139,0.0647482014388489,Feature Requests
2025-02-26,feature_request,10,127,0.0787401574803149,Feature Requests
2025-02-27,feature_request,8,120,0.0666666666666666,Feature Requests
2025-02-28,feature_request,6,130,0.0461538461538461,Feature Requests
2025-03-01,feature_request,11,137,0.0802919708029197,Feature Requests
2025-03-02,feature_request,14,141,0.0992907801418439,Feature Requests
2025-03-03,feature_request,15,128,0.1171875,Feature Requests
2025-03-04,feature_request,18,142,0.1267605633802817,Feature Requests
2025-03-05,feature_request,15,137,0.1094890510948905,Feature Requests
2025-03-06,feature_request,14,143,0.0979020979020979,Feature Requests
2025-03-07,feature_request,9,123,0.073170731707317,Feature Requests
2025-03-08,feature_request,7,128,0.0546875,Feature Requests
2025-03-09,feature_request,9,135,0.0666666666666666,Feature Requests
2025-03-10,feature_request,6,127,0.0472440944881889,Feature Requests
2025-03-11,feature_request,16,138,0.1159420289855072,Feature Requests
2025-03-12,feature_request,15,133,0.112781954887218,Feature Requests
2025-03-13,feature_request,8,121,0.0661157024793388,Feature Requests
2025-03-14,feature_request,11,140,0.0785714285714285,Feature Requests
2025-03-15,feature_request,9,131,0.0687022900763358,Feature Requests
2025-03-16,feature_request,10,134,0.0746268656716417,Feature Requests
2025-03-17,feature_request,12,135,0.0888888888888888,Feature Requests
2025-03-18,feature_request,15,99,0.1515151515151515,Feature Requests
2025-03-19,feature_request,10,121,0.0826446280991735,Feature Requests
2025-03-20,feature_request,10,120,0.0833333333333333,Feature Requests
2025-03-21,feature_request,9,138,0.0652173913043478,Feature Requests
2025-03-22,feature_request,11,142,0.0774647887323943,Feature Requests
2025-03-23,feature_request,8,121,0.0661157024793388,Feature Requests
2025-03-24,feature_request,13,146,0.0890410958904109,Feature Requests
2025-03-25,feature_request,11,119,0.0924369747899159,Feature Requests
2025-03-26,feature_request,9,137,0.0656934306569343,Feature Requests
2025-03-27,feature_request,8,131,0.0610687022900763,Feature Requests
2025-03-28,feature_request,4,125,0.032,Feature Requests
2025-03-29,feature_request,8,125,0.064,Feature Requests
2025-03-30,feature_request,6,137,0.0437956204379562,Feature Requests
2025-03-31,feature_request,13,150,0.0866666666666666,Feature Requests
2025-04-01,feature_request,12,152,0.0789473684210526,Feature Requests
2025-04-02,feature_request,10,145,0.0689655172413793,Feature Requests
2025-04-03,feature_request,10,138,0.072463768115942,Feature Requests
2025-04-04,feature_request,12,116,0.1034482758620689,Feature Requests
2025-04-05,feature_request,16,148,0.1081081081081081,Feature Requests
2025-04-06,feature_request,7,139,0.0503597122302158,Feature Requests
2025-04-07,feature_request,9,119,0.0756302521008403,Feature Requests
2025-04-08,feature_request,9,127,0.0708661417322834,Feature Requests
2025-04-09,feature_request,9,124,0.0725806451612903,Feature Requests
2025-04-10,feature_request,12,147,0.0816326530612244,Feature Requests
2025-04-11,feature_request,13,150,0.0866666666666666,Feature Requests
2025-04-12,feature_request,13,158,0.0822784810126582,Feature Requests
2025-04-13,feature_request,15,109,0.1376146788990825,Feature Requests
2025-04-14,feature_request,13,132,0.0984848484848484,Feature Requests
2025-04-15,feature_request,15,149,0.1006711409395973,Feature Requests
2025-04-16,feature_request,8,130,0.0615384615384615,Feature Requests
2025-04-17,feature_request,11,123,0.089430894308943,Feature Requests
2025-04-18,feature_request,15,139,0.1079136690647482,Feature Requests
2025-04-19,feature_request,10,110,0.0909090909090909,Feature Requests
2025-04-20,feature_request,6,128,0.046875,Feature Requests
2025-04-21,feature_request,8,132,0.0606060606060606,Feature Requests
2025-04-22,feature_request,12,137,0.0875912408759124,Feature Requests
2025-04-23,feature_request,8,130,0.0615384615384615,Feature Requests
2025-04-24,feature_request,13,145,0.0896551724137931,Feature Requests
2025-04-25,feature_request,10,121,0.0826446280991735,Feature Requests
2025-04-26,feature_request,8,129,0.0620155038759689,Feature Requests
2025-04-27,feature_request,9,127,0.0708661417322834,Feature Requests
2025-04-28,feature_request,11,118,0.0932203389830508,Feature Requests
2025-04-29,feature_request,10,122,0.081967213114754,Feature Requests
2025-04-30,feature_request,14,125,0.112,Feature Requests
2025-05-01,feature_request,6,149,0.0402684563758389,Feature Requests
2025-05-02,feature_request,7,122,0.0573770491803278,Feature Requests
2025-05-03,feature_request,9,129,0.0697674418604651,Feature Requests
2025-05-04,feature_request,11,139,0.079136690647482,Feature Requests
2025-05-05,feature_request,13,126,0.1031746031746031,Feature Requests
2025-05-06,feature_request,11,150,0.0733333333333333,Feature Requests
2025-05-07,feature_request,10,130,0.0769230769230769,Feature Requests
2025-05-08,feature_request,9,118,0.0762711864406779,Feature Requests
2025-05-09,feature_request,7,142,0.0492957746478873,Feature Requests
2025-05-10,feature_request,6,124,0.0483870967741935,Feature Requests
2025-05-11,feature_request,11,132,0.0833333333333333,Feature Requests
2025-05-12,feature_request,14,138,0.1014492753623188,Feature Requests
2025-05-13,feature_request,12,129,0.0930232558139534,Feature Requests
2025-05-14,feature_request,11,119,0.0924369747899159,Feature Requests
2025-05-15,feature_request,5,124,0.0403225806451612,Feature Requests
2025-05-16,feature_request,15,139,0.1079136690647482,Feature Requests
2025-05-17,feature_request,6,124,0.0483870967741935,Feature Requests
2025-05-18,feature_request,9,121,0.0743801652892562,Feature Requests
2025-05-19,feature_request,9,114,0.0789473684210526,Feature Requests
2025-05-20,feature_request,11,130,0.0846153846153846,Feature Requests
2025-05-21,feature_request,3,108,0.0277777777777777,Feature Requests
2025-05-22,feature_request,13,156,0.0833333333333333,Feature Requests
2025-05-23,feature_request,18,148,0.1216216216216216,Feature Requests
2025-05-24,feature_request,9,137,0.0656934306569343,Feature Requests
2025-05-25,feature_request,8,141,0.0567375886524822,Feature Requests
2025-05-26,feature_request,11,119,0.0924369747899159,Feature Requests
2025-05-27,feature_request,13,160,0.08125,Feature Requests
2025-05-28,feature_request,7,147,0.0476190476190476,Feature Requests
2025-05-29,feature_request,10,116,0.0862068965517241,Feature Requests
2025-05-30,feature_request,13,133,0.0977443609022556,Feature Requests
2025-05-31,feature_request,11,140,0.0785714285714285,Feature Requests
2025-06-01,feature_request,5,132,0.0378787878787878,Feature Requests
2025-06-02,feature_request,6,118,0.0508474576271186,Feature Requests
2025-06-03,feature_request,8,121,0.0661157024793388,Feature Requests
2025-06-04,feature_request,8,141,0.0567375886524822,Feature Requests
2025-06-05,feature_request,6,116,0.0517241379310344,Feature Requests
2025-06-06,feature_request,12,140,0.0857142857142857,Feature Requests
2025-06-07,feature_request,6,138,0.0434782608695652,Feature Requests
2025-06-08,feature_request,11,142,0.0774647887323943,Feature Requests
2025-06-09,feature_request,9,126,0.0714285714285714,Feature Requests
2025-06-10,feature_request,13,152,0.0855263157894736,Feature Requests
2025-06-11,feature_request,9,133,0.0676691729323308,Feature Requests
2025-06-12,feature_request,11,137,0.0802919708029197,Feature Requests
2025-06-13,feature_request,12,137,0.0875912408759124,Feature Requests
2025-06-14,feature_request,10,113,0.0884955752212389,Feature Requests
2025-06-15,feature_request,9,104,0.0865384615384615,Feature Requests
2025-06-16,feature_request,8,132,0.0606060606060606,Feature Requests
2025-06-17,feature_request,9,117,0.0769230769230769,Feature Requests
2025-06-18,feature_request,11,136,0.0808823529411764,Feature Requests
2025-06-19,feature_request,17,130,0.1307692307692307,Feature Requests
2025-06-20,feature_request,13,137,0.0948905109489051,Feature Requests
2025-06-21,feature_request,14,146,0.0958904109589041,Feature Requests
2025-06-22,feature_request,11,134,0.0820895522388059,Feature Requests
2025-06-23,feature_request,15,116,0.1293103448275862,Feature Requests
2025-06-24,feature_request,6,134,0.044776119402985,Feature Requests
2025-06-25,feature_request,12,118,0.1016949152542373,Feature Requests
2025-06-26,feature_request,15,119,0.1260504201680672,Feature Requests
2025-06-27,feature_request,14,143,0.0979020979020979,Feature Requests
2025-06-28,feature_request,14,132,0.106060606060606,Feature Requests
2025-06-29,feature_request,11,140,0.0785714285714285,Feature Requests
2025-06-30,feature_request,12,133,0.0902255639097744,Feature Requests
2025-07-01,feature_request,7,118,0.059322033898305,Feature Requests
2025-07-02,feature_request,9,128,0.0703125,Feature Requests
2025-07-03,feature_request,8,124,0.064516129032258,Feature Requests
2025-07-04,feature_request,3,124,0.0241935483870967,Feature Requests
2025-07-05,feature_request,5,126,0.0396825396825396,Feature Requests
2025-07-06,feature_request,14,131,0.1068702290076335,Feature Requests
2025-07-07,feature_request,9,116,0.0775862068965517,Feature Requests
2025-07-08,feature_request,13,158,0.0822784810126582,Feature Requests
2025-07-09,feature_request,8,134,0.0597014925373134,Feature Requests
2025-07-10,feature_request,13,151,0.086092715231788,Feature Requests
2025-07-11,feature_request,11,139,0.079136690647482,Feature Requests
2025-07-12,feature_request,10,141,0.0709219858156028,Feature Requests
2025-07-13,feature_request,12,122,0.0983606557377049,Feature Requests
2025-07-14,feature_request,10,123,0.08130081300813,Feature Requests
2025-07-15,feature_request,7,120,0.0583333333333333,Feature Requests
2025-07-16,feature_request,9,112,0.0803571428571428,Feature Requests
2025-07-17,feature_request,10,136,0.0735294117647058,Feature Requests
2025-07-18,feature_request,17,141,0.1205673758865248,Feature Requests
2025-07-19,feature_request,16,145,0.1103448275862069,Feature Requests
2025-07-20,feature_request,16,147,0.1088435374149659,Feature Requests
2025-07-21,feature_request,9,124,0.0725806451612903,Feature Requests
2025-07-22,feature_request,10,125,0.08,Feature Requests
2025-07-23,feature_request,10,129,0.0775193798449612,Feature Requests
2025-07-24,feature_request,16,154,0.1038961038961039,Feature Requests
2025-07-25,feature_request,8,126,0.0634920634920634,Feature Requests
2025-07-26,feature_request,10,146,0.0684931506849315,Feature Requests
2025-07-27,feature_request,11,144,0.0763888888888889,Feature Requests
2025-07-28,feature_request,12,148,0.081081081081081,Feature Requests
2025-07-29,feature_request,6,101,0.0594059405940594,Feature Requests
2025-07-30,feature_request,12,133,0.0902255639097744,Feature Requests
2025-07-31,feature_request,14,133,0.1052631578947368,Feature Requests
2025-08-01,feature_request,11,143,0.0769230769230769,Feature Requests
2025-08-02,feature_request,10,151,0.0662251655629139,Feature Requests
2025-08-03,feature_request,6,130,0.0461538461538461,Feature Requests
2025-08-04,feature_request,12,143,0.0839160839160839,Feature Requests
2025-08-05,feature_request,7,122,0.0573770491803278,Feature Requests
2025-08-06,feature_request,16,143,0.1118881118881118,Feature Requests
2025-08-07,feature_request,8,116,0.0689655172413793,Feature Requests
2025-08-08,feature_request,15,124,0.1209677419354838,Feature Requests
2025-08-09,feature_request,10,125,0.08,Feature Requests
2025-08-10,feature_request,13,158,0.0822784810126582,Feature Requests
2025-08-11,feature_request,14,131,0.1068702290076335,Feature Requests
2025-08-12,feature_request,9,155,0.0580645161290322,Feature Requests
2025-08-13,feature_request,8,119,0.0672268907563025,Feature Requests
2025-08-14,feature_request,8,136,0.0588235294117647,Feature Requests
2025-08-15,feature_request,9,142,0.0633802816901408,Feature Requests
2025-08-16,feature_request,18,117,0.1538461538461538,Feature Requests
2025-08-17,feature_request,13,138,0.0942028985507246,Feature Requests
2025-08-18,feature_request,7,117,0.0598290598290598,Feature Requests
2025-08-19,feature_request,10,129,0.0775193798449612,Feature Requests
2025-08-20,feature_request,16,146,0.1095890410958904,Feature Requests
2025-08-21,feature_request,12,145,0.0827586206896551,Feature Requests
2025-08-22,feature_request,11,146,0.0753424657534246,Feature Requests
2025-08-23,feature_request,7,122,0.0573770491803278,Feature Requests
2025-08-24,feature_request,15,129,0.1162790697674418,Feature Requests
2025-08-25,feature_request,9,129,0.0697674418604651,Feature Requests
2025-08-26,feature_request,11,124,0.0887096774193548,Feature Requests
2025-08-27,feature_request,11,126,0.0873015873015873,Feature Requests
2025-08-28,feature_request,9,123,0.073170731707317,Feature Requests
2025-08-29,feature_request,17,121,0.140495867768595,Feature Requests
2025-08-30,feature_request,10,127,0.0787401574803149,Feature Requests
2025-08-31,feature_request,11,124,0.0887096774193548,Feature Requests
2025-09-01,feature_request,12,132,0.0909090909090909,Feature Requests
2025-09-02,feature_request,5,132,0.0378787878787878,Feature Requests
2025-09-03,feature_request,12,136,0.088235294117647,Feature Requests
2025-09-04,feature_request,7,133,0.0526315789473684,Feature Requests
2025-09-05,feature_request,10,113,0.0884955752212389,Feature Requests
2025-09-06,feature_request,7,122,0.0573770491803278,Feature Requests
2025-09-07,feature_request,13,141,0.0921985815602836,Feature Requests
2025-09-08,feature_request,10,141,0.0709219858156028,Feature Requests
2025-09-09,feature_request,8,152,0.0526315789473684,Feature Requests
2025-09-10,feature_request,14,127,0.1102362204724409,Feature Requests
2025-09-11,feature_request,12,129,0.0930232558139534,Feature Requests
2025-09-12,feature_request,6,129,0.0465116279069767,Feature Requests
2025-09-13,feature_request,11,115,0.0956521739130434,Feature Requests
2025-09-14,feature_request,8,119,0.0672268907563025,Feature Requests
2025-09-15,feature_request,18,132,0.1363636363636363,Feature Requests
2025-09-16,feature_request,12,133,0.0902255639097744,Feature Requests
2025-09-17,feature_request,17,137,0.1240875912408759,Feature Requests
2025-09-18,feature_request,12,135,0.0888888888888888,Feature Requests
2025-09-19,feature_request,7,138,0.0507246376811594,Feature Requests
2025-09-20,feature_request,10,142,0.0704225352112676,Feature Requests
2025-09-21,feature_request,9,118,0.0762711864406779,Feature Requests
2025-09-22,feature_request,7,117,0.0598290598290598,Feature Requests
2025-09-23,feature_request,10,125,0.08,Feature Requests
2025-09-24,feature_request,10,129,0.0775193798449612,Feature Requests
2025-09-25,feature_request,7,113,0.0619469026548672,Feature Requests
2025-09-26,feature_request,11,135,0.0814814814814814,Feature Requests
2025-09-27,feature_request,15,146,0.1027397260273972,Feature Requests
2025-09-28,feature_request,14,140,0.1,Feature Requests
2025-09-29,feature_request,8,122,0.0655737704918032,Feature Requests
2025-09-30,feature_request,15,134,0.1119402985074626,Feature Requests
2025-10-01,feature_request,7,135,0.0518518518518518,Feature Requests
2025-10-02,feature_request,11,114,0.0964912280701754,Feature Requests
2025-10-03,feature_request,8,125,0.064,Feature Requests
2025-10-04,feature_request,9,139,0.0647482014388489,Feature Requests
2025-10-05,feature_request,12,118,0.1016949152542373,Feature Requests
2025-10-06,feature_request,8,130,0.0615384615384615,Feature Requests
2025-10-07,feature_request,9,130,0.0692307692307692,Feature Requests
2025-10-08,feature_request,16,129,0.1240310077519379,Feature Requests
2025-10-09,feature_request,8,141,0.0567375886524822,Feature Requests
2025-10-10,feature_request,14,127,0.1102362204724409,Feature Requests
2025-10-11,feature_request,12,142,0.0845070422535211,Feature Requests
2025-10-12,feature_request,10,116,0.0862068965517241,Feature Requests
2025-10-13,feature_request,5,121,0.0413223140495867,Feature Requests
2025-10-14,feature_request,6,123,0.048780487804878,Feature Requests
2025-10-15,feature_request,17,137,0.1240875912408759,Feature Requests
2025-10-16,feature_request,18,143,0.1258741258741259,Feature Requests
2025-10-17,feature_request,5,107,0.0467289719626168,Feature Requests
2025-10-18,feature_request,12,143,0.0839160839160839,Feature Requests
2025-10-19,feature_request,10,114,0.087719298245614,Feature Requests
2025-10-20,feature_request,10,110,0.0909090909090909,Feature Requests
2025-10-21,feature_request,7,115,0.0608695652173913,Feature Requests
2025-10-22,feature_request,10,115,0.0869565217391304,Feature Requests
2025-10-23,feature_request,8,140,0.0571428571428571,Feature Requests
2025-10-24,feature_request,8,130,0.0615384615384615,Feature Requests
2025-10-25,feature_request,13,133,0.0977443609022556,Feature Requests
2025-10-26,feature_request,6,138,0.0434782608695652,Feature Requests
2025-10-27,feature_request,6,132,0.0454545454545454,Feature Requests
2025-10-28,feature_request,12,142,0.0845070422535211,Feature Requests
2025-10-29,feature_request,11,134,0.0820895522388059,Feature Requests
2025-10-30,feature_request,6,130,0.0461538461538461,Feature Requests
2025-10-31,feature_request,6,105,0.0571428571428571,Feature Requests
2025-11-01,feature_request,16,149,0.1073825503355704,Feature Requests
2025-11-02,feature_request,9,128,0.0703125,Feature Requests
2025-11-03,feature_request,15,136,0.1102941176470588,Feature Requests
2025-11-04,feature_request,13,130,0.1,Feature Requests
2025-11-05,feature_request,10,133,0.075187969924812,Feature Requests
2025-11-06,feature_request,9,126,0.0714285714285714,Feature Requests
2025-11-07,feature_request,14,146,0.0958904109589041,Feature Requests
2025-11-08,feature_request,10,142,0.0704225352112676,Feature Requests
2025-11-09,feature_request,7,118,0.059322033898305,Feature Requests
2025-11-10,feature_request,12,129,0.0930232558139534,Feature Requests
2025-11-11,feature_request,10,145,0.0689655172413793,Feature Requests
2025-11-12,feature_request,9,112,0.0803571428571428,Feature Requests
2025-11-13,feature_request,15,136,0.1102941176470588,Feature Requests
2025-11-14,feature_request,9,117,0.0769230769230769,Feature Requests
2025-11-15,feature_request,9,110,0.0818181818181818,Feature Requests
2025-11-16,feature_request,10,137,0.072992700729927,Feature Requests
2025-11-17,feature_request,16,149,0.1073825503355704,Feature Requests
2025-11-18,feature_request,16,134,0.1194029850746268,Feature Requests
2025-11-19,feature_request,6,123,0.048780487804878,Feature Requests
2025-11-20,feature_request,13,143,0.0909090909090909,Feature Requests
2025-11-21,feature_request,10,120,0.0833333333333333,Feature Requests
2025-11-22,feature_request,10,130,0.0769230769230769,Feature Requests
2025-11-23,feature_request,14,129,0.1085271317829457,Feature Requests
2025-11-24,feature_request,9,121,0.0743801652892562,Feature Requests
2025-11-25,feature_request,10,119,0.0840336134453781,Feature Requests
2025-11-26,feature_request,9,119,0.0756302521008403,Feature Requests
2025-11-27,feature_request,10,140,0.0714285714285714,Feature Requests
2025-11-28,feature_request,11,129,0.0852713178294573,Feature Requests
2025-11-29,feature_request,10,151,0.0662251655629139,Feature Requests
2025-11-30,feature_request,10,129,0.0775193798449612,Feature Requests
2025-12-01,feature_request,9,168,0.0535714285714285,Feature Requests
2025-12-02,feature_request,8,119,0.0672268907563025,Feature Requests
2025-12-03,feature_request,13,133,0.0977443609022556,Feature Requests
2025-12-04,feature_request,14,139,0.1007194244604316,Feature Requests
2025-12-05,feature_request,9,113,0.079646017699115,Feature Requests
2025-12-06,feature_request,15,134,0.1119402985074626,Feature Requests
2025-12-07,feature_request,9,124,0.0725806451612903,Feature Requests
2025-12-08,feature_request,11,153,0.0718954248366013,Feature Requests
2025-12-09,feature_request,8,134,0.0597014925373134,Feature Requests
2025-12-10,feature_request,14,147,0.0952380952380952,Feature Requests
2025-12-11,feature_request,6,132,0.0454545454545454,Feature Requests
2025-12-12,feature_request,13,131,0.099236641221374,Feature Requests
2025-12-13,feature_request,10,137,0.072992700729927,Feature Requests
2025-12-14,feature_request,8,105,0.0761904761904762,Feature Requests
2025-12-15,feature_request,12,122,0.0983606557377049,Feature Requests
2025-12-16,feature_request,9,136,0.0661764705882353,Feature Requests
2025-12-17,feature_request,10,128,0.078125,Feature Requests
2025-12-18,feature_request,12,118,0.1016949152542373,Feature Requests
2025-12-19,feature_request,14,140,0.1,Feature Requests
2025-12-20,feature_request,12,145,0.0827586206896551,Feature Requests
2025-12-21,feature_request,9,121,0.0743801652892562,Feature Requests
2025-12-22,feature_request,16,138,0.1159420289855072,Feature Requests
2025-12-23,feature_request,7,137,0.0510948905109489,Feature Requests
2025-12-24,feature_request,7,123,0.056910569105691,Feature Requests
2025-12-25,feature_request,9,123,0.073170731707317,Feature Requests
2025-12-26,feature_request,11,135,0.0814814814814814,Feature Requests
2025-12-27,feature_request,11,119,0.0924369747899159,Feature Requests
2025-12-28,feature_request,12,151,0.0794701986754966,Feature Requests
2025-12-29,feature_request,18,130,0.1384615384615384,Feature Requests
2025-12-30,feature_request,11,115,0.0956521739130434,Feature Requests
2025-12-31,feature_request,7,134,0.0522388059701492,Feature Requests
2026-01-01,feature_request,19,140,0.1357142857142857,Feature Requests
2026-01-02,feature_request,13,116,0.1120689655172413,Feature Requests
2026-01-03,feature_request,9,132,0.0681818181818181,Feature Requests
2026-01-04,feature_request,7,123,0.056910569105691,Feature Requests
2026-01-05,feature_request,18,125,0.144,Feature Requests
2026-01-06,feature_request,13,137,0.0948905109489051,Feature Requests
2026-01-07,feature_request,4,123,0.032520325203252,Feature Requests
2026-01-08,feature_request,7,111,0.063063063063063,Feature Requests
2026-01-09,feature_request,8,127,0.0629921259842519,Feature Requests
2026-01-10,feature_request,16,143,0.1118881118881118,Feature Requests
2026-01-11,feature_request,11,118,0.0932203389830508,Feature Requests
2026-01-12,feature_request,9,145,0.0620689655172413,Feature Requests
2026-01-13,feature_request,12,138,0.0869565217391304,Feature Requests
2026-01-14,feature_request,8,127,0.0629921259842519,Feature Requests
2026-01-15,feature_request,9,135,0.0666666666666666,Feature Requests
2026-01-16,feature_request,14,120,0.1166666666666666,Feature Requests
2026-01-17,feature_request,16,120,0.1333333333333333,Feature Requests
2026-01-18,feature_request,8,131,0.0610687022900763,Feature Requests
2026-01-19,feature_request,8,136,0.0588235294117647,Feature Requests
2026-01-20,feature_request,12,127,0.0944881889763779,Feature Requests
2026-01-21,feature_request,10,130,0.0769230769230769,Feature Requests
2026-01-22,feature_request,7,149,0.046979865771812,Feature Requests
2026-01-23,feature_request,12,115,0.1043478260869565,Feature Requests
2026-01-24,feature_request,10,134,0.0746268656716417,Feature Requests
2026-01-25,feature_request,16,124,0.1290322580645161,Feature Requests
2026-01-26,feature_request,12,125,0.096,Feature Requests
2026-01-27,feature_request,8,139,0.0575539568345323,Feature Requests
2026-01-28,feature_request,11,121,0.0909090909090909,Feature Requests
2026-01-29,feature_request,9,132,0.0681818181818181,Feature Requests
2026-01-30,feature_request,19,140,0.1357142857142857,Feature Requests
2026-01-31,feature_request,12,114,0.1052631578947368,Feature Requests
2026-02-01,feature_request,11,115,0.0956521739130434,Feature Requests
2026-02-02,feature_request,12,147,0.0816326530612244,Feature Requests
2026-02-03,feature_request,9,153,0.0588235294117647,Feature Requests
2026-02-04,feature_request,16,136,0.1176470588235294,Feature Requests
2026-02-05,feature_request,6,133,0.0451127819548872,Feature Requests
2026-02-06,feature_request,12,126,0.0952380952380952,Feature Requests
2026-02-07,feature_request,13,143,0.0909090909090909,Feature Requests
2026-02-08,feature_request,27,140,0.1928571428571428,Feature Requests
2026-02-09,feature_request,9,137,0.0656934306569343,Feature Requests
2026-02-10,feature_request,8,134,0.0597014925373134,Feature Requests
2026-02-11,feature_request,10,121,0.0826446280991735,Feature Requests
2026-02-12,feature_request,12,130,0.0923076923076923,Feature Requests
2026-02-13,feature_request,8,131,0.0610687022900763,Feature Requests
2026-02-14,feature_request,6,129,0.0465116279069767,Feature Requests
2026-02-15,feature_request,9,141,0.0638297872340425,Feature Requests
2026-02-16,feature_request,10,149,0.0671140939597315,Feature Requests
2026-02-17,feature_request,11,118,0.0932203389830508,Feature Requests
2026-02-18,feature_request,9,121,0.0743801652892562,Feature Requests
2026-02-19,feature_request,15,123,0.1219512195121951,Feature Requests
2026-02-20,feature_request,2,131,0.015267175572519,Feature Requests
2026-02-21,feature_request,12,156,0.0769230769230769,Feature Requests
2026-02-22,feature_request,11,118,0.0932203389830508,Feature Requests
2026-02-23,feature_request,8,145,0.0551724137931034,Feature Requests
2026-02-24,feature_request,7,140,0.05,Feature Requests
2026-02-25,feature_request,11,114,0.0964912280701754,Feature Requests
2026-02-26,feature_request,11,140,0.0785714285714285,Feature Requests
2026-02-27,feature_request,8,138,0.0579710144927536,Feature Requests
2026-02-28,feature_request,10,113,0.0884955752212389,Feature Requests
2026-03-01,feature_request,16,137,0.1167883211678832,Feature Requests
2026-03-02,feature_request,9,131,0.0687022900763358,Feature Requests
2026-03-03,feature_request,10,164,0.0609756097560975,Feature Requests
2026-03-04,feature_request,12,144,0.0833333333333333,Feature Requests
2026-03-05,feature_request,6,147,0.0408163265306122,Feature Requests
2026-03-06,feature_request,11,131,0.0839694656488549,Feature Requests
2026-03-07,feature_request,9,133,0.0676691729323308,Feature Requests
2026-03-08,feature_request,11,128,0.0859375,Feature Requests
2026-03-09,feature_request,17,124,0.1370967741935483,Feature Requests
2026-03-10,feature_request,5,129,0.0387596899224806,Feature Requests
2026-03-11,feature_request,12,127,0.0944881889763779,Feature Requests
2026-03-12,feature_request,14,120,0.1166666666666666,Feature Requests
2026-03-13,feature_request,16,139,0.1151079136690647,Feature Requests
2026-03-14,feature_request,12,131,0.0916030534351145,Feature Requests
2026-03-15,feature_request,9,123,0.073170731707317,Feature Requests
2026-03-16,feature_request,6,119,0.0504201680672268,Feature Requests
2026-03-17,feature_request,10,138,0.072463768115942,Feature Requests
2026-03-18,feature_request,9,150,0.06,Feature Requests
2026-03-19,feature_request,9,136,0.0661764705882353,Feature Requests
2026-03-20,feature_request,9,142,0.0633802816901408,Feature Requests
2026-03-21,feature_request,9,114,0.0789473684210526,Feature Requests
2026-03-22,feature_request,10,146,0.0684931506849315,Feature Requests
2026-03-23,feature_request,17,139,0.1223021582733813,Feature Requests
2026-03-24,feature_request,12,121,0.0991735537190082,Feature Requests
2026-03-25,feature_request,10,140,0.0714285714285714,Feature Requests
2026-03-26,feature_request,12,138,0.0869565217391304,Feature Requests
2026-03-27,feature_request,7,139,0.0503597122302158,Feature Requests
2026-03-28,feature_request,7,116,0.0603448275862069,Feature Requests
2026-03-29,feature_request,9,130,0.0692307692307692,Feature Requests
2026-03-30,feature_request,9,145,0.0620689655172413,Feature Requests
2026-03-31,feature_request,10,125,0.08,Feature Requests
2026-04-01,feature_request,16,126,0.1269841269841269,Feature Requests
2026-04-02,feature_request,7,124,0.0564516129032258,Feature Requests
2026-04-03,feature_request,3,139,0.0215827338129496,Feature Requests
2026-04-04,feature_request,14,138,0.1014492753623188,Feature Requests
2026-04-05,feature_request,6,134,0.044776119402985,Feature Requests
2026-04-06,feature_request,13,144,0.0902777777777777,Feature Requests
2026-04-07,feature_request,8,135,0.0592592592592592,Feature Requests
2026-04-08,feature_request,9,116,0.0775862068965517,Feature Requests
2026-04-09,feature_request,5,131,0.0381679389312977,Feature Requests
2026-04-10,feature_request,12,137,0.0875912408759124,Feature Requests
2026-04-11,feature_request,15,131,0.1145038167938931,Feature Requests
2026-04-12,feature_request,12,129,0.0930232558139534,Feature Requests
2026-04-13,feature_request,7,121,0.0578512396694214,Feature Requests
2026-04-14,feature_request,11,132,0.0833333333333333,Feature Requests
2026-04-15,feature_request,15,131,0.1145038167938931,Feature Requests
2026-04-16,feature_request,14,135,0.1037037037037037,Feature Requests
2026-04-17,feature_request,9,125,0.072,Feature Requests
2026-04-18,feature_request,7,137,0.0510948905109489,Feature Requests
2026-04-19,feature_request,9,118,0.0762711864406779,Feature Requests
2026-04-20,feature_request,21,140,0.15,Feature Requests
2026-04-21,feature_request,10,128,0.078125,Feature Requests
2026-04-22,feature_request,13,139,0.0935251798561151,Feature Requests
2026-04-23,feature_request,9,125,0.072,Feature Requests
2026-04-24,feature_request,5,130,0.0384615384615384,Feature Requests
2026-04-25,feature_request,9,107,0.0841121495327102,Feature Requests
2026-04-26,feature_request,16,140,0.1142857142857142,Feature Requests
2026-04-27,feature_request,9,140,0.0642857142857142,Feature Requests
2026-04-28,feature_request,6,113,0.0530973451327433,Feature Requests
2026-04-29,feature_request,7,138,0.0507246376811594,Feature Requests
2026-04-30,feature_request,9,126,0.0714285714285714,Feature Requests
2026-05-01,feature_request,9,141,0.0638297872340425,Feature Requests
2026-05-02,feature_request,10,128,0.078125,Feature Requests
2026-05-03,feature_request,8,137,0.0583941605839416,Feature Requests
2026-05-04,feature_request,12,143,0.0839160839160839,Feature Requests
2026-05-05,feature_request,15,155,0.0967741935483871,Feature Requests
2026-05-06,feature_request,10,127,0.0787401574803149,Feature Requests
2026-05-07,feature_request,9,139,0.0647482014388489,Feature Requests
2026-05-08,feature_request,13,136,0.0955882352941176,Feature Requests
2026-05-09,feature_request,7,130,0.0538461538461538,Feature Requests
2026-05-10,feature_request,7,134,0.0522388059701492,Feature Requests
2026-05-11,feature_request,6,125,0.048,Feature Requests
2026-05-12,feature_request,10,132,0.0757575757575757,Feature Requests
2026-05-13,feature_request,14,123,0.1138211382113821,Feature Requests
2026-05-14,feature_request,13,132,0.0984848484848484,Feature Requests
2026-05-15,feature_request,13,131,0.099236641221374,Feature Requests
2026-05-16,feature_request,12,136,0.088235294117647,Feature Requests
2026-05-17,feature_request,9,135,0.0666666666666666,Feature Requests
2026-05-18,feature_request,10,120,0.0833333333333333,Feature Requests
2026-05-19,feature_request,11,138,0.0797101449275362,Feature Requests
2026-05-20,feature_request,16,140,0.1142857142857142,Feature Requests
2026-05-21,feature_request,15,118,0.1271186440677966,Feature Requests
2026-05-22,feature_request,12,141,0.0851063829787234,Feature Requests
2026-05-23,feature_request,11,130,0.0846153846153846,Feature Requests
2026-05-24,feature_request,9,124,0.0725806451612903,Feature Requests
2026-05-25,feature_request,9,128,0.0703125,Feature Requests
2026-05-26,feature_request,10,111,0.09009009009009,Feature Requests
2026-05-27,feature_request,15,136,0.1102941176470588,Feature Requests
2026-05-28,feature_request,12,125,0.096,Feature Requests
2026-05-29,feature_request,6,125,0.048,Feature Requests
2026-05-30,feature_request,6,111,0.054054054054054,Feature Requests
2026-05-31,feature_request,10,154,0.0649350649350649,Feature Requests
2026-06-01,feature_request,9,125,0.072,Feature Requests
2026-06-02,feature_request,9,144,0.0625,Feature Requests
2026-06-03,feature_request,12,141,0.0851063829787234,Feature Requests
2026-06-04,feature_request,11,134,0.0820895522388059,Feature Requests
2026-06-05,feature_request,17,138,0.1231884057971014,Feature Requests
2026-06-06,feature_request,10,133,0.075187969924812,Feature Requests
2026-06-07,feature_request,12,132,0.0909090909090909,Feature Requests
2026-06-08,feature_request,9,124,0.0725806451612903,Feature Requests
2026-06-09,feature_request,7,141,0.0496453900709219,Feature Requests
2026-06-10,feature_request,12,122,0.0983606557377049,Feature Requests
2026-06-11,feature_request,12,143,0.0839160839160839,Feature Requests
2026-06-12,feature_request,11,126,0.0873015873015873,Feature Requests
2026-06-13,feature_request,7,115,0.0608695652173913,Feature Requests
2026-06-14,feature_request,11,126,0.0873015873015873,Feature Requests
2026-06-15,feature_request,10,126,0.0793650793650793,Feature Requests
2026-06-16,feature_request,7,130,0.0538461538461538,Feature Requests
2026-06-17,feature_request,12,131,0.0916030534351145,Feature Requests
2026-06-18,feature_request,11,131,0.0839694656488549,Feature Requests
2026-06-19,feature_request,17,147,0.1156462585034013,Feature Requests
2026-06-20,feature_request,10,115,0.0869565217391304,Feature Requests
2026-06-21,feature_request,7,124,0.0564516129032258,Feature Requests
2026-06-22,feature_request,11,142,0.0774647887323943,Feature Requests
2026-06-23,feature_request,13,131,0.099236641221374,Feature Requests
2026-06-24,feature_request,5,123,0.040650406504065,Feature Requests
2026-06-25,feature_request,8,129,0.0620155038759689,Feature Requests
2026-06-26,feature_request,7,146,0.047945205479452,Feature Requests
2026-06-27,feature_request,7,123,0.056910569105691,Feature Requests
2026-06-28,feature_request,17,137,0.1240875912408759,Feature Requests
2026-06-29,feature_request,13,119,0.1092436974789916,Feature Requests
2024-01-01,general_satisfaction,11,132,0.0833333333333333,General Satisfaction
2024-01-02,general_satisfaction,20,132,0.1515151515151515,General Satisfaction
2024-01-03,general_satisfaction,13,146,0.0890410958904109,General Satisfaction
2024-01-04,general_satisfaction,19,154,0.1233766233766233,General Satisfaction
2024-01-05,general_satisfaction,12,134,0.0895522388059701,General Satisfaction
2024-01-06,general_satisfaction,15,142,0.1056338028169014,General Satisfaction
2024-01-07,general_satisfaction,18,148,0.1216216216216216,General Satisfaction
2024-01-08,general_satisfaction,14,140,0.1,General Satisfaction
2024-01-09,general_satisfaction,18,152,0.1184210526315789,General Satisfaction
2024-01-10,general_satisfaction,20,134,0.1492537313432835,General Satisfaction
2024-01-11,general_satisfaction,22,145,0.1517241379310344,General Satisfaction
2024-01-12,general_satisfaction,6,104,0.0576923076923076,General Satisfaction
2024-01-13,general_satisfaction,22,140,0.1571428571428571,General Satisfaction
2024-01-14,general_satisfaction,17,142,0.1197183098591549,General Satisfaction
2024-01-15,general_satisfaction,21,130,0.1615384615384615,General Satisfaction
2024-01-16,general_satisfaction,17,113,0.1504424778761062,General Satisfaction
2024-01-17,general_satisfaction,15,130,0.1153846153846153,General Satisfaction
2024-01-18,general_satisfaction,15,145,0.1034482758620689,General Satisfaction
2024-01-19,general_satisfaction,13,133,0.0977443609022556,General Satisfaction
2024-01-20,general_satisfaction,16,137,0.1167883211678832,General Satisfaction
2024-01-21,general_satisfaction,23,144,0.1597222222222222,General Satisfaction
2024-01-22,general_satisfaction,16,147,0.1088435374149659,General Satisfaction
2024-01-23,general_satisfaction,15,153,0.0980392156862745,General Satisfaction
2024-01-24,general_satisfaction,19,132,0.1439393939393939,General Satisfaction
2024-01-25,general_satisfaction,19,147,0.1292517006802721,General Satisfaction
2024-01-26,general_satisfaction,15,133,0.112781954887218,General Satisfaction
2024-01-27,general_satisfaction,18,146,0.1232876712328767,General Satisfaction
2024-01-28,general_satisfaction,12,138,0.0869565217391304,General Satisfaction
2024-01-29,general_satisfaction,19,127,0.1496062992125984,General Satisfaction
2024-01-30,general_satisfaction,8,131,0.0610687022900763,General Satisfaction
2024-01-31,general_satisfaction,11,123,0.089430894308943,General Satisfaction
2024-02-01,general_satisfaction,17,140,0.1214285714285714,General Satisfaction
2024-02-02,general_satisfaction,14,116,0.1206896551724138,General Satisfaction
2024-02-03,general_satisfaction,11,113,0.0973451327433628,General Satisfaction
2024-02-04,general_satisfaction,12,138,0.0869565217391304,General Satisfaction
2024-02-05,general_satisfaction,9,135,0.0666666666666666,General Satisfaction
2024-02-06,general_satisfaction,19,124,0.1532258064516129,General Satisfaction
2024-02-07,general_satisfaction,20,131,0.1526717557251908,General Satisfaction
2024-02-08,general_satisfaction,14,110,0.1272727272727272,General Satisfaction
2024-02-09,general_satisfaction,20,125,0.16,General Satisfaction
2024-02-10,general_satisfaction,12,138,0.0869565217391304,General Satisfaction
2024-02-11,general_satisfaction,17,125,0.136,General Satisfaction
2024-02-12,general_satisfaction,15,151,0.0993377483443708,General Satisfaction
2024-02-13,general_satisfaction,13,119,0.1092436974789916,General Satisfaction
2024-02-14,general_satisfaction,17,158,0.1075949367088607,General Satisfaction
2024-02-15,general_satisfaction,15,126,0.119047619047619,General Satisfaction
2024-02-16,general_satisfaction,15,120,0.125,General Satisfaction
2024-02-17,general_satisfaction,11,126,0.0873015873015873,General Satisfaction
2024-02-18,general_satisfaction,11,130,0.0846153846153846,General Satisfaction
2024-02-19,general_satisfaction,19,140,0.1357142857142857,General Satisfaction
2024-02-20,general_satisfaction,13,133,0.0977443609022556,General Satisfaction
2024-02-21,general_satisfaction,20,141,0.1418439716312056,General Satisfaction
2024-02-22,general_satisfaction,14,138,0.1014492753623188,General Satisfaction
2024-02-23,general_satisfaction,12,139,0.0863309352517985,General Satisfaction
2024-02-24,general_satisfaction,14,128,0.109375,General Satisfaction
2024-02-25,general_satisfaction,16,126,0.1269841269841269,General Satisfaction
2024-02-26,general_satisfaction,13,119,0.1092436974789916,General Satisfaction
2024-02-27,general_satisfaction,16,125,0.128,General Satisfaction
2024-02-28,general_satisfaction,14,126,0.1111111111111111,General Satisfaction
2024-02-29,general_satisfaction,17,126,0.1349206349206349,General Satisfaction
2024-03-01,general_satisfaction,12,121,0.0991735537190082,General Satisfaction
2024-03-02,general_satisfaction,21,141,0.1489361702127659,General Satisfaction
2024-03-03,general_satisfaction,18,136,0.1323529411764706,General Satisfaction
2024-03-04,general_satisfaction,14,128,0.109375,General Satisfaction
2024-03-05,general_satisfaction,10,109,0.091743119266055,General Satisfaction
2024-03-06,general_satisfaction,12,111,0.1081081081081081,General Satisfaction
2024-03-07,general_satisfaction,10,129,0.0775193798449612,General Satisfaction
2024-03-08,general_satisfaction,15,113,0.1327433628318584,General Satisfaction
2024-03-09,general_satisfaction,16,127,0.1259842519685039,General Satisfaction
2024-03-10,general_satisfaction,10,128,0.078125,General Satisfaction
2024-03-11,general_satisfaction,12,133,0.0902255639097744,General Satisfaction
2024-03-12,general_satisfaction,15,109,0.1376146788990825,General Satisfaction
2024-03-13,general_satisfaction,13,134,0.0970149253731343,General Satisfaction
2024-03-14,general_satisfaction,18,122,0.1475409836065573,General Satisfaction
2024-03-15,general_satisfaction,16,152,0.1052631578947368,General Satisfaction
2024-03-16,general_satisfaction,11,139,0.079136690647482,General Satisfaction
2024-03-17,general_satisfaction,15,135,0.1111111111111111,General Satisfaction
2024-03-18,general_satisfaction,15,143,0.1048951048951049,General Satisfaction
2024-03-19,general_satisfaction,21,140,0.15,General Satisfaction
2024-03-20,general_satisfaction,17,122,0.1393442622950819,General Satisfaction
2024-03-21,general_satisfaction,15,126,0.119047619047619,General Satisfaction
2024-03-22,general_satisfaction,12,123,0.0975609756097561,General Satisfaction
2024-03-23,general_satisfaction,16,124,0.1290322580645161,General Satisfaction
2024-03-24,general_satisfaction,20,158,0.1265822784810126,General Satisfaction
2024-03-25,general_satisfaction,16,156,0.1025641025641025,General Satisfaction
2024-03-26,general_satisfaction,14,131,0.1068702290076335,General Satisfaction
2024-03-27,general_satisfaction,14,134,0.1044776119402985,General Satisfaction
2024-03-28,general_satisfaction,12,130,0.0923076923076923,General Satisfaction
2024-03-29,general_satisfaction,20,151,0.1324503311258278,General Satisfaction
2024-03-30,general_satisfaction,16,121,0.1322314049586777,General Satisfaction
2024-03-31,general_satisfaction,12,133,0.0902255639097744,General Satisfaction
2024-04-01,general_satisfaction,20,136,0.1470588235294117,General Satisfaction
2024-04-02,general_satisfaction,16,124,0.1290322580645161,General Satisfaction
2024-04-03,general_satisfaction,19,117,0.1623931623931624,General Satisfaction
2024-04-04,general_satisfaction,17,132,0.1287878787878787,General Satisfaction
2024-04-05,general_satisfaction,14,135,0.1037037037037037,General Satisfaction
2024-04-06,general_satisfaction,19,132,0.1439393939393939,General Satisfaction
2024-04-07,general_satisfaction,14,124,0.1129032258064516,General Satisfaction
2024-04-08,general_satisfaction,19,139,0.1366906474820144,General Satisfaction
2024-04-09,general_satisfaction,20,130,0.1538461538461538,General Satisfaction
2024-04-10,general_satisfaction,18,152,0.1184210526315789,General Satisfaction
2024-04-11,general_satisfaction,12,108,0.1111111111111111,General Satisfaction
2024-04-12,general_satisfaction,17,133,0.1278195488721804,General Satisfaction
2024-04-13,general_satisfaction,17,123,0.1382113821138211,General Satisfaction
2024-04-14,general_satisfaction,16,143,0.1118881118881118,General Satisfaction
2024-04-15,general_satisfaction,17,130,0.1307692307692307,General Satisfaction
2024-04-16,general_satisfaction,12,127,0.0944881889763779,General Satisfaction
2024-04-17,general_satisfaction,11,121,0.0909090909090909,General Satisfaction
2024-04-18,general_satisfaction,21,155,0.1354838709677419,General Satisfaction
2024-04-19,general_satisfaction,18,137,0.1313868613138686,General Satisfaction
2024-04-20,general_satisfaction,12,147,0.0816326530612244,General Satisfaction
2024-04-21,general_satisfaction,18,137,0.1313868613138686,General Satisfaction
2024-04-22,general_satisfaction,18,130,0.1384615384615384,General Satisfaction
2024-04-23,general_satisfaction,8,119,0.0672268907563025,General Satisfaction
2024-04-24,general_satisfaction,16,121,0.1322314049586777,General Satisfaction
2024-04-25,general_satisfaction,11,124,0.0887096774193548,General Satisfaction
2024-04-26,general_satisfaction,18,138,0.1304347826086956,General Satisfaction
2024-04-27,general_satisfaction,14,118,0.1186440677966101,General Satisfaction
2024-04-28,general_satisfaction,16,127,0.1259842519685039,General Satisfaction
2024-04-29,general_satisfaction,15,131,0.1145038167938931,General Satisfaction
2024-04-30,general_satisfaction,21,137,0.1532846715328467,General Satisfaction
2024-05-01,general_satisfaction,10,136,0.0735294117647058,General Satisfaction
2024-05-02,general_satisfaction,13,101,0.1287128712871287,General Satisfaction
2024-05-03,general_satisfaction,14,138,0.1014492753623188,General Satisfaction
2024-05-04,general_satisfaction,20,135,0.1481481481481481,General Satisfaction
2024-05-05,general_satisfaction,13,116,0.1120689655172413,General Satisfaction
2024-05-06,general_satisfaction,18,140,0.1285714285714285,General Satisfaction
2024-05-07,general_satisfaction,13,124,0.1048387096774193,General Satisfaction
2024-05-08,general_satisfaction,15,141,0.1063829787234042,General Satisfaction
2024-05-09,general_satisfaction,19,125,0.152,General Satisfaction
2024-05-10,general_satisfaction,22,133,0.1654135338345864,General Satisfaction
2024-05-11,general_satisfaction,19,137,0.1386861313868613,General Satisfaction
2024-05-12,general_satisfaction,14,133,0.1052631578947368,General Satisfaction
2024-05-13,general_satisfaction,24,151,0.1589403973509933,General Satisfaction
2024-05-14,general_satisfaction,9,119,0.0756302521008403,General Satisfaction
2024-05-15,general_satisfaction,21,114,0.1842105263157894,General Satisfaction
2024-05-16,general_satisfaction,15,129,0.1162790697674418,General Satisfaction
2024-05-17,general_satisfaction,13,117,0.1111111111111111,General Satisfaction
2024-05-18,general_satisfaction,12,130,0.0923076923076923,General Satisfaction
2024-05-19,general_satisfaction,11,123,0.089430894308943,General Satisfaction
2024-05-20,general_satisfaction,22,141,0.1560283687943262,General Satisfaction
2024-05-21,general_satisfaction,17,130,0.1307692307692307,General Satisfaction
2024-05-22,general_satisfaction,18,140,0.1285714285714285,General Satisfaction
2024-05-23,general_satisfaction,15,134,0.1119402985074626,General Satisfaction
2024-05-24,general_satisfaction,15,132,0.1136363636363636,General Satisfaction
2024-05-25,general_satisfaction,21,125,0.168,General Satisfaction
2024-05-26,general_satisfaction,18,148,0.1216216216216216,General Satisfaction
2024-05-27,general_satisfaction,10,108,0.0925925925925925,General Satisfaction
2024-05-28,general_satisfaction,18,125,0.144,General Satisfaction
2024-05-29,general_satisfaction,17,122,0.1393442622950819,General Satisfaction
2024-05-30,general_satisfaction,19,133,0.1428571428571428,General Satisfaction
2024-05-31,general_satisfaction,22,121,0.1818181818181818,General Satisfaction
2024-06-01,general_satisfaction,13,128,0.1015625,General Satisfaction
2024-06-02,general_satisfaction,15,122,0.1229508196721311,General Satisfaction
2024-06-03,general_satisfaction,13,130,0.1,General Satisfaction
2024-06-04,general_satisfaction,9,133,0.0676691729323308,General Satisfaction
2024-06-05,general_satisfaction,12,125,0.096,General Satisfaction
2024-06-06,general_satisfaction,18,145,0.1241379310344827,General Satisfaction
2024-06-07,general_satisfaction,14,126,0.1111111111111111,General Satisfaction
2024-06-08,general_satisfaction,12,136,0.088235294117647,General Satisfaction
2024-06-09,general_satisfaction,14,120,0.1166666666666666,General Satisfaction
2024-06-10,general_satisfaction,12,107,0.1121495327102803,General Satisfaction
2024-06-11,general_satisfaction,13,143,0.0909090909090909,General Satisfaction
2024-06-12,general_satisfaction,14,128,0.109375,General Satisfaction
2024-06-13,general_satisfaction,17,136,0.125,General Satisfaction
2024-06-14,general_satisfaction,14,125,0.112,General Satisfaction
2024-06-15,general_satisfaction,22,133,0.1654135338345864,General Satisfaction
2024-06-16,general_satisfaction,15,155,0.0967741935483871,General Satisfaction
2024-06-17,general_satisfaction,10,129,0.0775193798449612,General Satisfaction
2024-06-18,general_satisfaction,14,133,0.1052631578947368,General Satisfaction
2024-06-19,general_satisfaction,19,120,0.1583333333333333,General Satisfaction
2024-06-20,general_satisfaction,21,119,0.1764705882352941,General Satisfaction
2024-06-21,general_satisfaction,14,129,0.1085271317829457,General Satisfaction
2024-06-22,general_satisfaction,16,146,0.1095890410958904,General Satisfaction
2024-06-23,general_satisfaction,23,146,0.1575342465753424,General Satisfaction
2024-06-24,general_satisfaction,16,144,0.1111111111111111,General Satisfaction
2024-06-25,general_satisfaction,16,162,0.0987654320987654,General Satisfaction
2024-06-26,general_satisfaction,17,129,0.1317829457364341,General Satisfaction
2024-06-27,general_satisfaction,14,148,0.0945945945945946,General Satisfaction
2024-06-28,general_satisfaction,15,106,0.1415094339622641,General Satisfaction
2024-06-29,general_satisfaction,15,124,0.1209677419354838,General Satisfaction
2024-06-30,general_satisfaction,18,156,0.1153846153846153,General Satisfaction
2024-07-01,general_satisfaction,11,126,0.0873015873015873,General Satisfaction
2024-07-02,general_satisfaction,18,122,0.1475409836065573,General Satisfaction
2024-07-03,general_satisfaction,12,124,0.0967741935483871,General Satisfaction
2024-07-04,general_satisfaction,16,146,0.1095890410958904,General Satisfaction
2024-07-05,general_satisfaction,17,154,0.1103896103896103,General Satisfaction
2024-07-06,general_satisfaction,13,128,0.1015625,General Satisfaction
2024-07-07,general_satisfaction,16,125,0.128,General Satisfaction
2024-07-08,general_satisfaction,17,130,0.1307692307692307,General Satisfaction
2024-07-09,general_satisfaction,19,153,0.1241830065359477,General Satisfaction
2024-07-10,general_satisfaction,16,141,0.1134751773049645,General Satisfaction
2024-07-11,general_satisfaction,11,132,0.0833333333333333,General Satisfaction
2024-07-12,general_satisfaction,22,137,0.1605839416058394,General Satisfaction
2024-07-13,general_satisfaction,16,130,0.123076923076923,General Satisfaction
2024-07-14,general_satisfaction,20,130,0.1538461538461538,General Satisfaction
2024-07-15,general_satisfaction,14,115,0.1217391304347826,General Satisfaction
2024-07-16,general_satisfaction,20,149,0.1342281879194631,General Satisfaction
2024-07-17,general_satisfaction,18,125,0.144,General Satisfaction
2024-07-18,general_satisfaction,16,120,0.1333333333333333,General Satisfaction
2024-07-19,general_satisfaction,12,129,0.0930232558139534,General Satisfaction
2024-07-20,general_satisfaction,16,143,0.1118881118881118,General Satisfaction
2024-07-21,general_satisfaction,21,145,0.1448275862068965,General Satisfaction
2024-07-22,general_satisfaction,27,148,0.1824324324324324,General Satisfaction
2024-07-23,general_satisfaction,28,145,0.193103448275862,General Satisfaction
2024-07-24,general_satisfaction,16,115,0.1391304347826087,General Satisfaction
2024-07-25,general_satisfaction,18,147,0.1224489795918367,General Satisfaction
2024-07-26,general_satisfaction,14,139,0.1007194244604316,General Satisfaction
2024-07-27,general_satisfaction,16,123,0.1300813008130081,General Satisfaction
2024-07-28,general_satisfaction,8,123,0.065040650406504,General Satisfaction
2024-07-29,general_satisfaction,15,126,0.119047619047619,General Satisfaction
2024-07-30,general_satisfaction,18,138,0.1304347826086956,General Satisfaction
2024-07-31,general_satisfaction,16,120,0.1333333333333333,General Satisfaction
2024-08-01,general_satisfaction,19,124,0.1532258064516129,General Satisfaction
2024-08-02,general_satisfaction,18,134,0.1343283582089552,General Satisfaction
2024-08-03,general_satisfaction,19,131,0.1450381679389313,General Satisfaction
2024-08-04,general_satisfaction,16,119,0.134453781512605,General Satisfaction
2024-08-05,general_satisfaction,8,115,0.0695652173913043,General Satisfaction
2024-08-06,general_satisfaction,9,139,0.0647482014388489,General Satisfaction
2024-08-07,general_satisfaction,20,123,0.1626016260162601,General Satisfaction
2024-08-08,general_satisfaction,16,134,0.1194029850746268,General Satisfaction
2024-08-09,general_satisfaction,12,119,0.1008403361344537,General Satisfaction
2024-08-10,general_satisfaction,20,127,0.1574803149606299,General Satisfaction
2024-08-11,general_satisfaction,17,140,0.1214285714285714,General Satisfaction
2024-08-12,general_satisfaction,17,142,0.1197183098591549,General Satisfaction
2024-08-13,general_satisfaction,11,133,0.0827067669172932,General Satisfaction
2024-08-14,general_satisfaction,26,145,0.1793103448275862,General Satisfaction
2024-08-15,general_satisfaction,16,121,0.1322314049586777,General Satisfaction
2024-08-16,general_satisfaction,7,93,0.075268817204301,General Satisfaction
2024-08-17,general_satisfaction,20,134,0.1492537313432835,General Satisfaction
2024-08-18,general_satisfaction,21,145,0.1448275862068965,General Satisfaction
2024-08-19,general_satisfaction,15,132,0.1136363636363636,General Satisfaction
2024-08-20,general_satisfaction,16,151,0.1059602649006622,General Satisfaction
2024-08-21,general_satisfaction,21,135,0.1555555555555555,General Satisfaction
2024-08-22,general_satisfaction,15,107,0.1401869158878504,General Satisfaction
2024-08-23,general_satisfaction,12,116,0.1034482758620689,General Satisfaction
2024-08-24,general_satisfaction,28,145,0.193103448275862,General Satisfaction
2024-08-25,general_satisfaction,15,124,0.1209677419354838,General Satisfaction
2024-08-26,general_satisfaction,18,134,0.1343283582089552,General Satisfaction
2024-08-27,general_satisfaction,15,123,0.1219512195121951,General Satisfaction
2024-08-28,general_satisfaction,14,133,0.1052631578947368,General Satisfaction
2024-08-29,general_satisfaction,19,148,0.1283783783783783,General Satisfaction
2024-08-30,general_satisfaction,16,141,0.1134751773049645,General Satisfaction
2024-08-31,general_satisfaction,15,143,0.1048951048951049,General Satisfaction
2024-09-01,general_satisfaction,15,117,0.1282051282051282,General Satisfaction
2024-09-02,general_satisfaction,19,130,0.1461538461538461,General Satisfaction
2024-09-03,general_satisfaction,18,149,0.1208053691275167,General Satisfaction
2024-09-04,general_satisfaction,22,141,0.1560283687943262,General Satisfaction
2024-09-05,general_satisfaction,18,129,0.1395348837209302,General Satisfaction
2024-09-06,general_satisfaction,6,137,0.0437956204379562,General Satisfaction
2024-09-07,general_satisfaction,17,143,0.1188811188811188,General Satisfaction
2024-09-08,general_satisfaction,13,140,0.0928571428571428,General Satisfaction
2024-09-09,general_satisfaction,18,133,0.1353383458646616,General Satisfaction
2024-09-10,general_satisfaction,9,131,0.0687022900763358,General Satisfaction
2024-09-11,general_satisfaction,12,123,0.0975609756097561,General Satisfaction
2024-09-12,general_satisfaction,17,128,0.1328125,General Satisfaction
2024-09-13,general_satisfaction,15,133,0.112781954887218,General Satisfaction
2024-09-14,general_satisfaction,15,141,0.1063829787234042,General Satisfaction
2024-09-15,general_satisfaction,4,122,0.0327868852459016,General Satisfaction
2024-09-16,general_satisfaction,12,136,0.088235294117647,General Satisfaction
2024-09-17,general_satisfaction,20,136,0.1470588235294117,General Satisfaction
2024-09-18,general_satisfaction,17,128,0.1328125,General Satisfaction
2024-09-19,general_satisfaction,14,122,0.1147540983606557,General Satisfaction
2024-09-20,general_satisfaction,17,154,0.1103896103896103,General Satisfaction
2024-09-21,general_satisfaction,20,149,0.1342281879194631,General Satisfaction
2024-09-22,general_satisfaction,10,121,0.0826446280991735,General Satisfaction
2024-09-23,general_satisfaction,16,142,0.1126760563380281,General Satisfaction
2024-09-24,general_satisfaction,12,119,0.1008403361344537,General Satisfaction
2024-09-25,general_satisfaction,19,144,0.1319444444444444,General Satisfaction
2024-09-26,general_satisfaction,14,120,0.1166666666666666,General Satisfaction
2024-09-27,general_satisfaction,7,111,0.063063063063063,General Satisfaction
2024-09-28,general_satisfaction,16,135,0.1185185185185185,General Satisfaction
2024-09-29,general_satisfaction,14,156,0.0897435897435897,General Satisfaction
2024-09-30,general_satisfaction,8,116,0.0689655172413793,General Satisfaction
2024-10-01,general_satisfaction,15,133,0.112781954887218,General Satisfaction
2024-10-02,general_satisfaction,13,114,0.1140350877192982,General Satisfaction
2024-10-03,general_satisfaction,12,110,0.109090909090909,General Satisfaction
2024-10-04,general_satisfaction,16,134,0.1194029850746268,General Satisfaction
2024-10-05,general_satisfaction,18,143,0.1258741258741259,General Satisfaction
2024-10-06,general_satisfaction,17,142,0.1197183098591549,General Satisfaction
2024-10-07,general_satisfaction,18,124,0.1451612903225806,General Satisfaction
2024-10-08,general_satisfaction,15,122,0.1229508196721311,General Satisfaction
2024-10-09,general_satisfaction,17,129,0.1317829457364341,General Satisfaction
2024-10-10,general_satisfaction,17,130,0.1307692307692307,General Satisfaction
2024-10-11,general_satisfaction,9,141,0.0638297872340425,General Satisfaction
2024-10-12,general_satisfaction,15,119,0.1260504201680672,General Satisfaction
2024-10-13,general_satisfaction,19,145,0.1310344827586207,General Satisfaction
2024-10-14,general_satisfaction,24,130,0.1846153846153846,General Satisfaction
2024-10-15,general_satisfaction,18,120,0.15,General Satisfaction
2024-10-16,general_satisfaction,15,112,0.1339285714285714,General Satisfaction
2024-10-17,general_satisfaction,11,133,0.0827067669172932,General Satisfaction
2024-10-18,general_satisfaction,13,112,0.1160714285714285,General Satisfaction
2024-10-19,general_satisfaction,17,134,0.126865671641791,General Satisfaction
2024-10-20,general_satisfaction,12,128,0.09375,General Satisfaction
2024-10-21,general_satisfaction,16,127,0.1259842519685039,General Satisfaction
2024-10-22,general_satisfaction,20,136,0.1470588235294117,General Satisfaction
2024-10-23,general_satisfaction,15,143,0.1048951048951049,General Satisfaction
2024-10-24,general_satisfaction,8,118,0.0677966101694915,General Satisfaction
2024-10-25,general_satisfaction,18,148,0.1216216216216216,General Satisfaction
2024-10-26,general_satisfaction,7,133,0.0526315789473684,General Satisfaction
2024-10-27,general_satisfaction,11,124,0.0887096774193548,General Satisfaction
2024-10-28,general_satisfaction,19,133,0.1428571428571428,General Satisfaction
2024-10-29,general_satisfaction,17,128,0.1328125,General Satisfaction
2024-10-30,general_satisfaction,12,115,0.1043478260869565,General Satisfaction
2024-10-31,general_satisfaction,9,127,0.0708661417322834,General Satisfaction
2024-11-01,general_satisfaction,16,136,0.1176470588235294,General Satisfaction
2024-11-02,general_satisfaction,15,132,0.1136363636363636,General Satisfaction
2024-11-03,general_satisfaction,15,117,0.1282051282051282,General Satisfaction
2024-11-04,general_satisfaction,22,179,0.1229050279329608,General Satisfaction
2024-11-05,general_satisfaction,18,140,0.1285714285714285,General Satisfaction
2024-11-06,general_satisfaction,13,146,0.0890410958904109,General Satisfaction
2024-11-07,general_satisfaction,19,124,0.1532258064516129,General Satisfaction
2024-11-08,general_satisfaction,18,150,0.12,General Satisfaction
2024-11-09,general_satisfaction,19,141,0.1347517730496454,General Satisfaction
2024-11-10,general_satisfaction,19,127,0.1496062992125984,General Satisfaction
2024-11-11,general_satisfaction,13,120,0.1083333333333333,General Satisfaction
2024-11-12,general_satisfaction,17,126,0.1349206349206349,General Satisfaction
2024-11-13,general_satisfaction,23,139,0.1654676258992805,General Satisfaction
2024-11-14,general_satisfaction,19,126,0.1507936507936507,General Satisfaction
2024-11-15,general_satisfaction,15,109,0.1376146788990825,General Satisfaction
2024-11-16,general_satisfaction,23,139,0.1654676258992805,General Satisfaction
2024-11-17,general_satisfaction,11,120,0.0916666666666666,General Satisfaction
2024-11-18,general_satisfaction,17,138,0.1231884057971014,General Satisfaction
2024-11-19,general_satisfaction,18,135,0.1333333333333333,General Satisfaction
2024-11-20,general_satisfaction,11,118,0.0932203389830508,General Satisfaction
2024-11-21,general_satisfaction,10,133,0.075187969924812,General Satisfaction
2024-11-22,general_satisfaction,22,142,0.1549295774647887,General Satisfaction
2024-11-23,general_satisfaction,15,134,0.1119402985074626,General Satisfaction
2024-11-24,general_satisfaction,14,134,0.1044776119402985,General Satisfaction
2024-11-25,general_satisfaction,15,111,0.1351351351351351,General Satisfaction
2024-11-26,general_satisfaction,12,143,0.0839160839160839,General Satisfaction
2024-11-27,general_satisfaction,15,136,0.1102941176470588,General Satisfaction
2024-11-28,general_satisfaction,20,134,0.1492537313432835,General Satisfaction
2024-11-29,general_satisfaction,18,131,0.1374045801526717,General Satisfaction
2024-11-30,general_satisfaction,14,140,0.1,General Satisfaction
2024-12-01,general_satisfaction,21,138,0.1521739130434782,General Satisfaction
2024-12-02,general_satisfaction,19,124,0.1532258064516129,General Satisfaction
2024-12-03,general_satisfaction,23,134,0.1716417910447761,General Satisfaction
2024-12-04,general_satisfaction,18,130,0.1384615384615384,General Satisfaction
2024-12-05,general_satisfaction,22,135,0.1629629629629629,General Satisfaction
2024-12-06,general_satisfaction,21,140,0.15,General Satisfaction
2024-12-07,general_satisfaction,15,141,0.1063829787234042,General Satisfaction
2024-12-08,general_satisfaction,7,138,0.0507246376811594,General Satisfaction
2024-12-09,general_satisfaction,24,145,0.1655172413793103,General Satisfaction
2024-12-10,general_satisfaction,13,141,0.0921985815602836,General Satisfaction
2024-12-11,general_satisfaction,15,137,0.1094890510948905,General Satisfaction
2024-12-12,general_satisfaction,23,142,0.1619718309859155,General Satisfaction
2024-12-13,general_satisfaction,20,140,0.1428571428571428,General Satisfaction
2024-12-14,general_satisfaction,13,124,0.1048387096774193,General Satisfaction
2024-12-15,general_satisfaction,16,128,0.125,General Satisfaction
2024-12-16,general_satisfaction,16,132,0.1212121212121212,General Satisfaction
2024-12-17,general_satisfaction,13,115,0.1130434782608695,General Satisfaction
2024-12-18,general_satisfaction,22,122,0.180327868852459,General Satisfaction
2024-12-19,general_satisfaction,12,120,0.1,General Satisfaction
2024-12-20,general_satisfaction,12,132,0.0909090909090909,General Satisfaction
2024-12-21,general_satisfaction,12,107,0.1121495327102803,General Satisfaction
2024-12-22,general_satisfaction,8,143,0.0559440559440559,General Satisfaction
2024-12-23,general_satisfaction,18,129,0.1395348837209302,General Satisfaction
2024-12-24,general_satisfaction,11,103,0.1067961165048543,General Satisfaction
2024-12-25,general_satisfaction,12,117,0.1025641025641025,General Satisfaction
2024-12-26,general_satisfaction,14,131,0.1068702290076335,General Satisfaction
2024-12-27,general_satisfaction,19,136,0.1397058823529411,General Satisfaction
2024-12-28,general_satisfaction,14,134,0.1044776119402985,General Satisfaction
2024-12-29,general_satisfaction,18,135,0.1333333333333333,General Satisfaction
2024-12-30,general_satisfaction,17,149,0.1140939597315436,General Satisfaction
2024-12-31,general_satisfaction,19,129,0.1472868217054263,General Satisfaction
2025-01-01,general_satisfaction,16,118,0.135593220338983,General Satisfaction
2025-01-02,general_satisfaction,18,134,0.1343283582089552,General Satisfaction
2025-01-03,general_satisfaction,14,137,0.1021897810218978,General Satisfaction
2025-01-04,general_satisfaction,19,119,0.1596638655462184,General Satisfaction
2025-01-05,general_satisfaction,11,148,0.0743243243243243,General Satisfaction
2025-01-06,general_satisfaction,21,156,0.1346153846153846,General Satisfaction
2025-01-07,general_satisfaction,16,126,0.1269841269841269,General Satisfaction
2025-01-08,general_satisfaction,17,150,0.1133333333333333,General Satisfaction
2025-01-09,general_satisfaction,14,131,0.1068702290076335,General Satisfaction
2025-01-10,general_satisfaction,8,128,0.0625,General Satisfaction
2025-01-11,general_satisfaction,15,148,0.1013513513513513,General Satisfaction
2025-01-12,general_satisfaction,13,136,0.0955882352941176,General Satisfaction
2025-01-13,general_satisfaction,15,123,0.1219512195121951,General Satisfaction
2025-01-14,general_satisfaction,18,135,0.1333333333333333,General Satisfaction
2025-01-15,general_satisfaction,16,139,0.1151079136690647,General Satisfaction
2025-01-16,general_satisfaction,20,148,0.1351351351351351,General Satisfaction
2025-01-17,general_satisfaction,21,156,0.1346153846153846,General Satisfaction
2025-01-18,general_satisfaction,5,120,0.0416666666666666,General Satisfaction
2025-01-19,general_satisfaction,14,120,0.1166666666666666,General Satisfaction
2025-01-20,general_satisfaction,18,132,0.1363636363636363,General Satisfaction
2025-01-21,general_satisfaction,19,130,0.1461538461538461,General Satisfaction
2025-01-22,general_satisfaction,19,152,0.125,General Satisfaction
2025-01-23,general_satisfaction,14,139,0.1007194244604316,General Satisfaction
2025-01-24,general_satisfaction,10,126,0.0793650793650793,General Satisfaction
2025-01-25,general_satisfaction,15,143,0.1048951048951049,General Satisfaction
2025-01-26,general_satisfaction,19,148,0.1283783783783783,General Satisfaction
2025-01-27,general_satisfaction,8,113,0.0707964601769911,General Satisfaction
2025-01-28,general_satisfaction,18,156,0.1153846153846153,General Satisfaction
2025-01-29,general_satisfaction,7,137,0.0510948905109489,General Satisfaction
2025-01-30,general_satisfaction,12,136,0.088235294117647,General Satisfaction
2025-01-31,general_satisfaction,17,136,0.125,General Satisfaction
2025-02-01,general_satisfaction,13,132,0.0984848484848484,General Satisfaction
2025-02-02,general_satisfaction,17,138,0.1231884057971014,General Satisfaction
2025-02-03,general_satisfaction,14,138,0.1014492753623188,General Satisfaction
2025-02-04,general_satisfaction,17,132,0.1287878787878787,General Satisfaction
2025-02-05,general_satisfaction,14,139,0.1007194244604316,General Satisfaction
2025-02-06,general_satisfaction,16,143,0.1118881118881118,General Satisfaction
2025-02-07,general_satisfaction,14,149,0.0939597315436241,General Satisfaction
2025-02-08,general_satisfaction,18,128,0.140625,General Satisfaction
2025-02-09,general_satisfaction,12,139,0.0863309352517985,General Satisfaction
2025-02-10,general_satisfaction,8,138,0.0579710144927536,General Satisfaction
2025-02-11,general_satisfaction,10,129,0.0775193798449612,General Satisfaction
2025-02-12,general_satisfaction,13,140,0.0928571428571428,General Satisfaction
2025-02-13,general_satisfaction,20,148,0.1351351351351351,General Satisfaction
2025-02-14,general_satisfaction,16,116,0.1379310344827586,General Satisfaction
2025-02-15,general_satisfaction,9,128,0.0703125,General Satisfaction
2025-02-16,general_satisfaction,18,143,0.1258741258741259,General Satisfaction
2025-02-17,general_satisfaction,14,136,0.1029411764705882,General Satisfaction
2025-02-18,general_satisfaction,17,145,0.1172413793103448,General Satisfaction
2025-02-19,general_satisfaction,20,117,0.1709401709401709,General Satisfaction
2025-02-20,general_satisfaction,18,143,0.1258741258741259,General Satisfaction
2025-02-21,general_satisfaction,16,139,0.1151079136690647,General Satisfaction
2025-02-22,general_satisfaction,8,114,0.0701754385964912,General Satisfaction
2025-02-23,general_satisfaction,16,123,0.1300813008130081,General Satisfaction
2025-02-24,general_satisfaction,14,135,0.1037037037037037,General Satisfaction
2025-02-25,general_satisfaction,18,139,0.1294964028776978,General Satisfaction
2025-02-26,general_satisfaction,16,127,0.1259842519685039,General Satisfaction
2025-02-27,general_satisfaction,14,120,0.1166666666666666,General Satisfaction
2025-02-28,general_satisfaction,7,130,0.0538461538461538,General Satisfaction
2025-03-01,general_satisfaction,21,137,0.1532846715328467,General Satisfaction
2025-03-02,general_satisfaction,16,141,0.1134751773049645,General Satisfaction
2025-03-03,general_satisfaction,16,128,0.125,General Satisfaction
2025-03-04,general_satisfaction,14,142,0.0985915492957746,General Satisfaction
2025-03-05,general_satisfaction,18,137,0.1313868613138686,General Satisfaction
2025-03-06,general_satisfaction,20,143,0.1398601398601398,General Satisfaction
2025-03-07,general_satisfaction,16,123,0.1300813008130081,General Satisfaction
2025-03-08,general_satisfaction,13,128,0.1015625,General Satisfaction
2025-03-09,general_satisfaction,9,135,0.0666666666666666,General Satisfaction
2025-03-10,general_satisfaction,18,127,0.1417322834645669,General Satisfaction
2025-03-11,general_satisfaction,19,138,0.1376811594202898,General Satisfaction
2025-03-12,general_satisfaction,20,133,0.150375939849624,General Satisfaction
2025-03-13,general_satisfaction,11,121,0.0909090909090909,General Satisfaction
2025-03-14,general_satisfaction,19,140,0.1357142857142857,General Satisfaction
2025-03-15,general_satisfaction,20,131,0.1526717557251908,General Satisfaction
2025-03-16,general_satisfaction,10,134,0.0746268656716417,General Satisfaction
2025-03-17,general_satisfaction,21,135,0.1555555555555555,General Satisfaction
2025-03-18,general_satisfaction,14,99,0.1414141414141414,General Satisfaction
2025-03-19,general_satisfaction,15,121,0.1239669421487603,General Satisfaction
2025-03-20,general_satisfaction,14,120,0.1166666666666666,General Satisfaction
2025-03-21,general_satisfaction,15,138,0.108695652173913,General Satisfaction
2025-03-22,general_satisfaction,20,142,0.1408450704225352,General Satisfaction
2025-03-23,general_satisfaction,18,121,0.1487603305785124,General Satisfaction
2025-03-24,general_satisfaction,20,146,0.136986301369863,General Satisfaction
2025-03-25,general_satisfaction,11,119,0.0924369747899159,General Satisfaction
2025-03-26,general_satisfaction,14,137,0.1021897810218978,General Satisfaction
2025-03-27,general_satisfaction,17,131,0.1297709923664122,General Satisfaction
2025-03-28,general_satisfaction,21,125,0.168,General Satisfaction
2025-03-29,general_satisfaction,11,125,0.088,General Satisfaction
2025-03-30,general_satisfaction,15,137,0.1094890510948905,General Satisfaction
2025-03-31,general_satisfaction,17,150,0.1133333333333333,General Satisfaction
2025-04-01,general_satisfaction,15,152,0.0986842105263157,General Satisfaction
2025-04-02,general_satisfaction,19,145,0.1310344827586207,General Satisfaction
2025-04-03,general_satisfaction,11,138,0.0797101449275362,General Satisfaction
2025-04-04,general_satisfaction,12,116,0.1034482758620689,General Satisfaction
2025-04-05,general_satisfaction,25,148,0.1689189189189189,General Satisfaction
2025-04-06,general_satisfaction,26,139,0.1870503597122302,General Satisfaction
2025-04-07,general_satisfaction,23,119,0.1932773109243697,General Satisfaction
2025-04-08,general_satisfaction,20,127,0.1574803149606299,General Satisfaction
2025-04-09,general_satisfaction,19,124,0.1532258064516129,General Satisfaction
2025-04-10,general_satisfaction,19,147,0.1292517006802721,General Satisfaction
2025-04-11,general_satisfaction,10,150,0.0666666666666666,General Satisfaction
2025-04-12,general_satisfaction,19,158,0.120253164556962,General Satisfaction
2025-04-13,general_satisfaction,13,109,0.1192660550458715,General Satisfaction
2025-04-14,general_satisfaction,18,132,0.1363636363636363,General Satisfaction
2025-04-15,general_satisfaction,21,149,0.1409395973154362,General Satisfaction
2025-04-16,general_satisfaction,12,130,0.0923076923076923,General Satisfaction
2025-04-17,general_satisfaction,15,123,0.1219512195121951,General Satisfaction
2025-04-18,general_satisfaction,19,139,0.1366906474820144,General Satisfaction
2025-04-19,general_satisfaction,12,110,0.109090909090909,General Satisfaction
2025-04-20,general_satisfaction,24,128,0.1875,General Satisfaction
2025-04-21,general_satisfaction,20,132,0.1515151515151515,General Satisfaction
2025-04-22,general_satisfaction,14,137,0.1021897810218978,General Satisfaction
2025-04-23,general_satisfaction,15,130,0.1153846153846153,General Satisfaction
2025-04-24,general_satisfaction,22,145,0.1517241379310344,General Satisfaction
2025-04-25,general_satisfaction,11,121,0.0909090909090909,General Satisfaction
2025-04-26,general_satisfaction,16,129,0.1240310077519379,General Satisfaction
2025-04-27,general_satisfaction,17,127,0.1338582677165354,General Satisfaction
2025-04-28,general_satisfaction,19,118,0.1610169491525423,General Satisfaction
2025-04-29,general_satisfaction,16,122,0.1311475409836065,General Satisfaction
2025-04-30,general_satisfaction,11,125,0.088,General Satisfaction
2025-05-01,general_satisfaction,19,149,0.1275167785234899,General Satisfaction
2025-05-02,general_satisfaction,11,122,0.0901639344262295,General Satisfaction
2025-05-03,general_satisfaction,19,129,0.1472868217054263,General Satisfaction
2025-05-04,general_satisfaction,20,139,0.1438848920863309,General Satisfaction
2025-05-05,general_satisfaction,11,126,0.0873015873015873,General Satisfaction
2025-05-06,general_satisfaction,20,150,0.1333333333333333,General Satisfaction
2025-05-07,general_satisfaction,15,130,0.1153846153846153,General Satisfaction
2025-05-08,general_satisfaction,21,118,0.1779661016949152,General Satisfaction
2025-05-09,general_satisfaction,22,142,0.1549295774647887,General Satisfaction
2025-05-10,general_satisfaction,24,124,0.1935483870967742,General Satisfaction
2025-05-11,general_satisfaction,16,132,0.1212121212121212,General Satisfaction
2025-05-12,general_satisfaction,10,138,0.072463768115942,General Satisfaction
2025-05-13,general_satisfaction,12,129,0.0930232558139534,General Satisfaction
2025-05-14,general_satisfaction,6,119,0.0504201680672268,General Satisfaction
2025-05-15,general_satisfaction,18,124,0.1451612903225806,General Satisfaction
2025-05-16,general_satisfaction,18,139,0.1294964028776978,General Satisfaction
2025-05-17,general_satisfaction,15,124,0.1209677419354838,General Satisfaction
2025-05-18,general_satisfaction,12,121,0.0991735537190082,General Satisfaction
2025-05-19,general_satisfaction,11,114,0.0964912280701754,General Satisfaction
2025-05-20,general_satisfaction,16,130,0.123076923076923,General Satisfaction
2025-05-21,general_satisfaction,14,108,0.1296296296296296,General Satisfaction
2025-05-22,general_satisfaction,23,156,0.1474358974358974,General Satisfaction
2025-05-23,general_satisfaction,9,148,0.0608108108108108,General Satisfaction
2025-05-24,general_satisfaction,10,137,0.072992700729927,General Satisfaction
2025-05-25,general_satisfaction,19,141,0.1347517730496454,General Satisfaction
2025-05-26,general_satisfaction,16,119,0.134453781512605,General Satisfaction
2025-05-27,general_satisfaction,18,160,0.1125,General Satisfaction
2025-05-28,general_satisfaction,12,147,0.0816326530612244,General Satisfaction
2025-05-29,general_satisfaction,16,116,0.1379310344827586,General Satisfaction
2025-05-30,general_satisfaction,18,133,0.1353383458646616,General Satisfaction
2025-05-31,general_satisfaction,26,140,0.1857142857142857,General Satisfaction
2025-06-01,general_satisfaction,18,132,0.1363636363636363,General Satisfaction
2025-06-02,general_satisfaction,17,118,0.1440677966101695,General Satisfaction
2025-06-03,general_satisfaction,13,121,0.1074380165289256,General Satisfaction
2025-06-04,general_satisfaction,16,141,0.1134751773049645,General Satisfaction
2025-06-05,general_satisfaction,15,116,0.1293103448275862,General Satisfaction
2025-06-06,general_satisfaction,12,140,0.0857142857142857,General Satisfaction
2025-06-07,general_satisfaction,22,138,0.1594202898550724,General Satisfaction
2025-06-08,general_satisfaction,15,142,0.1056338028169014,General Satisfaction
2025-06-09,general_satisfaction,18,126,0.1428571428571428,General Satisfaction
2025-06-10,general_satisfaction,16,152,0.1052631578947368,General Satisfaction
2025-06-11,general_satisfaction,19,133,0.1428571428571428,General Satisfaction
2025-06-12,general_satisfaction,15,137,0.1094890510948905,General Satisfaction
2025-06-13,general_satisfaction,16,137,0.1167883211678832,General Satisfaction
2025-06-14,general_satisfaction,12,113,0.1061946902654867,General Satisfaction
2025-06-15,general_satisfaction,12,104,0.1153846153846153,General Satisfaction
2025-06-16,general_satisfaction,10,132,0.0757575757575757,General Satisfaction
2025-06-17,general_satisfaction,14,117,0.1196581196581196,General Satisfaction
2025-06-18,general_satisfaction,16,136,0.1176470588235294,General Satisfaction
2025-06-19,general_satisfaction,12,130,0.0923076923076923,General Satisfaction
2025-06-20,general_satisfaction,16,137,0.1167883211678832,General Satisfaction
2025-06-21,general_satisfaction,22,146,0.1506849315068493,General Satisfaction
2025-06-22,general_satisfaction,18,134,0.1343283582089552,General Satisfaction
2025-06-23,general_satisfaction,17,116,0.146551724137931,General Satisfaction
2025-06-24,general_satisfaction,15,134,0.1119402985074626,General Satisfaction
2025-06-25,general_satisfaction,22,118,0.1864406779661017,General Satisfaction
2025-06-26,general_satisfaction,16,119,0.134453781512605,General Satisfaction
2025-06-27,general_satisfaction,16,143,0.1118881118881118,General Satisfaction
2025-06-28,general_satisfaction,14,132,0.106060606060606,General Satisfaction
2025-06-29,general_satisfaction,19,140,0.1357142857142857,General Satisfaction
2025-06-30,general_satisfaction,18,133,0.1353383458646616,General Satisfaction
2025-07-01,general_satisfaction,12,118,0.1016949152542373,General Satisfaction
2025-07-02,general_satisfaction,18,128,0.140625,General Satisfaction
2025-07-03,general_satisfaction,18,124,0.1451612903225806,General Satisfaction
2025-07-04,general_satisfaction,17,124,0.1370967741935483,General Satisfaction
2025-07-05,general_satisfaction,13,126,0.1031746031746031,General Satisfaction
2025-07-06,general_satisfaction,13,131,0.099236641221374,General Satisfaction
2025-07-07,general_satisfaction,20,116,0.1724137931034483,General Satisfaction
2025-07-08,general_satisfaction,23,158,0.1455696202531645,General Satisfaction
2025-07-09,general_satisfaction,14,134,0.1044776119402985,General Satisfaction
2025-07-10,general_satisfaction,25,151,0.1655629139072847,General Satisfaction
2025-07-11,general_satisfaction,15,139,0.1079136690647482,General Satisfaction
2025-07-12,general_satisfaction,15,141,0.1063829787234042,General Satisfaction
2025-07-13,general_satisfaction,17,122,0.1393442622950819,General Satisfaction
2025-07-14,general_satisfaction,14,123,0.1138211382113821,General Satisfaction
2025-07-15,general_satisfaction,11,120,0.0916666666666666,General Satisfaction
2025-07-16,general_satisfaction,10,112,0.0892857142857142,General Satisfaction
2025-07-17,general_satisfaction,16,136,0.1176470588235294,General Satisfaction
2025-07-18,general_satisfaction,18,141,0.1276595744680851,General Satisfaction
2025-07-19,general_satisfaction,13,145,0.0896551724137931,General Satisfaction
2025-07-20,general_satisfaction,19,147,0.1292517006802721,General Satisfaction
2025-07-21,general_satisfaction,14,124,0.1129032258064516,General Satisfaction
2025-07-22,general_satisfaction,20,125,0.16,General Satisfaction
2025-07-23,general_satisfaction,14,129,0.1085271317829457,General Satisfaction
2025-07-24,general_satisfaction,12,154,0.0779220779220779,General Satisfaction
2025-07-25,general_satisfaction,13,126,0.1031746031746031,General Satisfaction
2025-07-26,general_satisfaction,17,146,0.1164383561643835,General Satisfaction
2025-07-27,general_satisfaction,15,144,0.1041666666666666,General Satisfaction
2025-07-28,general_satisfaction,17,148,0.1148648648648648,General Satisfaction
2025-07-29,general_satisfaction,15,101,0.1485148514851485,General Satisfaction
2025-07-30,general_satisfaction,22,133,0.1654135338345864,General Satisfaction
2025-07-31,general_satisfaction,17,133,0.1278195488721804,General Satisfaction
2025-08-01,general_satisfaction,20,143,0.1398601398601398,General Satisfaction
2025-08-02,general_satisfaction,27,151,0.1788079470198675,General Satisfaction
2025-08-03,general_satisfaction,14,130,0.1076923076923077,General Satisfaction
2025-08-04,general_satisfaction,25,143,0.1748251748251748,General Satisfaction
2025-08-05,general_satisfaction,8,122,0.0655737704918032,General Satisfaction
2025-08-06,general_satisfaction,16,143,0.1118881118881118,General Satisfaction
2025-08-07,general_satisfaction,8,116,0.0689655172413793,General Satisfaction
2025-08-08,general_satisfaction,16,124,0.1290322580645161,General Satisfaction
2025-08-09,general_satisfaction,14,125,0.112,General Satisfaction
2025-08-10,general_satisfaction,19,158,0.120253164556962,General Satisfaction
2025-08-11,general_satisfaction,15,131,0.1145038167938931,General Satisfaction
2025-08-12,general_satisfaction,27,155,0.1741935483870967,General Satisfaction
2025-08-13,general_satisfaction,8,119,0.0672268907563025,General Satisfaction
2025-08-14,general_satisfaction,20,136,0.1470588235294117,General Satisfaction
2025-08-15,general_satisfaction,15,142,0.1056338028169014,General Satisfaction
2025-08-16,general_satisfaction,22,117,0.188034188034188,General Satisfaction
2025-08-17,general_satisfaction,24,138,0.1739130434782608,General Satisfaction
2025-08-18,general_satisfaction,12,117,0.1025641025641025,General Satisfaction
2025-08-19,general_satisfaction,15,129,0.1162790697674418,General Satisfaction
2025-08-20,general_satisfaction,19,146,0.1301369863013698,General Satisfaction
2025-08-21,general_satisfaction,17,145,0.1172413793103448,General Satisfaction
2025-08-22,general_satisfaction,22,146,0.1506849315068493,General Satisfaction
2025-08-23,general_satisfaction,10,122,0.081967213114754,General Satisfaction
2025-08-24,general_satisfaction,25,129,0.1937984496124031,General Satisfaction
2025-08-25,general_satisfaction,18,129,0.1395348837209302,General Satisfaction
2025-08-26,general_satisfaction,17,124,0.1370967741935483,General Satisfaction
2025-08-27,general_satisfaction,18,126,0.1428571428571428,General Satisfaction
2025-08-28,general_satisfaction,10,123,0.08130081300813,General Satisfaction
2025-08-29,general_satisfaction,19,121,0.1570247933884297,General Satisfaction
2025-08-30,general_satisfaction,12,127,0.0944881889763779,General Satisfaction
2025-08-31,general_satisfaction,15,124,0.1209677419354838,General Satisfaction
2025-09-01,general_satisfaction,25,132,0.1893939393939394,General Satisfaction
2025-09-02,general_satisfaction,19,132,0.1439393939393939,General Satisfaction
2025-09-03,general_satisfaction,16,136,0.1176470588235294,General Satisfaction
2025-09-04,general_satisfaction,16,133,0.1203007518796992,General Satisfaction
2025-09-05,general_satisfaction,12,113,0.1061946902654867,General Satisfaction
2025-09-06,general_satisfaction,18,122,0.1475409836065573,General Satisfaction
2025-09-07,general_satisfaction,16,141,0.1134751773049645,General Satisfaction
2025-09-08,general_satisfaction,15,141,0.1063829787234042,General Satisfaction
2025-09-09,general_satisfaction,16,152,0.1052631578947368,General Satisfaction
2025-09-10,general_satisfaction,16,127,0.1259842519685039,General Satisfaction
2025-09-11,general_satisfaction,15,129,0.1162790697674418,General Satisfaction
2025-09-12,general_satisfaction,15,129,0.1162790697674418,General Satisfaction
2025-09-13,general_satisfaction,9,115,0.0782608695652174,General Satisfaction
2025-09-14,general_satisfaction,18,119,0.1512605042016806,General Satisfaction
2025-09-15,general_satisfaction,21,132,0.1590909090909091,General Satisfaction
2025-09-16,general_satisfaction,24,133,0.1804511278195488,General Satisfaction
2025-09-17,general_satisfaction,15,137,0.1094890510948905,General Satisfaction
2025-09-18,general_satisfaction,9,135,0.0666666666666666,General Satisfaction
2025-09-19,general_satisfaction,20,138,0.144927536231884,General Satisfaction
2025-09-20,general_satisfaction,18,142,0.1267605633802817,General Satisfaction
2025-09-21,general_satisfaction,13,118,0.1101694915254237,General Satisfaction
2025-09-22,general_satisfaction,20,117,0.1709401709401709,General Satisfaction
2025-09-23,general_satisfaction,12,125,0.096,General Satisfaction
2025-09-24,general_satisfaction,17,129,0.1317829457364341,General Satisfaction
2025-09-25,general_satisfaction,9,113,0.079646017699115,General Satisfaction
2025-09-26,general_satisfaction,11,135,0.0814814814814814,General Satisfaction
2025-09-27,general_satisfaction,11,146,0.0753424657534246,General Satisfaction
2025-09-28,general_satisfaction,18,140,0.1285714285714285,General Satisfaction
2025-09-29,general_satisfaction,17,122,0.1393442622950819,General Satisfaction
2025-09-30,general_satisfaction,13,134,0.0970149253731343,General Satisfaction
2025-10-01,general_satisfaction,17,135,0.1259259259259259,General Satisfaction
2025-10-02,general_satisfaction,17,114,0.1491228070175438,General Satisfaction
2025-10-03,general_satisfaction,14,125,0.112,General Satisfaction
2025-10-04,general_satisfaction,16,139,0.1151079136690647,General Satisfaction
2025-10-05,general_satisfaction,16,118,0.135593220338983,General Satisfaction
2025-10-06,general_satisfaction,18,130,0.1384615384615384,General Satisfaction
2025-10-07,general_satisfaction,13,130,0.1,General Satisfaction
2025-10-08,general_satisfaction,15,129,0.1162790697674418,General Satisfaction
2025-10-09,general_satisfaction,18,141,0.1276595744680851,General Satisfaction
2025-10-10,general_satisfaction,21,127,0.1653543307086614,General Satisfaction
2025-10-11,general_satisfaction,12,142,0.0845070422535211,General Satisfaction
2025-10-12,general_satisfaction,13,116,0.1120689655172413,General Satisfaction
2025-10-13,general_satisfaction,17,121,0.140495867768595,General Satisfaction
2025-10-14,general_satisfaction,14,123,0.1138211382113821,General Satisfaction
2025-10-15,general_satisfaction,15,137,0.1094890510948905,General Satisfaction
2025-10-16,general_satisfaction,16,143,0.1118881118881118,General Satisfaction
2025-10-17,general_satisfaction,15,107,0.1401869158878504,General Satisfaction
2025-10-18,general_satisfaction,23,143,0.1608391608391608,General Satisfaction
2025-10-19,general_satisfaction,14,114,0.1228070175438596,General Satisfaction
2025-10-20,general_satisfaction,16,110,0.1454545454545454,General Satisfaction
2025-10-21,general_satisfaction,11,115,0.0956521739130434,General Satisfaction
2025-10-22,general_satisfaction,15,115,0.1304347826086956,General Satisfaction
2025-10-23,general_satisfaction,18,140,0.1285714285714285,General Satisfaction
2025-10-24,general_satisfaction,14,130,0.1076923076923077,General Satisfaction
2025-10-25,general_satisfaction,17,133,0.1278195488721804,General Satisfaction
2025-10-26,general_satisfaction,18,138,0.1304347826086956,General Satisfaction
2025-10-27,general_satisfaction,24,132,0.1818181818181818,General Satisfaction
2025-10-28,general_satisfaction,14,142,0.0985915492957746,General Satisfaction
2025-10-29,general_satisfaction,17,134,0.126865671641791,General Satisfaction
2025-10-30,general_satisfaction,11,130,0.0846153846153846,General Satisfaction
2025-10-31,general_satisfaction,7,105,0.0666666666666666,General Satisfaction
2025-11-01,general_satisfaction,21,149,0.1409395973154362,General Satisfaction
2025-11-02,general_satisfaction,20,128,0.15625,General Satisfaction
2025-11-03,general_satisfaction,17,136,0.125,General Satisfaction
2025-11-04,general_satisfaction,19,130,0.1461538461538461,General Satisfaction
2025-11-05,general_satisfaction,16,133,0.1203007518796992,General Satisfaction
2025-11-06,general_satisfaction,26,126,0.2063492063492063,General Satisfaction
2025-11-07,general_satisfaction,14,146,0.0958904109589041,General Satisfaction
2025-11-08,general_satisfaction,14,142,0.0985915492957746,General Satisfaction
2025-11-09,general_satisfaction,16,118,0.135593220338983,General Satisfaction
2025-11-10,general_satisfaction,13,129,0.1007751937984496,General Satisfaction
2025-11-11,general_satisfaction,25,145,0.1724137931034483,General Satisfaction
2025-11-12,general_satisfaction,10,112,0.0892857142857142,General Satisfaction
2025-11-13,general_satisfaction,13,136,0.0955882352941176,General Satisfaction
2025-11-14,general_satisfaction,13,117,0.1111111111111111,General Satisfaction
2025-11-15,general_satisfaction,13,110,0.1181818181818181,General Satisfaction
2025-11-16,general_satisfaction,14,137,0.1021897810218978,General Satisfaction
2025-11-17,general_satisfaction,14,149,0.0939597315436241,General Satisfaction
2025-11-18,general_satisfaction,10,134,0.0746268656716417,General Satisfaction
2025-11-19,general_satisfaction,12,123,0.0975609756097561,General Satisfaction
2025-11-20,general_satisfaction,13,143,0.0909090909090909,General Satisfaction
2025-11-21,general_satisfaction,13,120,0.1083333333333333,General Satisfaction
2025-11-22,general_satisfaction,19,130,0.1461538461538461,General Satisfaction
2025-11-23,general_satisfaction,18,129,0.1395348837209302,General Satisfaction
2025-11-24,general_satisfaction,14,121,0.1157024793388429,General Satisfaction
2025-11-25,general_satisfaction,21,119,0.1764705882352941,General Satisfaction
2025-11-26,general_satisfaction,16,119,0.134453781512605,General Satisfaction
2025-11-27,general_satisfaction,10,140,0.0714285714285714,General Satisfaction
2025-11-28,general_satisfaction,15,129,0.1162790697674418,General Satisfaction
2025-11-29,general_satisfaction,12,151,0.0794701986754966,General Satisfaction
2025-11-30,general_satisfaction,21,129,0.1627906976744186,General Satisfaction
2025-12-01,general_satisfaction,22,168,0.1309523809523809,General Satisfaction
2025-12-02,general_satisfaction,11,119,0.0924369747899159,General Satisfaction
2025-12-03,general_satisfaction,20,133,0.150375939849624,General Satisfaction
2025-12-04,general_satisfaction,11,139,0.079136690647482,General Satisfaction
2025-12-05,general_satisfaction,16,113,0.1415929203539823,General Satisfaction
2025-12-06,general_satisfaction,12,134,0.0895522388059701,General Satisfaction
2025-12-07,general_satisfaction,13,124,0.1048387096774193,General Satisfaction
2025-12-08,general_satisfaction,22,153,0.1437908496732026,General Satisfaction
2025-12-09,general_satisfaction,20,134,0.1492537313432835,General Satisfaction
2025-12-10,general_satisfaction,19,147,0.1292517006802721,General Satisfaction
2025-12-11,general_satisfaction,20,132,0.1515151515151515,General Satisfaction
2025-12-12,general_satisfaction,15,131,0.1145038167938931,General Satisfaction
2025-12-13,general_satisfaction,17,137,0.1240875912408759,General Satisfaction
2025-12-14,general_satisfaction,16,105,0.1523809523809524,General Satisfaction
2025-12-15,general_satisfaction,21,122,0.1721311475409836,General Satisfaction
2025-12-16,general_satisfaction,20,136,0.1470588235294117,General Satisfaction
2025-12-17,general_satisfaction,14,128,0.109375,General Satisfaction
2025-12-18,general_satisfaction,12,118,0.1016949152542373,General Satisfaction
2025-12-19,general_satisfaction,13,140,0.0928571428571428,General Satisfaction
2025-12-20,general_satisfaction,15,145,0.1034482758620689,General Satisfaction
2025-12-21,general_satisfaction,10,121,0.0826446280991735,General Satisfaction
2025-12-22,general_satisfaction,19,138,0.1376811594202898,General Satisfaction
2025-12-23,general_satisfaction,14,137,0.1021897810218978,General Satisfaction
2025-12-24,general_satisfaction,18,123,0.1463414634146341,General Satisfaction
2025-12-25,general_satisfaction,12,123,0.0975609756097561,General Satisfaction
2025-12-26,general_satisfaction,18,135,0.1333333333333333,General Satisfaction
2025-12-27,general_satisfaction,13,119,0.1092436974789916,General Satisfaction
2025-12-28,general_satisfaction,17,151,0.1125827814569536,General Satisfaction
2025-12-29,general_satisfaction,21,130,0.1615384615384615,General Satisfaction
2025-12-30,general_satisfaction,14,115,0.1217391304347826,General Satisfaction
2025-12-31,general_satisfaction,13,134,0.0970149253731343,General Satisfaction
2026-01-01,general_satisfaction,15,140,0.1071428571428571,General Satisfaction
2026-01-02,general_satisfaction,14,116,0.1206896551724138,General Satisfaction
2026-01-03,general_satisfaction,11,132,0.0833333333333333,General Satisfaction
2026-01-04,general_satisfaction,18,123,0.1463414634146341,General Satisfaction
2026-01-05,general_satisfaction,11,125,0.088,General Satisfaction
2026-01-06,general_satisfaction,9,137,0.0656934306569343,General Satisfaction
2026-01-07,general_satisfaction,16,123,0.1300813008130081,General Satisfaction
2026-01-08,general_satisfaction,10,111,0.09009009009009,General Satisfaction
2026-01-09,general_satisfaction,17,127,0.1338582677165354,General Satisfaction
2026-01-10,general_satisfaction,17,143,0.1188811188811188,General Satisfaction
2026-01-11,general_satisfaction,16,118,0.135593220338983,General Satisfaction
2026-01-12,general_satisfaction,12,145,0.0827586206896551,General Satisfaction
2026-01-13,general_satisfaction,12,138,0.0869565217391304,General Satisfaction
2026-01-14,general_satisfaction,19,127,0.1496062992125984,General Satisfaction
2026-01-15,general_satisfaction,14,135,0.1037037037037037,General Satisfaction
2026-01-16,general_satisfaction,18,120,0.15,General Satisfaction
2026-01-17,general_satisfaction,10,120,0.0833333333333333,General Satisfaction
2026-01-18,general_satisfaction,13,131,0.099236641221374,General Satisfaction
2026-01-19,general_satisfaction,16,136,0.1176470588235294,General Satisfaction
2026-01-20,general_satisfaction,17,127,0.1338582677165354,General Satisfaction
2026-01-21,general_satisfaction,13,130,0.1,General Satisfaction
2026-01-22,general_satisfaction,24,149,0.1610738255033557,General Satisfaction
2026-01-23,general_satisfaction,15,115,0.1304347826086956,General Satisfaction
2026-01-24,general_satisfaction,12,134,0.0895522388059701,General Satisfaction
2026-01-25,general_satisfaction,14,124,0.1129032258064516,General Satisfaction
2026-01-26,general_satisfaction,20,125,0.16,General Satisfaction
2026-01-27,general_satisfaction,14,139,0.1007194244604316,General Satisfaction
2026-01-28,general_satisfaction,11,121,0.0909090909090909,General Satisfaction
2026-01-29,general_satisfaction,17,132,0.1287878787878787,General Satisfaction
2026-01-30,general_satisfaction,19,140,0.1357142857142857,General Satisfaction
2026-01-31,general_satisfaction,11,114,0.0964912280701754,General Satisfaction
2026-02-01,general_satisfaction,16,115,0.1391304347826087,General Satisfaction
2026-02-02,general_satisfaction,21,147,0.1428571428571428,General Satisfaction
2026-02-03,general_satisfaction,18,153,0.1176470588235294,General Satisfaction
2026-02-04,general_satisfaction,15,136,0.1102941176470588,General Satisfaction
2026-02-05,general_satisfaction,19,133,0.1428571428571428,General Satisfaction
2026-02-06,general_satisfaction,18,126,0.1428571428571428,General Satisfaction
2026-02-07,general_satisfaction,14,143,0.0979020979020979,General Satisfaction
2026-02-08,general_satisfaction,11,140,0.0785714285714285,General Satisfaction
2026-02-09,general_satisfaction,16,137,0.1167883211678832,General Satisfaction
2026-02-10,general_satisfaction,18,134,0.1343283582089552,General Satisfaction
2026-02-11,general_satisfaction,7,121,0.0578512396694214,General Satisfaction
2026-02-12,general_satisfaction,17,130,0.1307692307692307,General Satisfaction
2026-02-13,general_satisfaction,20,131,0.1526717557251908,General Satisfaction
2026-02-14,general_satisfaction,14,129,0.1085271317829457,General Satisfaction
2026-02-15,general_satisfaction,15,141,0.1063829787234042,General Satisfaction
2026-02-16,general_satisfaction,22,149,0.1476510067114094,General Satisfaction
2026-02-17,general_satisfaction,9,118,0.0762711864406779,General Satisfaction
2026-02-18,general_satisfaction,12,121,0.0991735537190082,General Satisfaction
2026-02-19,general_satisfaction,8,123,0.065040650406504,General Satisfaction
2026-02-20,general_satisfaction,19,131,0.1450381679389313,General Satisfaction
2026-02-21,general_satisfaction,17,156,0.1089743589743589,General Satisfaction
2026-02-22,general_satisfaction,18,118,0.1525423728813559,General Satisfaction
2026-02-23,general_satisfaction,25,145,0.1724137931034483,General Satisfaction
2026-02-24,general_satisfaction,21,140,0.15,General Satisfaction
2026-02-25,general_satisfaction,19,114,0.1666666666666666,General Satisfaction
2026-02-26,general_satisfaction,19,140,0.1357142857142857,General Satisfaction
2026-02-27,general_satisfaction,13,138,0.0942028985507246,General Satisfaction
2026-02-28,general_satisfaction,12,113,0.1061946902654867,General Satisfaction
2026-03-01,general_satisfaction,15,137,0.1094890510948905,General Satisfaction
2026-03-02,general_satisfaction,13,131,0.099236641221374,General Satisfaction
2026-03-03,general_satisfaction,20,164,0.1219512195121951,General Satisfaction
2026-03-04,general_satisfaction,21,144,0.1458333333333333,General Satisfaction
2026-03-05,general_satisfaction,20,147,0.1360544217687075,General Satisfaction
2026-03-06,general_satisfaction,15,131,0.1145038167938931,General Satisfaction
2026-03-07,general_satisfaction,19,133,0.1428571428571428,General Satisfaction
2026-03-08,general_satisfaction,15,128,0.1171875,General Satisfaction
2026-03-09,general_satisfaction,15,124,0.1209677419354838,General Satisfaction
2026-03-10,general_satisfaction,22,129,0.1705426356589147,General Satisfaction
2026-03-11,general_satisfaction,16,127,0.1259842519685039,General Satisfaction
2026-03-12,general_satisfaction,17,120,0.1416666666666666,General Satisfaction
2026-03-13,general_satisfaction,20,139,0.1438848920863309,General Satisfaction
2026-03-14,general_satisfaction,16,131,0.1221374045801526,General Satisfaction
2026-03-15,general_satisfaction,20,123,0.1626016260162601,General Satisfaction
2026-03-16,general_satisfaction,10,119,0.0840336134453781,General Satisfaction
2026-03-17,general_satisfaction,20,138,0.144927536231884,General Satisfaction
2026-03-18,general_satisfaction,20,150,0.1333333333333333,General Satisfaction
2026-03-19,general_satisfaction,16,136,0.1176470588235294,General Satisfaction
2026-03-20,general_satisfaction,16,142,0.1126760563380281,General Satisfaction
2026-03-21,general_satisfaction,21,114,0.1842105263157894,General Satisfaction
2026-03-22,general_satisfaction,24,146,0.1643835616438356,General Satisfaction
2026-03-23,general_satisfaction,11,139,0.079136690647482,General Satisfaction
2026-03-24,general_satisfaction,15,121,0.1239669421487603,General Satisfaction
2026-03-25,general_satisfaction,13,140,0.0928571428571428,General Satisfaction
2026-03-26,general_satisfaction,20,138,0.144927536231884,General Satisfaction
2026-03-27,general_satisfaction,15,139,0.1079136690647482,General Satisfaction
2026-03-28,general_satisfaction,17,116,0.146551724137931,General Satisfaction
2026-03-29,general_satisfaction,18,130,0.1384615384615384,General Satisfaction
2026-03-30,general_satisfaction,16,145,0.1103448275862069,General Satisfaction
2026-03-31,general_satisfaction,21,125,0.168,General Satisfaction
2026-04-01,general_satisfaction,16,126,0.1269841269841269,General Satisfaction
2026-04-02,general_satisfaction,16,124,0.1290322580645161,General Satisfaction
2026-04-03,general_satisfaction,12,139,0.0863309352517985,General Satisfaction
2026-04-04,general_satisfaction,18,138,0.1304347826086956,General Satisfaction
2026-04-05,general_satisfaction,13,134,0.0970149253731343,General Satisfaction
2026-04-06,general_satisfaction,13,144,0.0902777777777777,General Satisfaction
2026-04-07,general_satisfaction,12,135,0.0888888888888888,General Satisfaction
2026-04-08,general_satisfaction,7,116,0.0603448275862069,General Satisfaction
2026-04-09,general_satisfaction,14,131,0.1068702290076335,General Satisfaction
2026-04-10,general_satisfaction,10,137,0.072992700729927,General Satisfaction
2026-04-11,general_satisfaction,16,131,0.1221374045801526,General Satisfaction
2026-04-12,general_satisfaction,17,129,0.1317829457364341,General Satisfaction
2026-04-13,general_satisfaction,16,121,0.1322314049586777,General Satisfaction
2026-04-14,general_satisfaction,22,132,0.1666666666666666,General Satisfaction
2026-04-15,general_satisfaction,16,131,0.1221374045801526,General Satisfaction
2026-04-16,general_satisfaction,15,135,0.1111111111111111,General Satisfaction
2026-04-17,general_satisfaction,12,125,0.096,General Satisfaction
2026-04-18,general_satisfaction,19,137,0.1386861313868613,General Satisfaction
2026-04-19,general_satisfaction,15,118,0.1271186440677966,General Satisfaction
2026-04-20,general_satisfaction,13,140,0.0928571428571428,General Satisfaction
2026-04-21,general_satisfaction,10,128,0.078125,General Satisfaction
2026-04-22,general_satisfaction,18,139,0.1294964028776978,General Satisfaction
2026-04-23,general_satisfaction,23,125,0.184,General Satisfaction
2026-04-24,general_satisfaction,22,130,0.1692307692307692,General Satisfaction
2026-04-25,general_satisfaction,14,107,0.1308411214953271,General Satisfaction
2026-04-26,general_satisfaction,16,140,0.1142857142857142,General Satisfaction
2026-04-27,general_satisfaction,16,140,0.1142857142857142,General Satisfaction
2026-04-28,general_satisfaction,9,113,0.079646017699115,General Satisfaction
2026-04-29,general_satisfaction,22,138,0.1594202898550724,General Satisfaction
2026-04-30,general_satisfaction,18,126,0.1428571428571428,General Satisfaction
2026-05-01,general_satisfaction,22,141,0.1560283687943262,General Satisfaction
2026-05-02,general_satisfaction,10,128,0.078125,General Satisfaction
2026-05-03,general_satisfaction,21,137,0.1532846715328467,General Satisfaction
2026-05-04,general_satisfaction,16,143,0.1118881118881118,General Satisfaction
2026-05-05,general_satisfaction,19,155,0.1225806451612903,General Satisfaction
2026-05-06,general_satisfaction,18,127,0.1417322834645669,General Satisfaction
2026-05-07,general_satisfaction,19,139,0.1366906474820144,General Satisfaction
2026-05-08,general_satisfaction,11,136,0.0808823529411764,General Satisfaction
2026-05-09,general_satisfaction,15,130,0.1153846153846153,General Satisfaction
2026-05-10,general_satisfaction,20,134,0.1492537313432835,General Satisfaction
2026-05-11,general_satisfaction,14,125,0.112,General Satisfaction
2026-05-12,general_satisfaction,18,132,0.1363636363636363,General Satisfaction
2026-05-13,general_satisfaction,12,123,0.0975609756097561,General Satisfaction
2026-05-14,general_satisfaction,18,132,0.1363636363636363,General Satisfaction
2026-05-15,general_satisfaction,14,131,0.1068702290076335,General Satisfaction
2026-05-16,general_satisfaction,20,136,0.1470588235294117,General Satisfaction
2026-05-17,general_satisfaction,11,135,0.0814814814814814,General Satisfaction
2026-05-18,general_satisfaction,18,120,0.15,General Satisfaction
2026-05-19,general_satisfaction,20,138,0.144927536231884,General Satisfaction
2026-05-20,general_satisfaction,9,140,0.0642857142857142,General Satisfaction
2026-05-21,general_satisfaction,9,118,0.0762711864406779,General Satisfaction
2026-05-22,general_satisfaction,13,141,0.0921985815602836,General Satisfaction
2026-05-23,general_satisfaction,12,130,0.0923076923076923,General Satisfaction
2026-05-24,general_satisfaction,13,124,0.1048387096774193,General Satisfaction
2026-05-25,general_satisfaction,15,128,0.1171875,General Satisfaction
2026-05-26,general_satisfaction,9,111,0.081081081081081,General Satisfaction
2026-05-27,general_satisfaction,19,136,0.1397058823529411,General Satisfaction
2026-05-28,general_satisfaction,15,125,0.12,General Satisfaction
2026-05-29,general_satisfaction,15,125,0.12,General Satisfaction
2026-05-30,general_satisfaction,11,111,0.0990990990990991,General Satisfaction
2026-05-31,general_satisfaction,19,154,0.1233766233766233,General Satisfaction
2026-06-01,general_satisfaction,17,125,0.136,General Satisfaction
2026-06-02,general_satisfaction,23,144,0.1597222222222222,General Satisfaction
2026-06-03,general_satisfaction,19,141,0.1347517730496454,General Satisfaction
2026-06-04,general_satisfaction,17,134,0.126865671641791,General Satisfaction
2026-06-05,general_satisfaction,21,138,0.1521739130434782,General Satisfaction
2026-06-06,general_satisfaction,16,133,0.1203007518796992,General Satisfaction
2026-06-07,general_satisfaction,19,132,0.1439393939393939,General Satisfaction
2026-06-08,general_satisfaction,15,124,0.1209677419354838,General Satisfaction
2026-06-09,general_satisfaction,20,141,0.1418439716312056,General Satisfaction
2026-06-10,general_satisfaction,23,122,0.1885245901639344,General Satisfaction
2026-06-11,general_satisfaction,16,143,0.1118881118881118,General Satisfaction
2026-06-12,general_satisfaction,15,126,0.119047619047619,General Satisfaction
2026-06-13,general_satisfaction,15,115,0.1304347826086956,General Satisfaction
2026-06-14,general_satisfaction,13,126,0.1031746031746031,General Satisfaction
2026-06-15,general_satisfaction,11,126,0.0873015873015873,General Satisfaction
2026-06-16,general_satisfaction,13,130,0.1,General Satisfaction
2026-06-17,general_satisfaction,13,131,0.099236641221374,General Satisfaction
2026-06-18,general_satisfaction,13,131,0.099236641221374,General Satisfaction
2026-06-19,general_satisfaction,14,147,0.0952380952380952,General Satisfaction
2026-06-20,general_satisfaction,14,115,0.1217391304347826,General Satisfaction
2026-06-21,general_satisfaction,14,124,0.1129032258064516,General Satisfaction
2026-06-22,general_satisfaction,14,142,0.0985915492957746,General Satisfaction
2026-06-23,general_satisfaction,13,131,0.099236641221374,General Satisfaction
2026-06-24,general_satisfaction,13,123,0.1056910569105691,General Satisfaction
2026-06-25,general_satisfaction,11,129,0.0852713178294573,General Satisfaction
2026-06-26,general_satisfaction,22,146,0.1506849315068493,General Satisfaction
2026-06-27,general_satisfaction,13,123,0.1056910569105691,General Satisfaction
2026-06-28,general_satisfaction,16,137,0.1167883211678832,General Satisfaction
2026-06-29,general_satisfaction,13,119,0.1092436974789916,General Satisfaction
2024-01-01,packaging,16,132,0.1212121212121212,Packaging
2024-01-02,packaging,14,132,0.106060606060606,Packaging
2024-01-03,packaging,19,146,0.1301369863013698,Packaging
2024-01-04,packaging,10,154,0.0649350649350649,Packaging
2024-01-05,packaging,21,134,0.1567164179104477,Packaging
2024-01-06,packaging,10,142,0.0704225352112676,Packaging
2024-01-07,packaging,12,148,0.081081081081081,Packaging
2024-01-08,packaging,16,140,0.1142857142857142,Packaging
2024-01-09,packaging,14,152,0.0921052631578947,Packaging
2024-01-10,packaging,17,134,0.126865671641791,Packaging
2024-01-11,packaging,15,145,0.1034482758620689,Packaging
2024-01-12,packaging,8,104,0.0769230769230769,Packaging
2024-01-13,packaging,13,140,0.0928571428571428,Packaging
2024-01-14,packaging,5,142,0.0352112676056338,Packaging
2024-01-15,packaging,8,130,0.0615384615384615,Packaging
2024-01-16,packaging,15,113,0.1327433628318584,Packaging
2024-01-17,packaging,14,130,0.1076923076923077,Packaging
2024-01-18,packaging,21,145,0.1448275862068965,Packaging
2024-01-19,packaging,13,133,0.0977443609022556,Packaging
2024-01-20,packaging,15,137,0.1094890510948905,Packaging
2024-01-21,packaging,13,144,0.0902777777777777,Packaging
2024-01-22,packaging,11,147,0.0748299319727891,Packaging
2024-01-23,packaging,18,153,0.1176470588235294,Packaging
2024-01-24,packaging,15,132,0.1136363636363636,Packaging
2024-01-25,packaging,14,147,0.0952380952380952,Packaging
2024-01-26,packaging,11,133,0.0827067669172932,Packaging
2024-01-27,packaging,17,146,0.1164383561643835,Packaging
2024-01-28,packaging,9,138,0.0652173913043478,Packaging
2024-01-29,packaging,15,127,0.1181102362204724,Packaging
2024-01-30,packaging,10,131,0.0763358778625954,Packaging
2024-01-31,packaging,12,123,0.0975609756097561,Packaging
2024-02-01,packaging,10,140,0.0714285714285714,Packaging
2024-02-02,packaging,11,116,0.0948275862068965,Packaging
2024-02-03,packaging,9,113,0.079646017699115,Packaging
2024-02-04,packaging,20,138,0.144927536231884,Packaging
2024-02-05,packaging,15,135,0.1111111111111111,Packaging
2024-02-06,packaging,10,124,0.0806451612903225,Packaging
2024-02-07,packaging,9,131,0.0687022900763358,Packaging
2024-02-08,packaging,10,110,0.0909090909090909,Packaging
2024-02-09,packaging,9,125,0.072,Packaging
2024-02-10,packaging,13,138,0.0942028985507246,Packaging
2024-02-11,packaging,12,125,0.096,Packaging
2024-02-12,packaging,25,151,0.1655629139072847,Packaging
2024-02-13,packaging,17,119,0.1428571428571428,Packaging
2024-02-14,packaging,16,158,0.1012658227848101,Packaging
2024-02-15,packaging,12,126,0.0952380952380952,Packaging
2024-02-16,packaging,11,120,0.0916666666666666,Packaging
2024-02-17,packaging,16,126,0.1269841269841269,Packaging
2024-02-18,packaging,11,130,0.0846153846153846,Packaging
2024-02-19,packaging,15,140,0.1071428571428571,Packaging
2024-02-20,packaging,10,133,0.075187969924812,Packaging
2024-02-21,packaging,14,141,0.0992907801418439,Packaging
2024-02-22,packaging,11,138,0.0797101449275362,Packaging
2024-02-23,packaging,9,139,0.0647482014388489,Packaging
2024-02-24,packaging,11,128,0.0859375,Packaging
2024-02-25,packaging,15,126,0.119047619047619,Packaging
2024-02-26,packaging,11,119,0.0924369747899159,Packaging
2024-02-27,packaging,13,125,0.104,Packaging
2024-02-28,packaging,9,126,0.0714285714285714,Packaging
2024-02-29,packaging,15,126,0.119047619047619,Packaging
2024-03-01,packaging,12,121,0.0991735537190082,Packaging
2024-03-02,packaging,14,141,0.0992907801418439,Packaging
2024-03-03,packaging,14,136,0.1029411764705882,Packaging
2024-03-04,packaging,15,128,0.1171875,Packaging
2024-03-05,packaging,11,109,0.1009174311926605,Packaging
2024-03-06,packaging,12,111,0.1081081081081081,Packaging
2024-03-07,packaging,11,129,0.0852713178294573,Packaging
2024-03-08,packaging,10,113,0.0884955752212389,Packaging
2024-03-09,packaging,13,127,0.1023622047244094,Packaging
2024-03-10,packaging,18,128,0.140625,Packaging
2024-03-11,packaging,15,133,0.112781954887218,Packaging
2024-03-12,packaging,10,109,0.091743119266055,Packaging
2024-03-13,packaging,9,134,0.0671641791044776,Packaging
2024-03-14,packaging,15,122,0.1229508196721311,Packaging
2024-03-15,packaging,13,152,0.0855263157894736,Packaging
2024-03-16,packaging,17,139,0.1223021582733813,Packaging
2024-03-17,packaging,12,135,0.0888888888888888,Packaging
2024-03-18,packaging,20,143,0.1398601398601398,Packaging
2024-03-19,packaging,16,140,0.1142857142857142,Packaging
2024-03-20,packaging,20,122,0.1639344262295081,Packaging
2024-03-21,packaging,11,126,0.0873015873015873,Packaging
2024-03-22,packaging,8,123,0.065040650406504,Packaging
2024-03-23,packaging,16,124,0.1290322580645161,Packaging
2024-03-24,packaging,15,158,0.0949367088607595,Packaging
2024-03-25,packaging,15,156,0.0961538461538461,Packaging
2024-03-26,packaging,8,131,0.0610687022900763,Packaging
2024-03-27,packaging,11,134,0.0820895522388059,Packaging
2024-03-28,packaging,10,130,0.0769230769230769,Packaging
2024-03-29,packaging,18,151,0.119205298013245,Packaging
2024-03-30,packaging,14,121,0.1157024793388429,Packaging
2024-03-31,packaging,14,133,0.1052631578947368,Packaging
2024-04-01,packaging,14,136,0.1029411764705882,Packaging
2024-04-02,packaging,18,124,0.1451612903225806,Packaging
2024-04-03,packaging,6,117,0.0512820512820512,Packaging
2024-04-04,packaging,14,132,0.106060606060606,Packaging
2024-04-05,packaging,22,135,0.1629629629629629,Packaging
2024-04-06,packaging,9,132,0.0681818181818181,Packaging
2024-04-07,packaging,11,124,0.0887096774193548,Packaging
2024-04-08,packaging,10,139,0.0719424460431654,Packaging
2024-04-09,packaging,17,130,0.1307692307692307,Packaging
2024-04-10,packaging,15,152,0.0986842105263157,Packaging
2024-04-11,packaging,14,108,0.1296296296296296,Packaging
2024-04-12,packaging,10,133,0.075187969924812,Packaging
2024-04-13,packaging,8,123,0.065040650406504,Packaging
2024-04-14,packaging,16,143,0.1118881118881118,Packaging
2024-04-15,packaging,13,130,0.1,Packaging
2024-04-16,packaging,7,127,0.0551181102362204,Packaging
2024-04-17,packaging,8,121,0.0661157024793388,Packaging
2024-04-18,packaging,14,155,0.0903225806451612,Packaging
2024-04-19,packaging,10,137,0.072992700729927,Packaging
2024-04-20,packaging,14,147,0.0952380952380952,Packaging
2024-04-21,packaging,13,137,0.0948905109489051,Packaging
2024-04-22,packaging,13,130,0.1,Packaging
2024-04-23,packaging,8,119,0.0672268907563025,Packaging
2024-04-24,packaging,12,121,0.0991735537190082,Packaging
2024-04-25,packaging,10,124,0.0806451612903225,Packaging
2024-04-26,packaging,16,138,0.1159420289855072,Packaging
2024-04-27,packaging,10,118,0.0847457627118644,Packaging
2024-04-28,packaging,10,127,0.0787401574803149,Packaging
2024-04-29,packaging,12,131,0.0916030534351145,Packaging
2024-04-30,packaging,13,137,0.0948905109489051,Packaging
2024-05-01,packaging,15,136,0.1102941176470588,Packaging
2024-05-02,packaging,14,101,0.1386138613861386,Packaging
2024-05-03,packaging,14,138,0.1014492753623188,Packaging
2024-05-04,packaging,8,135,0.0592592592592592,Packaging
2024-05-05,packaging,12,116,0.1034482758620689,Packaging
2024-05-06,packaging,18,140,0.1285714285714285,Packaging
2024-05-07,packaging,7,124,0.0564516129032258,Packaging
2024-05-08,packaging,12,141,0.0851063829787234,Packaging
2024-05-09,packaging,15,125,0.12,Packaging
2024-05-10,packaging,10,133,0.075187969924812,Packaging
2024-05-11,packaging,10,137,0.072992700729927,Packaging
2024-05-12,packaging,13,133,0.0977443609022556,Packaging
2024-05-13,packaging,16,151,0.1059602649006622,Packaging
2024-05-14,packaging,12,119,0.1008403361344537,Packaging
2024-05-15,packaging,18,114,0.1578947368421052,Packaging
2024-05-16,packaging,6,129,0.0465116279069767,Packaging
2024-05-17,packaging,15,117,0.1282051282051282,Packaging
2024-05-18,packaging,14,130,0.1076923076923077,Packaging
2024-05-19,packaging,11,123,0.089430894308943,Packaging
2024-05-20,packaging,9,141,0.0638297872340425,Packaging
2024-05-21,packaging,10,130,0.0769230769230769,Packaging
2024-05-22,packaging,13,140,0.0928571428571428,Packaging
2024-05-23,packaging,12,134,0.0895522388059701,Packaging
2024-05-24,packaging,7,132,0.053030303030303,Packaging
2024-05-25,packaging,12,125,0.096,Packaging
2024-05-26,packaging,8,148,0.054054054054054,Packaging
2024-05-27,packaging,13,108,0.1203703703703703,Packaging
2024-05-28,packaging,7,125,0.056,Packaging
2024-05-29,packaging,16,122,0.1311475409836065,Packaging
2024-05-30,packaging,17,133,0.1278195488721804,Packaging
2024-05-31,packaging,16,121,0.1322314049586777,Packaging
2024-06-01,packaging,10,128,0.078125,Packaging
2024-06-02,packaging,13,122,0.1065573770491803,Packaging
2024-06-03,packaging,16,130,0.123076923076923,Packaging
2024-06-04,packaging,16,133,0.1203007518796992,Packaging
2024-06-05,packaging,8,125,0.064,Packaging
2024-06-06,packaging,8,145,0.0551724137931034,Packaging
2024-06-07,packaging,21,126,0.1666666666666666,Packaging
2024-06-08,packaging,14,136,0.1029411764705882,Packaging
2024-06-09,packaging,9,120,0.075,Packaging
2024-06-10,packaging,8,107,0.0747663551401869,Packaging
2024-06-11,packaging,22,143,0.1538461538461538,Packaging
2024-06-12,packaging,5,128,0.0390625,Packaging
2024-06-13,packaging,12,136,0.088235294117647,Packaging
2024-06-14,packaging,12,125,0.096,Packaging
2024-06-15,packaging,10,133,0.075187969924812,Packaging
2024-06-16,packaging,15,155,0.0967741935483871,Packaging
2024-06-17,packaging,20,129,0.1550387596899224,Packaging
2024-06-18,packaging,15,133,0.112781954887218,Packaging
2024-06-19,packaging,11,120,0.0916666666666666,Packaging
2024-06-20,packaging,11,119,0.0924369747899159,Packaging
2024-06-21,packaging,16,129,0.1240310077519379,Packaging
2024-06-22,packaging,17,146,0.1164383561643835,Packaging
2024-06-23,packaging,12,146,0.0821917808219178,Packaging
2024-06-24,packaging,7,144,0.0486111111111111,Packaging
2024-06-25,packaging,14,162,0.0864197530864197,Packaging
2024-06-26,packaging,12,129,0.0930232558139534,Packaging
2024-06-27,packaging,8,148,0.054054054054054,Packaging
2024-06-28,packaging,10,106,0.0943396226415094,Packaging
2024-06-29,packaging,11,124,0.0887096774193548,Packaging
2024-06-30,packaging,12,156,0.0769230769230769,Packaging
2024-07-01,packaging,13,126,0.1031746031746031,Packaging
2024-07-02,packaging,12,122,0.0983606557377049,Packaging
2024-07-03,packaging,15,124,0.1209677419354838,Packaging
2024-07-04,packaging,17,146,0.1164383561643835,Packaging
2024-07-05,packaging,20,154,0.1298701298701298,Packaging
2024-07-06,packaging,13,128,0.1015625,Packaging
2024-07-07,packaging,10,125,0.08,Packaging
2024-07-08,packaging,14,130,0.1076923076923077,Packaging
2024-07-09,packaging,12,153,0.0784313725490196,Packaging
2024-07-10,packaging,10,141,0.0709219858156028,Packaging
2024-07-11,packaging,13,132,0.0984848484848484,Packaging
2024-07-12,packaging,14,137,0.1021897810218978,Packaging
2024-07-13,packaging,17,130,0.1307692307692307,Packaging
2024-07-14,packaging,12,130,0.0923076923076923,Packaging
2024-07-15,packaging,8,115,0.0695652173913043,Packaging
2024-07-16,packaging,22,149,0.1476510067114094,Packaging
2024-07-17,packaging,6,125,0.048,Packaging
2024-07-18,packaging,17,120,0.1416666666666666,Packaging
2024-07-19,packaging,6,129,0.0465116279069767,Packaging
2024-07-20,packaging,13,143,0.0909090909090909,Packaging
2024-07-21,packaging,11,145,0.0758620689655172,Packaging
2024-07-22,packaging,16,148,0.1081081081081081,Packaging
2024-07-23,packaging,14,145,0.096551724137931,Packaging
2024-07-24,packaging,11,115,0.0956521739130434,Packaging
2024-07-25,packaging,12,147,0.0816326530612244,Packaging
2024-07-26,packaging,14,139,0.1007194244604316,Packaging
2024-07-27,packaging,10,123,0.08130081300813,Packaging
2024-07-28,packaging,6,123,0.048780487804878,Packaging
2024-07-29,packaging,8,126,0.0634920634920634,Packaging
2024-07-30,packaging,22,138,0.1594202898550724,Packaging
2024-07-31,packaging,13,120,0.1083333333333333,Packaging
2024-08-01,packaging,18,124,0.1451612903225806,Packaging
2024-08-02,packaging,11,134,0.0820895522388059,Packaging
2024-08-03,packaging,10,131,0.0763358778625954,Packaging
2024-08-04,packaging,13,119,0.1092436974789916,Packaging
2024-08-05,packaging,7,115,0.0608695652173913,Packaging
2024-08-06,packaging,12,139,0.0863309352517985,Packaging
2024-08-07,packaging,9,123,0.073170731707317,Packaging
2024-08-08,packaging,8,134,0.0597014925373134,Packaging
2024-08-09,packaging,9,119,0.0756302521008403,Packaging
2024-08-10,packaging,7,127,0.0551181102362204,Packaging
2024-08-11,packaging,15,140,0.1071428571428571,Packaging
2024-08-12,packaging,8,142,0.056338028169014,Packaging
2024-08-13,packaging,11,133,0.0827067669172932,Packaging
2024-08-14,packaging,13,145,0.0896551724137931,Packaging
2024-08-15,packaging,10,121,0.0826446280991735,Packaging
2024-08-16,packaging,12,93,0.1290322580645161,Packaging
2024-08-17,packaging,13,134,0.0970149253731343,Packaging
2024-08-18,packaging,14,145,0.096551724137931,Packaging
2024-08-19,packaging,8,132,0.0606060606060606,Packaging
2024-08-20,packaging,15,151,0.0993377483443708,Packaging
2024-08-21,packaging,8,135,0.0592592592592592,Packaging
2024-08-22,packaging,8,107,0.0747663551401869,Packaging
2024-08-23,packaging,11,116,0.0948275862068965,Packaging
2024-08-24,packaging,13,145,0.0896551724137931,Packaging
2024-08-25,packaging,11,124,0.0887096774193548,Packaging
2024-08-26,packaging,11,134,0.0820895522388059,Packaging
2024-08-27,packaging,9,123,0.073170731707317,Packaging
2024-08-28,packaging,7,133,0.0526315789473684,Packaging
2024-08-29,packaging,7,148,0.0472972972972973,Packaging
2024-08-30,packaging,19,141,0.1347517730496454,Packaging
2024-08-31,packaging,17,143,0.1188811188811188,Packaging
2024-09-01,packaging,10,117,0.0854700854700854,Packaging
2024-09-02,packaging,10,130,0.0769230769230769,Packaging
2024-09-03,packaging,20,149,0.1342281879194631,Packaging
2024-09-04,packaging,13,141,0.0921985815602836,Packaging
2024-09-05,packaging,13,129,0.1007751937984496,Packaging
2024-09-06,packaging,15,137,0.1094890510948905,Packaging
2024-09-07,packaging,18,143,0.1258741258741259,Packaging
2024-09-08,packaging,12,140,0.0857142857142857,Packaging
2024-09-09,packaging,11,133,0.0827067669172932,Packaging
2024-09-10,packaging,8,131,0.0610687022900763,Packaging
2024-09-11,packaging,18,123,0.1463414634146341,Packaging
2024-09-12,packaging,12,128,0.09375,Packaging
2024-09-13,packaging,11,133,0.0827067669172932,Packaging
2024-09-14,packaging,16,141,0.1134751773049645,Packaging
2024-09-15,packaging,12,122,0.0983606557377049,Packaging
2024-09-16,packaging,19,136,0.1397058823529411,Packaging
2024-09-17,packaging,12,136,0.088235294117647,Packaging
2024-09-18,packaging,9,128,0.0703125,Packaging
2024-09-19,packaging,11,122,0.0901639344262295,Packaging
2024-09-20,packaging,9,154,0.0584415584415584,Packaging
2024-09-21,packaging,19,149,0.1275167785234899,Packaging
2024-09-22,packaging,14,121,0.1157024793388429,Packaging
2024-09-23,packaging,10,142,0.0704225352112676,Packaging
2024-09-24,packaging,10,119,0.0840336134453781,Packaging
2024-09-25,packaging,14,144,0.0972222222222222,Packaging
2024-09-26,packaging,15,120,0.125,Packaging
2024-09-27,packaging,15,111,0.1351351351351351,Packaging
2024-09-28,packaging,14,135,0.1037037037037037,Packaging
2024-09-29,packaging,11,156,0.0705128205128205,Packaging
2024-09-30,packaging,13,116,0.1120689655172413,Packaging
2024-10-01,packaging,7,133,0.0526315789473684,Packaging
2024-10-02,packaging,7,114,0.0614035087719298,Packaging
2024-10-03,packaging,18,110,0.1636363636363636,Packaging
2024-10-04,packaging,10,134,0.0746268656716417,Packaging
2024-10-05,packaging,14,143,0.0979020979020979,Packaging
2024-10-06,packaging,10,142,0.0704225352112676,Packaging
2024-10-07,packaging,9,124,0.0725806451612903,Packaging
2024-10-08,packaging,11,122,0.0901639344262295,Packaging
2024-10-09,packaging,12,129,0.0930232558139534,Packaging
2024-10-10,packaging,12,130,0.0923076923076923,Packaging
2024-10-11,packaging,13,141,0.0921985815602836,Packaging
2024-10-12,packaging,16,119,0.134453781512605,Packaging
2024-10-13,packaging,13,145,0.0896551724137931,Packaging
2024-10-14,packaging,12,130,0.0923076923076923,Packaging
2024-10-15,packaging,13,120,0.1083333333333333,Packaging
2024-10-16,packaging,8,112,0.0714285714285714,Packaging
2024-10-17,packaging,9,133,0.0676691729323308,Packaging
2024-10-18,packaging,15,112,0.1339285714285714,Packaging
2024-10-19,packaging,12,134,0.0895522388059701,Packaging
2024-10-20,packaging,16,128,0.125,Packaging
2024-10-21,packaging,11,127,0.0866141732283464,Packaging
2024-10-22,packaging,10,136,0.0735294117647058,Packaging
2024-10-23,packaging,13,143,0.0909090909090909,Packaging
2024-10-24,packaging,10,118,0.0847457627118644,Packaging
2024-10-25,packaging,18,148,0.1216216216216216,Packaging
2024-10-26,packaging,14,133,0.1052631578947368,Packaging
2024-10-27,packaging,13,124,0.1048387096774193,Packaging
2024-10-28,packaging,9,133,0.0676691729323308,Packaging
2024-10-29,packaging,9,128,0.0703125,Packaging
2024-10-30,packaging,20,115,0.1739130434782608,Packaging
2024-10-31,packaging,15,127,0.1181102362204724,Packaging
2024-11-01,packaging,12,136,0.088235294117647,Packaging
2024-11-02,packaging,9,132,0.0681818181818181,Packaging
2024-11-03,packaging,11,117,0.094017094017094,Packaging
2024-11-04,packaging,13,179,0.0726256983240223,Packaging
2024-11-05,packaging,12,140,0.0857142857142857,Packaging
2024-11-06,packaging,16,146,0.1095890410958904,Packaging
2024-11-07,packaging,16,124,0.1290322580645161,Packaging
2024-11-08,packaging,15,150,0.1,Packaging
2024-11-09,packaging,10,141,0.0709219858156028,Packaging
2024-11-10,packaging,9,127,0.0708661417322834,Packaging
2024-11-11,packaging,10,120,0.0833333333333333,Packaging
2024-11-12,packaging,13,126,0.1031746031746031,Packaging
2024-11-13,packaging,13,139,0.0935251798561151,Packaging
2024-11-14,packaging,13,126,0.1031746031746031,Packaging
2024-11-15,packaging,13,109,0.1192660550458715,Packaging
2024-11-16,packaging,6,139,0.0431654676258992,Packaging
2024-11-17,packaging,17,120,0.1416666666666666,Packaging
2024-11-18,packaging,19,138,0.1376811594202898,Packaging
2024-11-19,packaging,18,135,0.1333333333333333,Packaging
2024-11-20,packaging,7,118,0.059322033898305,Packaging
2024-11-21,packaging,13,133,0.0977443609022556,Packaging
2024-11-22,packaging,16,142,0.1126760563380281,Packaging
2024-11-23,packaging,8,134,0.0597014925373134,Packaging
2024-11-24,packaging,14,134,0.1044776119402985,Packaging
2024-11-25,packaging,9,111,0.081081081081081,Packaging
2024-11-26,packaging,13,143,0.0909090909090909,Packaging
2024-11-27,packaging,8,136,0.0588235294117647,Packaging
2024-11-28,packaging,7,134,0.0522388059701492,Packaging
2024-11-29,packaging,13,131,0.099236641221374,Packaging
2024-11-30,packaging,8,140,0.0571428571428571,Packaging
2024-12-01,packaging,11,138,0.0797101449275362,Packaging
2024-12-02,packaging,12,124,0.0967741935483871,Packaging
2024-12-03,packaging,8,134,0.0597014925373134,Packaging
2024-12-04,packaging,10,130,0.0769230769230769,Packaging
2024-12-05,packaging,13,135,0.0962962962962963,Packaging
2024-12-06,packaging,5,140,0.0357142857142857,Packaging
2024-12-07,packaging,15,141,0.1063829787234042,Packaging
2024-12-08,packaging,21,138,0.1521739130434782,Packaging
2024-12-09,packaging,14,145,0.096551724137931,Packaging
2024-12-10,packaging,16,141,0.1134751773049645,Packaging
2024-12-11,packaging,10,137,0.072992700729927,Packaging
2024-12-12,packaging,11,142,0.0774647887323943,Packaging
2024-12-13,packaging,12,140,0.0857142857142857,Packaging
2024-12-14,packaging,9,124,0.0725806451612903,Packaging
2024-12-15,packaging,14,128,0.109375,Packaging
2024-12-16,packaging,11,132,0.0833333333333333,Packaging
2024-12-17,packaging,16,115,0.1391304347826087,Packaging
2024-12-18,packaging,11,122,0.0901639344262295,Packaging
2024-12-19,packaging,9,120,0.075,Packaging
2024-12-20,packaging,16,132,0.1212121212121212,Packaging
2024-12-21,packaging,9,107,0.0841121495327102,Packaging
2024-12-22,packaging,12,143,0.0839160839160839,Packaging
2024-12-23,packaging,17,129,0.1317829457364341,Packaging
2024-12-24,packaging,13,103,0.1262135922330097,Packaging
2024-12-25,packaging,16,117,0.1367521367521367,Packaging
2024-12-26,packaging,18,131,0.1374045801526717,Packaging
2024-12-27,packaging,13,136,0.0955882352941176,Packaging
2024-12-28,packaging,7,134,0.0522388059701492,Packaging
2024-12-29,packaging,13,135,0.0962962962962963,Packaging
2024-12-30,packaging,16,149,0.1073825503355704,Packaging
2024-12-31,packaging,12,129,0.0930232558139534,Packaging
2025-01-01,packaging,9,118,0.0762711864406779,Packaging
2025-01-02,packaging,8,134,0.0597014925373134,Packaging
2025-01-03,packaging,16,137,0.1167883211678832,Packaging
2025-01-04,packaging,11,119,0.0924369747899159,Packaging
2025-01-05,packaging,28,148,0.1891891891891892,Packaging
2025-01-06,packaging,17,156,0.1089743589743589,Packaging
2025-01-07,packaging,15,126,0.119047619047619,Packaging
2025-01-08,packaging,6,150,0.04,Packaging
2025-01-09,packaging,11,131,0.0839694656488549,Packaging
2025-01-10,packaging,18,128,0.140625,Packaging
2025-01-11,packaging,12,148,0.081081081081081,Packaging
2025-01-12,packaging,10,136,0.0735294117647058,Packaging
2025-01-13,packaging,12,123,0.0975609756097561,Packaging
2025-01-14,packaging,11,135,0.0814814814814814,Packaging
2025-01-15,packaging,10,139,0.0719424460431654,Packaging
2025-01-16,packaging,16,148,0.1081081081081081,Packaging
2025-01-17,packaging,13,156,0.0833333333333333,Packaging
2025-01-18,packaging,12,120,0.1,Packaging
2025-01-19,packaging,16,120,0.1333333333333333,Packaging
2025-01-20,packaging,12,132,0.0909090909090909,Packaging
2025-01-21,packaging,10,130,0.0769230769230769,Packaging
2025-01-22,packaging,12,152,0.0789473684210526,Packaging
2025-01-23,packaging,15,139,0.1079136690647482,Packaging
2025-01-24,packaging,7,126,0.0555555555555555,Packaging
2025-01-25,packaging,11,143,0.0769230769230769,Packaging
2025-01-26,packaging,15,148,0.1013513513513513,Packaging
2025-01-27,packaging,13,113,0.1150442477876106,Packaging
2025-01-28,packaging,16,156,0.1025641025641025,Packaging
2025-01-29,packaging,17,137,0.1240875912408759,Packaging
2025-01-30,packaging,14,136,0.1029411764705882,Packaging
2025-01-31,packaging,17,136,0.125,Packaging
2025-02-01,packaging,14,132,0.106060606060606,Packaging
2025-02-02,packaging,10,138,0.072463768115942,Packaging
2025-02-03,packaging,17,138,0.1231884057971014,Packaging
2025-02-04,packaging,11,132,0.0833333333333333,Packaging
2025-02-05,packaging,7,139,0.0503597122302158,Packaging
2025-02-06,packaging,14,143,0.0979020979020979,Packaging
2025-02-07,packaging,17,149,0.1140939597315436,Packaging
2025-02-08,packaging,18,128,0.140625,Packaging
2025-02-09,packaging,15,139,0.1079136690647482,Packaging
2025-02-10,packaging,11,138,0.0797101449275362,Packaging
2025-02-11,packaging,6,129,0.0465116279069767,Packaging
2025-02-12,packaging,10,140,0.0714285714285714,Packaging
2025-02-13,packaging,11,148,0.0743243243243243,Packaging
2025-02-14,packaging,11,116,0.0948275862068965,Packaging
2025-02-15,packaging,17,128,0.1328125,Packaging
2025-02-16,packaging,14,143,0.0979020979020979,Packaging
2025-02-17,packaging,16,136,0.1176470588235294,Packaging
2025-02-18,packaging,15,145,0.1034482758620689,Packaging
2025-02-19,packaging,7,117,0.0598290598290598,Packaging
2025-02-20,packaging,15,143,0.1048951048951049,Packaging
2025-02-21,packaging,15,139,0.1079136690647482,Packaging
2025-02-22,packaging,12,114,0.1052631578947368,Packaging
2025-02-23,packaging,8,123,0.065040650406504,Packaging
2025-02-24,packaging,13,135,0.0962962962962963,Packaging
2025-02-25,packaging,8,139,0.0575539568345323,Packaging
2025-02-26,packaging,8,127,0.0629921259842519,Packaging
2025-02-27,packaging,14,120,0.1166666666666666,Packaging
2025-02-28,packaging,11,130,0.0846153846153846,Packaging
2025-03-01,packaging,12,137,0.0875912408759124,Packaging
2025-03-02,packaging,15,141,0.1063829787234042,Packaging
2025-03-03,packaging,12,128,0.09375,Packaging
2025-03-04,packaging,10,142,0.0704225352112676,Packaging
2025-03-05,packaging,11,137,0.0802919708029197,Packaging
2025-03-06,packaging,14,143,0.0979020979020979,Packaging
2025-03-07,packaging,11,123,0.089430894308943,Packaging
2025-03-08,packaging,12,128,0.09375,Packaging
2025-03-09,packaging,10,135,0.074074074074074,Packaging
2025-03-10,packaging,10,127,0.0787401574803149,Packaging
2025-03-11,packaging,11,138,0.0797101449275362,Packaging
2025-03-12,packaging,12,133,0.0902255639097744,Packaging
2025-03-13,packaging,13,121,0.1074380165289256,Packaging
2025-03-14,packaging,12,140,0.0857142857142857,Packaging
2025-03-15,packaging,14,131,0.1068702290076335,Packaging
2025-03-16,packaging,11,134,0.0820895522388059,Packaging
2025-03-17,packaging,14,135,0.1037037037037037,Packaging
2025-03-18,packaging,6,99,0.0606060606060606,Packaging
2025-03-19,packaging,8,121,0.0661157024793388,Packaging
2025-03-20,packaging,6,120,0.05,Packaging
2025-03-21,packaging,13,138,0.0942028985507246,Packaging
2025-03-22,packaging,12,142,0.0845070422535211,Packaging
2025-03-23,packaging,12,121,0.0991735537190082,Packaging
2025-03-24,packaging,10,146,0.0684931506849315,Packaging
2025-03-25,packaging,10,119,0.0840336134453781,Packaging
2025-03-26,packaging,18,137,0.1313868613138686,Packaging
2025-03-27,packaging,14,131,0.1068702290076335,Packaging
2025-03-28,packaging,8,125,0.064,Packaging
2025-03-29,packaging,9,125,0.072,Packaging
2025-03-30,packaging,10,137,0.072992700729927,Packaging
2025-03-31,packaging,12,150,0.08,Packaging
2025-04-01,packaging,15,152,0.0986842105263157,Packaging
2025-04-02,packaging,16,145,0.1103448275862069,Packaging
2025-04-03,packaging,16,138,0.1159420289855072,Packaging
2025-04-04,packaging,8,116,0.0689655172413793,Packaging
2025-04-05,packaging,15,148,0.1013513513513513,Packaging
2025-04-06,packaging,14,139,0.1007194244604316,Packaging
2025-04-07,packaging,7,119,0.0588235294117647,Packaging
2025-04-08,packaging,15,127,0.1181102362204724,Packaging
2025-04-09,packaging,14,124,0.1129032258064516,Packaging
2025-04-10,packaging,8,147,0.0544217687074829,Packaging
2025-04-11,packaging,10,150,0.0666666666666666,Packaging
2025-04-12,packaging,14,158,0.0886075949367088,Packaging
2025-04-13,packaging,9,109,0.0825688073394495,Packaging
2025-04-14,packaging,13,132,0.0984848484848484,Packaging
2025-04-15,packaging,10,149,0.0671140939597315,Packaging
2025-04-16,packaging,14,130,0.1076923076923077,Packaging
2025-04-17,packaging,13,123,0.1056910569105691,Packaging
2025-04-18,packaging,13,139,0.0935251798561151,Packaging
2025-04-19,packaging,11,110,0.1,Packaging
2025-04-20,packaging,8,128,0.0625,Packaging
2025-04-21,packaging,18,132,0.1363636363636363,Packaging
2025-04-22,packaging,13,137,0.0948905109489051,Packaging
2025-04-23,packaging,9,130,0.0692307692307692,Packaging
2025-04-24,packaging,7,145,0.0482758620689655,Packaging
2025-04-25,packaging,13,121,0.1074380165289256,Packaging
2025-04-26,packaging,9,129,0.0697674418604651,Packaging
2025-04-27,packaging,17,127,0.1338582677165354,Packaging
2025-04-28,packaging,13,118,0.1101694915254237,Packaging
2025-04-29,packaging,13,122,0.1065573770491803,Packaging
2025-04-30,packaging,8,125,0.064,Packaging
2025-05-01,packaging,15,149,0.1006711409395973,Packaging
2025-05-02,packaging,10,122,0.081967213114754,Packaging
2025-05-03,packaging,15,129,0.1162790697674418,Packaging
2025-05-04,packaging,11,139,0.079136690647482,Packaging
2025-05-05,packaging,10,126,0.0793650793650793,Packaging
2025-05-06,packaging,18,150,0.12,Packaging
2025-05-07,packaging,16,130,0.123076923076923,Packaging
2025-05-08,packaging,11,118,0.0932203389830508,Packaging
2025-05-09,packaging,11,142,0.0774647887323943,Packaging
2025-05-10,packaging,18,124,0.1451612903225806,Packaging
2025-05-11,packaging,19,132,0.1439393939393939,Packaging
2025-05-12,packaging,11,138,0.0797101449275362,Packaging
2025-05-13,packaging,12,129,0.0930232558139534,Packaging
2025-05-14,packaging,5,119,0.042016806722689,Packaging
2025-05-15,packaging,9,124,0.0725806451612903,Packaging
2025-05-16,packaging,14,139,0.1007194244604316,Packaging
2025-05-17,packaging,7,124,0.0564516129032258,Packaging
2025-05-18,packaging,9,121,0.0743801652892562,Packaging
2025-05-19,packaging,10,114,0.087719298245614,Packaging
2025-05-20,packaging,11,130,0.0846153846153846,Packaging
2025-05-21,packaging,16,108,0.1481481481481481,Packaging
2025-05-22,packaging,13,156,0.0833333333333333,Packaging
2025-05-23,packaging,9,148,0.0608108108108108,Packaging
2025-05-24,packaging,6,137,0.0437956204379562,Packaging
2025-05-25,packaging,7,141,0.0496453900709219,Packaging
2025-05-26,packaging,18,119,0.1512605042016806,Packaging
2025-05-27,packaging,20,160,0.125,Packaging
2025-05-28,packaging,18,147,0.1224489795918367,Packaging
2025-05-29,packaging,14,116,0.1206896551724138,Packaging
2025-05-30,packaging,12,133,0.0902255639097744,Packaging
2025-05-31,packaging,20,140,0.1428571428571428,Packaging
2025-06-01,packaging,8,132,0.0606060606060606,Packaging
2025-06-02,packaging,9,118,0.0762711864406779,Packaging
2025-06-03,packaging,15,121,0.1239669421487603,Packaging
2025-06-04,packaging,14,141,0.0992907801418439,Packaging
2025-06-05,packaging,14,116,0.1206896551724138,Packaging
2025-06-06,packaging,12,140,0.0857142857142857,Packaging
2025-06-07,packaging,9,138,0.0652173913043478,Packaging
2025-06-08,packaging,13,142,0.0915492957746478,Packaging
2025-06-09,packaging,13,126,0.1031746031746031,Packaging
2025-06-10,packaging,15,152,0.0986842105263157,Packaging
2025-06-11,packaging,10,133,0.075187969924812,Packaging
2025-06-12,packaging,13,137,0.0948905109489051,Packaging
2025-06-13,packaging,10,137,0.072992700729927,Packaging
2025-06-14,packaging,10,113,0.0884955752212389,Packaging
2025-06-15,packaging,6,104,0.0576923076923076,Packaging
2025-06-16,packaging,12,132,0.0909090909090909,Packaging
2025-06-17,packaging,12,117,0.1025641025641025,Packaging
2025-06-18,packaging,12,136,0.088235294117647,Packaging
2025-06-19,packaging,10,130,0.0769230769230769,Packaging
2025-06-20,packaging,5,137,0.0364963503649635,Packaging
2025-06-21,packaging,20,146,0.136986301369863,Packaging
2025-06-22,packaging,13,134,0.0970149253731343,Packaging
2025-06-23,packaging,9,116,0.0775862068965517,Packaging
2025-06-24,packaging,15,134,0.1119402985074626,Packaging
2025-06-25,packaging,7,118,0.059322033898305,Packaging
2025-06-26,packaging,12,119,0.1008403361344537,Packaging
2025-06-27,packaging,14,143,0.0979020979020979,Packaging
2025-06-28,packaging,10,132,0.0757575757575757,Packaging
2025-06-29,packaging,14,140,0.1,Packaging
2025-06-30,packaging,11,133,0.0827067669172932,Packaging
2025-07-01,packaging,8,118,0.0677966101694915,Packaging
2025-07-02,packaging,14,128,0.109375,Packaging
2025-07-03,packaging,9,124,0.0725806451612903,Packaging
2025-07-04,packaging,9,124,0.0725806451612903,Packaging
2025-07-05,packaging,18,126,0.1428571428571428,Packaging
2025-07-06,packaging,17,131,0.1297709923664122,Packaging
2025-07-07,packaging,15,116,0.1293103448275862,Packaging
2025-07-08,packaging,15,158,0.0949367088607595,Packaging
2025-07-09,packaging,17,134,0.126865671641791,Packaging
2025-07-10,packaging,17,151,0.1125827814569536,Packaging
2025-07-11,packaging,14,139,0.1007194244604316,Packaging
2025-07-12,packaging,10,141,0.0709219858156028,Packaging
2025-07-13,packaging,12,122,0.0983606557377049,Packaging
2025-07-14,packaging,9,123,0.073170731707317,Packaging
2025-07-15,packaging,14,120,0.1166666666666666,Packaging
2025-07-16,packaging,8,112,0.0714285714285714,Packaging
2025-07-17,packaging,12,136,0.088235294117647,Packaging
2025-07-18,packaging,9,141,0.0638297872340425,Packaging
2025-07-19,packaging,18,145,0.1241379310344827,Packaging
2025-07-20,packaging,12,147,0.0816326530612244,Packaging
2025-07-21,packaging,9,124,0.0725806451612903,Packaging
2025-07-22,packaging,12,125,0.096,Packaging
2025-07-23,packaging,15,129,0.1162790697674418,Packaging
2025-07-24,packaging,13,154,0.0844155844155844,Packaging
2025-07-25,packaging,12,126,0.0952380952380952,Packaging
2025-07-26,packaging,17,146,0.1164383561643835,Packaging
2025-07-27,packaging,10,144,0.0694444444444444,Packaging
2025-07-28,packaging,11,148,0.0743243243243243,Packaging
2025-07-29,packaging,12,101,0.1188118811881188,Packaging
2025-07-30,packaging,12,133,0.0902255639097744,Packaging
2025-07-31,packaging,12,133,0.0902255639097744,Packaging
2025-08-01,packaging,17,143,0.1188811188811188,Packaging
2025-08-02,packaging,15,151,0.0993377483443708,Packaging
2025-08-03,packaging,12,130,0.0923076923076923,Packaging
2025-08-04,packaging,13,143,0.0909090909090909,Packaging
2025-08-05,packaging,15,122,0.1229508196721311,Packaging
2025-08-06,packaging,17,143,0.1188811188811188,Packaging
2025-08-07,packaging,11,116,0.0948275862068965,Packaging
2025-08-08,packaging,14,124,0.1129032258064516,Packaging
2025-08-09,packaging,9,125,0.072,Packaging
2025-08-10,packaging,14,158,0.0886075949367088,Packaging
2025-08-11,packaging,12,131,0.0916030534351145,Packaging
2025-08-12,packaging,9,155,0.0580645161290322,Packaging
2025-08-13,packaging,9,119,0.0756302521008403,Packaging
2025-08-14,packaging,11,136,0.0808823529411764,Packaging
2025-08-15,packaging,21,142,0.1478873239436619,Packaging
2025-08-16,packaging,13,117,0.1111111111111111,Packaging
2025-08-17,packaging,14,138,0.1014492753623188,Packaging
2025-08-18,packaging,12,117,0.1025641025641025,Packaging
2025-08-19,packaging,7,129,0.0542635658914728,Packaging
2025-08-20,packaging,11,146,0.0753424657534246,Packaging
2025-08-21,packaging,9,145,0.0620689655172413,Packaging
2025-08-22,packaging,15,146,0.1027397260273972,Packaging
2025-08-23,packaging,8,122,0.0655737704918032,Packaging
2025-08-24,packaging,8,129,0.0620155038759689,Packaging
2025-08-25,packaging,3,129,0.0232558139534883,Packaging
2025-08-26,packaging,10,124,0.0806451612903225,Packaging
2025-08-27,packaging,10,126,0.0793650793650793,Packaging
2025-08-28,packaging,10,123,0.08130081300813,Packaging
2025-08-29,packaging,14,121,0.1157024793388429,Packaging
2025-08-30,packaging,10,127,0.0787401574803149,Packaging
2025-08-31,packaging,6,124,0.0483870967741935,Packaging
2025-09-01,packaging,12,132,0.0909090909090909,Packaging
2025-09-02,packaging,5,132,0.0378787878787878,Packaging
2025-09-03,packaging,13,136,0.0955882352941176,Packaging
2025-09-04,packaging,13,133,0.0977443609022556,Packaging
2025-09-05,packaging,10,113,0.0884955752212389,Packaging
2025-09-06,packaging,13,122,0.1065573770491803,Packaging
2025-09-07,packaging,11,141,0.0780141843971631,Packaging
2025-09-08,packaging,13,141,0.0921985815602836,Packaging
2025-09-09,packaging,16,152,0.1052631578947368,Packaging
2025-09-10,packaging,10,127,0.0787401574803149,Packaging
2025-09-11,packaging,12,129,0.0930232558139534,Packaging
2025-09-12,packaging,9,129,0.0697674418604651,Packaging
2025-09-13,packaging,8,115,0.0695652173913043,Packaging
2025-09-14,packaging,9,119,0.0756302521008403,Packaging
2025-09-15,packaging,16,132,0.1212121212121212,Packaging
2025-09-16,packaging,12,133,0.0902255639097744,Packaging
2025-09-17,packaging,17,137,0.1240875912408759,Packaging
2025-09-18,packaging,9,135,0.0666666666666666,Packaging
2025-09-19,packaging,13,138,0.0942028985507246,Packaging
2025-09-20,packaging,10,142,0.0704225352112676,Packaging
2025-09-21,packaging,15,118,0.1271186440677966,Packaging
2025-09-22,packaging,12,117,0.1025641025641025,Packaging
2025-09-23,packaging,16,125,0.128,Packaging
2025-09-24,packaging,11,129,0.0852713178294573,Packaging
2025-09-25,packaging,8,113,0.0707964601769911,Packaging
2025-09-26,packaging,12,135,0.0888888888888888,Packaging
2025-09-27,packaging,20,146,0.136986301369863,Packaging
2025-09-28,packaging,15,140,0.1071428571428571,Packaging
2025-09-29,packaging,10,122,0.081967213114754,Packaging
2025-09-30,packaging,15,134,0.1119402985074626,Packaging
2025-10-01,packaging,12,135,0.0888888888888888,Packaging
2025-10-02,packaging,17,114,0.1491228070175438,Packaging
2025-10-03,packaging,16,125,0.128,Packaging
2025-10-04,packaging,11,139,0.079136690647482,Packaging
2025-10-05,packaging,12,118,0.1016949152542373,Packaging
2025-10-06,packaging,10,130,0.0769230769230769,Packaging
2025-10-07,packaging,12,130,0.0923076923076923,Packaging
2025-10-08,packaging,14,129,0.1085271317829457,Packaging
2025-10-09,packaging,17,141,0.1205673758865248,Packaging
2025-10-10,packaging,8,127,0.0629921259842519,Packaging
2025-10-11,packaging,15,142,0.1056338028169014,Packaging
2025-10-12,packaging,15,116,0.1293103448275862,Packaging
2025-10-13,packaging,13,121,0.1074380165289256,Packaging
2025-10-14,packaging,11,123,0.089430894308943,Packaging
2025-10-15,packaging,15,137,0.1094890510948905,Packaging
2025-10-16,packaging,20,143,0.1398601398601398,Packaging
2025-10-17,packaging,10,107,0.0934579439252336,Packaging
2025-10-18,packaging,16,143,0.1118881118881118,Packaging
2025-10-19,packaging,13,114,0.1140350877192982,Packaging
2025-10-20,packaging,8,110,0.0727272727272727,Packaging
2025-10-21,packaging,10,115,0.0869565217391304,Packaging
2025-10-22,packaging,9,115,0.0782608695652174,Packaging
2025-10-23,packaging,13,140,0.0928571428571428,Packaging
2025-10-24,packaging,12,130,0.0923076923076923,Packaging
2025-10-25,packaging,11,133,0.0827067669172932,Packaging
2025-10-26,packaging,14,138,0.1014492753623188,Packaging
2025-10-27,packaging,5,132,0.0378787878787878,Packaging
2025-10-28,packaging,12,142,0.0845070422535211,Packaging
2025-10-29,packaging,13,134,0.0970149253731343,Packaging
2025-10-30,packaging,7,130,0.0538461538461538,Packaging
2025-10-31,packaging,15,105,0.1428571428571428,Packaging
2025-11-01,packaging,7,149,0.046979865771812,Packaging
2025-11-02,packaging,12,128,0.09375,Packaging
2025-11-03,packaging,11,136,0.0808823529411764,Packaging
2025-11-04,packaging,14,130,0.1076923076923077,Packaging
2025-11-05,packaging,10,133,0.075187969924812,Packaging
2025-11-06,packaging,14,126,0.1111111111111111,Packaging
2025-11-07,packaging,9,146,0.0616438356164383,Packaging
2025-11-08,packaging,12,142,0.0845070422535211,Packaging
2025-11-09,packaging,13,118,0.1101694915254237,Packaging
2025-11-10,packaging,13,129,0.1007751937984496,Packaging
2025-11-11,packaging,12,145,0.0827586206896551,Packaging
2025-11-12,packaging,12,112,0.1071428571428571,Packaging
2025-11-13,packaging,12,136,0.088235294117647,Packaging
2025-11-14,packaging,12,117,0.1025641025641025,Packaging
2025-11-15,packaging,13,110,0.1181818181818181,Packaging
2025-11-16,packaging,12,137,0.0875912408759124,Packaging
2025-11-17,packaging,11,149,0.0738255033557047,Packaging
2025-11-18,packaging,8,134,0.0597014925373134,Packaging
2025-11-19,packaging,11,123,0.089430894308943,Packaging
2025-11-20,packaging,17,143,0.1188811188811188,Packaging
2025-11-21,packaging,9,120,0.075,Packaging
2025-11-22,packaging,7,130,0.0538461538461538,Packaging
2025-11-23,packaging,11,129,0.0852713178294573,Packaging
2025-11-24,packaging,10,121,0.0826446280991735,Packaging
2025-11-25,packaging,14,119,0.1176470588235294,Packaging
2025-11-26,packaging,16,119,0.134453781512605,Packaging
2025-11-27,packaging,21,140,0.15,Packaging
2025-11-28,packaging,15,129,0.1162790697674418,Packaging
2025-11-29,packaging,18,151,0.119205298013245,Packaging
2025-11-30,packaging,20,129,0.1550387596899224,Packaging
2025-12-01,packaging,19,168,0.1130952380952381,Packaging
2025-12-02,packaging,12,119,0.1008403361344537,Packaging
2025-12-03,packaging,16,133,0.1203007518796992,Packaging
2025-12-04,packaging,19,139,0.1366906474820144,Packaging
2025-12-05,packaging,15,113,0.1327433628318584,Packaging
2025-12-06,packaging,12,134,0.0895522388059701,Packaging
2025-12-07,packaging,9,124,0.0725806451612903,Packaging
2025-12-08,packaging,12,153,0.0784313725490196,Packaging
2025-12-09,packaging,10,134,0.0746268656716417,Packaging
2025-12-10,packaging,15,147,0.1020408163265306,Packaging
2025-12-11,packaging,12,132,0.0909090909090909,Packaging
2025-12-12,packaging,17,131,0.1297709923664122,Packaging
2025-12-13,packaging,11,137,0.0802919708029197,Packaging
2025-12-14,packaging,8,105,0.0761904761904762,Packaging
2025-12-15,packaging,13,122,0.1065573770491803,Packaging
2025-12-16,packaging,17,136,0.125,Packaging
2025-12-17,packaging,11,128,0.0859375,Packaging
2025-12-18,packaging,7,118,0.059322033898305,Packaging
2025-12-19,packaging,10,140,0.0714285714285714,Packaging
2025-12-20,packaging,11,145,0.0758620689655172,Packaging
2025-12-21,packaging,14,121,0.1157024793388429,Packaging
2025-12-22,packaging,8,138,0.0579710144927536,Packaging
2025-12-23,packaging,18,137,0.1313868613138686,Packaging
2025-12-24,packaging,11,123,0.089430894308943,Packaging
2025-12-25,packaging,16,123,0.1300813008130081,Packaging
2025-12-26,packaging,10,135,0.074074074074074,Packaging
2025-12-27,packaging,16,119,0.134453781512605,Packaging
2025-12-28,packaging,18,151,0.119205298013245,Packaging
2025-12-29,packaging,11,130,0.0846153846153846,Packaging
2025-12-30,packaging,8,115,0.0695652173913043,Packaging
2025-12-31,packaging,3,134,0.0223880597014925,Packaging
2026-01-01,packaging,8,140,0.0571428571428571,Packaging
2026-01-02,packaging,9,116,0.0775862068965517,Packaging
2026-01-03,packaging,12,132,0.0909090909090909,Packaging
2026-01-04,packaging,10,123,0.08130081300813,Packaging
2026-01-05,packaging,9,125,0.072,Packaging
2026-01-06,packaging,13,137,0.0948905109489051,Packaging
2026-01-07,packaging,9,123,0.073170731707317,Packaging
2026-01-08,packaging,12,111,0.1081081081081081,Packaging
2026-01-09,packaging,17,127,0.1338582677165354,Packaging
2026-01-10,packaging,20,143,0.1398601398601398,Packaging
2026-01-11,packaging,9,118,0.0762711864406779,Packaging
2026-01-12,packaging,14,145,0.096551724137931,Packaging
2026-01-13,packaging,17,138,0.1231884057971014,Packaging
2026-01-14,packaging,6,127,0.0472440944881889,Packaging
2026-01-15,packaging,9,135,0.0666666666666666,Packaging
2026-01-16,packaging,10,120,0.0833333333333333,Packaging
2026-01-17,packaging,16,120,0.1333333333333333,Packaging
2026-01-18,packaging,20,131,0.1526717557251908,Packaging
2026-01-19,packaging,11,136,0.0808823529411764,Packaging
2026-01-20,packaging,9,127,0.0708661417322834,Packaging
2026-01-21,packaging,12,130,0.0923076923076923,Packaging
2026-01-22,packaging,15,149,0.1006711409395973,Packaging
2026-01-23,packaging,15,115,0.1304347826086956,Packaging
2026-01-24,packaging,11,134,0.0820895522388059,Packaging
2026-01-25,packaging,6,124,0.0483870967741935,Packaging
2026-01-26,packaging,14,125,0.112,Packaging
2026-01-27,packaging,18,139,0.1294964028776978,Packaging
2026-01-28,packaging,11,121,0.0909090909090909,Packaging
2026-01-29,packaging,12,132,0.0909090909090909,Packaging
2026-01-30,packaging,12,140,0.0857142857142857,Packaging
2026-01-31,packaging,7,114,0.0614035087719298,Packaging
2026-02-01,packaging,3,115,0.0260869565217391,Packaging
2026-02-02,packaging,10,147,0.0680272108843537,Packaging
2026-02-03,packaging,17,153,0.1111111111111111,Packaging
2026-02-04,packaging,18,136,0.1323529411764706,Packaging
2026-02-05,packaging,8,133,0.0601503759398496,Packaging
2026-02-06,packaging,12,126,0.0952380952380952,Packaging
2026-02-07,packaging,11,143,0.0769230769230769,Packaging
2026-02-08,packaging,14,140,0.1,Packaging
2026-02-09,packaging,22,137,0.1605839416058394,Packaging
2026-02-10,packaging,13,134,0.0970149253731343,Packaging
2026-02-11,packaging,15,121,0.1239669421487603,Packaging
2026-02-12,packaging,12,130,0.0923076923076923,Packaging
2026-02-13,packaging,12,131,0.0916030534351145,Packaging
2026-02-14,packaging,16,129,0.1240310077519379,Packaging
2026-02-15,packaging,17,141,0.1205673758865248,Packaging
2026-02-16,packaging,21,149,0.1409395973154362,Packaging
2026-02-17,packaging,15,118,0.1271186440677966,Packaging
2026-02-18,packaging,12,121,0.0991735537190082,Packaging
2026-02-19,packaging,14,123,0.1138211382113821,Packaging
2026-02-20,packaging,17,131,0.1297709923664122,Packaging
2026-02-21,packaging,13,156,0.0833333333333333,Packaging
2026-02-22,packaging,20,118,0.1694915254237288,Packaging
2026-02-23,packaging,15,145,0.1034482758620689,Packaging
2026-02-24,packaging,17,140,0.1214285714285714,Packaging
2026-02-25,packaging,14,114,0.1228070175438596,Packaging
2026-02-26,packaging,14,140,0.1,Packaging
2026-02-27,packaging,21,138,0.1521739130434782,Packaging
2026-02-28,packaging,7,113,0.0619469026548672,Packaging
2026-03-01,packaging,20,137,0.145985401459854,Packaging
2026-03-02,packaging,10,131,0.0763358778625954,Packaging
2026-03-03,packaging,12,164,0.073170731707317,Packaging
2026-03-04,packaging,12,144,0.0833333333333333,Packaging
2026-03-05,packaging,15,147,0.1020408163265306,Packaging
2026-03-06,packaging,11,131,0.0839694656488549,Packaging
2026-03-07,packaging,7,133,0.0526315789473684,Packaging
2026-03-08,packaging,15,128,0.1171875,Packaging
2026-03-09,packaging,11,124,0.0887096774193548,Packaging
2026-03-10,packaging,8,129,0.0620155038759689,Packaging
2026-03-11,packaging,10,127,0.0787401574803149,Packaging
2026-03-12,packaging,12,120,0.1,Packaging
2026-03-13,packaging,7,139,0.0503597122302158,Packaging
2026-03-14,packaging,13,131,0.099236641221374,Packaging
2026-03-15,packaging,12,123,0.0975609756097561,Packaging
2026-03-16,packaging,7,119,0.0588235294117647,Packaging
2026-03-17,packaging,11,138,0.0797101449275362,Packaging
2026-03-18,packaging,17,150,0.1133333333333333,Packaging
2026-03-19,packaging,17,136,0.125,Packaging
2026-03-20,packaging,11,142,0.0774647887323943,Packaging
2026-03-21,packaging,7,114,0.0614035087719298,Packaging
2026-03-22,packaging,19,146,0.1301369863013698,Packaging
2026-03-23,packaging,12,139,0.0863309352517985,Packaging
2026-03-24,packaging,14,121,0.1157024793388429,Packaging
2026-03-25,packaging,15,140,0.1071428571428571,Packaging
2026-03-26,packaging,17,138,0.1231884057971014,Packaging
2026-03-27,packaging,18,139,0.1294964028776978,Packaging
2026-03-28,packaging,16,116,0.1379310344827586,Packaging
2026-03-29,packaging,10,130,0.0769230769230769,Packaging
2026-03-30,packaging,20,145,0.1379310344827586,Packaging
2026-03-31,packaging,7,125,0.056,Packaging
2026-04-01,packaging,13,126,0.1031746031746031,Packaging
2026-04-02,packaging,10,124,0.0806451612903225,Packaging
2026-04-03,packaging,19,139,0.1366906474820144,Packaging
2026-04-04,packaging,12,138,0.0869565217391304,Packaging
2026-04-05,packaging,16,134,0.1194029850746268,Packaging
2026-04-06,packaging,16,144,0.1111111111111111,Packaging
2026-04-07,packaging,15,135,0.1111111111111111,Packaging
2026-04-08,packaging,6,116,0.0517241379310344,Packaging
2026-04-09,packaging,16,131,0.1221374045801526,Packaging
2026-04-10,packaging,15,137,0.1094890510948905,Packaging
2026-04-11,packaging,16,131,0.1221374045801526,Packaging
2026-04-12,packaging,18,129,0.1395348837209302,Packaging
2026-04-13,packaging,10,121,0.0826446280991735,Packaging
2026-04-14,packaging,16,132,0.1212121212121212,Packaging
2026-04-15,packaging,8,131,0.0610687022900763,Packaging
2026-04-16,packaging,16,135,0.1185185185185185,Packaging
2026-04-17,packaging,18,125,0.144,Packaging
2026-04-18,packaging,16,137,0.1167883211678832,Packaging
2026-04-19,packaging,12,118,0.1016949152542373,Packaging
2026-04-20,packaging,14,140,0.1,Packaging
2026-04-21,packaging,15,128,0.1171875,Packaging
2026-04-22,packaging,8,139,0.0575539568345323,Packaging
2026-04-23,packaging,8,125,0.064,Packaging
2026-04-24,packaging,9,130,0.0692307692307692,Packaging
2026-04-25,packaging,8,107,0.0747663551401869,Packaging
2026-04-26,packaging,14,140,0.1,Packaging
2026-04-27,packaging,11,140,0.0785714285714285,Packaging
2026-04-28,packaging,12,113,0.1061946902654867,Packaging
2026-04-29,packaging,13,138,0.0942028985507246,Packaging
2026-04-30,packaging,11,126,0.0873015873015873,Packaging
2026-05-01,packaging,9,141,0.0638297872340425,Packaging
2026-05-02,packaging,14,128,0.109375,Packaging
2026-05-03,packaging,11,137,0.0802919708029197,Packaging
2026-05-04,packaging,22,143,0.1538461538461538,Packaging
2026-05-05,packaging,16,155,0.1032258064516129,Packaging
2026-05-06,packaging,13,127,0.1023622047244094,Packaging
2026-05-07,packaging,19,139,0.1366906474820144,Packaging
2026-05-08,packaging,13,136,0.0955882352941176,Packaging
2026-05-09,packaging,8,130,0.0615384615384615,Packaging
2026-05-10,packaging,17,134,0.126865671641791,Packaging
2026-05-11,packaging,10,125,0.08,Packaging
2026-05-12,packaging,10,132,0.0757575757575757,Packaging
2026-05-13,packaging,16,123,0.1300813008130081,Packaging
2026-05-14,packaging,9,132,0.0681818181818181,Packaging
2026-05-15,packaging,17,131,0.1297709923664122,Packaging
2026-05-16,packaging,14,136,0.1029411764705882,Packaging
2026-05-17,packaging,15,135,0.1111111111111111,Packaging
2026-05-18,packaging,12,120,0.1,Packaging
2026-05-19,packaging,11,138,0.0797101449275362,Packaging
2026-05-20,packaging,13,140,0.0928571428571428,Packaging
2026-05-21,packaging,13,118,0.1101694915254237,Packaging
2026-05-22,packaging,18,141,0.1276595744680851,Packaging
2026-05-23,packaging,8,130,0.0615384615384615,Packaging
2026-05-24,packaging,6,124,0.0483870967741935,Packaging
2026-05-25,packaging,12,128,0.09375,Packaging
2026-05-26,packaging,10,111,0.09009009009009,Packaging
2026-05-27,packaging,15,136,0.1102941176470588,Packaging
2026-05-28,packaging,9,125,0.072,Packaging
2026-05-29,packaging,8,125,0.064,Packaging
2026-05-30,packaging,11,111,0.0990990990990991,Packaging
2026-05-31,packaging,14,154,0.0909090909090909,Packaging
2026-06-01,packaging,8,125,0.064,Packaging
2026-06-02,packaging,14,144,0.0972222222222222,Packaging
2026-06-03,packaging,16,141,0.1134751773049645,Packaging
2026-06-04,packaging,15,134,0.1119402985074626,Packaging
2026-06-05,packaging,11,138,0.0797101449275362,Packaging
2026-06-06,packaging,7,133,0.0526315789473684,Packaging
2026-06-07,packaging,13,132,0.0984848484848484,Packaging
2026-06-08,packaging,13,124,0.1048387096774193,Packaging
2026-06-09,packaging,14,141,0.0992907801418439,Packaging
2026-06-10,packaging,17,122,0.1393442622950819,Packaging
2026-06-11,packaging,8,143,0.0559440559440559,Packaging
2026-06-12,packaging,19,126,0.1507936507936507,Packaging
2026-06-13,packaging,10,115,0.0869565217391304,Packaging
2026-06-14,packaging,10,126,0.0793650793650793,Packaging
2026-06-15,packaging,12,126,0.0952380952380952,Packaging
2026-06-16,packaging,10,130,0.0769230769230769,Packaging
2026-06-17,packaging,10,131,0.0763358778625954,Packaging
2026-06-18,packaging,20,131,0.1526717557251908,Packaging
2026-06-19,packaging,16,147,0.1088435374149659,Packaging
2026-06-20,packaging,14,115,0.1217391304347826,Packaging
2026-06-21,packaging,12,124,0.0967741935483871,Packaging
2026-06-22,packaging,9,142,0.0633802816901408,Packaging
2026-06-23,packaging,16,131,0.1221374045801526,Packaging
2026-06-24,packaging,9,123,0.073170731707317,Packaging
2026-06-25,packaging,16,129,0.1240310077519379,Packaging
2026-06-26,packaging,9,146,0.0616438356164383,Packaging
2026-06-27,packaging,11,123,0.089430894308943,Packaging
2026-06-28,packaging,12,137,0.0875912408759124,Packaging
2026-06-29,packaging,14,119,0.1176470588235294,Packaging
2024-01-01,payment_double_charge,2,132,0.0151515151515151,Payment Issues (Double Charge)
2024-01-02,payment_double_charge,2,132,0.0151515151515151,Payment Issues (Double Charge)
2024-01-03,payment_double_charge,1,146,0.0068493150684931,Payment Issues (Double Charge)
2024-01-04,payment_double_charge,2,154,0.0129870129870129,Payment Issues (Double Charge)
2024-01-05,payment_double_charge,2,134,0.0149253731343283,Payment Issues (Double Charge)
2024-01-06,payment_double_charge,1,142,0.0070422535211267,Payment Issues (Double Charge)
2024-01-08,payment_double_charge,1,140,0.0071428571428571,Payment Issues (Double Charge)
2024-01-09,payment_double_charge,1,152,0.006578947368421,Payment Issues (Double Charge)
2024-01-12,payment_double_charge,1,104,0.0096153846153846,Payment Issues (Double Charge)
2024-01-13,payment_double_charge,1,140,0.0071428571428571,Payment Issues (Double Charge)
2024-01-14,payment_double_charge,1,142,0.0070422535211267,Payment Issues (Double Charge)
2024-01-15,payment_double_charge,1,130,0.0076923076923076,Payment Issues (Double Charge)
2024-01-16,payment_double_charge,2,113,0.0176991150442477,Payment Issues (Double Charge)
2024-01-18,payment_double_charge,1,145,0.0068965517241379,Payment Issues (Double Charge)
2024-01-19,payment_double_charge,1,133,0.0075187969924812,Payment Issues (Double Charge)
2024-01-20,payment_double_charge,2,137,0.0145985401459854,Payment Issues (Double Charge)
2024-01-21,payment_double_charge,2,144,0.0138888888888888,Payment Issues (Double Charge)
2024-01-22,payment_double_charge,2,147,0.0136054421768707,Payment Issues (Double Charge)
2024-01-23,payment_double_charge,3,153,0.0196078431372549,Payment Issues (Double Charge)
2024-01-25,payment_double_charge,1,147,0.0068027210884353,Payment Issues (Double Charge)
2024-01-26,payment_double_charge,1,133,0.0075187969924812,Payment Issues (Double Charge)
2024-01-28,payment_double_charge,1,138,0.0072463768115942,Payment Issues (Double Charge)
2024-01-29,payment_double_charge,2,127,0.0157480314960629,Payment Issues (Double Charge)
2024-01-30,payment_double_charge,1,131,0.0076335877862595,Payment Issues (Double Charge)
2024-01-31,payment_double_charge,1,123,0.008130081300813,Payment Issues (Double Charge)
2024-02-02,payment_double_charge,1,116,0.0086206896551724,Payment Issues (Double Charge)
2024-02-05,payment_double_charge,1,135,0.0074074074074074,Payment Issues (Double Charge)
2024-02-08,payment_double_charge,1,110,0.009090909090909,Payment Issues (Double Charge)
2024-02-09,payment_double_charge,1,125,0.008,Payment Issues (Double Charge)
2024-02-11,payment_double_charge,1,125,0.008,Payment Issues (Double Charge)
2024-02-12,payment_double_charge,1,151,0.0066225165562913,Payment Issues (Double Charge)
2024-02-13,payment_double_charge,2,119,0.0168067226890756,Payment Issues (Double Charge)
2024-02-16,payment_double_charge,1,120,0.0083333333333333,Payment Issues (Double Charge)
2024-02-17,payment_double_charge,2,126,0.0158730158730158,Payment Issues (Double Charge)
2024-02-18,payment_double_charge,2,130,0.0153846153846153,Payment Issues (Double Charge)
2024-02-20,payment_double_charge,1,133,0.0075187969924812,Payment Issues (Double Charge)
2024-02-21,payment_double_charge,1,141,0.0070921985815602,Payment Issues (Double Charge)
2024-02-22,payment_double_charge,1,138,0.0072463768115942,Payment Issues (Double Charge)
2024-02-23,payment_double_charge,1,139,0.0071942446043165,Payment Issues (Double Charge)
2024-02-24,payment_double_charge,2,128,0.015625,Payment Issues (Double Charge)
2024-02-25,payment_double_charge,1,126,0.0079365079365079,Payment Issues (Double Charge)
2024-02-26,payment_double_charge,1,119,0.0084033613445378,Payment Issues (Double Charge)
2024-02-28,payment_double_charge,1,126,0.0079365079365079,Payment Issues (Double Charge)
2024-02-29,payment_double_charge,1,126,0.0079365079365079,Payment Issues (Double Charge)
2024-03-01,payment_double_charge,1,121,0.0082644628099173,Payment Issues (Double Charge)
2024-03-02,payment_double_charge,2,141,0.0141843971631205,Payment Issues (Double Charge)
2024-03-06,payment_double_charge,2,111,0.018018018018018,Payment Issues (Double Charge)
2024-03-07,payment_double_charge,2,129,0.0155038759689922,Payment Issues (Double Charge)
2024-03-10,payment_double_charge,1,128,0.0078125,Payment Issues (Double Charge)
2024-03-12,payment_double_charge,1,109,0.0091743119266055,Payment Issues (Double Charge)
2024-03-14,payment_double_charge,2,122,0.0163934426229508,Payment Issues (Double Charge)
2024-03-15,payment_double_charge,2,152,0.0131578947368421,Payment Issues (Double Charge)
2024-03-16,payment_double_charge,1,139,0.0071942446043165,Payment Issues (Double Charge)
2024-03-18,payment_double_charge,2,143,0.0139860139860139,Payment Issues (Double Charge)
2024-03-19,payment_double_charge,1,140,0.0071428571428571,Payment Issues (Double Charge)
2024-03-20,payment_double_charge,3,122,0.0245901639344262,Payment Issues (Double Charge)
2024-03-22,payment_double_charge,2,123,0.016260162601626,Payment Issues (Double Charge)
2024-03-23,payment_double_charge,1,124,0.0080645161290322,Payment Issues (Double Charge)
2024-03-24,payment_double_charge,1,158,0.0063291139240506,Payment Issues (Double Charge)
2024-03-25,payment_double_charge,2,156,0.0128205128205128,Payment Issues (Double Charge)
2024-03-28,payment_double_charge,1,130,0.0076923076923076,Payment Issues (Double Charge)
2024-03-29,payment_double_charge,3,151,0.0198675496688741,Payment Issues (Double Charge)
2024-03-30,payment_double_charge,1,121,0.0082644628099173,Payment Issues (Double Charge)
2024-03-31,payment_double_charge,2,133,0.0150375939849624,Payment Issues (Double Charge)
2024-04-01,payment_double_charge,1,136,0.0073529411764705,Payment Issues (Double Charge)
2024-04-03,payment_double_charge,1,117,0.0085470085470085,Payment Issues (Double Charge)
2024-04-04,payment_double_charge,2,132,0.0151515151515151,Payment Issues (Double Charge)
2024-04-07,payment_double_charge,1,124,0.0080645161290322,Payment Issues (Double Charge)
2024-04-09,payment_double_charge,1,130,0.0076923076923076,Payment Issues (Double Charge)
2024-04-10,payment_double_charge,3,152,0.0197368421052631,Payment Issues (Double Charge)
2024-04-12,payment_double_charge,1,133,0.0075187969924812,Payment Issues (Double Charge)
2024-04-14,payment_double_charge,2,143,0.0139860139860139,Payment Issues (Double Charge)
2024-04-15,payment_double_charge,1,130,0.0076923076923076,Payment Issues (Double Charge)
2024-04-17,payment_double_charge,1,121,0.0082644628099173,Payment Issues (Double Charge)
2024-04-18,payment_double_charge,2,155,0.0129032258064516,Payment Issues (Double Charge)
2024-04-20,payment_double_charge,1,147,0.0068027210884353,Payment Issues (Double Charge)
2024-04-22,payment_double_charge,2,130,0.0153846153846153,Payment Issues (Double Charge)
2024-04-24,payment_double_charge,1,121,0.0082644628099173,Payment Issues (Double Charge)
2024-04-25,payment_double_charge,1,124,0.0080645161290322,Payment Issues (Double Charge)
2024-04-27,payment_double_charge,2,118,0.0169491525423728,Payment Issues (Double Charge)
2024-04-28,payment_double_charge,1,127,0.0078740157480314,Payment Issues (Double Charge)
2024-04-30,payment_double_charge,1,137,0.0072992700729927,Payment Issues (Double Charge)
2024-05-01,payment_double_charge,1,136,0.0073529411764705,Payment Issues (Double Charge)
2024-05-03,payment_double_charge,1,138,0.0072463768115942,Payment Issues (Double Charge)
2024-05-04,payment_double_charge,1,135,0.0074074074074074,Payment Issues (Double Charge)
2024-05-05,payment_double_charge,1,116,0.0086206896551724,Payment Issues (Double Charge)
2024-05-07,payment_double_charge,1,124,0.0080645161290322,Payment Issues (Double Charge)
2024-05-08,payment_double_charge,1,141,0.0070921985815602,Payment Issues (Double Charge)
2024-05-11,payment_double_charge,1,137,0.0072992700729927,Payment Issues (Double Charge)
2024-05-12,payment_double_charge,1,133,0.0075187969924812,Payment Issues (Double Charge)
2024-05-14,payment_double_charge,2,119,0.0168067226890756,Payment Issues (Double Charge)
2024-05-15,payment_double_charge,1,114,0.0087719298245614,Payment Issues (Double Charge)
2024-05-16,payment_double_charge,1,129,0.0077519379844961,Payment Issues (Double Charge)
2024-05-17,payment_double_charge,1,117,0.0085470085470085,Payment Issues (Double Charge)
2024-05-18,payment_double_charge,1,130,0.0076923076923076,Payment Issues (Double Charge)
2024-05-20,payment_double_charge,1,141,0.0070921985815602,Payment Issues (Double Charge)
2024-05-22,payment_double_charge,3,140,0.0214285714285714,Payment Issues (Double Charge)
2024-05-23,payment_double_charge,2,134,0.0149253731343283,Payment Issues (Double Charge)
2024-05-25,payment_double_charge,2,125,0.016,Payment Issues (Double Charge)
2024-05-26,payment_double_charge,2,148,0.0135135135135135,Payment Issues (Double Charge)
2024-05-28,payment_double_charge,2,125,0.016,Payment Issues (Double Charge)
2024-05-29,payment_double_charge,1,122,0.0081967213114754,Payment Issues (Double Charge)
2024-05-30,payment_double_charge,1,133,0.0075187969924812,Payment Issues (Double Charge)
2024-05-31,payment_double_charge,2,121,0.0165289256198347,Payment Issues (Double Charge)
2024-06-01,payment_double_charge,1,128,0.0078125,Payment Issues (Double Charge)
2024-06-02,payment_double_charge,2,122,0.0163934426229508,Payment Issues (Double Charge)
2024-06-03,payment_double_charge,1,130,0.0076923076923076,Payment Issues (Double Charge)
2024-06-04,payment_double_charge,1,133,0.0075187969924812,Payment Issues (Double Charge)
2024-06-06,payment_double_charge,1,145,0.0068965517241379,Payment Issues (Double Charge)
2024-06-07,payment_double_charge,1,126,0.0079365079365079,Payment Issues (Double Charge)
2024-06-08,payment_double_charge,1,136,0.0073529411764705,Payment Issues (Double Charge)
2024-06-09,payment_double_charge,3,120,0.025,Payment Issues (Double Charge)
2024-06-11,payment_double_charge,1,143,0.0069930069930069,Payment Issues (Double Charge)
2024-06-12,payment_double_charge,2,128,0.015625,Payment Issues (Double Charge)
2024-06-15,payment_double_charge,2,133,0.0150375939849624,Payment Issues (Double Charge)
2024-06-17,payment_double_charge,1,129,0.0077519379844961,Payment Issues (Double Charge)
2024-06-18,payment_double_charge,1,133,0.0075187969924812,Payment Issues (Double Charge)
2024-06-20,payment_double_charge,2,119,0.0168067226890756,Payment Issues (Double Charge)
2024-06-21,payment_double_charge,2,129,0.0155038759689922,Payment Issues (Double Charge)
2024-06-22,payment_double_charge,2,146,0.0136986301369863,Payment Issues (Double Charge)
2024-06-25,payment_double_charge,1,162,0.0061728395061728,Payment Issues (Double Charge)
2024-06-26,payment_double_charge,1,129,0.0077519379844961,Payment Issues (Double Charge)
2024-06-27,payment_double_charge,1,148,0.0067567567567567,Payment Issues (Double Charge)
2024-06-30,payment_double_charge,1,156,0.0064102564102564,Payment Issues (Double Charge)
2024-07-02,payment_double_charge,2,122,0.0163934426229508,Payment Issues (Double Charge)
2024-07-03,payment_double_charge,1,124,0.0080645161290322,Payment Issues (Double Charge)
2024-07-06,payment_double_charge,1,128,0.0078125,Payment Issues (Double Charge)
2024-07-09,payment_double_charge,2,153,0.0130718954248366,Payment Issues (Double Charge)
2024-07-10,payment_double_charge,1,141,0.0070921985815602,Payment Issues (Double Charge)
2024-07-11,payment_double_charge,1,132,0.0075757575757575,Payment Issues (Double Charge)
2024-07-12,payment_double_charge,2,137,0.0145985401459854,Payment Issues (Double Charge)
2024-07-13,payment_double_charge,6,130,0.0461538461538461,Payment Issues (Double Charge)
2024-07-14,payment_double_charge,2,130,0.0153846153846153,Payment Issues (Double Charge)
2024-07-15,payment_double_charge,2,115,0.017391304347826,Payment Issues (Double Charge)
2024-07-16,payment_double_charge,2,149,0.0134228187919463,Payment Issues (Double Charge)
2024-07-17,payment_double_charge,1,125,0.008,Payment Issues (Double Charge)
2024-07-18,payment_double_charge,1,120,0.0083333333333333,Payment Issues (Double Charge)
2024-07-19,payment_double_charge,2,129,0.0155038759689922,Payment Issues (Double Charge)
2024-07-20,payment_double_charge,2,143,0.0139860139860139,Payment Issues (Double Charge)
2024-07-21,payment_double_charge,3,145,0.0206896551724137,Payment Issues (Double Charge)
2024-07-22,payment_double_charge,1,148,0.0067567567567567,Payment Issues (Double Charge)
2024-07-24,payment_double_charge,2,115,0.017391304347826,Payment Issues (Double Charge)
2024-07-25,payment_double_charge,3,147,0.0204081632653061,Payment Issues (Double Charge)
2024-07-27,payment_double_charge,3,123,0.024390243902439,Payment Issues (Double Charge)
2024-07-29,payment_double_charge,1,126,0.0079365079365079,Payment Issues (Double Charge)
2024-07-30,payment_double_charge,2,138,0.0144927536231884,Payment Issues (Double Charge)
2024-08-01,payment_double_charge,1,124,0.0080645161290322,Payment Issues (Double Charge)
2024-08-02,payment_double_charge,2,134,0.0149253731343283,Payment Issues (Double Charge)
2024-08-04,payment_double_charge,1,119,0.0084033613445378,Payment Issues (Double Charge)
2024-08-06,payment_double_charge,1,139,0.0071942446043165,Payment Issues (Double Charge)
2024-08-08,payment_double_charge,2,134,0.0149253731343283,Payment Issues (Double Charge)
2024-08-09,payment_double_charge,2,119,0.0168067226890756,Payment Issues (Double Charge)
2024-08-11,payment_double_charge,1,140,0.0071428571428571,Payment Issues (Double Charge)
2024-08-12,payment_double_charge,3,142,0.0211267605633802,Payment Issues (Double Charge)
2024-08-13,payment_double_charge,1,133,0.0075187969924812,Payment Issues (Double Charge)
2024-08-14,payment_double_charge,2,145,0.0137931034482758,Payment Issues (Double Charge)
2024-08-15,payment_double_charge,2,121,0.0165289256198347,Payment Issues (Double Charge)
2024-08-18,payment_double_charge,2,145,0.0137931034482758,Payment Issues (Double Charge)
2024-08-20,payment_double_charge,2,151,0.0132450331125827,Payment Issues (Double Charge)
2024-08-23,payment_double_charge,2,116,0.0172413793103448,Payment Issues (Double Charge)
2024-08-24,payment_double_charge,3,145,0.0206896551724137,Payment Issues (Double Charge)
2024-08-25,payment_double_charge,2,124,0.0161290322580645,Payment Issues (Double Charge)
2024-08-26,payment_double_charge,3,134,0.0223880597014925,Payment Issues (Double Charge)
2024-08-27,payment_double_charge,1,123,0.008130081300813,Payment Issues (Double Charge)
2024-08-29,payment_double_charge,1,148,0.0067567567567567,Payment Issues (Double Charge)
2024-08-30,payment_double_charge,2,141,0.0141843971631205,Payment Issues (Double Charge)
2024-08-31,payment_double_charge,1,143,0.0069930069930069,Payment Issues (Double Charge)
2024-09-02,payment_double_charge,1,130,0.0076923076923076,Payment Issues (Double Charge)
2024-09-03,payment_double_charge,3,149,0.0201342281879194,Payment Issues (Double Charge)
2024-09-04,payment_double_charge,1,141,0.0070921985815602,Payment Issues (Double Charge)
2024-09-05,payment_double_charge,1,129,0.0077519379844961,Payment Issues (Double Charge)
2024-09-06,payment_double_charge,2,137,0.0145985401459854,Payment Issues (Double Charge)
2024-09-07,payment_double_charge,3,143,0.0209790209790209,Payment Issues (Double Charge)
2024-09-08,payment_double_charge,1,140,0.0071428571428571,Payment Issues (Double Charge)
2024-09-09,payment_double_charge,3,133,0.0225563909774436,Payment Issues (Double Charge)
2024-09-10,payment_double_charge,1,131,0.0076335877862595,Payment Issues (Double Charge)
2024-09-11,payment_double_charge,1,123,0.008130081300813,Payment Issues (Double Charge)
2024-09-15,payment_double_charge,1,122,0.0081967213114754,Payment Issues (Double Charge)
2024-09-18,payment_double_charge,3,128,0.0234375,Payment Issues (Double Charge)
2024-09-19,payment_double_charge,1,122,0.0081967213114754,Payment Issues (Double Charge)
2024-09-20,payment_double_charge,2,154,0.0129870129870129,Payment Issues (Double Charge)
2024-09-21,payment_double_charge,1,149,0.0067114093959731,Payment Issues (Double Charge)
2024-09-22,payment_double_charge,2,121,0.0165289256198347,Payment Issues (Double Charge)
2024-09-23,payment_double_charge,2,142,0.0140845070422535,Payment Issues (Double Charge)
2024-09-24,payment_double_charge,3,119,0.0252100840336134,Payment Issues (Double Charge)
2024-09-25,payment_double_charge,1,144,0.0069444444444444,Payment Issues (Double Charge)
2024-09-27,payment_double_charge,1,111,0.009009009009009,Payment Issues (Double Charge)
2024-09-28,payment_double_charge,1,135,0.0074074074074074,Payment Issues (Double Charge)
2024-09-29,payment_double_charge,2,156,0.0128205128205128,Payment Issues (Double Charge)
2024-09-30,payment_double_charge,1,116,0.0086206896551724,Payment Issues (Double Charge)
2024-10-02,payment_double_charge,1,114,0.0087719298245614,Payment Issues (Double Charge)
2024-10-05,payment_double_charge,1,143,0.0069930069930069,Payment Issues (Double Charge)
2024-10-06,payment_double_charge,1,142,0.0070422535211267,Payment Issues (Double Charge)
2024-10-07,payment_double_charge,1,124,0.0080645161290322,Payment Issues (Double Charge)
2024-10-08,payment_double_charge,1,122,0.0081967213114754,Payment Issues (Double Charge)
2024-10-11,payment_double_charge,1,141,0.0070921985815602,Payment Issues (Double Charge)
2024-10-13,payment_double_charge,1,145,0.0068965517241379,Payment Issues (Double Charge)
2024-10-15,payment_double_charge,1,120,0.0083333333333333,Payment Issues (Double Charge)
2024-10-17,payment_double_charge,1,133,0.0075187969924812,Payment Issues (Double Charge)
2024-10-18,payment_double_charge,2,112,0.0178571428571428,Payment Issues (Double Charge)
2024-10-19,payment_double_charge,1,134,0.0074626865671641,Payment Issues (Double Charge)
2024-10-20,payment_double_charge,1,128,0.0078125,Payment Issues (Double Charge)
2024-10-22,payment_double_charge,2,136,0.0147058823529411,Payment Issues (Double Charge)
2024-10-23,payment_double_charge,1,143,0.0069930069930069,Payment Issues (Double Charge)
2024-10-24,payment_double_charge,2,118,0.0169491525423728,Payment Issues (Double Charge)
2024-10-26,payment_double_charge,1,133,0.0075187969924812,Payment Issues (Double Charge)
2024-10-28,payment_double_charge,2,133,0.0150375939849624,Payment Issues (Double Charge)
2024-10-29,payment_double_charge,4,128,0.03125,Payment Issues (Double Charge)
2024-10-31,payment_double_charge,1,127,0.0078740157480314,Payment Issues (Double Charge)
2024-11-02,payment_double_charge,3,132,0.0227272727272727,Payment Issues (Double Charge)
2024-11-06,payment_double_charge,1,146,0.0068493150684931,Payment Issues (Double Charge)
2024-11-07,payment_double_charge,1,124,0.0080645161290322,Payment Issues (Double Charge)
2024-11-08,payment_double_charge,1,150,0.0066666666666666,Payment Issues (Double Charge)
2024-11-09,payment_double_charge,3,141,0.0212765957446808,Payment Issues (Double Charge)
2024-11-10,payment_double_charge,2,127,0.0157480314960629,Payment Issues (Double Charge)
2024-11-13,payment_double_charge,1,139,0.0071942446043165,Payment Issues (Double Charge)
2024-11-14,payment_double_charge,2,126,0.0158730158730158,Payment Issues (Double Charge)
2024-11-17,payment_double_charge,1,120,0.0083333333333333,Payment Issues (Double Charge)
2024-11-18,payment_double_charge,3,138,0.0217391304347826,Payment Issues (Double Charge)
2024-11-19,payment_double_charge,1,135,0.0074074074074074,Payment Issues (Double Charge)
2024-11-20,payment_double_charge,1,118,0.0084745762711864,Payment Issues (Double Charge)
2024-11-22,payment_double_charge,2,142,0.0140845070422535,Payment Issues (Double Charge)
2024-11-23,payment_double_charge,1,134,0.0074626865671641,Payment Issues (Double Charge)
2024-11-24,payment_double_charge,1,134,0.0074626865671641,Payment Issues (Double Charge)
2024-11-25,payment_double_charge,2,111,0.018018018018018,Payment Issues (Double Charge)
2024-11-26,payment_double_charge,2,143,0.0139860139860139,Payment Issues (Double Charge)
2024-11-28,payment_double_charge,1,134,0.0074626865671641,Payment Issues (Double Charge)
2024-11-29,payment_double_charge,2,131,0.015267175572519,Payment Issues (Double Charge)
2024-12-02,payment_double_charge,1,124,0.0080645161290322,Payment Issues (Double Charge)
2024-12-03,payment_double_charge,1,134,0.0074626865671641,Payment Issues (Double Charge)
2024-12-04,payment_double_charge,2,130,0.0153846153846153,Payment Issues (Double Charge)
2024-12-06,payment_double_charge,1,140,0.0071428571428571,Payment Issues (Double Charge)
2024-12-08,payment_double_charge,1,138,0.0072463768115942,Payment Issues (Double Charge)
2024-12-09,payment_double_charge,2,145,0.0137931034482758,Payment Issues (Double Charge)
2024-12-12,payment_double_charge,1,142,0.0070422535211267,Payment Issues (Double Charge)
2024-12-13,payment_double_charge,1,140,0.0071428571428571,Payment Issues (Double Charge)
2024-12-14,payment_double_charge,2,124,0.0161290322580645,Payment Issues (Double Charge)
2024-12-15,payment_double_charge,1,128,0.0078125,Payment Issues (Double Charge)
2024-12-16,payment_double_charge,2,132,0.0151515151515151,Payment Issues (Double Charge)
2024-12-18,payment_double_charge,4,122,0.0327868852459016,Payment Issues (Double Charge)
2024-12-20,payment_double_charge,2,132,0.0151515151515151,Payment Issues (Double Charge)
2024-12-21,payment_double_charge,1,107,0.0093457943925233,Payment Issues (Double Charge)
2024-12-23,payment_double_charge,2,129,0.0155038759689922,Payment Issues (Double Charge)
2024-12-24,payment_double_charge,1,103,0.0097087378640776,Payment Issues (Double Charge)
2024-12-25,payment_double_charge,2,117,0.017094017094017,Payment Issues (Double Charge)
2024-12-26,payment_double_charge,2,131,0.015267175572519,Payment Issues (Double Charge)
2024-12-27,payment_double_charge,2,136,0.0147058823529411,Payment Issues (Double Charge)
2024-12-29,payment_double_charge,1,135,0.0074074074074074,Payment Issues (Double Charge)
2024-12-31,payment_double_charge,2,129,0.0155038759689922,Payment Issues (Double Charge)
2025-01-01,payment_double_charge,1,118,0.0084745762711864,Payment Issues (Double Charge)
2025-01-03,payment_double_charge,2,137,0.0145985401459854,Payment Issues (Double Charge)
2025-01-05,payment_double_charge,2,148,0.0135135135135135,Payment Issues (Double Charge)
2025-01-06,payment_double_charge,1,156,0.0064102564102564,Payment Issues (Double Charge)
2025-01-07,payment_double_charge,3,126,0.0238095238095238,Payment Issues (Double Charge)
2025-01-08,payment_double_charge,2,150,0.0133333333333333,Payment Issues (Double Charge)
2025-01-10,payment_double_charge,1,128,0.0078125,Payment Issues (Double Charge)
2025-01-11,payment_double_charge,1,148,0.0067567567567567,Payment Issues (Double Charge)
2025-01-12,payment_double_charge,1,136,0.0073529411764705,Payment Issues (Double Charge)
2025-01-13,payment_double_charge,1,123,0.008130081300813,Payment Issues (Double Charge)
2025-01-14,payment_double_charge,1,135,0.0074074074074074,Payment Issues (Double Charge)
2025-01-17,payment_double_charge,1,156,0.0064102564102564,Payment Issues (Double Charge)
2025-01-18,payment_double_charge,1,120,0.0083333333333333,Payment Issues (Double Charge)
2025-01-19,payment_double_charge,2,120,0.0166666666666666,Payment Issues (Double Charge)
2025-01-22,payment_double_charge,2,152,0.0131578947368421,Payment Issues (Double Charge)
2025-01-25,payment_double_charge,1,143,0.0069930069930069,Payment Issues (Double Charge)
2025-01-26,payment_double_charge,1,148,0.0067567567567567,Payment Issues (Double Charge)
2025-01-27,payment_double_charge,1,113,0.0088495575221238,Payment Issues (Double Charge)
2025-01-30,payment_double_charge,2,136,0.0147058823529411,Payment Issues (Double Charge)
2025-01-31,payment_double_charge,1,136,0.0073529411764705,Payment Issues (Double Charge)
2025-02-01,payment_double_charge,3,132,0.0227272727272727,Payment Issues (Double Charge)
2025-02-02,payment_double_charge,2,138,0.0144927536231884,Payment Issues (Double Charge)
2025-02-03,payment_double_charge,3,138,0.0217391304347826,Payment Issues (Double Charge)
2025-02-05,payment_double_charge,1,139,0.0071942446043165,Payment Issues (Double Charge)
2025-02-06,payment_double_charge,1,143,0.0069930069930069,Payment Issues (Double Charge)
2025-02-07,payment_double_charge,2,149,0.0134228187919463,Payment Issues (Double Charge)
2025-02-08,payment_double_charge,1,128,0.0078125,Payment Issues (Double Charge)
2025-02-09,payment_double_charge,1,139,0.0071942446043165,Payment Issues (Double Charge)
2025-02-10,payment_double_charge,2,138,0.0144927536231884,Payment Issues (Double Charge)
2025-02-14,payment_double_charge,4,116,0.0344827586206896,Payment Issues (Double Charge)
2025-02-15,payment_double_charge,2,128,0.015625,Payment Issues (Double Charge)
2025-02-16,payment_double_charge,1,143,0.0069930069930069,Payment Issues (Double Charge)
2025-02-17,payment_double_charge,1,136,0.0073529411764705,Payment Issues (Double Charge)
2025-02-20,payment_double_charge,1,143,0.0069930069930069,Payment Issues (Double Charge)
2025-02-22,payment_double_charge,1,114,0.0087719298245614,Payment Issues (Double Charge)
2025-02-23,payment_double_charge,3,123,0.024390243902439,Payment Issues (Double Charge)
2025-02-24,payment_double_charge,3,135,0.0222222222222222,Payment Issues (Double Charge)
2025-02-25,payment_double_charge,1,139,0.0071942446043165,Payment Issues (Double Charge)
2025-02-26,payment_double_charge,1,127,0.0078740157480314,Payment Issues (Double Charge)
2025-03-01,payment_double_charge,2,137,0.0145985401459854,Payment Issues (Double Charge)
2025-03-02,payment_double_charge,2,141,0.0141843971631205,Payment Issues (Double Charge)
2025-03-04,payment_double_charge,2,142,0.0140845070422535,Payment Issues (Double Charge)
2025-03-05,payment_double_charge,1,137,0.0072992700729927,Payment Issues (Double Charge)
2025-03-06,payment_double_charge,1,143,0.0069930069930069,Payment Issues (Double Charge)
2025-03-08,payment_double_charge,1,128,0.0078125,Payment Issues (Double Charge)
2025-03-09,payment_double_charge,1,135,0.0074074074074074,Payment Issues (Double Charge)
2025-03-10,payment_double_charge,2,127,0.0157480314960629,Payment Issues (Double Charge)
2025-03-11,payment_double_charge,3,138,0.0217391304347826,Payment Issues (Double Charge)
2025-03-12,payment_double_charge,3,133,0.0225563909774436,Payment Issues (Double Charge)
2025-03-14,payment_double_charge,1,140,0.0071428571428571,Payment Issues (Double Charge)
2025-03-15,payment_double_charge,2,131,0.015267175572519,Payment Issues (Double Charge)
2025-03-16,payment_double_charge,1,134,0.0074626865671641,Payment Issues (Double Charge)
2025-03-19,payment_double_charge,2,121,0.0165289256198347,Payment Issues (Double Charge)
2025-03-20,payment_double_charge,1,120,0.0083333333333333,Payment Issues (Double Charge)
2025-03-22,payment_double_charge,1,142,0.0070422535211267,Payment Issues (Double Charge)
2025-03-23,payment_double_charge,1,121,0.0082644628099173,Payment Issues (Double Charge)
2025-03-30,payment_double_charge,1,137,0.0072992700729927,Payment Issues (Double Charge)
2025-03-31,payment_double_charge,1,150,0.0066666666666666,Payment Issues (Double Charge)
2025-04-01,payment_double_charge,1,152,0.006578947368421,Payment Issues (Double Charge)
2025-04-02,payment_double_charge,2,145,0.0137931034482758,Payment Issues (Double Charge)
2025-04-03,payment_double_charge,2,138,0.0144927536231884,Payment Issues (Double Charge)
2025-04-06,payment_double_charge,3,139,0.0215827338129496,Payment Issues (Double Charge)
2025-04-07,payment_double_charge,2,119,0.0168067226890756,Payment Issues (Double Charge)
2025-04-09,payment_double_charge,1,124,0.0080645161290322,Payment Issues (Double Charge)
2025-04-10,payment_double_charge,1,147,0.0068027210884353,Payment Issues (Double Charge)
2025-04-11,payment_double_charge,1,150,0.0066666666666666,Payment Issues (Double Charge)
2025-04-12,payment_double_charge,2,158,0.0126582278481012,Payment Issues (Double Charge)
2025-04-13,payment_double_charge,2,109,0.018348623853211,Payment Issues (Double Charge)
2025-04-14,payment_double_charge,1,132,0.0075757575757575,Payment Issues (Double Charge)
2025-04-15,payment_double_charge,2,149,0.0134228187919463,Payment Issues (Double Charge)
2025-04-16,payment_double_charge,3,130,0.023076923076923,Payment Issues (Double Charge)
2025-04-17,payment_double_charge,3,123,0.024390243902439,Payment Issues (Double Charge)
2025-04-18,payment_double_charge,2,139,0.014388489208633,Payment Issues (Double Charge)
2025-04-19,payment_double_charge,2,110,0.0181818181818181,Payment Issues (Double Charge)
2025-04-21,payment_double_charge,3,132,0.0227272727272727,Payment Issues (Double Charge)
2025-04-22,payment_double_charge,1,137,0.0072992700729927,Payment Issues (Double Charge)
2025-04-25,payment_double_charge,1,121,0.0082644628099173,Payment Issues (Double Charge)
2025-04-28,payment_double_charge,2,118,0.0169491525423728,Payment Issues (Double Charge)
2025-04-29,payment_double_charge,1,122,0.0081967213114754,Payment Issues (Double Charge)
2025-04-30,payment_double_charge,1,125,0.008,Payment Issues (Double Charge)
2025-05-01,payment_double_charge,2,149,0.0134228187919463,Payment Issues (Double Charge)
2025-05-03,payment_double_charge,1,129,0.0077519379844961,Payment Issues (Double Charge)
2025-05-04,payment_double_charge,3,139,0.0215827338129496,Payment Issues (Double Charge)
2025-05-05,payment_double_charge,1,126,0.0079365079365079,Payment Issues (Double Charge)
2025-05-07,payment_double_charge,2,130,0.0153846153846153,Payment Issues (Double Charge)
2025-05-09,payment_double_charge,3,142,0.0211267605633802,Payment Issues (Double Charge)
2025-05-11,payment_double_charge,1,132,0.0075757575757575,Payment Issues (Double Charge)
2025-05-14,payment_double_charge,2,119,0.0168067226890756,Payment Issues (Double Charge)
2025-05-16,payment_double_charge,1,139,0.0071942446043165,Payment Issues (Double Charge)
2025-05-17,payment_double_charge,1,124,0.0080645161290322,Payment Issues (Double Charge)
2025-05-18,payment_double_charge,2,121,0.0165289256198347,Payment Issues (Double Charge)
2025-05-19,payment_double_charge,1,114,0.0087719298245614,Payment Issues (Double Charge)
2025-05-20,payment_double_charge,1,130,0.0076923076923076,Payment Issues (Double Charge)
2025-05-21,payment_double_charge,1,108,0.0092592592592592,Payment Issues (Double Charge)
2025-05-22,payment_double_charge,1,156,0.0064102564102564,Payment Issues (Double Charge)
2025-05-23,payment_double_charge,1,148,0.0067567567567567,Payment Issues (Double Charge)
2025-05-25,payment_double_charge,1,141,0.0070921985815602,Payment Issues (Double Charge)
2025-05-27,payment_double_charge,1,160,0.00625,Payment Issues (Double Charge)
2025-05-28,payment_double_charge,5,147,0.0340136054421768,Payment Issues (Double Charge)
2025-05-29,payment_double_charge,1,116,0.0086206896551724,Payment Issues (Double Charge)
2025-05-30,payment_double_charge,4,133,0.0300751879699248,Payment Issues (Double Charge)
2025-06-01,payment_double_charge,2,132,0.0151515151515151,Payment Issues (Double Charge)
2025-06-02,payment_double_charge,2,118,0.0169491525423728,Payment Issues (Double Charge)
2025-06-03,payment_double_charge,2,121,0.0165289256198347,Payment Issues (Double Charge)
2025-06-06,payment_double_charge,3,140,0.0214285714285714,Payment Issues (Double Charge)
2025-06-07,payment_double_charge,4,138,0.0289855072463768,Payment Issues (Double Charge)
2025-06-11,payment_double_charge,2,133,0.0150375939849624,Payment Issues (Double Charge)
2025-06-12,payment_double_charge,3,137,0.0218978102189781,Payment Issues (Double Charge)
2025-06-13,payment_double_charge,1,137,0.0072992700729927,Payment Issues (Double Charge)
2025-06-17,payment_double_charge,1,117,0.0085470085470085,Payment Issues (Double Charge)
2025-06-18,payment_double_charge,3,136,0.0220588235294117,Payment Issues (Double Charge)
2025-06-20,payment_double_charge,5,137,0.0364963503649635,Payment Issues (Double Charge)
2025-06-21,payment_double_charge,1,146,0.0068493150684931,Payment Issues (Double Charge)
2025-06-22,payment_double_charge,2,134,0.0149253731343283,Payment Issues (Double Charge)
2025-06-24,payment_double_charge,2,134,0.0149253731343283,Payment Issues (Double Charge)
2025-06-25,payment_double_charge,1,118,0.0084745762711864,Payment Issues (Double Charge)
2025-06-26,payment_double_charge,1,119,0.0084033613445378,Payment Issues (Double Charge)
2025-06-28,payment_double_charge,2,132,0.0151515151515151,Payment Issues (Double Charge)
2025-06-29,payment_double_charge,1,140,0.0071428571428571,Payment Issues (Double Charge)
2025-06-30,payment_double_charge,2,133,0.0150375939849624,Payment Issues (Double Charge)
2025-07-01,payment_double_charge,1,118,0.0084745762711864,Payment Issues (Double Charge)
2025-07-02,payment_double_charge,1,128,0.0078125,Payment Issues (Double Charge)
2025-07-03,payment_double_charge,1,124,0.0080645161290322,Payment Issues (Double Charge)
2025-07-04,payment_double_charge,3,124,0.0241935483870967,Payment Issues (Double Charge)
2025-07-05,payment_double_charge,2,126,0.0158730158730158,Payment Issues (Double Charge)
2025-07-06,payment_double_charge,1,131,0.0076335877862595,Payment Issues (Double Charge)
2025-07-07,payment_double_charge,2,116,0.0172413793103448,Payment Issues (Double Charge)
2025-07-08,payment_double_charge,1,158,0.0063291139240506,Payment Issues (Double Charge)
2025-07-09,payment_double_charge,1,134,0.0074626865671641,Payment Issues (Double Charge)
2025-07-10,payment_double_charge,1,151,0.0066225165562913,Payment Issues (Double Charge)
2025-07-11,payment_double_charge,1,139,0.0071942446043165,Payment Issues (Double Charge)
2025-07-12,payment_double_charge,4,141,0.0283687943262411,Payment Issues (Double Charge)
2025-07-13,payment_double_charge,5,122,0.040983606557377,Payment Issues (Double Charge)
2025-07-18,payment_double_charge,3,141,0.0212765957446808,Payment Issues (Double Charge)
2025-07-19,payment_double_charge,3,145,0.0206896551724137,Payment Issues (Double Charge)
2025-07-20,payment_double_charge,2,147,0.0136054421768707,Payment Issues (Double Charge)
2025-07-21,payment_double_charge,1,124,0.0080645161290322,Payment Issues (Double Charge)
2025-07-22,payment_double_charge,1,125,0.008,Payment Issues (Double Charge)
2025-07-23,payment_double_charge,1,129,0.0077519379844961,Payment Issues (Double Charge)
2025-07-24,payment_double_charge,1,154,0.0064935064935064,Payment Issues (Double Charge)
2025-07-26,payment_double_charge,1,146,0.0068493150684931,Payment Issues (Double Charge)
2025-07-28,payment_double_charge,1,148,0.0067567567567567,Payment Issues (Double Charge)
2025-07-31,payment_double_charge,2,133,0.0150375939849624,Payment Issues (Double Charge)
2025-08-01,payment_double_charge,1,143,0.0069930069930069,Payment Issues (Double Charge)
2025-08-02,payment_double_charge,2,151,0.0132450331125827,Payment Issues (Double Charge)
2025-08-06,payment_double_charge,1,143,0.0069930069930069,Payment Issues (Double Charge)
2025-08-07,payment_double_charge,1,116,0.0086206896551724,Payment Issues (Double Charge)
2025-08-08,payment_double_charge,2,124,0.0161290322580645,Payment Issues (Double Charge)
2025-08-09,payment_double_charge,2,125,0.016,Payment Issues (Double Charge)
2025-08-10,payment_double_charge,1,158,0.0063291139240506,Payment Issues (Double Charge)
2025-08-11,payment_double_charge,1,131,0.0076335877862595,Payment Issues (Double Charge)
2025-08-12,payment_double_charge,2,155,0.0129032258064516,Payment Issues (Double Charge)
2025-08-17,payment_double_charge,2,138,0.0144927536231884,Payment Issues (Double Charge)
2025-08-18,payment_double_charge,1,117,0.0085470085470085,Payment Issues (Double Charge)
2025-08-21,payment_double_charge,3,145,0.0206896551724137,Payment Issues (Double Charge)
2025-08-22,payment_double_charge,3,146,0.0205479452054794,Payment Issues (Double Charge)
2025-08-23,payment_double_charge,1,122,0.0081967213114754,Payment Issues (Double Charge)
2025-08-24,payment_double_charge,1,129,0.0077519379844961,Payment Issues (Double Charge)
2025-08-25,payment_double_charge,2,129,0.0155038759689922,Payment Issues (Double Charge)
2025-08-26,payment_double_charge,2,124,0.0161290322580645,Payment Issues (Double Charge)
2025-08-27,payment_double_charge,3,126,0.0238095238095238,Payment Issues (Double Charge)
2025-08-29,payment_double_charge,2,121,0.0165289256198347,Payment Issues (Double Charge)
2025-08-31,payment_double_charge,1,124,0.0080645161290322,Payment Issues (Double Charge)
2025-09-02,payment_double_charge,1,132,0.0075757575757575,Payment Issues (Double Charge)
2025-09-04,payment_double_charge,3,133,0.0225563909774436,Payment Issues (Double Charge)
2025-09-05,payment_double_charge,2,113,0.0176991150442477,Payment Issues (Double Charge)
2025-09-06,payment_double_charge,2,122,0.0163934426229508,Payment Issues (Double Charge)
2025-09-07,payment_double_charge,1,141,0.0070921985815602,Payment Issues (Double Charge)
2025-09-08,payment_double_charge,1,141,0.0070921985815602,Payment Issues (Double Charge)
2025-09-09,payment_double_charge,2,152,0.0131578947368421,Payment Issues (Double Charge)
2025-09-12,payment_double_charge,1,129,0.0077519379844961,Payment Issues (Double Charge)
2025-09-13,payment_double_charge,1,115,0.008695652173913,Payment Issues (Double Charge)
2025-09-14,payment_double_charge,1,119,0.0084033613445378,Payment Issues (Double Charge)
2025-09-19,payment_double_charge,1,138,0.0072463768115942,Payment Issues (Double Charge)
2025-09-21,payment_double_charge,1,118,0.0084745762711864,Payment Issues (Double Charge)
2025-09-22,payment_double_charge,4,117,0.0341880341880341,Payment Issues (Double Charge)
2025-09-23,payment_double_charge,3,125,0.024,Payment Issues (Double Charge)
2025-09-26,payment_double_charge,4,135,0.0296296296296296,Payment Issues (Double Charge)
2025-09-27,payment_double_charge,2,146,0.0136986301369863,Payment Issues (Double Charge)
2025-09-30,payment_double_charge,1,134,0.0074626865671641,Payment Issues (Double Charge)
2025-10-03,payment_double_charge,1,125,0.008,Payment Issues (Double Charge)
2025-10-04,payment_double_charge,1,139,0.0071942446043165,Payment Issues (Double Charge)
2025-10-05,payment_double_charge,3,118,0.0254237288135593,Payment Issues (Double Charge)
2025-10-07,payment_double_charge,1,130,0.0076923076923076,Payment Issues (Double Charge)
2025-10-08,payment_double_charge,1,129,0.0077519379844961,Payment Issues (Double Charge)
2025-10-09,payment_double_charge,1,141,0.0070921985815602,Payment Issues (Double Charge)
2025-10-10,payment_double_charge,1,127,0.0078740157480314,Payment Issues (Double Charge)
2025-10-13,payment_double_charge,2,121,0.0165289256198347,Payment Issues (Double Charge)
2025-10-14,payment_double_charge,2,123,0.016260162601626,Payment Issues (Double Charge)
2025-10-15,payment_double_charge,1,137,0.0072992700729927,Payment Issues (Double Charge)
2025-10-16,payment_double_charge,1,143,0.0069930069930069,Payment Issues (Double Charge)
2025-10-17,payment_double_charge,1,107,0.0093457943925233,Payment Issues (Double Charge)
2025-10-18,payment_double_charge,1,143,0.0069930069930069,Payment Issues (Double Charge)
2025-10-19,payment_double_charge,1,114,0.0087719298245614,Payment Issues (Double Charge)
2025-10-20,payment_double_charge,1,110,0.009090909090909,Payment Issues (Double Charge)
2025-10-22,payment_double_charge,1,115,0.008695652173913,Payment Issues (Double Charge)
2025-10-23,payment_double_charge,1,140,0.0071428571428571,Payment Issues (Double Charge)
2025-10-24,payment_double_charge,1,130,0.0076923076923076,Payment Issues (Double Charge)
2025-10-25,payment_double_charge,1,133,0.0075187969924812,Payment Issues (Double Charge)
2025-10-27,payment_double_charge,2,132,0.0151515151515151,Payment Issues (Double Charge)
2025-10-29,payment_double_charge,1,134,0.0074626865671641,Payment Issues (Double Charge)
2025-10-30,payment_double_charge,1,130,0.0076923076923076,Payment Issues (Double Charge)
2025-11-03,payment_double_charge,2,136,0.0147058823529411,Payment Issues (Double Charge)
2025-11-06,payment_double_charge,6,126,0.0476190476190476,Payment Issues (Double Charge)
2025-11-07,payment_double_charge,1,146,0.0068493150684931,Payment Issues (Double Charge)
2025-11-09,payment_double_charge,1,118,0.0084745762711864,Payment Issues (Double Charge)
2025-11-10,payment_double_charge,1,129,0.0077519379844961,Payment Issues (Double Charge)
2025-11-12,payment_double_charge,1,112,0.0089285714285714,Payment Issues (Double Charge)
2025-11-13,payment_double_charge,3,136,0.0220588235294117,Payment Issues (Double Charge)
2025-11-14,payment_double_charge,2,117,0.017094017094017,Payment Issues (Double Charge)
2025-11-15,payment_double_charge,1,110,0.009090909090909,Payment Issues (Double Charge)
2025-11-16,payment_double_charge,1,137,0.0072992700729927,Payment Issues (Double Charge)
2025-11-17,payment_double_charge,1,149,0.0067114093959731,Payment Issues (Double Charge)
2025-11-18,payment_double_charge,1,134,0.0074626865671641,Payment Issues (Double Charge)
2025-11-19,payment_double_charge,1,123,0.008130081300813,Payment Issues (Double Charge)
2025-11-21,payment_double_charge,2,120,0.0166666666666666,Payment Issues (Double Charge)
2025-11-22,payment_double_charge,3,130,0.023076923076923,Payment Issues (Double Charge)
2025-11-23,payment_double_charge,2,129,0.0155038759689922,Payment Issues (Double Charge)
2025-11-25,payment_double_charge,2,119,0.0168067226890756,Payment Issues (Double Charge)
2025-11-26,payment_double_charge,1,119,0.0084033613445378,Payment Issues (Double Charge)
2025-11-27,payment_double_charge,3,140,0.0214285714285714,Payment Issues (Double Charge)
2025-11-29,payment_double_charge,1,151,0.0066225165562913,Payment Issues (Double Charge)
2025-12-01,payment_double_charge,1,168,0.0059523809523809,Payment Issues (Double Charge)
2025-12-02,payment_double_charge,1,119,0.0084033613445378,Payment Issues (Double Charge)
2025-12-06,payment_double_charge,4,134,0.0298507462686567,Payment Issues (Double Charge)
2025-12-09,payment_double_charge,1,134,0.0074626865671641,Payment Issues (Double Charge)
2025-12-10,payment_double_charge,1,147,0.0068027210884353,Payment Issues (Double Charge)
2025-12-12,payment_double_charge,3,131,0.0229007633587786,Payment Issues (Double Charge)
2025-12-14,payment_double_charge,2,105,0.019047619047619,Payment Issues (Double Charge)
2025-12-15,payment_double_charge,1,122,0.0081967213114754,Payment Issues (Double Charge)
2025-12-17,payment_double_charge,1,128,0.0078125,Payment Issues (Double Charge)
2025-12-20,payment_double_charge,1,145,0.0068965517241379,Payment Issues (Double Charge)
2025-12-22,payment_double_charge,3,138,0.0217391304347826,Payment Issues (Double Charge)
2025-12-23,payment_double_charge,1,137,0.0072992700729927,Payment Issues (Double Charge)
2025-12-25,payment_double_charge,2,123,0.016260162601626,Payment Issues (Double Charge)
2025-12-26,payment_double_charge,1,135,0.0074074074074074,Payment Issues (Double Charge)
2025-12-27,payment_double_charge,3,119,0.0252100840336134,Payment Issues (Double Charge)
2025-12-28,payment_double_charge,2,151,0.0132450331125827,Payment Issues (Double Charge)
2025-12-29,payment_double_charge,1,130,0.0076923076923076,Payment Issues (Double Charge)
2025-12-31,payment_double_charge,1,134,0.0074626865671641,Payment Issues (Double Charge)
2026-01-06,payment_double_charge,3,137,0.0218978102189781,Payment Issues (Double Charge)
2026-01-08,payment_double_charge,3,111,0.027027027027027,Payment Issues (Double Charge)
2026-01-09,payment_double_charge,1,127,0.0078740157480314,Payment Issues (Double Charge)
2026-01-11,payment_double_charge,1,118,0.0084745762711864,Payment Issues (Double Charge)
2026-01-12,payment_double_charge,3,145,0.0206896551724137,Payment Issues (Double Charge)
2026-01-13,payment_double_charge,2,138,0.0144927536231884,Payment Issues (Double Charge)
2026-01-14,payment_double_charge,3,127,0.0236220472440944,Payment Issues (Double Charge)
2026-01-15,payment_double_charge,1,135,0.0074074074074074,Payment Issues (Double Charge)
2026-01-16,payment_double_charge,1,120,0.0083333333333333,Payment Issues (Double Charge)
2026-01-17,payment_double_charge,1,120,0.0083333333333333,Payment Issues (Double Charge)
2026-01-19,payment_double_charge,2,136,0.0147058823529411,Payment Issues (Double Charge)
2026-01-20,payment_double_charge,2,127,0.0157480314960629,Payment Issues (Double Charge)
2026-01-21,payment_double_charge,1,130,0.0076923076923076,Payment Issues (Double Charge)
2026-01-22,payment_double_charge,4,149,0.0268456375838926,Payment Issues (Double Charge)
2026-01-23,payment_double_charge,2,115,0.017391304347826,Payment Issues (Double Charge)
2026-01-24,payment_double_charge,1,134,0.0074626865671641,Payment Issues (Double Charge)
2026-01-25,payment_double_charge,1,124,0.0080645161290322,Payment Issues (Double Charge)
2026-01-28,payment_double_charge,1,121,0.0082644628099173,Payment Issues (Double Charge)
2026-01-29,payment_double_charge,2,132,0.0151515151515151,Payment Issues (Double Charge)
2026-01-31,payment_double_charge,1,114,0.0087719298245614,Payment Issues (Double Charge)
2026-02-01,payment_double_charge,1,115,0.008695652173913,Payment Issues (Double Charge)
2026-02-04,payment_double_charge,1,136,0.0073529411764705,Payment Issues (Double Charge)
2026-02-05,payment_double_charge,1,133,0.0075187969924812,Payment Issues (Double Charge)
2026-02-06,payment_double_charge,1,126,0.0079365079365079,Payment Issues (Double Charge)
2026-02-08,payment_double_charge,1,140,0.0071428571428571,Payment Issues (Double Charge)
2026-02-11,payment_double_charge,3,121,0.024793388429752,Payment Issues (Double Charge)
2026-02-12,payment_double_charge,2,130,0.0153846153846153,Payment Issues (Double Charge)
2026-02-13,payment_double_charge,3,131,0.0229007633587786,Payment Issues (Double Charge)
2026-02-14,payment_double_charge,2,129,0.0155038759689922,Payment Issues (Double Charge)
2026-02-15,payment_double_charge,2,141,0.0141843971631205,Payment Issues (Double Charge)
2026-02-16,payment_double_charge,1,149,0.0067114093959731,Payment Issues (Double Charge)
2026-02-17,payment_double_charge,1,118,0.0084745762711864,Payment Issues (Double Charge)
2026-02-18,payment_double_charge,2,121,0.0165289256198347,Payment Issues (Double Charge)
2026-02-19,payment_double_charge,1,123,0.008130081300813,Payment Issues (Double Charge)
2026-02-21,payment_double_charge,2,156,0.0128205128205128,Payment Issues (Double Charge)
2026-02-22,payment_double_charge,1,118,0.0084745762711864,Payment Issues (Double Charge)
2026-02-24,payment_double_charge,2,140,0.0142857142857142,Payment Issues (Double Charge)
2026-02-25,payment_double_charge,1,114,0.0087719298245614,Payment Issues (Double Charge)
2026-02-26,payment_double_charge,1,140,0.0071428571428571,Payment Issues (Double Charge)
2026-03-01,payment_double_charge,2,137,0.0145985401459854,Payment Issues (Double Charge)
2026-03-05,payment_double_charge,1,147,0.0068027210884353,Payment Issues (Double Charge)
2026-03-07,payment_double_charge,3,133,0.0225563909774436,Payment Issues (Double Charge)
2026-03-09,payment_double_charge,3,124,0.0241935483870967,Payment Issues (Double Charge)
2026-03-10,payment_double_charge,4,129,0.0310077519379844,Payment Issues (Double Charge)
2026-03-11,payment_double_charge,1,127,0.0078740157480314,Payment Issues (Double Charge)
2026-03-12,payment_double_charge,1,120,0.0083333333333333,Payment Issues (Double Charge)
2026-03-15,payment_double_charge,2,123,0.016260162601626,Payment Issues (Double Charge)
2026-03-16,payment_double_charge,1,119,0.0084033613445378,Payment Issues (Double Charge)
2026-03-17,payment_double_charge,2,138,0.0144927536231884,Payment Issues (Double Charge)
2026-03-19,payment_double_charge,1,136,0.0073529411764705,Payment Issues (Double Charge)
2026-03-20,payment_double_charge,2,142,0.0140845070422535,Payment Issues (Double Charge)
2026-03-22,payment_double_charge,1,146,0.0068493150684931,Payment Issues (Double Charge)
2026-03-23,payment_double_charge,1,139,0.0071942446043165,Payment Issues (Double Charge)
2026-03-25,payment_double_charge,1,140,0.0071428571428571,Payment Issues (Double Charge)
2026-03-26,payment_double_charge,1,138,0.0072463768115942,Payment Issues (Double Charge)
2026-03-28,payment_double_charge,3,116,0.0258620689655172,Payment Issues (Double Charge)
2026-03-30,payment_double_charge,1,145,0.0068965517241379,Payment Issues (Double Charge)
2026-04-02,payment_double_charge,1,124,0.0080645161290322,Payment Issues (Double Charge)
2026-04-03,payment_double_charge,2,139,0.014388489208633,Payment Issues (Double Charge)
2026-04-06,payment_double_charge,2,144,0.0138888888888888,Payment Issues (Double Charge)
2026-04-07,payment_double_charge,1,135,0.0074074074074074,Payment Issues (Double Charge)
2026-04-08,payment_double_charge,1,116,0.0086206896551724,Payment Issues (Double Charge)
2026-04-09,payment_double_charge,1,131,0.0076335877862595,Payment Issues (Double Charge)
2026-04-10,payment_double_charge,1,137,0.0072992700729927,Payment Issues (Double Charge)
2026-04-11,payment_double_charge,1,131,0.0076335877862595,Payment Issues (Double Charge)
2026-04-15,payment_double_charge,1,131,0.0076335877862595,Payment Issues (Double Charge)
2026-04-17,payment_double_charge,1,125,0.008,Payment Issues (Double Charge)
2026-04-18,payment_double_charge,1,137,0.0072992700729927,Payment Issues (Double Charge)
2026-04-20,payment_double_charge,2,140,0.0142857142857142,Payment Issues (Double Charge)
2026-04-21,payment_double_charge,3,128,0.0234375,Payment Issues (Double Charge)
2026-04-22,payment_double_charge,1,139,0.0071942446043165,Payment Issues (Double Charge)
2026-04-24,payment_double_charge,1,130,0.0076923076923076,Payment Issues (Double Charge)
2026-04-25,payment_double_charge,1,107,0.0093457943925233,Payment Issues (Double Charge)
2026-04-26,payment_double_charge,1,140,0.0071428571428571,Payment Issues (Double Charge)
2026-04-27,payment_double_charge,1,140,0.0071428571428571,Payment Issues (Double Charge)
2026-04-28,payment_double_charge,3,113,0.0265486725663716,Payment Issues (Double Charge)
2026-04-29,payment_double_charge,1,138,0.0072463768115942,Payment Issues (Double Charge)
2026-05-01,payment_double_charge,3,141,0.0212765957446808,Payment Issues (Double Charge)
2026-05-02,payment_double_charge,3,128,0.0234375,Payment Issues (Double Charge)
2026-05-03,payment_double_charge,3,137,0.0218978102189781,Payment Issues (Double Charge)
2026-05-04,payment_double_charge,1,143,0.0069930069930069,Payment Issues (Double Charge)
2026-05-05,payment_double_charge,2,155,0.0129032258064516,Payment Issues (Double Charge)
2026-05-06,payment_double_charge,2,127,0.0157480314960629,Payment Issues (Double Charge)
2026-05-07,payment_double_charge,1,139,0.0071942446043165,Payment Issues (Double Charge)
2026-05-08,payment_double_charge,1,136,0.0073529411764705,Payment Issues (Double Charge)
2026-05-09,payment_double_charge,2,130,0.0153846153846153,Payment Issues (Double Charge)
2026-05-11,payment_double_charge,1,125,0.008,Payment Issues (Double Charge)
2026-05-12,payment_double_charge,2,132,0.0151515151515151,Payment Issues (Double Charge)
2026-05-14,payment_double_charge,3,132,0.0227272727272727,Payment Issues (Double Charge)
2026-05-15,payment_double_charge,1,131,0.0076335877862595,Payment Issues (Double Charge)
2026-05-16,payment_double_charge,1,136,0.0073529411764705,Payment Issues (Double Charge)
2026-05-17,payment_double_charge,1,135,0.0074074074074074,Payment Issues (Double Charge)
2026-05-18,payment_double_charge,2,120,0.0166666666666666,Payment Issues (Double Charge)
2026-05-19,payment_double_charge,1,138,0.0072463768115942,Payment Issues (Double Charge)
2026-05-20,payment_double_charge,2,140,0.0142857142857142,Payment Issues (Double Charge)
2026-05-21,payment_double_charge,1,118,0.0084745762711864,Payment Issues (Double Charge)
2026-05-22,payment_double_charge,1,141,0.0070921985815602,Payment Issues (Double Charge)
2026-05-23,payment_double_charge,2,130,0.0153846153846153,Payment Issues (Double Charge)
2026-05-24,payment_double_charge,1,124,0.0080645161290322,Payment Issues (Double Charge)
2026-05-25,payment_double_charge,2,128,0.015625,Payment Issues (Double Charge)
2026-05-27,payment_double_charge,2,136,0.0147058823529411,Payment Issues (Double Charge)
2026-05-28,payment_double_charge,1,125,0.008,Payment Issues (Double Charge)
2026-05-29,payment_double_charge,1,125,0.008,Payment Issues (Double Charge)
2026-05-31,payment_double_charge,2,154,0.0129870129870129,Payment Issues (Double Charge)
2026-06-03,payment_double_charge,2,141,0.0141843971631205,Payment Issues (Double Charge)
2026-06-04,payment_double_charge,4,134,0.0298507462686567,Payment Issues (Double Charge)
2026-06-05,payment_double_charge,1,138,0.0072463768115942,Payment Issues (Double Charge)
2026-06-06,payment_double_charge,1,133,0.0075187969924812,Payment Issues (Double Charge)
2026-06-07,payment_double_charge,1,132,0.0075757575757575,Payment Issues (Double Charge)
2026-06-08,payment_double_charge,1,124,0.0080645161290322,Payment Issues (Double Charge)
2026-06-09,payment_double_charge,1,141,0.0070921985815602,Payment Issues (Double Charge)
2026-06-12,payment_double_charge,1,126,0.0079365079365079,Payment Issues (Double Charge)
2026-06-13,payment_double_charge,2,115,0.017391304347826,Payment Issues (Double Charge)
2026-06-14,payment_double_charge,1,126,0.0079365079365079,Payment Issues (Double Charge)
2026-06-16,payment_double_charge,1,130,0.0076923076923076,Payment Issues (Double Charge)
2026-06-17,payment_double_charge,1,131,0.0076335877862595,Payment Issues (Double Charge)
2026-06-18,payment_double_charge,1,131,0.0076335877862595,Payment Issues (Double Charge)
2026-06-19,payment_double_charge,1,147,0.0068027210884353,Payment Issues (Double Charge)
2026-06-23,payment_double_charge,8,131,0.0610687022900763,Payment Issues (Double Charge)
2026-06-24,payment_double_charge,10,123,0.08130081300813,Payment Issues (Double Charge)
2026-06-25,payment_double_charge,9,129,0.0697674418604651,Payment Issues (Double Charge)
2026-06-26,payment_double_charge,16,146,0.1095890410958904,Payment Issues (Double Charge)
2026-06-27,payment_double_charge,10,123,0.08130081300813,Payment Issues (Double Charge)
2026-06-28,payment_double_charge,7,137,0.0510948905109489,Payment Issues (Double Charge)
2026-06-29,payment_double_charge,8,119,0.0672268907563025,Payment Issues (Double Charge)
2024-01-01,payment_issue_general,17,132,0.1287878787878787,Payment Issues
2024-01-02,payment_issue_general,18,132,0.1363636363636363,Payment Issues
2024-01-03,payment_issue_general,17,146,0.1164383561643835,Payment Issues
2024-01-04,payment_issue_general,23,154,0.1493506493506493,Payment Issues
2024-01-05,payment_issue_general,12,134,0.0895522388059701,Payment Issues
2024-01-06,payment_issue_general,14,142,0.0985915492957746,Payment Issues
2024-01-07,payment_issue_general,20,148,0.1351351351351351,Payment Issues
2024-01-08,payment_issue_general,19,140,0.1357142857142857,Payment Issues
2024-01-09,payment_issue_general,23,152,0.1513157894736842,Payment Issues
2024-01-10,payment_issue_general,16,134,0.1194029850746268,Payment Issues
2024-01-11,payment_issue_general,23,145,0.1586206896551724,Payment Issues
2024-01-12,payment_issue_general,9,104,0.0865384615384615,Payment Issues
2024-01-13,payment_issue_general,16,140,0.1142857142857142,Payment Issues
2024-01-14,payment_issue_general,20,142,0.1408450704225352,Payment Issues
2024-01-15,payment_issue_general,16,130,0.123076923076923,Payment Issues
2024-01-16,payment_issue_general,9,113,0.079646017699115,Payment Issues
2024-01-17,payment_issue_general,27,130,0.2076923076923077,Payment Issues
2024-01-18,payment_issue_general,11,145,0.0758620689655172,Payment Issues
2024-01-19,payment_issue_general,19,133,0.1428571428571428,Payment Issues
2024-01-20,payment_issue_general,19,137,0.1386861313868613,Payment Issues
2024-01-21,payment_issue_general,23,144,0.1597222222222222,Payment Issues
2024-01-22,payment_issue_general,18,147,0.1224489795918367,Payment Issues
2024-01-23,payment_issue_general,18,153,0.1176470588235294,Payment Issues
2024-01-24,payment_issue_general,19,132,0.1439393939393939,Payment Issues
2024-01-25,payment_issue_general,15,147,0.1020408163265306,Payment Issues
2024-01-26,payment_issue_general,19,133,0.1428571428571428,Payment Issues
2024-01-27,payment_issue_general,13,146,0.0890410958904109,Payment Issues
2024-01-28,payment_issue_general,16,138,0.1159420289855072,Payment Issues
2024-01-29,payment_issue_general,17,127,0.1338582677165354,Payment Issues
2024-01-30,payment_issue_general,18,131,0.1374045801526717,Payment Issues
2024-01-31,payment_issue_general,14,123,0.1138211382113821,Payment Issues
2024-02-01,payment_issue_general,12,140,0.0857142857142857,Payment Issues
2024-02-02,payment_issue_general,10,116,0.0862068965517241,Payment Issues
2024-02-03,payment_issue_general,14,113,0.1238938053097345,Payment Issues
2024-02-04,payment_issue_general,18,138,0.1304347826086956,Payment Issues
2024-02-05,payment_issue_general,13,135,0.0962962962962963,Payment Issues
2024-02-06,payment_issue_general,20,124,0.1612903225806451,Payment Issues
2024-02-07,payment_issue_general,11,131,0.0839694656488549,Payment Issues
2024-02-08,payment_issue_general,8,110,0.0727272727272727,Payment Issues
2024-02-09,payment_issue_general,13,125,0.104,Payment Issues
2024-02-10,payment_issue_general,17,138,0.1231884057971014,Payment Issues
2024-02-11,payment_issue_general,17,125,0.136,Payment Issues
2024-02-12,payment_issue_general,21,151,0.1390728476821192,Payment Issues
2024-02-13,payment_issue_general,18,119,0.1512605042016806,Payment Issues
2024-02-14,payment_issue_general,24,158,0.1518987341772152,Payment Issues
2024-02-15,payment_issue_general,16,126,0.1269841269841269,Payment Issues
2024-02-16,payment_issue_general,15,120,0.125,Payment Issues
2024-02-17,payment_issue_general,12,126,0.0952380952380952,Payment Issues
2024-02-18,payment_issue_general,14,130,0.1076923076923077,Payment Issues
2024-02-19,payment_issue_general,18,140,0.1285714285714285,Payment Issues
2024-02-20,payment_issue_general,17,133,0.1278195488721804,Payment Issues
2024-02-21,payment_issue_general,23,141,0.1631205673758865,Payment Issues
2024-02-22,payment_issue_general,17,138,0.1231884057971014,Payment Issues
2024-02-23,payment_issue_general,20,139,0.1438848920863309,Payment Issues
2024-02-24,payment_issue_general,19,128,0.1484375,Payment Issues
2024-02-25,payment_issue_general,11,126,0.0873015873015873,Payment Issues
2024-02-26,payment_issue_general,15,119,0.1260504201680672,Payment Issues
2024-02-27,payment_issue_general,16,125,0.128,Payment Issues
2024-02-28,payment_issue_general,21,126,0.1666666666666666,Payment Issues
2024-02-29,payment_issue_general,16,126,0.1269841269841269,Payment Issues
2024-03-01,payment_issue_general,26,121,0.2148760330578512,Payment Issues
2024-03-02,payment_issue_general,12,141,0.0851063829787234,Payment Issues
2024-03-03,payment_issue_general,22,136,0.1617647058823529,Payment Issues
2024-03-04,payment_issue_general,20,128,0.15625,Payment Issues
2024-03-05,payment_issue_general,13,109,0.1192660550458715,Payment Issues
2024-03-06,payment_issue_general,15,111,0.1351351351351351,Payment Issues
2024-03-07,payment_issue_general,19,129,0.1472868217054263,Payment Issues
2024-03-08,payment_issue_general,15,113,0.1327433628318584,Payment Issues
2024-03-09,payment_issue_general,16,127,0.1259842519685039,Payment Issues
2024-03-10,payment_issue_general,14,128,0.109375,Payment Issues
2024-03-11,payment_issue_general,23,133,0.1729323308270676,Payment Issues
2024-03-12,payment_issue_general,13,109,0.1192660550458715,Payment Issues
2024-03-13,payment_issue_general,15,134,0.1119402985074626,Payment Issues
2024-03-14,payment_issue_general,17,122,0.1393442622950819,Payment Issues
2024-03-15,payment_issue_general,17,152,0.1118421052631579,Payment Issues
2024-03-16,payment_issue_general,18,139,0.1294964028776978,Payment Issues
2024-03-17,payment_issue_general,20,135,0.1481481481481481,Payment Issues
2024-03-18,payment_issue_general,23,143,0.1608391608391608,Payment Issues
2024-03-19,payment_issue_general,14,140,0.1,Payment Issues
2024-03-20,payment_issue_general,15,122,0.1229508196721311,Payment Issues
2024-03-21,payment_issue_general,22,126,0.1746031746031746,Payment Issues
2024-03-22,payment_issue_general,15,123,0.1219512195121951,Payment Issues
2024-03-23,payment_issue_general,12,124,0.0967741935483871,Payment Issues
2024-03-24,payment_issue_general,23,158,0.1455696202531645,Payment Issues
2024-03-25,payment_issue_general,15,156,0.0961538461538461,Payment Issues
2024-03-26,payment_issue_general,15,131,0.1145038167938931,Payment Issues
2024-03-27,payment_issue_general,17,134,0.126865671641791,Payment Issues
2024-03-28,payment_issue_general,20,130,0.1538461538461538,Payment Issues
2024-03-29,payment_issue_general,16,151,0.1059602649006622,Payment Issues
2024-03-30,payment_issue_general,16,121,0.1322314049586777,Payment Issues
2024-03-31,payment_issue_general,15,133,0.112781954887218,Payment Issues
2024-04-01,payment_issue_general,11,136,0.0808823529411764,Payment Issues
2024-04-02,payment_issue_general,17,124,0.1370967741935483,Payment Issues
2024-04-03,payment_issue_general,16,117,0.1367521367521367,Payment Issues
2024-04-04,payment_issue_general,11,132,0.0833333333333333,Payment Issues
2024-04-05,payment_issue_general,11,135,0.0814814814814814,Payment Issues
2024-04-06,payment_issue_general,19,132,0.1439393939393939,Payment Issues
2024-04-07,payment_issue_general,10,124,0.0806451612903225,Payment Issues
2024-04-08,payment_issue_general,21,139,0.1510791366906475,Payment Issues
2024-04-09,payment_issue_general,16,130,0.123076923076923,Payment Issues
2024-04-10,payment_issue_general,19,152,0.125,Payment Issues
2024-04-11,payment_issue_general,17,108,0.1574074074074074,Payment Issues
2024-04-12,payment_issue_general,19,133,0.1428571428571428,Payment Issues
2024-04-13,payment_issue_general,15,123,0.1219512195121951,Payment Issues
2024-04-14,payment_issue_general,16,143,0.1118881118881118,Payment Issues
2024-04-15,payment_issue_general,18,130,0.1384615384615384,Payment Issues
2024-04-16,payment_issue_general,14,127,0.1102362204724409,Payment Issues
2024-04-17,payment_issue_general,19,121,0.1570247933884297,Payment Issues
2024-04-18,payment_issue_general,20,155,0.1290322580645161,Payment Issues
2024-04-19,payment_issue_general,15,137,0.1094890510948905,Payment Issues
2024-04-20,payment_issue_general,18,147,0.1224489795918367,Payment Issues
2024-04-21,payment_issue_general,17,137,0.1240875912408759,Payment Issues
2024-04-22,payment_issue_general,16,130,0.123076923076923,Payment Issues
2024-04-23,payment_issue_general,9,119,0.0756302521008403,Payment Issues
2024-04-24,payment_issue_general,13,121,0.1074380165289256,Payment Issues
2024-04-25,payment_issue_general,25,124,0.2016129032258064,Payment Issues
2024-04-26,payment_issue_general,16,138,0.1159420289855072,Payment Issues
2024-04-27,payment_issue_general,14,118,0.1186440677966101,Payment Issues
2024-04-28,payment_issue_general,18,127,0.1417322834645669,Payment Issues
2024-04-29,payment_issue_general,18,131,0.1374045801526717,Payment Issues
2024-04-30,payment_issue_general,19,137,0.1386861313868613,Payment Issues
2024-05-01,payment_issue_general,13,136,0.0955882352941176,Payment Issues
2024-05-02,payment_issue_general,15,101,0.1485148514851485,Payment Issues
2024-05-03,payment_issue_general,26,138,0.1884057971014492,Payment Issues
2024-05-04,payment_issue_general,23,135,0.1703703703703703,Payment Issues
2024-05-05,payment_issue_general,16,116,0.1379310344827586,Payment Issues
2024-05-06,payment_issue_general,24,140,0.1714285714285714,Payment Issues
2024-05-07,payment_issue_general,14,124,0.1129032258064516,Payment Issues
2024-05-08,payment_issue_general,19,141,0.1347517730496454,Payment Issues
2024-05-09,payment_issue_general,21,125,0.168,Payment Issues
2024-05-10,payment_issue_general,17,133,0.1278195488721804,Payment Issues
2024-05-11,payment_issue_general,15,137,0.1094890510948905,Payment Issues
2024-05-12,payment_issue_general,13,133,0.0977443609022556,Payment Issues
2024-05-13,payment_issue_general,19,151,0.1258278145695364,Payment Issues
2024-05-14,payment_issue_general,15,119,0.1260504201680672,Payment Issues
2024-05-15,payment_issue_general,12,114,0.1052631578947368,Payment Issues
2024-05-16,payment_issue_general,16,129,0.1240310077519379,Payment Issues
2024-05-17,payment_issue_general,15,117,0.1282051282051282,Payment Issues
2024-05-18,payment_issue_general,18,130,0.1384615384615384,Payment Issues
2024-05-19,payment_issue_general,16,123,0.1300813008130081,Payment Issues
2024-05-20,payment_issue_general,20,141,0.1418439716312056,Payment Issues
2024-05-21,payment_issue_general,23,130,0.1769230769230769,Payment Issues
2024-05-22,payment_issue_general,10,140,0.0714285714285714,Payment Issues
2024-05-23,payment_issue_general,18,134,0.1343283582089552,Payment Issues
2024-05-24,payment_issue_general,17,132,0.1287878787878787,Payment Issues
2024-05-25,payment_issue_general,9,125,0.072,Payment Issues
2024-05-26,payment_issue_general,18,148,0.1216216216216216,Payment Issues
2024-05-27,payment_issue_general,8,108,0.074074074074074,Payment Issues
2024-05-28,payment_issue_general,19,125,0.152,Payment Issues
2024-05-29,payment_issue_general,12,122,0.0983606557377049,Payment Issues
2024-05-30,payment_issue_general,13,133,0.0977443609022556,Payment Issues
2024-05-31,payment_issue_general,15,121,0.1239669421487603,Payment Issues
2024-06-01,payment_issue_general,13,128,0.1015625,Payment Issues
2024-06-02,payment_issue_general,9,122,0.0737704918032786,Payment Issues
2024-06-03,payment_issue_general,16,130,0.123076923076923,Payment Issues
2024-06-04,payment_issue_general,25,133,0.18796992481203,Payment Issues
2024-06-05,payment_issue_general,15,125,0.12,Payment Issues
2024-06-06,payment_issue_general,24,145,0.1655172413793103,Payment Issues
2024-06-07,payment_issue_general,19,126,0.1507936507936507,Payment Issues
2024-06-08,payment_issue_general,16,136,0.1176470588235294,Payment Issues
2024-06-09,payment_issue_general,14,120,0.1166666666666666,Payment Issues
2024-06-10,payment_issue_general,11,107,0.102803738317757,Payment Issues
2024-06-11,payment_issue_general,16,143,0.1118881118881118,Payment Issues
2024-06-12,payment_issue_general,19,128,0.1484375,Payment Issues
2024-06-13,payment_issue_general,27,136,0.1985294117647058,Payment Issues
2024-06-14,payment_issue_general,17,125,0.136,Payment Issues
2024-06-15,payment_issue_general,23,133,0.1729323308270676,Payment Issues
2024-06-16,payment_issue_general,25,155,0.1612903225806451,Payment Issues
2024-06-17,payment_issue_general,16,129,0.1240310077519379,Payment Issues
2024-06-18,payment_issue_general,13,133,0.0977443609022556,Payment Issues
2024-06-19,payment_issue_general,12,120,0.1,Payment Issues
2024-06-20,payment_issue_general,12,119,0.1008403361344537,Payment Issues
2024-06-21,payment_issue_general,15,129,0.1162790697674418,Payment Issues
2024-06-22,payment_issue_general,14,146,0.0958904109589041,Payment Issues
2024-06-23,payment_issue_general,17,146,0.1164383561643835,Payment Issues
2024-06-24,payment_issue_general,21,144,0.1458333333333333,Payment Issues
2024-06-25,payment_issue_general,14,162,0.0864197530864197,Payment Issues
2024-06-26,payment_issue_general,19,129,0.1472868217054263,Payment Issues
2024-06-27,payment_issue_general,16,148,0.1081081081081081,Payment Issues
2024-06-28,payment_issue_general,12,106,0.1132075471698113,Payment Issues
2024-06-29,payment_issue_general,20,124,0.1612903225806451,Payment Issues
2024-06-30,payment_issue_general,24,156,0.1538461538461538,Payment Issues
2024-07-01,payment_issue_general,9,126,0.0714285714285714,Payment Issues
2024-07-02,payment_issue_general,9,122,0.0737704918032786,Payment Issues
2024-07-03,payment_issue_general,14,124,0.1129032258064516,Payment Issues
2024-07-04,payment_issue_general,16,146,0.1095890410958904,Payment Issues
2024-07-05,payment_issue_general,24,154,0.1558441558441558,Payment Issues
2024-07-06,payment_issue_general,13,128,0.1015625,Payment Issues
2024-07-07,payment_issue_general,14,125,0.112,Payment Issues
2024-07-08,payment_issue_general,18,130,0.1384615384615384,Payment Issues
2024-07-09,payment_issue_general,13,153,0.0849673202614379,Payment Issues
2024-07-10,payment_issue_general,17,141,0.1205673758865248,Payment Issues
2024-07-11,payment_issue_general,15,132,0.1136363636363636,Payment Issues
2024-07-12,payment_issue_general,19,137,0.1386861313868613,Payment Issues
2024-07-13,payment_issue_general,14,130,0.1076923076923077,Payment Issues
2024-07-14,payment_issue_general,17,130,0.1307692307692307,Payment Issues
2024-07-15,payment_issue_general,12,115,0.1043478260869565,Payment Issues
2024-07-16,payment_issue_general,13,149,0.087248322147651,Payment Issues
2024-07-17,payment_issue_general,15,125,0.12,Payment Issues
2024-07-18,payment_issue_general,17,120,0.1416666666666666,Payment Issues
2024-07-19,payment_issue_general,21,129,0.1627906976744186,Payment Issues
2024-07-20,payment_issue_general,20,143,0.1398601398601398,Payment Issues
2024-07-21,payment_issue_general,21,145,0.1448275862068965,Payment Issues
2024-07-22,payment_issue_general,17,148,0.1148648648648648,Payment Issues
2024-07-23,payment_issue_general,21,145,0.1448275862068965,Payment Issues
2024-07-24,payment_issue_general,17,115,0.1478260869565217,Payment Issues
2024-07-25,payment_issue_general,14,147,0.0952380952380952,Payment Issues
2024-07-26,payment_issue_general,15,139,0.1079136690647482,Payment Issues
2024-07-27,payment_issue_general,16,123,0.1300813008130081,Payment Issues
2024-07-28,payment_issue_general,15,123,0.1219512195121951,Payment Issues
2024-07-29,payment_issue_general,19,126,0.1507936507936507,Payment Issues
2024-07-30,payment_issue_general,15,138,0.108695652173913,Payment Issues
2024-07-31,payment_issue_general,17,120,0.1416666666666666,Payment Issues
2024-08-01,payment_issue_general,13,124,0.1048387096774193,Payment Issues
2024-08-02,payment_issue_general,13,134,0.0970149253731343,Payment Issues
2024-08-03,payment_issue_general,13,131,0.099236641221374,Payment Issues
2024-08-04,payment_issue_general,14,119,0.1176470588235294,Payment Issues
2024-08-05,payment_issue_general,14,115,0.1217391304347826,Payment Issues
2024-08-06,payment_issue_general,15,139,0.1079136690647482,Payment Issues
2024-08-07,payment_issue_general,17,123,0.1382113821138211,Payment Issues
2024-08-08,payment_issue_general,15,134,0.1119402985074626,Payment Issues
2024-08-09,payment_issue_general,17,119,0.1428571428571428,Payment Issues
2024-08-10,payment_issue_general,14,127,0.1102362204724409,Payment Issues
2024-08-11,payment_issue_general,13,140,0.0928571428571428,Payment Issues
2024-08-12,payment_issue_general,23,142,0.1619718309859155,Payment Issues
2024-08-13,payment_issue_general,20,133,0.150375939849624,Payment Issues
2024-08-14,payment_issue_general,22,145,0.1517241379310344,Payment Issues
2024-08-15,payment_issue_general,20,121,0.1652892561983471,Payment Issues
2024-08-16,payment_issue_general,11,93,0.1182795698924731,Payment Issues
2024-08-17,payment_issue_general,13,134,0.0970149253731343,Payment Issues
2024-08-18,payment_issue_general,12,145,0.0827586206896551,Payment Issues
2024-08-19,payment_issue_general,21,132,0.1590909090909091,Payment Issues
2024-08-20,payment_issue_general,15,151,0.0993377483443708,Payment Issues
2024-08-21,payment_issue_general,25,135,0.1851851851851851,Payment Issues
2024-08-22,payment_issue_general,14,107,0.1308411214953271,Payment Issues
2024-08-23,payment_issue_general,9,116,0.0775862068965517,Payment Issues
2024-08-24,payment_issue_general,18,145,0.1241379310344827,Payment Issues
2024-08-25,payment_issue_general,17,124,0.1370967741935483,Payment Issues
2024-08-26,payment_issue_general,21,134,0.1567164179104477,Payment Issues
2024-08-27,payment_issue_general,20,123,0.1626016260162601,Payment Issues
2024-08-28,payment_issue_general,11,133,0.0827067669172932,Payment Issues
2024-08-29,payment_issue_general,18,148,0.1216216216216216,Payment Issues
2024-08-30,payment_issue_general,22,141,0.1560283687943262,Payment Issues
2024-08-31,payment_issue_general,29,143,0.2027972027972027,Payment Issues
2024-09-01,payment_issue_general,11,117,0.094017094017094,Payment Issues
2024-09-02,payment_issue_general,19,130,0.1461538461538461,Payment Issues
2024-09-03,payment_issue_general,18,149,0.1208053691275167,Payment Issues
2024-09-04,payment_issue_general,21,141,0.1489361702127659,Payment Issues
2024-09-05,payment_issue_general,12,129,0.0930232558139534,Payment Issues
2024-09-06,payment_issue_general,20,137,0.145985401459854,Payment Issues
2024-09-07,payment_issue_general,13,143,0.0909090909090909,Payment Issues
2024-09-08,payment_issue_general,17,140,0.1214285714285714,Payment Issues
2024-09-09,payment_issue_general,17,133,0.1278195488721804,Payment Issues
2024-09-10,payment_issue_general,15,131,0.1145038167938931,Payment Issues
2024-09-11,payment_issue_general,16,123,0.1300813008130081,Payment Issues
2024-09-12,payment_issue_general,18,128,0.140625,Payment Issues
2024-09-13,payment_issue_general,15,133,0.112781954887218,Payment Issues
2024-09-14,payment_issue_general,15,141,0.1063829787234042,Payment Issues
2024-09-15,payment_issue_general,11,122,0.0901639344262295,Payment Issues
2024-09-16,payment_issue_general,18,136,0.1323529411764706,Payment Issues
2024-09-17,payment_issue_general,18,136,0.1323529411764706,Payment Issues
2024-09-18,payment_issue_general,19,128,0.1484375,Payment Issues
2024-09-19,payment_issue_general,13,122,0.1065573770491803,Payment Issues
2024-09-20,payment_issue_general,10,154,0.0649350649350649,Payment Issues
2024-09-21,payment_issue_general,23,149,0.1543624161073825,Payment Issues
2024-09-22,payment_issue_general,10,121,0.0826446280991735,Payment Issues
2024-09-23,payment_issue_general,21,142,0.1478873239436619,Payment Issues
2024-09-24,payment_issue_general,17,119,0.1428571428571428,Payment Issues
2024-09-25,payment_issue_general,14,144,0.0972222222222222,Payment Issues
2024-09-26,payment_issue_general,12,120,0.1,Payment Issues
2024-09-27,payment_issue_general,8,111,0.072072072072072,Payment Issues
2024-09-28,payment_issue_general,10,135,0.074074074074074,Payment Issues
2024-09-29,payment_issue_general,22,156,0.141025641025641,Payment Issues
2024-09-30,payment_issue_general,15,116,0.1293103448275862,Payment Issues
2024-10-01,payment_issue_general,22,133,0.1654135338345864,Payment Issues
2024-10-02,payment_issue_general,14,114,0.1228070175438596,Payment Issues
2024-10-03,payment_issue_general,9,110,0.0818181818181818,Payment Issues
2024-10-04,payment_issue_general,21,134,0.1567164179104477,Payment Issues
2024-10-05,payment_issue_general,18,143,0.1258741258741259,Payment Issues
2024-10-06,payment_issue_general,19,142,0.1338028169014084,Payment Issues
2024-10-07,payment_issue_general,12,124,0.0967741935483871,Payment Issues
2024-10-08,payment_issue_general,16,122,0.1311475409836065,Payment Issues
2024-10-09,payment_issue_general,19,129,0.1472868217054263,Payment Issues
2024-10-10,payment_issue_general,14,130,0.1076923076923077,Payment Issues
2024-10-11,payment_issue_general,19,141,0.1347517730496454,Payment Issues
2024-10-12,payment_issue_general,19,119,0.1596638655462184,Payment Issues
2024-10-13,payment_issue_general,25,145,0.1724137931034483,Payment Issues
2024-10-14,payment_issue_general,17,130,0.1307692307692307,Payment Issues
2024-10-15,payment_issue_general,12,120,0.1,Payment Issues
2024-10-16,payment_issue_general,16,112,0.1428571428571428,Payment Issues
2024-10-17,payment_issue_general,18,133,0.1353383458646616,Payment Issues
2024-10-18,payment_issue_general,14,112,0.125,Payment Issues
2024-10-19,payment_issue_general,13,134,0.0970149253731343,Payment Issues
2024-10-20,payment_issue_general,19,128,0.1484375,Payment Issues
2024-10-21,payment_issue_general,14,127,0.1102362204724409,Payment Issues
2024-10-22,payment_issue_general,19,136,0.1397058823529411,Payment Issues
2024-10-23,payment_issue_general,15,143,0.1048951048951049,Payment Issues
2024-10-24,payment_issue_general,18,118,0.1525423728813559,Payment Issues
2024-10-25,payment_issue_general,20,148,0.1351351351351351,Payment Issues
2024-10-26,payment_issue_general,11,133,0.0827067669172932,Payment Issues
2024-10-27,payment_issue_general,18,124,0.1451612903225806,Payment Issues
2024-10-28,payment_issue_general,17,133,0.1278195488721804,Payment Issues
2024-10-29,payment_issue_general,17,128,0.1328125,Payment Issues
2024-10-30,payment_issue_general,17,115,0.1478260869565217,Payment Issues
2024-10-31,payment_issue_general,19,127,0.1496062992125984,Payment Issues
2024-11-01,payment_issue_general,18,136,0.1323529411764706,Payment Issues
2024-11-02,payment_issue_general,19,132,0.1439393939393939,Payment Issues
2024-11-03,payment_issue_general,13,117,0.1111111111111111,Payment Issues
2024-11-04,payment_issue_general,22,179,0.1229050279329608,Payment Issues
2024-11-05,payment_issue_general,18,140,0.1285714285714285,Payment Issues
2024-11-06,payment_issue_general,13,146,0.0890410958904109,Payment Issues
2024-11-07,payment_issue_general,10,124,0.0806451612903225,Payment Issues
2024-11-08,payment_issue_general,21,150,0.14,Payment Issues
2024-11-09,payment_issue_general,16,141,0.1134751773049645,Payment Issues
2024-11-10,payment_issue_general,16,127,0.1259842519685039,Payment Issues
2024-11-11,payment_issue_general,13,120,0.1083333333333333,Payment Issues
2024-11-12,payment_issue_general,22,126,0.1746031746031746,Payment Issues
2024-11-13,payment_issue_general,18,139,0.1294964028776978,Payment Issues
2024-11-14,payment_issue_general,17,126,0.1349206349206349,Payment Issues
2024-11-15,payment_issue_general,14,109,0.128440366972477,Payment Issues
2024-11-16,payment_issue_general,11,139,0.079136690647482,Payment Issues
2024-11-17,payment_issue_general,18,120,0.15,Payment Issues
2024-11-18,payment_issue_general,15,138,0.108695652173913,Payment Issues
2024-11-19,payment_issue_general,13,135,0.0962962962962963,Payment Issues
2024-11-20,payment_issue_general,21,118,0.1779661016949152,Payment Issues
2024-11-21,payment_issue_general,20,133,0.150375939849624,Payment Issues
2024-11-22,payment_issue_general,12,142,0.0845070422535211,Payment Issues
2024-11-23,payment_issue_general,22,134,0.1641791044776119,Payment Issues
2024-11-24,payment_issue_general,17,134,0.126865671641791,Payment Issues
2024-11-25,payment_issue_general,17,111,0.1531531531531531,Payment Issues
2024-11-26,payment_issue_general,16,143,0.1118881118881118,Payment Issues
2024-11-27,payment_issue_general,18,136,0.1323529411764706,Payment Issues
2024-11-28,payment_issue_general,14,134,0.1044776119402985,Payment Issues
2024-11-29,payment_issue_general,9,131,0.0687022900763358,Payment Issues
2024-11-30,payment_issue_general,13,140,0.0928571428571428,Payment Issues
2024-12-01,payment_issue_general,19,138,0.1376811594202898,Payment Issues
2024-12-02,payment_issue_general,17,124,0.1370967741935483,Payment Issues
2024-12-03,payment_issue_general,16,134,0.1194029850746268,Payment Issues
2024-12-04,payment_issue_general,17,130,0.1307692307692307,Payment Issues
2024-12-05,payment_issue_general,18,135,0.1333333333333333,Payment Issues
2024-12-06,payment_issue_general,12,140,0.0857142857142857,Payment Issues
2024-12-07,payment_issue_general,19,141,0.1347517730496454,Payment Issues
2024-12-08,payment_issue_general,12,138,0.0869565217391304,Payment Issues
2024-12-09,payment_issue_general,15,145,0.1034482758620689,Payment Issues
2024-12-10,payment_issue_general,22,141,0.1560283687943262,Payment Issues
2024-12-11,payment_issue_general,19,137,0.1386861313868613,Payment Issues
2024-12-12,payment_issue_general,18,142,0.1267605633802817,Payment Issues
2024-12-13,payment_issue_general,13,140,0.0928571428571428,Payment Issues
2024-12-14,payment_issue_general,12,124,0.0967741935483871,Payment Issues
2024-12-15,payment_issue_general,18,128,0.140625,Payment Issues
2024-12-16,payment_issue_general,21,132,0.1590909090909091,Payment Issues
2024-12-17,payment_issue_general,13,115,0.1130434782608695,Payment Issues
2024-12-18,payment_issue_general,18,122,0.1475409836065573,Payment Issues
2024-12-19,payment_issue_general,22,120,0.1833333333333333,Payment Issues
2024-12-20,payment_issue_general,13,132,0.0984848484848484,Payment Issues
2024-12-21,payment_issue_general,15,107,0.1401869158878504,Payment Issues
2024-12-22,payment_issue_general,7,143,0.0489510489510489,Payment Issues
2024-12-23,payment_issue_general,18,129,0.1395348837209302,Payment Issues
2024-12-24,payment_issue_general,12,103,0.116504854368932,Payment Issues
2024-12-25,payment_issue_general,16,117,0.1367521367521367,Payment Issues
2024-12-26,payment_issue_general,15,131,0.1145038167938931,Payment Issues
2024-12-27,payment_issue_general,16,136,0.1176470588235294,Payment Issues
2024-12-28,payment_issue_general,17,134,0.126865671641791,Payment Issues
2024-12-29,payment_issue_general,11,135,0.0814814814814814,Payment Issues
2024-12-30,payment_issue_general,26,149,0.174496644295302,Payment Issues
2024-12-31,payment_issue_general,24,129,0.1860465116279069,Payment Issues
2025-01-01,payment_issue_general,10,118,0.0847457627118644,Payment Issues
2025-01-02,payment_issue_general,19,134,0.1417910447761194,Payment Issues
2025-01-03,payment_issue_general,23,137,0.1678832116788321,Payment Issues
2025-01-04,payment_issue_general,16,119,0.134453781512605,Payment Issues
2025-01-05,payment_issue_general,16,148,0.1081081081081081,Payment Issues
2025-01-06,payment_issue_general,18,156,0.1153846153846153,Payment Issues
2025-01-07,payment_issue_general,15,126,0.119047619047619,Payment Issues
2025-01-08,payment_issue_general,20,150,0.1333333333333333,Payment Issues
2025-01-09,payment_issue_general,16,131,0.1221374045801526,Payment Issues
2025-01-10,payment_issue_general,15,128,0.1171875,Payment Issues
2025-01-11,payment_issue_general,24,148,0.1621621621621621,Payment Issues
2025-01-12,payment_issue_general,10,136,0.0735294117647058,Payment Issues
2025-01-13,payment_issue_general,15,123,0.1219512195121951,Payment Issues
2025-01-14,payment_issue_general,18,135,0.1333333333333333,Payment Issues
2025-01-15,payment_issue_general,17,139,0.1223021582733813,Payment Issues
2025-01-16,payment_issue_general,25,148,0.1689189189189189,Payment Issues
2025-01-17,payment_issue_general,14,156,0.0897435897435897,Payment Issues
2025-01-18,payment_issue_general,17,120,0.1416666666666666,Payment Issues
2025-01-19,payment_issue_general,10,120,0.0833333333333333,Payment Issues
2025-01-20,payment_issue_general,17,132,0.1287878787878787,Payment Issues
2025-01-21,payment_issue_general,20,130,0.1538461538461538,Payment Issues
2025-01-22,payment_issue_general,20,152,0.131578947368421,Payment Issues
2025-01-23,payment_issue_general,18,139,0.1294964028776978,Payment Issues
2025-01-24,payment_issue_general,17,126,0.1349206349206349,Payment Issues
2025-01-25,payment_issue_general,15,143,0.1048951048951049,Payment Issues
2025-01-26,payment_issue_general,13,148,0.0878378378378378,Payment Issues
2025-01-27,payment_issue_general,24,113,0.2123893805309734,Payment Issues
2025-01-28,payment_issue_general,19,156,0.1217948717948717,Payment Issues
2025-01-29,payment_issue_general,22,137,0.1605839416058394,Payment Issues
2025-01-30,payment_issue_general,16,136,0.1176470588235294,Payment Issues
2025-01-31,payment_issue_general,13,136,0.0955882352941176,Payment Issues
2025-02-01,payment_issue_general,11,132,0.0833333333333333,Payment Issues
2025-02-02,payment_issue_general,14,138,0.1014492753623188,Payment Issues
2025-02-03,payment_issue_general,21,138,0.1521739130434782,Payment Issues
2025-02-04,payment_issue_general,19,132,0.1439393939393939,Payment Issues
2025-02-05,payment_issue_general,20,139,0.1438848920863309,Payment Issues
2025-02-06,payment_issue_general,13,143,0.0909090909090909,Payment Issues
2025-02-07,payment_issue_general,19,149,0.1275167785234899,Payment Issues
2025-02-08,payment_issue_general,9,128,0.0703125,Payment Issues
2025-02-09,payment_issue_general,17,139,0.1223021582733813,Payment Issues
2025-02-10,payment_issue_general,14,138,0.1014492753623188,Payment Issues
2025-02-11,payment_issue_general,18,129,0.1395348837209302,Payment Issues
2025-02-12,payment_issue_general,13,140,0.0928571428571428,Payment Issues
2025-02-13,payment_issue_general,19,148,0.1283783783783783,Payment Issues
2025-02-14,payment_issue_general,17,116,0.146551724137931,Payment Issues
2025-02-15,payment_issue_general,20,128,0.15625,Payment Issues
2025-02-16,payment_issue_general,21,143,0.1468531468531468,Payment Issues
2025-02-17,payment_issue_general,12,136,0.088235294117647,Payment Issues
2025-02-18,payment_issue_general,20,145,0.1379310344827586,Payment Issues
2025-02-19,payment_issue_general,14,117,0.1196581196581196,Payment Issues
2025-02-20,payment_issue_general,28,143,0.1958041958041958,Payment Issues
2025-02-21,payment_issue_general,19,139,0.1366906474820144,Payment Issues
2025-02-22,payment_issue_general,17,114,0.1491228070175438,Payment Issues
2025-02-23,payment_issue_general,22,123,0.1788617886178861,Payment Issues
2025-02-24,payment_issue_general,18,135,0.1333333333333333,Payment Issues
2025-02-25,payment_issue_general,19,139,0.1366906474820144,Payment Issues
2025-02-26,payment_issue_general,25,127,0.1968503937007874,Payment Issues
2025-02-27,payment_issue_general,17,120,0.1416666666666666,Payment Issues
2025-02-28,payment_issue_general,18,130,0.1384615384615384,Payment Issues
2025-03-01,payment_issue_general,14,137,0.1021897810218978,Payment Issues
2025-03-02,payment_issue_general,17,141,0.1205673758865248,Payment Issues
2025-03-03,payment_issue_general,14,128,0.109375,Payment Issues
2025-03-04,payment_issue_general,13,142,0.0915492957746478,Payment Issues
2025-03-05,payment_issue_general,16,137,0.1167883211678832,Payment Issues
2025-03-06,payment_issue_general,18,143,0.1258741258741259,Payment Issues
2025-03-07,payment_issue_general,15,123,0.1219512195121951,Payment Issues
2025-03-08,payment_issue_general,15,128,0.1171875,Payment Issues
2025-03-09,payment_issue_general,18,135,0.1333333333333333,Payment Issues
2025-03-10,payment_issue_general,15,127,0.1181102362204724,Payment Issues
2025-03-11,payment_issue_general,15,138,0.108695652173913,Payment Issues
2025-03-12,payment_issue_general,17,133,0.1278195488721804,Payment Issues
2025-03-13,payment_issue_general,13,121,0.1074380165289256,Payment Issues
2025-03-14,payment_issue_general,11,140,0.0785714285714285,Payment Issues
2025-03-15,payment_issue_general,23,131,0.1755725190839694,Payment Issues
2025-03-16,payment_issue_general,13,134,0.0970149253731343,Payment Issues
2025-03-17,payment_issue_general,16,135,0.1185185185185185,Payment Issues
2025-03-18,payment_issue_general,15,99,0.1515151515151515,Payment Issues
2025-03-19,payment_issue_general,12,121,0.0991735537190082,Payment Issues
2025-03-20,payment_issue_general,12,120,0.1,Payment Issues
2025-03-21,payment_issue_general,20,138,0.144927536231884,Payment Issues
2025-03-22,payment_issue_general,16,142,0.1126760563380281,Payment Issues
2025-03-23,payment_issue_general,12,121,0.0991735537190082,Payment Issues
2025-03-24,payment_issue_general,13,146,0.0890410958904109,Payment Issues
2025-03-25,payment_issue_general,13,119,0.1092436974789916,Payment Issues
2025-03-26,payment_issue_general,20,137,0.145985401459854,Payment Issues
2025-03-27,payment_issue_general,17,131,0.1297709923664122,Payment Issues
2025-03-28,payment_issue_general,13,125,0.104,Payment Issues
2025-03-29,payment_issue_general,17,125,0.136,Payment Issues
2025-03-30,payment_issue_general,21,137,0.1532846715328467,Payment Issues
2025-03-31,payment_issue_general,17,150,0.1133333333333333,Payment Issues
2025-04-01,payment_issue_general,16,152,0.1052631578947368,Payment Issues
2025-04-02,payment_issue_general,20,145,0.1379310344827586,Payment Issues
2025-04-03,payment_issue_general,18,138,0.1304347826086956,Payment Issues
2025-04-04,payment_issue_general,17,116,0.146551724137931,Payment Issues
2025-04-05,payment_issue_general,21,148,0.1418918918918918,Payment Issues
2025-04-06,payment_issue_general,13,139,0.0935251798561151,Payment Issues
2025-04-07,payment_issue_general,20,119,0.1680672268907563,Payment Issues
2025-04-08,payment_issue_general,18,127,0.1417322834645669,Payment Issues
2025-04-09,payment_issue_general,15,124,0.1209677419354838,Payment Issues
2025-04-10,payment_issue_general,15,147,0.1020408163265306,Payment Issues
2025-04-11,payment_issue_general,18,150,0.12,Payment Issues
2025-04-12,payment_issue_general,20,158,0.1265822784810126,Payment Issues
2025-04-13,payment_issue_general,17,109,0.1559633027522936,Payment Issues
2025-04-14,payment_issue_general,12,132,0.0909090909090909,Payment Issues
2025-04-15,payment_issue_general,9,149,0.0604026845637583,Payment Issues
2025-04-16,payment_issue_general,16,130,0.123076923076923,Payment Issues
2025-04-17,payment_issue_general,16,123,0.1300813008130081,Payment Issues
2025-04-18,payment_issue_general,15,139,0.1079136690647482,Payment Issues
2025-04-19,payment_issue_general,16,110,0.1454545454545454,Payment Issues
2025-04-20,payment_issue_general,22,128,0.171875,Payment Issues
2025-04-21,payment_issue_general,15,132,0.1136363636363636,Payment Issues
2025-04-22,payment_issue_general,16,137,0.1167883211678832,Payment Issues
2025-04-23,payment_issue_general,21,130,0.1615384615384615,Payment Issues
2025-04-24,payment_issue_general,17,145,0.1172413793103448,Payment Issues
2025-04-25,payment_issue_general,18,121,0.1487603305785124,Payment Issues
2025-04-26,payment_issue_general,26,129,0.2015503875968992,Payment Issues
2025-04-27,payment_issue_general,17,127,0.1338582677165354,Payment Issues
2025-04-28,payment_issue_general,18,118,0.1525423728813559,Payment Issues
2025-04-29,payment_issue_general,12,122,0.0983606557377049,Payment Issues
2025-04-30,payment_issue_general,24,125,0.192,Payment Issues
2025-05-01,payment_issue_general,19,149,0.1275167785234899,Payment Issues
2025-05-02,payment_issue_general,15,122,0.1229508196721311,Payment Issues
2025-05-03,payment_issue_general,22,129,0.1705426356589147,Payment Issues
2025-05-04,payment_issue_general,18,139,0.1294964028776978,Payment Issues
2025-05-05,payment_issue_general,17,126,0.1349206349206349,Payment Issues
2025-05-06,payment_issue_general,25,150,0.1666666666666666,Payment Issues
2025-05-07,payment_issue_general,16,130,0.123076923076923,Payment Issues
2025-05-08,payment_issue_general,16,118,0.135593220338983,Payment Issues
2025-05-09,payment_issue_general,16,142,0.1126760563380281,Payment Issues
2025-05-10,payment_issue_general,21,124,0.1693548387096774,Payment Issues
2025-05-11,payment_issue_general,17,132,0.1287878787878787,Payment Issues
2025-05-12,payment_issue_general,24,138,0.1739130434782608,Payment Issues
2025-05-13,payment_issue_general,15,129,0.1162790697674418,Payment Issues
2025-05-14,payment_issue_general,15,119,0.1260504201680672,Payment Issues
2025-05-15,payment_issue_general,8,124,0.064516129032258,Payment Issues
2025-05-16,payment_issue_general,17,139,0.1223021582733813,Payment Issues
2025-05-17,payment_issue_general,14,124,0.1129032258064516,Payment Issues
2025-05-18,payment_issue_general,13,121,0.1074380165289256,Payment Issues
2025-05-19,payment_issue_general,19,114,0.1666666666666666,Payment Issues
2025-05-20,payment_issue_general,12,130,0.0923076923076923,Payment Issues
2025-05-21,payment_issue_general,15,108,0.1388888888888889,Payment Issues
2025-05-22,payment_issue_general,15,156,0.0961538461538461,Payment Issues
2025-05-23,payment_issue_general,17,148,0.1148648648648648,Payment Issues
2025-05-24,payment_issue_general,16,137,0.1167883211678832,Payment Issues
2025-05-25,payment_issue_general,18,141,0.1276595744680851,Payment Issues
2025-05-26,payment_issue_general,16,119,0.134453781512605,Payment Issues
2025-05-27,payment_issue_general,15,160,0.09375,Payment Issues
2025-05-28,payment_issue_general,21,147,0.1428571428571428,Payment Issues
2025-05-29,payment_issue_general,11,116,0.0948275862068965,Payment Issues
2025-05-30,payment_issue_general,19,133,0.1428571428571428,Payment Issues
2025-05-31,payment_issue_general,15,140,0.1071428571428571,Payment Issues
2025-06-01,payment_issue_general,17,132,0.1287878787878787,Payment Issues
2025-06-02,payment_issue_general,18,118,0.1525423728813559,Payment Issues
2025-06-03,payment_issue_general,20,121,0.1652892561983471,Payment Issues
2025-06-04,payment_issue_general,19,141,0.1347517730496454,Payment Issues
2025-06-05,payment_issue_general,16,116,0.1379310344827586,Payment Issues
2025-06-06,payment_issue_general,15,140,0.1071428571428571,Payment Issues
2025-06-07,payment_issue_general,16,138,0.1159420289855072,Payment Issues
2025-06-08,payment_issue_general,18,142,0.1267605633802817,Payment Issues
2025-06-09,payment_issue_general,14,126,0.1111111111111111,Payment Issues
2025-06-10,payment_issue_general,21,152,0.1381578947368421,Payment Issues
2025-06-11,payment_issue_general,17,133,0.1278195488721804,Payment Issues
2025-06-12,payment_issue_general,10,137,0.072992700729927,Payment Issues
2025-06-13,payment_issue_general,14,137,0.1021897810218978,Payment Issues
2025-06-14,payment_issue_general,19,113,0.168141592920354,Payment Issues
2025-06-15,payment_issue_general,13,104,0.125,Payment Issues
2025-06-16,payment_issue_general,15,132,0.1136363636363636,Payment Issues
2025-06-17,payment_issue_general,11,117,0.094017094017094,Payment Issues
2025-06-18,payment_issue_general,21,136,0.1544117647058823,Payment Issues
2025-06-19,payment_issue_general,22,130,0.1692307692307692,Payment Issues
2025-06-20,payment_issue_general,17,137,0.1240875912408759,Payment Issues
2025-06-21,payment_issue_general,22,146,0.1506849315068493,Payment Issues
2025-06-22,payment_issue_general,17,134,0.126865671641791,Payment Issues
2025-06-23,payment_issue_general,14,116,0.1206896551724138,Payment Issues
2025-06-24,payment_issue_general,20,134,0.1492537313432835,Payment Issues
2025-06-25,payment_issue_general,24,118,0.2033898305084746,Payment Issues
2025-06-26,payment_issue_general,16,119,0.134453781512605,Payment Issues
2025-06-27,payment_issue_general,12,143,0.0839160839160839,Payment Issues
2025-06-28,payment_issue_general,12,132,0.0909090909090909,Payment Issues
2025-06-29,payment_issue_general,18,140,0.1285714285714285,Payment Issues
2025-06-30,payment_issue_general,13,133,0.0977443609022556,Payment Issues
2025-07-01,payment_issue_general,18,118,0.1525423728813559,Payment Issues
2025-07-02,payment_issue_general,11,128,0.0859375,Payment Issues
2025-07-03,payment_issue_general,13,124,0.1048387096774193,Payment Issues
2025-07-04,payment_issue_general,13,124,0.1048387096774193,Payment Issues
2025-07-05,payment_issue_general,12,126,0.0952380952380952,Payment Issues
2025-07-06,payment_issue_general,15,131,0.1145038167938931,Payment Issues
2025-07-07,payment_issue_general,15,116,0.1293103448275862,Payment Issues
2025-07-08,payment_issue_general,17,158,0.1075949367088607,Payment Issues
2025-07-09,payment_issue_general,15,134,0.1119402985074626,Payment Issues
2025-07-10,payment_issue_general,20,151,0.1324503311258278,Payment Issues
2025-07-11,payment_issue_general,18,139,0.1294964028776978,Payment Issues
2025-07-12,payment_issue_general,18,141,0.1276595744680851,Payment Issues
2025-07-13,payment_issue_general,15,122,0.1229508196721311,Payment Issues
2025-07-14,payment_issue_general,17,123,0.1382113821138211,Payment Issues
2025-07-15,payment_issue_general,16,120,0.1333333333333333,Payment Issues
2025-07-16,payment_issue_general,11,112,0.0982142857142857,Payment Issues
2025-07-17,payment_issue_general,18,136,0.1323529411764706,Payment Issues
2025-07-18,payment_issue_general,21,141,0.1489361702127659,Payment Issues
2025-07-19,payment_issue_general,22,145,0.1517241379310344,Payment Issues
2025-07-20,payment_issue_general,17,147,0.1156462585034013,Payment Issues
2025-07-21,payment_issue_general,10,124,0.0806451612903225,Payment Issues
2025-07-22,payment_issue_general,14,125,0.112,Payment Issues
2025-07-23,payment_issue_general,15,129,0.1162790697674418,Payment Issues
2025-07-24,payment_issue_general,26,154,0.1688311688311688,Payment Issues
2025-07-25,payment_issue_general,14,126,0.1111111111111111,Payment Issues
2025-07-26,payment_issue_general,26,146,0.1780821917808219,Payment Issues
2025-07-27,payment_issue_general,23,144,0.1597222222222222,Payment Issues
2025-07-28,payment_issue_general,14,148,0.0945945945945946,Payment Issues
2025-07-29,payment_issue_general,11,101,0.1089108910891089,Payment Issues
2025-07-30,payment_issue_general,17,133,0.1278195488721804,Payment Issues
2025-07-31,payment_issue_general,18,133,0.1353383458646616,Payment Issues
2025-08-01,payment_issue_general,13,143,0.0909090909090909,Payment Issues
2025-08-02,payment_issue_general,17,151,0.1125827814569536,Payment Issues
2025-08-03,payment_issue_general,18,130,0.1384615384615384,Payment Issues
2025-08-04,payment_issue_general,23,143,0.1608391608391608,Payment Issues
2025-08-05,payment_issue_general,12,122,0.0983606557377049,Payment Issues
2025-08-06,payment_issue_general,17,143,0.1188811188811188,Payment Issues
2025-08-07,payment_issue_general,22,116,0.1896551724137931,Payment Issues
2025-08-08,payment_issue_general,13,124,0.1048387096774193,Payment Issues
2025-08-09,payment_issue_general,14,125,0.112,Payment Issues
2025-08-10,payment_issue_general,15,158,0.0949367088607595,Payment Issues
2025-08-11,payment_issue_general,20,131,0.1526717557251908,Payment Issues
2025-08-12,payment_issue_general,13,155,0.0838709677419354,Payment Issues
2025-08-13,payment_issue_general,19,119,0.1596638655462184,Payment Issues
2025-08-14,payment_issue_general,18,136,0.1323529411764706,Payment Issues
2025-08-15,payment_issue_general,10,142,0.0704225352112676,Payment Issues
2025-08-16,payment_issue_general,12,117,0.1025641025641025,Payment Issues
2025-08-17,payment_issue_general,8,138,0.0579710144927536,Payment Issues
2025-08-18,payment_issue_general,15,117,0.1282051282051282,Payment Issues
2025-08-19,payment_issue_general,23,129,0.1782945736434108,Payment Issues
2025-08-20,payment_issue_general,24,146,0.1643835616438356,Payment Issues
2025-08-21,payment_issue_general,18,145,0.1241379310344827,Payment Issues
2025-08-22,payment_issue_general,20,146,0.136986301369863,Payment Issues
2025-08-23,payment_issue_general,15,122,0.1229508196721311,Payment Issues
2025-08-24,payment_issue_general,21,129,0.1627906976744186,Payment Issues
2025-08-25,payment_issue_general,20,129,0.1550387596899224,Payment Issues
2025-08-26,payment_issue_general,20,124,0.1612903225806451,Payment Issues
2025-08-27,payment_issue_general,10,126,0.0793650793650793,Payment Issues
2025-08-28,payment_issue_general,22,123,0.1788617886178861,Payment Issues
2025-08-29,payment_issue_general,11,121,0.0909090909090909,Payment Issues
2025-08-30,payment_issue_general,11,127,0.0866141732283464,Payment Issues
2025-08-31,payment_issue_general,21,124,0.1693548387096774,Payment Issues
2025-09-01,payment_issue_general,17,132,0.1287878787878787,Payment Issues
2025-09-02,payment_issue_general,17,132,0.1287878787878787,Payment Issues
2025-09-03,payment_issue_general,15,136,0.1102941176470588,Payment Issues
2025-09-04,payment_issue_general,19,133,0.1428571428571428,Payment Issues
2025-09-05,payment_issue_general,10,113,0.0884955752212389,Payment Issues
2025-09-06,payment_issue_general,14,122,0.1147540983606557,Payment Issues
2025-09-07,payment_issue_general,16,141,0.1134751773049645,Payment Issues
2025-09-08,payment_issue_general,18,141,0.1276595744680851,Payment Issues
2025-09-09,payment_issue_general,24,152,0.1578947368421052,Payment Issues
2025-09-10,payment_issue_general,14,127,0.1102362204724409,Payment Issues
2025-09-11,payment_issue_general,17,129,0.1317829457364341,Payment Issues
2025-09-12,payment_issue_general,17,129,0.1317829457364341,Payment Issues
2025-09-13,payment_issue_general,9,115,0.0782608695652174,Payment Issues
2025-09-14,payment_issue_general,17,119,0.1428571428571428,Payment Issues
2025-09-15,payment_issue_general,15,132,0.1136363636363636,Payment Issues
2025-09-16,payment_issue_general,16,133,0.1203007518796992,Payment Issues
2025-09-17,payment_issue_general,11,137,0.0802919708029197,Payment Issues
2025-09-18,payment_issue_general,17,135,0.1259259259259259,Payment Issues
2025-09-19,payment_issue_general,13,138,0.0942028985507246,Payment Issues
2025-09-20,payment_issue_general,14,142,0.0985915492957746,Payment Issues
2025-09-21,payment_issue_general,8,118,0.0677966101694915,Payment Issues
2025-09-22,payment_issue_general,12,117,0.1025641025641025,Payment Issues
2025-09-23,payment_issue_general,13,125,0.104,Payment Issues
2025-09-24,payment_issue_general,11,129,0.0852713178294573,Payment Issues
2025-09-25,payment_issue_general,12,113,0.1061946902654867,Payment Issues
2025-09-26,payment_issue_general,10,135,0.074074074074074,Payment Issues
2025-09-27,payment_issue_general,18,146,0.1232876712328767,Payment Issues
2025-09-28,payment_issue_general,25,140,0.1785714285714285,Payment Issues
2025-09-29,payment_issue_general,18,122,0.1475409836065573,Payment Issues
2025-09-30,payment_issue_general,19,134,0.1417910447761194,Payment Issues
2025-10-01,payment_issue_general,13,135,0.0962962962962963,Payment Issues
2025-10-02,payment_issue_general,12,114,0.1052631578947368,Payment Issues
2025-10-03,payment_issue_general,17,125,0.136,Payment Issues
2025-10-04,payment_issue_general,15,139,0.1079136690647482,Payment Issues
2025-10-05,payment_issue_general,13,118,0.1101694915254237,Payment Issues
2025-10-06,payment_issue_general,20,130,0.1538461538461538,Payment Issues
2025-10-07,payment_issue_general,23,130,0.1769230769230769,Payment Issues
2025-10-08,payment_issue_general,18,129,0.1395348837209302,Payment Issues
2025-10-09,payment_issue_general,21,141,0.1489361702127659,Payment Issues
2025-10-10,payment_issue_general,15,127,0.1181102362204724,Payment Issues
2025-10-11,payment_issue_general,14,142,0.0985915492957746,Payment Issues
2025-10-12,payment_issue_general,17,116,0.146551724137931,Payment Issues
2025-10-13,payment_issue_general,16,121,0.1322314049586777,Payment Issues
2025-10-14,payment_issue_general,21,123,0.1707317073170731,Payment Issues
2025-10-15,payment_issue_general,16,137,0.1167883211678832,Payment Issues
2025-10-16,payment_issue_general,20,143,0.1398601398601398,Payment Issues
2025-10-17,payment_issue_general,9,107,0.0841121495327102,Payment Issues
2025-10-18,payment_issue_general,15,143,0.1048951048951049,Payment Issues
2025-10-19,payment_issue_general,12,114,0.1052631578947368,Payment Issues
2025-10-20,payment_issue_general,15,110,0.1363636363636363,Payment Issues
2025-10-21,payment_issue_general,11,115,0.0956521739130434,Payment Issues
2025-10-22,payment_issue_general,19,115,0.1652173913043478,Payment Issues
2025-10-23,payment_issue_general,17,140,0.1214285714285714,Payment Issues
2025-10-24,payment_issue_general,21,130,0.1615384615384615,Payment Issues
2025-10-25,payment_issue_general,20,133,0.150375939849624,Payment Issues
2025-10-26,payment_issue_general,19,138,0.1376811594202898,Payment Issues
2025-10-27,payment_issue_general,19,132,0.1439393939393939,Payment Issues
2025-10-28,payment_issue_general,22,142,0.1549295774647887,Payment Issues
2025-10-29,payment_issue_general,19,134,0.1417910447761194,Payment Issues
2025-10-30,payment_issue_general,11,130,0.0846153846153846,Payment Issues
2025-10-31,payment_issue_general,13,105,0.1238095238095238,Payment Issues
2025-11-01,payment_issue_general,21,149,0.1409395973154362,Payment Issues
2025-11-02,payment_issue_general,18,128,0.140625,Payment Issues
2025-11-03,payment_issue_general,15,136,0.1102941176470588,Payment Issues
2025-11-04,payment_issue_general,12,130,0.0923076923076923,Payment Issues
2025-11-05,payment_issue_general,13,133,0.0977443609022556,Payment Issues
2025-11-06,payment_issue_general,17,126,0.1349206349206349,Payment Issues
2025-11-07,payment_issue_general,22,146,0.1506849315068493,Payment Issues
2025-11-08,payment_issue_general,16,142,0.1126760563380281,Payment Issues
2025-11-09,payment_issue_general,19,118,0.1610169491525423,Payment Issues
2025-11-10,payment_issue_general,13,129,0.1007751937984496,Payment Issues
2025-11-11,payment_issue_general,17,145,0.1172413793103448,Payment Issues
2025-11-12,payment_issue_general,16,112,0.1428571428571428,Payment Issues
2025-11-13,payment_issue_general,17,136,0.125,Payment Issues
2025-11-14,payment_issue_general,19,117,0.1623931623931624,Payment Issues
2025-11-15,payment_issue_general,19,110,0.1727272727272727,Payment Issues
2025-11-16,payment_issue_general,23,137,0.1678832116788321,Payment Issues
2025-11-17,payment_issue_general,16,149,0.1073825503355704,Payment Issues
2025-11-18,payment_issue_general,16,134,0.1194029850746268,Payment Issues
2025-11-19,payment_issue_general,17,123,0.1382113821138211,Payment Issues
2025-11-20,payment_issue_general,13,143,0.0909090909090909,Payment Issues
2025-11-21,payment_issue_general,15,120,0.125,Payment Issues
2025-11-22,payment_issue_general,15,130,0.1153846153846153,Payment Issues
2025-11-23,payment_issue_general,23,129,0.1782945736434108,Payment Issues
2025-11-24,payment_issue_general,13,121,0.1074380165289256,Payment Issues
2025-11-25,payment_issue_general,10,119,0.0840336134453781,Payment Issues
2025-11-26,payment_issue_general,11,119,0.0924369747899159,Payment Issues
2025-11-27,payment_issue_general,16,140,0.1142857142857142,Payment Issues
2025-11-28,payment_issue_general,13,129,0.1007751937984496,Payment Issues
2025-11-29,payment_issue_general,19,151,0.1258278145695364,Payment Issues
2025-11-30,payment_issue_general,10,129,0.0775193798449612,Payment Issues
2025-12-01,payment_issue_general,25,168,0.1488095238095238,Payment Issues
2025-12-02,payment_issue_general,14,119,0.1176470588235294,Payment Issues
2025-12-03,payment_issue_general,14,133,0.1052631578947368,Payment Issues
2025-12-04,payment_issue_general,18,139,0.1294964028776978,Payment Issues
2025-12-05,payment_issue_general,10,113,0.0884955752212389,Payment Issues
2025-12-06,payment_issue_general,17,134,0.126865671641791,Payment Issues
2025-12-07,payment_issue_general,18,124,0.1451612903225806,Payment Issues
2025-12-08,payment_issue_general,17,153,0.1111111111111111,Payment Issues
2025-12-09,payment_issue_general,14,134,0.1044776119402985,Payment Issues
2025-12-10,payment_issue_general,20,147,0.1360544217687075,Payment Issues
2025-12-11,payment_issue_general,12,132,0.0909090909090909,Payment Issues
2025-12-12,payment_issue_general,21,131,0.1603053435114503,Payment Issues
2025-12-13,payment_issue_general,19,137,0.1386861313868613,Payment Issues
2025-12-14,payment_issue_general,10,105,0.0952380952380952,Payment Issues
2025-12-15,payment_issue_general,18,122,0.1475409836065573,Payment Issues
2025-12-16,payment_issue_general,15,136,0.1102941176470588,Payment Issues
2025-12-17,payment_issue_general,16,128,0.125,Payment Issues
2025-12-18,payment_issue_general,18,118,0.1525423728813559,Payment Issues
2025-12-19,payment_issue_general,17,140,0.1214285714285714,Payment Issues
2025-12-20,payment_issue_general,27,145,0.1862068965517241,Payment Issues
2025-12-21,payment_issue_general,17,121,0.140495867768595,Payment Issues
2025-12-22,payment_issue_general,17,138,0.1231884057971014,Payment Issues
2025-12-23,payment_issue_general,31,137,0.2262773722627737,Payment Issues
2025-12-24,payment_issue_general,17,123,0.1382113821138211,Payment Issues
2025-12-25,payment_issue_general,17,123,0.1382113821138211,Payment Issues
2025-12-26,payment_issue_general,17,135,0.1259259259259259,Payment Issues
2025-12-27,payment_issue_general,16,119,0.134453781512605,Payment Issues
2025-12-28,payment_issue_general,17,151,0.1125827814569536,Payment Issues
2025-12-29,payment_issue_general,14,130,0.1076923076923077,Payment Issues
2025-12-30,payment_issue_general,16,115,0.1391304347826087,Payment Issues
2025-12-31,payment_issue_general,19,134,0.1417910447761194,Payment Issues
2026-01-01,payment_issue_general,12,140,0.0857142857142857,Payment Issues
2026-01-02,payment_issue_general,15,116,0.1293103448275862,Payment Issues
2026-01-03,payment_issue_general,12,132,0.0909090909090909,Payment Issues
2026-01-04,payment_issue_general,15,123,0.1219512195121951,Payment Issues
2026-01-05,payment_issue_general,13,125,0.104,Payment Issues
2026-01-06,payment_issue_general,14,137,0.1021897810218978,Payment Issues
2026-01-07,payment_issue_general,11,123,0.089430894308943,Payment Issues
2026-01-08,payment_issue_general,15,111,0.1351351351351351,Payment Issues
2026-01-09,payment_issue_general,13,127,0.1023622047244094,Payment Issues
2026-01-10,payment_issue_general,11,143,0.0769230769230769,Payment Issues
2026-01-11,payment_issue_general,14,118,0.1186440677966101,Payment Issues
2026-01-12,payment_issue_general,24,145,0.1655172413793103,Payment Issues
2026-01-13,payment_issue_general,13,138,0.0942028985507246,Payment Issues
2026-01-14,payment_issue_general,19,127,0.1496062992125984,Payment Issues
2026-01-15,payment_issue_general,17,135,0.1259259259259259,Payment Issues
2026-01-16,payment_issue_general,14,120,0.1166666666666666,Payment Issues
2026-01-17,payment_issue_general,10,120,0.0833333333333333,Payment Issues
2026-01-18,payment_issue_general,12,131,0.0916030534351145,Payment Issues
2026-01-19,payment_issue_general,15,136,0.1102941176470588,Payment Issues
2026-01-20,payment_issue_general,17,127,0.1338582677165354,Payment Issues
2026-01-21,payment_issue_general,17,130,0.1307692307692307,Payment Issues
2026-01-22,payment_issue_general,15,149,0.1006711409395973,Payment Issues
2026-01-23,payment_issue_general,13,115,0.1130434782608695,Payment Issues
2026-01-24,payment_issue_general,17,134,0.126865671641791,Payment Issues
2026-01-25,payment_issue_general,15,124,0.1209677419354838,Payment Issues
2026-01-26,payment_issue_general,16,125,0.128,Payment Issues
2026-01-27,payment_issue_general,17,139,0.1223021582733813,Payment Issues
2026-01-28,payment_issue_general,19,121,0.1570247933884297,Payment Issues
2026-01-29,payment_issue_general,21,132,0.1590909090909091,Payment Issues
2026-01-30,payment_issue_general,17,140,0.1214285714285714,Payment Issues
2026-01-31,payment_issue_general,20,114,0.175438596491228,Payment Issues
2026-02-01,payment_issue_general,17,115,0.1478260869565217,Payment Issues
2026-02-02,payment_issue_general,20,147,0.1360544217687075,Payment Issues
2026-02-03,payment_issue_general,29,153,0.1895424836601307,Payment Issues
2026-02-04,payment_issue_general,23,136,0.1691176470588235,Payment Issues
2026-02-05,payment_issue_general,16,133,0.1203007518796992,Payment Issues
2026-02-06,payment_issue_general,10,126,0.0793650793650793,Payment Issues
2026-02-07,payment_issue_general,18,143,0.1258741258741259,Payment Issues
2026-02-08,payment_issue_general,14,140,0.1,Payment Issues
2026-02-09,payment_issue_general,11,137,0.0802919708029197,Payment Issues
2026-02-10,payment_issue_general,16,134,0.1194029850746268,Payment Issues
2026-02-11,payment_issue_general,15,121,0.1239669421487603,Payment Issues
2026-02-12,payment_issue_general,18,130,0.1384615384615384,Payment Issues
2026-02-13,payment_issue_general,14,131,0.1068702290076335,Payment Issues
2026-02-14,payment_issue_general,11,129,0.0852713178294573,Payment Issues
2026-02-15,payment_issue_general,15,141,0.1063829787234042,Payment Issues
2026-02-16,payment_issue_general,22,149,0.1476510067114094,Payment Issues
2026-02-17,payment_issue_general,11,118,0.0932203389830508,Payment Issues
2026-02-18,payment_issue_general,12,121,0.0991735537190082,Payment Issues
2026-02-19,payment_issue_general,20,123,0.1626016260162601,Payment Issues
2026-02-20,payment_issue_general,14,131,0.1068702290076335,Payment Issues
2026-02-21,payment_issue_general,20,156,0.1282051282051282,Payment Issues
2026-02-22,payment_issue_general,16,118,0.135593220338983,Payment Issues
2026-02-23,payment_issue_general,11,145,0.0758620689655172,Payment Issues
2026-02-24,payment_issue_general,22,140,0.1571428571428571,Payment Issues
2026-02-25,payment_issue_general,13,114,0.1140350877192982,Payment Issues
2026-02-26,payment_issue_general,14,140,0.1,Payment Issues
2026-02-27,payment_issue_general,15,138,0.108695652173913,Payment Issues
2026-02-28,payment_issue_general,16,113,0.1415929203539823,Payment Issues
2026-03-01,payment_issue_general,10,137,0.072992700729927,Payment Issues
2026-03-02,payment_issue_general,18,131,0.1374045801526717,Payment Issues
2026-03-03,payment_issue_general,23,164,0.1402439024390244,Payment Issues
2026-03-04,payment_issue_general,24,144,0.1666666666666666,Payment Issues
2026-03-05,payment_issue_general,17,147,0.1156462585034013,Payment Issues
2026-03-06,payment_issue_general,23,131,0.1755725190839694,Payment Issues
2026-03-07,payment_issue_general,23,133,0.1729323308270676,Payment Issues
2026-03-08,payment_issue_general,18,128,0.140625,Payment Issues
2026-03-09,payment_issue_general,19,124,0.1532258064516129,Payment Issues
2026-03-10,payment_issue_general,19,129,0.1472868217054263,Payment Issues
2026-03-11,payment_issue_general,16,127,0.1259842519685039,Payment Issues
2026-03-12,payment_issue_general,16,120,0.1333333333333333,Payment Issues
2026-03-13,payment_issue_general,22,139,0.158273381294964,Payment Issues
2026-03-14,payment_issue_general,17,131,0.1297709923664122,Payment Issues
2026-03-15,payment_issue_general,18,123,0.1463414634146341,Payment Issues
2026-03-16,payment_issue_general,12,119,0.1008403361344537,Payment Issues
2026-03-17,payment_issue_general,13,138,0.0942028985507246,Payment Issues
2026-03-18,payment_issue_general,18,150,0.12,Payment Issues
2026-03-19,payment_issue_general,5,136,0.0367647058823529,Payment Issues
2026-03-20,payment_issue_general,17,142,0.1197183098591549,Payment Issues
2026-03-21,payment_issue_general,16,114,0.1403508771929824,Payment Issues
2026-03-22,payment_issue_general,18,146,0.1232876712328767,Payment Issues
2026-03-23,payment_issue_general,23,139,0.1654676258992805,Payment Issues
2026-03-24,payment_issue_general,18,121,0.1487603305785124,Payment Issues
2026-03-25,payment_issue_general,17,140,0.1214285714285714,Payment Issues
2026-03-26,payment_issue_general,17,138,0.1231884057971014,Payment Issues
2026-03-27,payment_issue_general,20,139,0.1438848920863309,Payment Issues
2026-03-28,payment_issue_general,9,116,0.0775862068965517,Payment Issues
2026-03-29,payment_issue_general,13,130,0.1,Payment Issues
2026-03-30,payment_issue_general,22,145,0.1517241379310344,Payment Issues
2026-03-31,payment_issue_general,12,125,0.096,Payment Issues
2026-04-01,payment_issue_general,16,126,0.1269841269841269,Payment Issues
2026-04-02,payment_issue_general,17,124,0.1370967741935483,Payment Issues
2026-04-03,payment_issue_general,14,139,0.1007194244604316,Payment Issues
2026-04-04,payment_issue_general,17,138,0.1231884057971014,Payment Issues
2026-04-05,payment_issue_general,19,134,0.1417910447761194,Payment Issues
2026-04-06,payment_issue_general,16,144,0.1111111111111111,Payment Issues
2026-04-07,payment_issue_general,20,135,0.1481481481481481,Payment Issues
2026-04-08,payment_issue_general,14,116,0.1206896551724138,Payment Issues
2026-04-09,payment_issue_general,18,131,0.1374045801526717,Payment Issues
2026-04-10,payment_issue_general,20,137,0.145985401459854,Payment Issues
2026-04-11,payment_issue_general,10,131,0.0763358778625954,Payment Issues
2026-04-12,payment_issue_general,15,129,0.1162790697674418,Payment Issues
2026-04-13,payment_issue_general,13,121,0.1074380165289256,Payment Issues
2026-04-14,payment_issue_general,22,132,0.1666666666666666,Payment Issues
2026-04-15,payment_issue_general,10,131,0.0763358778625954,Payment Issues
2026-04-16,payment_issue_general,16,135,0.1185185185185185,Payment Issues
2026-04-17,payment_issue_general,16,125,0.128,Payment Issues
2026-04-18,payment_issue_general,16,137,0.1167883211678832,Payment Issues
2026-04-19,payment_issue_general,17,118,0.1440677966101695,Payment Issues
2026-04-20,payment_issue_general,18,140,0.1285714285714285,Payment Issues
2026-04-21,payment_issue_general,13,128,0.1015625,Payment Issues
2026-04-22,payment_issue_general,11,139,0.079136690647482,Payment Issues
2026-04-23,payment_issue_general,17,125,0.136,Payment Issues
2026-04-24,payment_issue_general,20,130,0.1538461538461538,Payment Issues
2026-04-25,payment_issue_general,14,107,0.1308411214953271,Payment Issues
2026-04-26,payment_issue_general,8,140,0.0571428571428571,Payment Issues
2026-04-27,payment_issue_general,11,140,0.0785714285714285,Payment Issues
2026-04-28,payment_issue_general,17,113,0.1504424778761062,Payment Issues
2026-04-29,payment_issue_general,18,138,0.1304347826086956,Payment Issues
2026-04-30,payment_issue_general,13,126,0.1031746031746031,Payment Issues
2026-05-01,payment_issue_general,10,141,0.0709219858156028,Payment Issues
2026-05-02,payment_issue_general,9,128,0.0703125,Payment Issues
2026-05-03,payment_issue_general,10,137,0.072992700729927,Payment Issues
2026-05-04,payment_issue_general,12,143,0.0839160839160839,Payment Issues
2026-05-05,payment_issue_general,15,155,0.0967741935483871,Payment Issues
2026-05-06,payment_issue_general,18,127,0.1417322834645669,Payment Issues
2026-05-07,payment_issue_general,18,139,0.1294964028776978,Payment Issues
2026-05-08,payment_issue_general,18,136,0.1323529411764706,Payment Issues
2026-05-09,payment_issue_general,9,130,0.0692307692307692,Payment Issues
2026-05-10,payment_issue_general,17,134,0.126865671641791,Payment Issues
2026-05-11,payment_issue_general,20,125,0.16,Payment Issues
2026-05-12,payment_issue_general,18,132,0.1363636363636363,Payment Issues
2026-05-13,payment_issue_general,13,123,0.1056910569105691,Payment Issues
2026-05-14,payment_issue_general,14,132,0.106060606060606,Payment Issues
2026-05-15,payment_issue_general,11,131,0.0839694656488549,Payment Issues
2026-05-16,payment_issue_general,19,136,0.1397058823529411,Payment Issues
2026-05-17,payment_issue_general,17,135,0.1259259259259259,Payment Issues
2026-05-18,payment_issue_general,17,120,0.1416666666666666,Payment Issues
2026-05-19,payment_issue_general,29,138,0.2101449275362318,Payment Issues
2026-05-20,payment_issue_general,18,140,0.1285714285714285,Payment Issues
2026-05-21,payment_issue_general,12,118,0.1016949152542373,Payment Issues
2026-05-22,payment_issue_general,22,141,0.1560283687943262,Payment Issues
2026-05-23,payment_issue_general,14,130,0.1076923076923077,Payment Issues
2026-05-24,payment_issue_general,15,124,0.1209677419354838,Payment Issues
2026-05-25,payment_issue_general,19,128,0.1484375,Payment Issues
2026-05-26,payment_issue_general,22,111,0.1981981981981982,Payment Issues
2026-05-27,payment_issue_general,15,136,0.1102941176470588,Payment Issues
2026-05-28,payment_issue_general,16,125,0.128,Payment Issues
2026-05-29,payment_issue_general,16,125,0.128,Payment Issues
2026-05-30,payment_issue_general,14,111,0.1261261261261261,Payment Issues
2026-05-31,payment_issue_general,11,154,0.0714285714285714,Payment Issues
2026-06-01,payment_issue_general,14,125,0.112,Payment Issues
2026-06-02,payment_issue_general,22,144,0.1527777777777778,Payment Issues
2026-06-03,payment_issue_general,12,141,0.0851063829787234,Payment Issues
2026-06-04,payment_issue_general,18,134,0.1343283582089552,Payment Issues
2026-06-05,payment_issue_general,13,138,0.0942028985507246,Payment Issues
2026-06-06,payment_issue_general,16,133,0.1203007518796992,Payment Issues
2026-06-07,payment_issue_general,15,132,0.1136363636363636,Payment Issues
2026-06-08,payment_issue_general,16,124,0.1290322580645161,Payment Issues
2026-06-09,payment_issue_general,19,141,0.1347517730496454,Payment Issues
2026-06-10,payment_issue_general,14,122,0.1147540983606557,Payment Issues
2026-06-11,payment_issue_general,16,143,0.1118881118881118,Payment Issues
2026-06-12,payment_issue_general,15,126,0.119047619047619,Payment Issues
2026-06-13,payment_issue_general,11,115,0.0956521739130434,Payment Issues
2026-06-14,payment_issue_general,15,126,0.119047619047619,Payment Issues
2026-06-15,payment_issue_general,16,126,0.1269841269841269,Payment Issues
2026-06-16,payment_issue_general,19,130,0.1461538461538461,Payment Issues
2026-06-17,payment_issue_general,17,131,0.1297709923664122,Payment Issues
2026-06-18,payment_issue_general,22,131,0.1679389312977099,Payment Issues
2026-06-19,payment_issue_general,16,147,0.1088435374149659,Payment Issues
2026-06-20,payment_issue_general,12,115,0.1043478260869565,Payment Issues
2026-06-21,payment_issue_general,17,124,0.1370967741935483,Payment Issues
2026-06-22,payment_issue_general,16,142,0.1126760563380281,Payment Issues
2026-06-23,payment_issue_general,13,131,0.099236641221374,Payment Issues
2026-06-24,payment_issue_general,14,123,0.1138211382113821,Payment Issues
2026-06-25,payment_issue_general,18,129,0.1395348837209302,Payment Issues
2026-06-26,payment_issue_general,16,146,0.1095890410958904,Payment Issues
2026-06-27,payment_issue_general,24,123,0.1951219512195122,Payment Issues
2026-06-28,payment_issue_general,15,137,0.1094890510948905,Payment Issues
2026-06-29,payment_issue_general,14,119,0.1176470588235294,Payment Issues
2024-01-01,pricing,13,132,0.0984848484848484,Pricing
2024-01-02,pricing,12,132,0.0909090909090909,Pricing
2024-01-03,pricing,18,146,0.1232876712328767,Pricing
2024-01-04,pricing,23,154,0.1493506493506493,Pricing
2024-01-05,pricing,13,134,0.0970149253731343,Pricing
2024-01-06,pricing,24,142,0.1690140845070422,Pricing
2024-01-07,pricing,20,148,0.1351351351351351,Pricing
2024-01-08,pricing,15,140,0.1071428571428571,Pricing
2024-01-09,pricing,26,152,0.1710526315789473,Pricing
2024-01-10,pricing,17,134,0.126865671641791,Pricing
2024-01-11,pricing,14,145,0.096551724137931,Pricing
2024-01-12,pricing,12,104,0.1153846153846153,Pricing
2024-01-13,pricing,24,140,0.1714285714285714,Pricing
2024-01-14,pricing,18,142,0.1267605633802817,Pricing
2024-01-15,pricing,23,130,0.1769230769230769,Pricing
2024-01-16,pricing,16,113,0.1415929203539823,Pricing
2024-01-17,pricing,22,130,0.1692307692307692,Pricing
2024-01-18,pricing,31,145,0.2137931034482758,Pricing
2024-01-19,pricing,10,133,0.075187969924812,Pricing
2024-01-20,pricing,14,137,0.1021897810218978,Pricing
2024-01-21,pricing,13,144,0.0902777777777777,Pricing
2024-01-22,pricing,19,147,0.1292517006802721,Pricing
2024-01-23,pricing,16,153,0.1045751633986928,Pricing
2024-01-24,pricing,16,132,0.1212121212121212,Pricing
2024-01-25,pricing,8,147,0.0544217687074829,Pricing
2024-01-26,pricing,24,133,0.1804511278195488,Pricing
2024-01-27,pricing,15,146,0.1027397260273972,Pricing
2024-01-28,pricing,17,138,0.1231884057971014,Pricing
2024-01-29,pricing,20,127,0.1574803149606299,Pricing
2024-01-30,pricing,21,131,0.1603053435114503,Pricing
2024-01-31,pricing,18,123,0.1463414634146341,Pricing
2024-02-01,pricing,14,140,0.1,Pricing
2024-02-02,pricing,18,116,0.1551724137931034,Pricing
2024-02-03,pricing,12,113,0.1061946902654867,Pricing
2024-02-04,pricing,12,138,0.0869565217391304,Pricing
2024-02-05,pricing,20,135,0.1481481481481481,Pricing
2024-02-06,pricing,11,124,0.0887096774193548,Pricing
2024-02-07,pricing,24,131,0.183206106870229,Pricing
2024-02-08,pricing,14,110,0.1272727272727272,Pricing
2024-02-09,pricing,16,125,0.128,Pricing
2024-02-10,pricing,19,138,0.1376811594202898,Pricing
2024-02-11,pricing,18,125,0.144,Pricing
2024-02-12,pricing,20,151,0.1324503311258278,Pricing
2024-02-13,pricing,8,119,0.0672268907563025,Pricing
2024-02-14,pricing,16,158,0.1012658227848101,Pricing
2024-02-15,pricing,16,126,0.1269841269841269,Pricing
2024-02-16,pricing,24,120,0.2,Pricing
2024-02-17,pricing,14,126,0.1111111111111111,Pricing
2024-02-18,pricing,19,130,0.1461538461538461,Pricing
2024-02-19,pricing,21,140,0.15,Pricing
2024-02-20,pricing,16,133,0.1203007518796992,Pricing
2024-02-21,pricing,18,141,0.1276595744680851,Pricing
2024-02-22,pricing,20,138,0.144927536231884,Pricing
2024-02-23,pricing,17,139,0.1223021582733813,Pricing
2024-02-24,pricing,21,128,0.1640625,Pricing
2024-02-25,pricing,17,126,0.1349206349206349,Pricing
2024-02-26,pricing,12,119,0.1008403361344537,Pricing
2024-02-27,pricing,12,125,0.096,Pricing
2024-02-28,pricing,13,126,0.1031746031746031,Pricing
2024-02-29,pricing,19,126,0.1507936507936507,Pricing
2024-03-01,pricing,13,121,0.1074380165289256,Pricing
2024-03-02,pricing,21,141,0.1489361702127659,Pricing
2024-03-03,pricing,18,136,0.1323529411764706,Pricing
2024-03-04,pricing,17,128,0.1328125,Pricing
2024-03-05,pricing,10,109,0.091743119266055,Pricing
2024-03-06,pricing,14,111,0.1261261261261261,Pricing
2024-03-07,pricing,16,129,0.1240310077519379,Pricing
2024-03-08,pricing,13,113,0.1150442477876106,Pricing
2024-03-09,pricing,16,127,0.1259842519685039,Pricing
2024-03-10,pricing,17,128,0.1328125,Pricing
2024-03-11,pricing,15,133,0.112781954887218,Pricing
2024-03-12,pricing,12,109,0.110091743119266,Pricing
2024-03-13,pricing,17,134,0.126865671641791,Pricing
2024-03-14,pricing,12,122,0.0983606557377049,Pricing
2024-03-15,pricing,18,152,0.1184210526315789,Pricing
2024-03-16,pricing,13,139,0.0935251798561151,Pricing
2024-03-17,pricing,16,135,0.1185185185185185,Pricing
2024-03-18,pricing,21,143,0.1468531468531468,Pricing
2024-03-19,pricing,17,140,0.1214285714285714,Pricing
2024-03-20,pricing,15,122,0.1229508196721311,Pricing
2024-03-21,pricing,15,126,0.119047619047619,Pricing
2024-03-22,pricing,13,123,0.1056910569105691,Pricing
2024-03-23,pricing,16,124,0.1290322580645161,Pricing
2024-03-24,pricing,18,158,0.1139240506329113,Pricing
2024-03-25,pricing,18,156,0.1153846153846153,Pricing
2024-03-26,pricing,19,131,0.1450381679389313,Pricing
2024-03-27,pricing,20,134,0.1492537313432835,Pricing
2024-03-28,pricing,21,130,0.1615384615384615,Pricing
2024-03-29,pricing,23,151,0.152317880794702,Pricing
2024-03-30,pricing,20,121,0.1652892561983471,Pricing
2024-03-31,pricing,14,133,0.1052631578947368,Pricing
2024-04-01,pricing,17,136,0.125,Pricing
2024-04-02,pricing,6,124,0.0483870967741935,Pricing
2024-04-03,pricing,13,117,0.1111111111111111,Pricing
2024-04-04,pricing,25,132,0.1893939393939394,Pricing
2024-04-05,pricing,17,135,0.1259259259259259,Pricing
2024-04-06,pricing,19,132,0.1439393939393939,Pricing
2024-04-07,pricing,18,124,0.1451612903225806,Pricing
2024-04-08,pricing,22,139,0.158273381294964,Pricing
2024-04-09,pricing,15,130,0.1153846153846153,Pricing
2024-04-10,pricing,17,152,0.1118421052631579,Pricing
2024-04-11,pricing,14,108,0.1296296296296296,Pricing
2024-04-12,pricing,16,133,0.1203007518796992,Pricing
2024-04-13,pricing,13,123,0.1056910569105691,Pricing
2024-04-14,pricing,22,143,0.1538461538461538,Pricing
2024-04-15,pricing,23,130,0.1769230769230769,Pricing
2024-04-16,pricing,18,127,0.1417322834645669,Pricing
2024-04-17,pricing,15,121,0.1239669421487603,Pricing
2024-04-18,pricing,22,155,0.1419354838709677,Pricing
2024-04-19,pricing,19,137,0.1386861313868613,Pricing
2024-04-20,pricing,16,147,0.1088435374149659,Pricing
2024-04-21,pricing,25,137,0.1824817518248175,Pricing
2024-04-22,pricing,16,130,0.123076923076923,Pricing
2024-04-23,pricing,10,119,0.0840336134453781,Pricing
2024-04-24,pricing,20,121,0.1652892561983471,Pricing
2024-04-25,pricing,16,124,0.1290322580645161,Pricing
2024-04-26,pricing,19,138,0.1376811594202898,Pricing
2024-04-27,pricing,9,118,0.0762711864406779,Pricing
2024-04-28,pricing,16,127,0.1259842519685039,Pricing
2024-04-29,pricing,13,131,0.099236641221374,Pricing
2024-04-30,pricing,16,137,0.1167883211678832,Pricing
2024-05-01,pricing,17,136,0.125,Pricing
2024-05-02,pricing,17,101,0.1683168316831683,Pricing
2024-05-03,pricing,19,138,0.1376811594202898,Pricing
2024-05-04,pricing,12,135,0.0888888888888888,Pricing
2024-05-05,pricing,19,116,0.1637931034482758,Pricing
2024-05-06,pricing,16,140,0.1142857142857142,Pricing
2024-05-07,pricing,20,124,0.1612903225806451,Pricing
2024-05-08,pricing,27,141,0.1914893617021276,Pricing
2024-05-09,pricing,23,125,0.184,Pricing
2024-05-10,pricing,19,133,0.1428571428571428,Pricing
2024-05-11,pricing,20,137,0.145985401459854,Pricing
2024-05-12,pricing,22,133,0.1654135338345864,Pricing
2024-05-13,pricing,18,151,0.119205298013245,Pricing
2024-05-14,pricing,16,119,0.134453781512605,Pricing
2024-05-15,pricing,12,114,0.1052631578947368,Pricing
2024-05-16,pricing,15,129,0.1162790697674418,Pricing
2024-05-17,pricing,20,117,0.1709401709401709,Pricing
2024-05-18,pricing,13,130,0.1,Pricing
2024-05-19,pricing,17,123,0.1382113821138211,Pricing
2024-05-20,pricing,17,141,0.1205673758865248,Pricing
2024-05-21,pricing,19,130,0.1461538461538461,Pricing
2024-05-22,pricing,21,140,0.15,Pricing
2024-05-23,pricing,17,134,0.126865671641791,Pricing
2024-05-24,pricing,12,132,0.0909090909090909,Pricing
2024-05-25,pricing,17,125,0.136,Pricing
2024-05-26,pricing,22,148,0.1486486486486486,Pricing
2024-05-27,pricing,11,108,0.1018518518518518,Pricing
2024-05-28,pricing,17,125,0.136,Pricing
2024-05-29,pricing,15,122,0.1229508196721311,Pricing
2024-05-30,pricing,22,133,0.1654135338345864,Pricing
2024-05-31,pricing,15,121,0.1239669421487603,Pricing
2024-06-01,pricing,12,128,0.09375,Pricing
2024-06-02,pricing,13,122,0.1065573770491803,Pricing
2024-06-03,pricing,15,130,0.1153846153846153,Pricing
2024-06-04,pricing,19,133,0.1428571428571428,Pricing
2024-06-05,pricing,15,125,0.12,Pricing
2024-06-06,pricing,14,145,0.096551724137931,Pricing
2024-06-07,pricing,15,126,0.119047619047619,Pricing
2024-06-08,pricing,15,136,0.1102941176470588,Pricing
2024-06-09,pricing,20,120,0.1666666666666666,Pricing
2024-06-10,pricing,11,107,0.102803738317757,Pricing
2024-06-11,pricing,18,143,0.1258741258741259,Pricing
2024-06-12,pricing,12,128,0.09375,Pricing
2024-06-13,pricing,20,136,0.1470588235294117,Pricing
2024-06-14,pricing,23,125,0.184,Pricing
2024-06-15,pricing,16,133,0.1203007518796992,Pricing
2024-06-16,pricing,18,155,0.1161290322580645,Pricing
2024-06-17,pricing,22,129,0.1705426356589147,Pricing
2024-06-18,pricing,21,133,0.1578947368421052,Pricing
2024-06-19,pricing,17,120,0.1416666666666666,Pricing
2024-06-20,pricing,14,119,0.1176470588235294,Pricing
2024-06-21,pricing,15,129,0.1162790697674418,Pricing
2024-06-22,pricing,17,146,0.1164383561643835,Pricing
2024-06-23,pricing,15,146,0.1027397260273972,Pricing
2024-06-24,pricing,17,144,0.1180555555555555,Pricing
2024-06-25,pricing,21,162,0.1296296296296296,Pricing
2024-06-26,pricing,16,129,0.1240310077519379,Pricing
2024-06-27,pricing,17,148,0.1148648648648648,Pricing
2024-06-28,pricing,10,106,0.0943396226415094,Pricing
2024-06-29,pricing,11,124,0.0887096774193548,Pricing
2024-06-30,pricing,26,156,0.1666666666666666,Pricing
2024-07-01,pricing,19,126,0.1507936507936507,Pricing
2024-07-02,pricing,13,122,0.1065573770491803,Pricing
2024-07-03,pricing,14,124,0.1129032258064516,Pricing
2024-07-04,pricing,18,146,0.1232876712328767,Pricing
2024-07-05,pricing,23,154,0.1493506493506493,Pricing
2024-07-06,pricing,7,128,0.0546875,Pricing
2024-07-07,pricing,18,125,0.144,Pricing
2024-07-08,pricing,20,130,0.1538461538461538,Pricing
2024-07-09,pricing,23,153,0.1503267973856209,Pricing
2024-07-10,pricing,26,141,0.1843971631205673,Pricing
2024-07-11,pricing,22,132,0.1666666666666666,Pricing
2024-07-12,pricing,21,137,0.1532846715328467,Pricing
2024-07-13,pricing,15,130,0.1153846153846153,Pricing
2024-07-14,pricing,20,130,0.1538461538461538,Pricing
2024-07-15,pricing,11,115,0.0956521739130434,Pricing
2024-07-16,pricing,20,149,0.1342281879194631,Pricing
2024-07-17,pricing,22,125,0.176,Pricing
2024-07-18,pricing,17,120,0.1416666666666666,Pricing
2024-07-19,pricing,17,129,0.1317829457364341,Pricing
2024-07-20,pricing,18,143,0.1258741258741259,Pricing
2024-07-21,pricing,19,145,0.1310344827586207,Pricing
2024-07-22,pricing,25,148,0.1689189189189189,Pricing
2024-07-23,pricing,18,145,0.1241379310344827,Pricing
2024-07-24,pricing,14,115,0.1217391304347826,Pricing
2024-07-25,pricing,19,147,0.1292517006802721,Pricing
2024-07-26,pricing,17,139,0.1223021582733813,Pricing
2024-07-27,pricing,10,123,0.08130081300813,Pricing
2024-07-28,pricing,16,123,0.1300813008130081,Pricing
2024-07-29,pricing,16,126,0.1269841269841269,Pricing
2024-07-30,pricing,16,138,0.1159420289855072,Pricing
2024-07-31,pricing,15,120,0.125,Pricing
2024-08-01,pricing,17,124,0.1370967741935483,Pricing
2024-08-02,pricing,20,134,0.1492537313432835,Pricing
2024-08-03,pricing,8,131,0.0610687022900763,Pricing
2024-08-04,pricing,15,119,0.1260504201680672,Pricing
2024-08-05,pricing,10,115,0.0869565217391304,Pricing
2024-08-06,pricing,22,139,0.158273381294964,Pricing
2024-08-07,pricing,15,123,0.1219512195121951,Pricing
2024-08-08,pricing,19,134,0.1417910447761194,Pricing
2024-08-09,pricing,12,119,0.1008403361344537,Pricing
2024-08-10,pricing,16,127,0.1259842519685039,Pricing
2024-08-11,pricing,22,140,0.1571428571428571,Pricing
2024-08-12,pricing,20,142,0.1408450704225352,Pricing
2024-08-13,pricing,16,133,0.1203007518796992,Pricing
2024-08-14,pricing,17,145,0.1172413793103448,Pricing
2024-08-15,pricing,15,121,0.1239669421487603,Pricing
2024-08-16,pricing,11,93,0.1182795698924731,Pricing
2024-08-17,pricing,16,134,0.1194029850746268,Pricing
2024-08-18,pricing,20,145,0.1379310344827586,Pricing
2024-08-19,pricing,28,132,0.2121212121212121,Pricing
2024-08-20,pricing,20,151,0.1324503311258278,Pricing
2024-08-21,pricing,14,135,0.1037037037037037,Pricing
2024-08-22,pricing,14,107,0.1308411214953271,Pricing
2024-08-23,pricing,12,116,0.1034482758620689,Pricing
2024-08-24,pricing,20,145,0.1379310344827586,Pricing
2024-08-25,pricing,9,124,0.0725806451612903,Pricing
2024-08-26,pricing,11,134,0.0820895522388059,Pricing
2024-08-27,pricing,17,123,0.1382113821138211,Pricing
2024-08-28,pricing,18,133,0.1353383458646616,Pricing
2024-08-29,pricing,22,148,0.1486486486486486,Pricing
2024-08-30,pricing,11,141,0.0780141843971631,Pricing
2024-08-31,pricing,19,143,0.1328671328671328,Pricing
2024-09-01,pricing,16,117,0.1367521367521367,Pricing
2024-09-02,pricing,15,130,0.1153846153846153,Pricing
2024-09-03,pricing,26,149,0.174496644295302,Pricing
2024-09-04,pricing,25,141,0.1773049645390071,Pricing
2024-09-05,pricing,16,129,0.1240310077519379,Pricing
2024-09-06,pricing,16,137,0.1167883211678832,Pricing
2024-09-07,pricing,16,143,0.1118881118881118,Pricing
2024-09-08,pricing,12,140,0.0857142857142857,Pricing
2024-09-09,pricing,16,133,0.1203007518796992,Pricing
2024-09-10,pricing,14,131,0.1068702290076335,Pricing
2024-09-11,pricing,19,123,0.1544715447154471,Pricing
2024-09-12,pricing,23,128,0.1796875,Pricing
2024-09-13,pricing,14,133,0.1052631578947368,Pricing
2024-09-14,pricing,19,141,0.1347517730496454,Pricing
2024-09-15,pricing,12,122,0.0983606557377049,Pricing
2024-09-16,pricing,20,136,0.1470588235294117,Pricing
2024-09-17,pricing,14,136,0.1029411764705882,Pricing
2024-09-18,pricing,15,128,0.1171875,Pricing
2024-09-19,pricing,16,122,0.1311475409836065,Pricing
2024-09-20,pricing,22,154,0.1428571428571428,Pricing
2024-09-21,pricing,20,149,0.1342281879194631,Pricing
2024-09-22,pricing,14,121,0.1157024793388429,Pricing
2024-09-23,pricing,23,142,0.1619718309859155,Pricing
2024-09-24,pricing,15,119,0.1260504201680672,Pricing
2024-09-25,pricing,14,144,0.0972222222222222,Pricing
2024-09-26,pricing,16,120,0.1333333333333333,Pricing
2024-09-27,pricing,15,111,0.1351351351351351,Pricing
2024-09-28,pricing,25,135,0.1851851851851851,Pricing
2024-09-29,pricing,21,156,0.1346153846153846,Pricing
2024-09-30,pricing,12,116,0.1034482758620689,Pricing
2024-10-01,pricing,16,133,0.1203007518796992,Pricing
2024-10-02,pricing,14,114,0.1228070175438596,Pricing
2024-10-03,pricing,14,110,0.1272727272727272,Pricing
2024-10-04,pricing,19,134,0.1417910447761194,Pricing
2024-10-05,pricing,18,143,0.1258741258741259,Pricing
2024-10-06,pricing,22,142,0.1549295774647887,Pricing
2024-10-07,pricing,20,124,0.1612903225806451,Pricing
2024-10-08,pricing,13,122,0.1065573770491803,Pricing
2024-10-09,pricing,11,129,0.0852713178294573,Pricing
2024-10-10,pricing,23,130,0.1769230769230769,Pricing
2024-10-11,pricing,19,141,0.1347517730496454,Pricing
2024-10-12,pricing,12,119,0.1008403361344537,Pricing
2024-10-13,pricing,20,145,0.1379310344827586,Pricing
2024-10-14,pricing,22,130,0.1692307692307692,Pricing
2024-10-15,pricing,18,120,0.15,Pricing
2024-10-16,pricing,10,112,0.0892857142857142,Pricing
2024-10-17,pricing,13,133,0.0977443609022556,Pricing
2024-10-18,pricing,19,112,0.1696428571428571,Pricing
2024-10-19,pricing,20,134,0.1492537313432835,Pricing
2024-10-20,pricing,16,128,0.125,Pricing
2024-10-21,pricing,17,127,0.1338582677165354,Pricing
2024-10-22,pricing,15,136,0.1102941176470588,Pricing
2024-10-23,pricing,19,143,0.1328671328671328,Pricing
2024-10-24,pricing,10,118,0.0847457627118644,Pricing
2024-10-25,pricing,20,148,0.1351351351351351,Pricing
2024-10-26,pricing,12,133,0.0902255639097744,Pricing
2024-10-27,pricing,16,124,0.1290322580645161,Pricing
2024-10-28,pricing,16,133,0.1203007518796992,Pricing
2024-10-29,pricing,18,128,0.140625,Pricing
2024-10-30,pricing,16,115,0.1391304347826087,Pricing
2024-10-31,pricing,22,127,0.1732283464566929,Pricing
2024-11-01,pricing,19,136,0.1397058823529411,Pricing
2024-11-02,pricing,18,132,0.1363636363636363,Pricing
2024-11-03,pricing,17,117,0.1452991452991453,Pricing
2024-11-04,pricing,20,179,0.1117318435754189,Pricing
2024-11-05,pricing,21,140,0.15,Pricing
2024-11-06,pricing,16,146,0.1095890410958904,Pricing
2024-11-07,pricing,15,124,0.1209677419354838,Pricing
2024-11-08,pricing,17,150,0.1133333333333333,Pricing
2024-11-09,pricing,19,141,0.1347517730496454,Pricing
2024-11-10,pricing,11,127,0.0866141732283464,Pricing
2024-11-11,pricing,9,120,0.075,Pricing
2024-11-12,pricing,12,126,0.0952380952380952,Pricing
2024-11-13,pricing,26,139,0.1870503597122302,Pricing
2024-11-14,pricing,14,126,0.1111111111111111,Pricing
2024-11-15,pricing,17,109,0.1559633027522936,Pricing
2024-11-16,pricing,13,139,0.0935251798561151,Pricing
2024-11-17,pricing,17,120,0.1416666666666666,Pricing
2024-11-18,pricing,24,138,0.1739130434782608,Pricing
2024-11-19,pricing,16,135,0.1185185185185185,Pricing
2024-11-20,pricing,15,118,0.1271186440677966,Pricing
2024-11-21,pricing,16,133,0.1203007518796992,Pricing
2024-11-22,pricing,21,142,0.1478873239436619,Pricing
2024-11-23,pricing,13,134,0.0970149253731343,Pricing
2024-11-24,pricing,19,134,0.1417910447761194,Pricing
2024-11-25,pricing,15,111,0.1351351351351351,Pricing
2024-11-26,pricing,20,143,0.1398601398601398,Pricing
2024-11-27,pricing,28,136,0.2058823529411764,Pricing
2024-11-28,pricing,17,134,0.126865671641791,Pricing
2024-11-29,pricing,10,131,0.0763358778625954,Pricing
2024-11-30,pricing,25,140,0.1785714285714285,Pricing
2024-12-01,pricing,26,138,0.1884057971014492,Pricing
2024-12-02,pricing,16,124,0.1290322580645161,Pricing
2024-12-03,pricing,19,134,0.1417910447761194,Pricing
2024-12-04,pricing,12,130,0.0923076923076923,Pricing
2024-12-05,pricing,15,135,0.1111111111111111,Pricing
2024-12-06,pricing,22,140,0.1571428571428571,Pricing
2024-12-07,pricing,18,141,0.1276595744680851,Pricing
2024-12-08,pricing,16,138,0.1159420289855072,Pricing
2024-12-09,pricing,18,145,0.1241379310344827,Pricing
2024-12-10,pricing,22,141,0.1560283687943262,Pricing
2024-12-11,pricing,16,137,0.1167883211678832,Pricing
2024-12-12,pricing,16,142,0.1126760563380281,Pricing
2024-12-13,pricing,21,140,0.15,Pricing
2024-12-14,pricing,15,124,0.1209677419354838,Pricing
2024-12-15,pricing,15,128,0.1171875,Pricing
2024-12-16,pricing,13,132,0.0984848484848484,Pricing
2024-12-17,pricing,23,115,0.2,Pricing
2024-12-18,pricing,13,122,0.1065573770491803,Pricing
2024-12-19,pricing,16,120,0.1333333333333333,Pricing
2024-12-20,pricing,24,132,0.1818181818181818,Pricing
2024-12-21,pricing,9,107,0.0841121495327102,Pricing
2024-12-22,pricing,19,143,0.1328671328671328,Pricing
2024-12-23,pricing,10,129,0.0775193798449612,Pricing
2024-12-24,pricing,13,103,0.1262135922330097,Pricing
2024-12-25,pricing,12,117,0.1025641025641025,Pricing
2024-12-26,pricing,19,131,0.1450381679389313,Pricing
2024-12-27,pricing,12,136,0.088235294117647,Pricing
2024-12-28,pricing,13,134,0.0970149253731343,Pricing
2024-12-29,pricing,18,135,0.1333333333333333,Pricing
2024-12-30,pricing,26,149,0.174496644295302,Pricing
2024-12-31,pricing,10,129,0.0775193798449612,Pricing
2025-01-01,pricing,8,118,0.0677966101694915,Pricing
2025-01-02,pricing,20,134,0.1492537313432835,Pricing
2025-01-03,pricing,18,137,0.1313868613138686,Pricing
2025-01-04,pricing,20,119,0.1680672268907563,Pricing
2025-01-05,pricing,17,148,0.1148648648648648,Pricing
2025-01-06,pricing,24,156,0.1538461538461538,Pricing
2025-01-07,pricing,9,126,0.0714285714285714,Pricing
2025-01-08,pricing,24,150,0.16,Pricing
2025-01-09,pricing,12,131,0.0916030534351145,Pricing
2025-01-10,pricing,14,128,0.109375,Pricing
2025-01-11,pricing,8,148,0.054054054054054,Pricing
2025-01-12,pricing,22,136,0.1617647058823529,Pricing
2025-01-13,pricing,11,123,0.089430894308943,Pricing
2025-01-14,pricing,20,135,0.1481481481481481,Pricing
2025-01-15,pricing,23,139,0.1654676258992805,Pricing
2025-01-16,pricing,21,148,0.1418918918918918,Pricing
2025-01-17,pricing,14,156,0.0897435897435897,Pricing
2025-01-18,pricing,13,120,0.1083333333333333,Pricing
2025-01-19,pricing,10,120,0.0833333333333333,Pricing
2025-01-20,pricing,19,132,0.1439393939393939,Pricing
2025-01-21,pricing,19,130,0.1461538461538461,Pricing
2025-01-22,pricing,24,152,0.1578947368421052,Pricing
2025-01-23,pricing,21,139,0.1510791366906475,Pricing
2025-01-24,pricing,19,126,0.1507936507936507,Pricing
2025-01-25,pricing,13,143,0.0909090909090909,Pricing
2025-01-26,pricing,22,148,0.1486486486486486,Pricing
2025-01-27,pricing,13,113,0.1150442477876106,Pricing
2025-01-28,pricing,21,156,0.1346153846153846,Pricing
2025-01-29,pricing,12,137,0.0875912408759124,Pricing
2025-01-30,pricing,18,136,0.1323529411764706,Pricing
2025-01-31,pricing,21,136,0.1544117647058823,Pricing
2025-02-01,pricing,14,132,0.106060606060606,Pricing
2025-02-02,pricing,11,138,0.0797101449275362,Pricing
2025-02-03,pricing,22,138,0.1594202898550724,Pricing
2025-02-04,pricing,15,132,0.1136363636363636,Pricing
2025-02-05,pricing,22,139,0.158273381294964,Pricing
2025-02-06,pricing,22,143,0.1538461538461538,Pricing
2025-02-07,pricing,22,149,0.1476510067114094,Pricing
2025-02-08,pricing,22,128,0.171875,Pricing
2025-02-09,pricing,18,139,0.1294964028776978,Pricing
2025-02-10,pricing,28,138,0.2028985507246377,Pricing
2025-02-11,pricing,13,129,0.1007751937984496,Pricing
2025-02-12,pricing,21,140,0.15,Pricing
2025-02-13,pricing,15,148,0.1013513513513513,Pricing
2025-02-14,pricing,17,116,0.146551724137931,Pricing
2025-02-15,pricing,18,128,0.140625,Pricing
2025-02-16,pricing,18,143,0.1258741258741259,Pricing
2025-02-17,pricing,18,136,0.1323529411764706,Pricing
2025-02-18,pricing,20,145,0.1379310344827586,Pricing
2025-02-19,pricing,14,117,0.1196581196581196,Pricing
2025-02-20,pricing,14,143,0.0979020979020979,Pricing
2025-02-21,pricing,19,139,0.1366906474820144,Pricing
2025-02-22,pricing,17,114,0.1491228070175438,Pricing
2025-02-23,pricing,23,123,0.1869918699186991,Pricing
2025-02-24,pricing,11,135,0.0814814814814814,Pricing
2025-02-25,pricing,17,139,0.1223021582733813,Pricing
2025-02-26,pricing,15,127,0.1181102362204724,Pricing
2025-02-27,pricing,22,120,0.1833333333333333,Pricing
2025-02-28,pricing,23,130,0.1769230769230769,Pricing
2025-03-01,pricing,7,137,0.0510948905109489,Pricing
2025-03-02,pricing,15,141,0.1063829787234042,Pricing
2025-03-03,pricing,18,128,0.140625,Pricing
2025-03-04,pricing,15,142,0.1056338028169014,Pricing
2025-03-05,pricing,22,137,0.1605839416058394,Pricing
2025-03-06,pricing,18,143,0.1258741258741259,Pricing
2025-03-07,pricing,15,123,0.1219512195121951,Pricing
2025-03-08,pricing,14,128,0.109375,Pricing
2025-03-09,pricing,25,135,0.1851851851851851,Pricing
2025-03-10,pricing,20,127,0.1574803149606299,Pricing
2025-03-11,pricing,23,138,0.1666666666666666,Pricing
2025-03-12,pricing,17,133,0.1278195488721804,Pricing
2025-03-13,pricing,17,121,0.140495867768595,Pricing
2025-03-14,pricing,25,140,0.1785714285714285,Pricing
2025-03-15,pricing,17,131,0.1297709923664122,Pricing
2025-03-16,pricing,18,134,0.1343283582089552,Pricing
2025-03-17,pricing,9,135,0.0666666666666666,Pricing
2025-03-18,pricing,11,99,0.1111111111111111,Pricing
2025-03-19,pricing,17,121,0.140495867768595,Pricing
2025-03-20,pricing,9,120,0.075,Pricing
2025-03-21,pricing,18,138,0.1304347826086956,Pricing
2025-03-22,pricing,18,142,0.1267605633802817,Pricing
2025-03-23,pricing,13,121,0.1074380165289256,Pricing
2025-03-24,pricing,18,146,0.1232876712328767,Pricing
2025-03-25,pricing,11,119,0.0924369747899159,Pricing
2025-03-26,pricing,20,137,0.145985401459854,Pricing
2025-03-27,pricing,19,131,0.1450381679389313,Pricing
2025-03-28,pricing,16,125,0.128,Pricing
2025-03-29,pricing,22,125,0.176,Pricing
2025-03-30,pricing,12,137,0.0875912408759124,Pricing
2025-03-31,pricing,12,150,0.08,Pricing
2025-04-01,pricing,25,152,0.1644736842105263,Pricing
2025-04-02,pricing,18,145,0.1241379310344827,Pricing
2025-04-03,pricing,23,138,0.1666666666666666,Pricing
2025-04-04,pricing,12,116,0.1034482758620689,Pricing
2025-04-05,pricing,14,148,0.0945945945945946,Pricing
2025-04-06,pricing,13,139,0.0935251798561151,Pricing
2025-04-07,pricing,8,119,0.0672268907563025,Pricing
2025-04-08,pricing,17,127,0.1338582677165354,Pricing
2025-04-09,pricing,11,124,0.0887096774193548,Pricing
2025-04-10,pricing,20,147,0.1360544217687075,Pricing
2025-04-11,pricing,17,150,0.1133333333333333,Pricing
2025-04-12,pricing,22,158,0.1392405063291139,Pricing
2025-04-13,pricing,12,109,0.110091743119266,Pricing
2025-04-14,pricing,15,132,0.1136363636363636,Pricing
2025-04-15,pricing,17,149,0.1140939597315436,Pricing
2025-04-16,pricing,20,130,0.1538461538461538,Pricing
2025-04-17,pricing,16,123,0.1300813008130081,Pricing
2025-04-18,pricing,10,139,0.0719424460431654,Pricing
2025-04-19,pricing,22,110,0.2,Pricing
2025-04-20,pricing,17,128,0.1328125,Pricing
2025-04-21,pricing,20,132,0.1515151515151515,Pricing
2025-04-22,pricing,18,137,0.1313868613138686,Pricing
2025-04-23,pricing,14,130,0.1076923076923077,Pricing
2025-04-24,pricing,18,145,0.1241379310344827,Pricing
2025-04-25,pricing,17,121,0.140495867768595,Pricing
2025-04-26,pricing,17,129,0.1317829457364341,Pricing
2025-04-27,pricing,19,127,0.1496062992125984,Pricing
2025-04-28,pricing,10,118,0.0847457627118644,Pricing
2025-04-29,pricing,22,122,0.180327868852459,Pricing
2025-04-30,pricing,22,125,0.176,Pricing
2025-05-01,pricing,14,149,0.0939597315436241,Pricing
2025-05-02,pricing,18,122,0.1475409836065573,Pricing
2025-05-03,pricing,12,129,0.0930232558139534,Pricing
2025-05-04,pricing,16,139,0.1151079136690647,Pricing
2025-05-05,pricing,20,126,0.1587301587301587,Pricing
2025-05-06,pricing,14,150,0.0933333333333333,Pricing
2025-05-07,pricing,12,130,0.0923076923076923,Pricing
2025-05-08,pricing,9,118,0.0762711864406779,Pricing
2025-05-09,pricing,16,142,0.1126760563380281,Pricing
2025-05-10,pricing,18,124,0.1451612903225806,Pricing
2025-05-11,pricing,13,132,0.0984848484848484,Pricing
2025-05-12,pricing,18,138,0.1304347826086956,Pricing
2025-05-13,pricing,22,129,0.1705426356589147,Pricing
2025-05-14,pricing,19,119,0.1596638655462184,Pricing
2025-05-15,pricing,22,124,0.1774193548387097,Pricing
2025-05-16,pricing,16,139,0.1151079136690647,Pricing
2025-05-17,pricing,14,124,0.1129032258064516,Pricing
2025-05-18,pricing,16,121,0.1322314049586777,Pricing
2025-05-19,pricing,16,114,0.1403508771929824,Pricing
2025-05-20,pricing,15,130,0.1153846153846153,Pricing
2025-05-21,pricing,14,108,0.1296296296296296,Pricing
2025-05-22,pricing,23,156,0.1474358974358974,Pricing
2025-05-23,pricing,17,148,0.1148648648648648,Pricing
2025-05-24,pricing,21,137,0.1532846715328467,Pricing
2025-05-25,pricing,18,141,0.1276595744680851,Pricing
2025-05-26,pricing,14,119,0.1176470588235294,Pricing
2025-05-27,pricing,19,160,0.11875,Pricing
2025-05-28,pricing,23,147,0.1564625850340136,Pricing
2025-05-29,pricing,14,116,0.1206896551724138,Pricing
2025-05-30,pricing,22,133,0.1654135338345864,Pricing
2025-05-31,pricing,14,140,0.1,Pricing
2025-06-01,pricing,23,132,0.1742424242424242,Pricing
2025-06-02,pricing,20,118,0.1694915254237288,Pricing
2025-06-03,pricing,16,121,0.1322314049586777,Pricing
2025-06-04,pricing,22,141,0.1560283687943262,Pricing
2025-06-05,pricing,19,116,0.1637931034482758,Pricing
2025-06-06,pricing,19,140,0.1357142857142857,Pricing
2025-06-07,pricing,16,138,0.1159420289855072,Pricing
2025-06-08,pricing,18,142,0.1267605633802817,Pricing
2025-06-09,pricing,16,126,0.1269841269841269,Pricing
2025-06-10,pricing,17,152,0.1118421052631579,Pricing
2025-06-11,pricing,20,133,0.150375939849624,Pricing
2025-06-12,pricing,12,137,0.0875912408759124,Pricing
2025-06-13,pricing,22,137,0.1605839416058394,Pricing
2025-06-14,pricing,14,113,0.1238938053097345,Pricing
2025-06-15,pricing,17,104,0.1634615384615384,Pricing
2025-06-16,pricing,15,132,0.1136363636363636,Pricing
2025-06-17,pricing,15,117,0.1282051282051282,Pricing
2025-06-18,pricing,11,136,0.0808823529411764,Pricing
2025-06-19,pricing,24,130,0.1846153846153846,Pricing
2025-06-20,pricing,23,137,0.1678832116788321,Pricing
2025-06-21,pricing,23,146,0.1575342465753424,Pricing
2025-06-22,pricing,24,134,0.1791044776119403,Pricing
2025-06-23,pricing,14,116,0.1206896551724138,Pricing
2025-06-24,pricing,19,134,0.1417910447761194,Pricing
2025-06-25,pricing,18,118,0.1525423728813559,Pricing
2025-06-26,pricing,12,119,0.1008403361344537,Pricing
2025-06-27,pricing,18,143,0.1258741258741259,Pricing
2025-06-28,pricing,12,132,0.0909090909090909,Pricing
2025-06-29,pricing,7,140,0.05,Pricing
2025-06-30,pricing,13,133,0.0977443609022556,Pricing
2025-07-01,pricing,14,118,0.1186440677966101,Pricing
2025-07-02,pricing,27,128,0.2109375,Pricing
2025-07-03,pricing,16,124,0.1290322580645161,Pricing
2025-07-04,pricing,16,124,0.1290322580645161,Pricing
2025-07-05,pricing,20,126,0.1587301587301587,Pricing
2025-07-06,pricing,19,131,0.1450381679389313,Pricing
2025-07-07,pricing,17,116,0.146551724137931,Pricing
2025-07-08,pricing,24,158,0.1518987341772152,Pricing
2025-07-09,pricing,16,134,0.1194029850746268,Pricing
2025-07-10,pricing,20,151,0.1324503311258278,Pricing
2025-07-11,pricing,17,139,0.1223021582733813,Pricing
2025-07-12,pricing,16,141,0.1134751773049645,Pricing
2025-07-13,pricing,12,122,0.0983606557377049,Pricing
2025-07-14,pricing,12,123,0.0975609756097561,Pricing
2025-07-15,pricing,17,120,0.1416666666666666,Pricing
2025-07-16,pricing,10,112,0.0892857142857142,Pricing
2025-07-17,pricing,16,136,0.1176470588235294,Pricing
2025-07-18,pricing,17,141,0.1205673758865248,Pricing
2025-07-19,pricing,21,145,0.1448275862068965,Pricing
2025-07-20,pricing,17,147,0.1156462585034013,Pricing
2025-07-21,pricing,8,124,0.064516129032258,Pricing
2025-07-22,pricing,15,125,0.12,Pricing
2025-07-23,pricing,20,129,0.1550387596899224,Pricing
2025-07-24,pricing,19,154,0.1233766233766233,Pricing
2025-07-25,pricing,13,126,0.1031746031746031,Pricing
2025-07-26,pricing,19,146,0.1301369863013698,Pricing
2025-07-27,pricing,20,144,0.1388888888888889,Pricing
2025-07-28,pricing,21,148,0.1418918918918918,Pricing
2025-07-29,pricing,9,101,0.0891089108910891,Pricing
2025-07-30,pricing,18,133,0.1353383458646616,Pricing
2025-07-31,pricing,21,133,0.1578947368421052,Pricing
2025-08-01,pricing,22,143,0.1538461538461538,Pricing
2025-08-02,pricing,14,151,0.0927152317880794,Pricing
2025-08-03,pricing,19,130,0.1461538461538461,Pricing
2025-08-04,pricing,18,143,0.1258741258741259,Pricing
2025-08-05,pricing,19,122,0.1557377049180328,Pricing
2025-08-06,pricing,15,143,0.1048951048951049,Pricing
2025-08-07,pricing,13,116,0.1120689655172413,Pricing
2025-08-08,pricing,22,124,0.1774193548387097,Pricing
2025-08-09,pricing,18,125,0.144,Pricing
2025-08-10,pricing,23,158,0.1455696202531645,Pricing
2025-08-11,pricing,20,131,0.1526717557251908,Pricing
2025-08-12,pricing,18,155,0.1161290322580645,Pricing
2025-08-13,pricing,13,119,0.1092436974789916,Pricing
2025-08-14,pricing,14,136,0.1029411764705882,Pricing
2025-08-15,pricing,30,142,0.2112676056338028,Pricing
2025-08-16,pricing,16,117,0.1367521367521367,Pricing
2025-08-17,pricing,22,138,0.1594202898550724,Pricing
2025-08-18,pricing,12,117,0.1025641025641025,Pricing
2025-08-19,pricing,15,129,0.1162790697674418,Pricing
2025-08-20,pricing,22,146,0.1506849315068493,Pricing
2025-08-21,pricing,26,145,0.1793103448275862,Pricing
2025-08-22,pricing,17,146,0.1164383561643835,Pricing
2025-08-23,pricing,14,122,0.1147540983606557,Pricing
2025-08-24,pricing,21,129,0.1627906976744186,Pricing
2025-08-25,pricing,19,129,0.1472868217054263,Pricing
2025-08-26,pricing,14,124,0.1129032258064516,Pricing
2025-08-27,pricing,19,126,0.1507936507936507,Pricing
2025-08-28,pricing,24,123,0.1951219512195122,Pricing
2025-08-29,pricing,17,121,0.140495867768595,Pricing
2025-08-30,pricing,24,127,0.1889763779527559,Pricing
2025-08-31,pricing,17,124,0.1370967741935483,Pricing
2025-09-01,pricing,13,132,0.0984848484848484,Pricing
2025-09-02,pricing,16,132,0.1212121212121212,Pricing
2025-09-03,pricing,16,136,0.1176470588235294,Pricing
2025-09-04,pricing,15,133,0.112781954887218,Pricing
2025-09-05,pricing,22,113,0.1946902654867256,Pricing
2025-09-06,pricing,15,122,0.1229508196721311,Pricing
2025-09-07,pricing,16,141,0.1134751773049645,Pricing
2025-09-08,pricing,23,141,0.1631205673758865,Pricing
2025-09-09,pricing,17,152,0.1118421052631579,Pricing
2025-09-10,pricing,16,127,0.1259842519685039,Pricing
2025-09-11,pricing,17,129,0.1317829457364341,Pricing
2025-09-12,pricing,17,129,0.1317829457364341,Pricing
2025-09-13,pricing,21,115,0.1826086956521739,Pricing
2025-09-14,pricing,13,119,0.1092436974789916,Pricing
2025-09-15,pricing,16,132,0.1212121212121212,Pricing
2025-09-16,pricing,18,133,0.1353383458646616,Pricing
2025-09-17,pricing,24,137,0.1751824817518248,Pricing
2025-09-18,pricing,14,135,0.1037037037037037,Pricing
2025-09-19,pricing,14,138,0.1014492753623188,Pricing
2025-09-20,pricing,18,142,0.1267605633802817,Pricing
2025-09-21,pricing,15,118,0.1271186440677966,Pricing
2025-09-22,pricing,15,117,0.1282051282051282,Pricing
2025-09-23,pricing,11,125,0.088,Pricing
2025-09-24,pricing,20,129,0.1550387596899224,Pricing
2025-09-25,pricing,17,113,0.1504424778761062,Pricing
2025-09-26,pricing,26,135,0.1925925925925926,Pricing
2025-09-27,pricing,18,146,0.1232876712328767,Pricing
2025-09-28,pricing,16,140,0.1142857142857142,Pricing
2025-09-29,pricing,17,122,0.1393442622950819,Pricing
2025-09-30,pricing,23,134,0.1716417910447761,Pricing
2025-10-01,pricing,28,135,0.2074074074074074,Pricing
2025-10-02,pricing,13,114,0.1140350877192982,Pricing
2025-10-03,pricing,12,125,0.096,Pricing
2025-10-04,pricing,21,139,0.1510791366906475,Pricing
2025-10-05,pricing,18,118,0.1525423728813559,Pricing
2025-10-06,pricing,14,130,0.1076923076923077,Pricing
2025-10-07,pricing,11,130,0.0846153846153846,Pricing
2025-10-08,pricing,16,129,0.1240310077519379,Pricing
2025-10-09,pricing,22,141,0.1560283687943262,Pricing
2025-10-10,pricing,14,127,0.1102362204724409,Pricing
2025-10-11,pricing,17,142,0.1197183098591549,Pricing
2025-10-12,pricing,6,116,0.0517241379310344,Pricing
2025-10-13,pricing,15,121,0.1239669421487603,Pricing
2025-10-14,pricing,21,123,0.1707317073170731,Pricing
2025-10-15,pricing,19,137,0.1386861313868613,Pricing
2025-10-16,pricing,22,143,0.1538461538461538,Pricing
2025-10-17,pricing,8,107,0.0747663551401869,Pricing
2025-10-18,pricing,15,143,0.1048951048951049,Pricing
2025-10-19,pricing,18,114,0.1578947368421052,Pricing
2025-10-20,pricing,17,110,0.1545454545454545,Pricing
2025-10-21,pricing,19,115,0.1652173913043478,Pricing
2025-10-22,pricing,16,115,0.1391304347826087,Pricing
2025-10-23,pricing,20,140,0.1428571428571428,Pricing
2025-10-24,pricing,15,130,0.1153846153846153,Pricing
2025-10-25,pricing,17,133,0.1278195488721804,Pricing
2025-10-26,pricing,17,138,0.1231884057971014,Pricing
2025-10-27,pricing,24,132,0.1818181818181818,Pricing
2025-10-28,pricing,16,142,0.1126760563380281,Pricing
2025-10-29,pricing,19,134,0.1417910447761194,Pricing
2025-10-30,pricing,19,130,0.1461538461538461,Pricing
2025-10-31,pricing,7,105,0.0666666666666666,Pricing
2025-11-01,pricing,23,149,0.1543624161073825,Pricing
2025-11-02,pricing,23,128,0.1796875,Pricing
2025-11-03,pricing,21,136,0.1544117647058823,Pricing
2025-11-04,pricing,18,130,0.1384615384615384,Pricing
2025-11-05,pricing,16,133,0.1203007518796992,Pricing
2025-11-06,pricing,11,126,0.0873015873015873,Pricing
2025-11-07,pricing,18,146,0.1232876712328767,Pricing
2025-11-08,pricing,23,142,0.1619718309859155,Pricing
2025-11-09,pricing,14,118,0.1186440677966101,Pricing
2025-11-10,pricing,17,129,0.1317829457364341,Pricing
2025-11-11,pricing,16,145,0.1103448275862069,Pricing
2025-11-12,pricing,24,112,0.2142857142857142,Pricing
2025-11-13,pricing,14,136,0.1029411764705882,Pricing
2025-11-14,pricing,19,117,0.1623931623931624,Pricing
2025-11-15,pricing,16,110,0.1454545454545454,Pricing
2025-11-16,pricing,20,137,0.145985401459854,Pricing
2025-11-17,pricing,16,149,0.1073825503355704,Pricing
2025-11-18,pricing,21,134,0.1567164179104477,Pricing
2025-11-19,pricing,15,123,0.1219512195121951,Pricing
2025-11-20,pricing,22,143,0.1538461538461538,Pricing
2025-11-21,pricing,22,120,0.1833333333333333,Pricing
2025-11-22,pricing,18,130,0.1384615384615384,Pricing
2025-11-23,pricing,10,129,0.0775193798449612,Pricing
2025-11-24,pricing,12,121,0.0991735537190082,Pricing
2025-11-25,pricing,10,119,0.0840336134453781,Pricing
2025-11-26,pricing,15,119,0.1260504201680672,Pricing
2025-11-27,pricing,23,140,0.1642857142857142,Pricing
2025-11-28,pricing,15,129,0.1162790697674418,Pricing
2025-11-29,pricing,15,151,0.0993377483443708,Pricing
2025-11-30,pricing,16,129,0.1240310077519379,Pricing
2025-12-01,pricing,22,168,0.1309523809523809,Pricing
2025-12-02,pricing,18,119,0.1512605042016806,Pricing
2025-12-03,pricing,20,133,0.150375939849624,Pricing
2025-12-04,pricing,14,139,0.1007194244604316,Pricing
2025-12-05,pricing,16,113,0.1415929203539823,Pricing
2025-12-06,pricing,22,134,0.1641791044776119,Pricing
2025-12-07,pricing,13,124,0.1048387096774193,Pricing
2025-12-08,pricing,23,153,0.1503267973856209,Pricing
2025-12-09,pricing,24,134,0.1791044776119403,Pricing
2025-12-10,pricing,25,147,0.1700680272108843,Pricing
2025-12-11,pricing,16,132,0.1212121212121212,Pricing
2025-12-12,pricing,11,131,0.0839694656488549,Pricing
2025-12-13,pricing,17,137,0.1240875912408759,Pricing
2025-12-14,pricing,16,105,0.1523809523809524,Pricing
2025-12-15,pricing,16,122,0.1311475409836065,Pricing
2025-12-16,pricing,14,136,0.1029411764705882,Pricing
2025-12-17,pricing,16,128,0.125,Pricing
2025-12-18,pricing,10,118,0.0847457627118644,Pricing
2025-12-19,pricing,17,140,0.1214285714285714,Pricing
2025-12-20,pricing,16,145,0.1103448275862069,Pricing
2025-12-21,pricing,16,121,0.1322314049586777,Pricing
2025-12-22,pricing,16,138,0.1159420289855072,Pricing
2025-12-23,pricing,15,137,0.1094890510948905,Pricing
2025-12-24,pricing,14,123,0.1138211382113821,Pricing
2025-12-25,pricing,13,123,0.1056910569105691,Pricing
2025-12-26,pricing,17,135,0.1259259259259259,Pricing
2025-12-27,pricing,15,119,0.1260504201680672,Pricing
2025-12-28,pricing,19,151,0.1258278145695364,Pricing
2025-12-29,pricing,23,130,0.1769230769230769,Pricing
2025-12-30,pricing,18,115,0.1565217391304348,Pricing
2025-12-31,pricing,14,134,0.1044776119402985,Pricing
2026-01-01,pricing,19,140,0.1357142857142857,Pricing
2026-01-02,pricing,16,116,0.1379310344827586,Pricing
2026-01-03,pricing,16,132,0.1212121212121212,Pricing
2026-01-04,pricing,15,123,0.1219512195121951,Pricing
2026-01-05,pricing,20,125,0.16,Pricing
2026-01-06,pricing,20,137,0.145985401459854,Pricing
2026-01-07,pricing,18,123,0.1463414634146341,Pricing
2026-01-08,pricing,15,111,0.1351351351351351,Pricing
2026-01-09,pricing,23,127,0.1811023622047244,Pricing
2026-01-10,pricing,18,143,0.1258741258741259,Pricing
2026-01-11,pricing,9,118,0.0762711864406779,Pricing
2026-01-12,pricing,19,145,0.1310344827586207,Pricing
2026-01-13,pricing,25,138,0.181159420289855,Pricing
2026-01-14,pricing,19,127,0.1496062992125984,Pricing
2026-01-15,pricing,18,135,0.1333333333333333,Pricing
2026-01-16,pricing,11,120,0.0916666666666666,Pricing
2026-01-17,pricing,22,120,0.1833333333333333,Pricing
2026-01-18,pricing,19,131,0.1450381679389313,Pricing
2026-01-19,pricing,19,136,0.1397058823529411,Pricing
2026-01-20,pricing,12,127,0.0944881889763779,Pricing
2026-01-21,pricing,16,130,0.123076923076923,Pricing
2026-01-22,pricing,21,149,0.1409395973154362,Pricing
2026-01-23,pricing,14,115,0.1217391304347826,Pricing
2026-01-24,pricing,21,134,0.1567164179104477,Pricing
2026-01-25,pricing,10,124,0.0806451612903225,Pricing
2026-01-26,pricing,13,125,0.104,Pricing
2026-01-27,pricing,13,139,0.0935251798561151,Pricing
2026-01-28,pricing,17,121,0.140495867768595,Pricing
2026-01-29,pricing,15,132,0.1136363636363636,Pricing
2026-01-30,pricing,12,140,0.0857142857142857,Pricing
2026-01-31,pricing,17,114,0.1491228070175438,Pricing
2026-02-01,pricing,16,115,0.1391304347826087,Pricing
2026-02-02,pricing,16,147,0.1088435374149659,Pricing
2026-02-03,pricing,18,153,0.1176470588235294,Pricing
2026-02-04,pricing,20,136,0.1470588235294117,Pricing
2026-02-05,pricing,14,133,0.1052631578947368,Pricing
2026-02-06,pricing,21,126,0.1666666666666666,Pricing
2026-02-07,pricing,19,143,0.1328671328671328,Pricing
2026-02-08,pricing,16,140,0.1142857142857142,Pricing
2026-02-09,pricing,12,137,0.0875912408759124,Pricing
2026-02-10,pricing,15,134,0.1119402985074626,Pricing
2026-02-11,pricing,15,121,0.1239669421487603,Pricing
2026-02-12,pricing,15,130,0.1153846153846153,Pricing
2026-02-13,pricing,16,131,0.1221374045801526,Pricing
2026-02-14,pricing,10,129,0.0775193798449612,Pricing
2026-02-15,pricing,16,141,0.1134751773049645,Pricing
2026-02-16,pricing,20,149,0.1342281879194631,Pricing
2026-02-17,pricing,17,118,0.1440677966101695,Pricing
2026-02-18,pricing,15,121,0.1239669421487603,Pricing
2026-02-19,pricing,12,123,0.0975609756097561,Pricing
2026-02-20,pricing,12,131,0.0916030534351145,Pricing
2026-02-21,pricing,15,156,0.0961538461538461,Pricing
2026-02-22,pricing,15,118,0.1271186440677966,Pricing
2026-02-23,pricing,30,145,0.2068965517241379,Pricing
2026-02-24,pricing,22,140,0.1571428571428571,Pricing
2026-02-25,pricing,15,114,0.131578947368421,Pricing
2026-02-26,pricing,17,140,0.1214285714285714,Pricing
2026-02-27,pricing,19,138,0.1376811594202898,Pricing
2026-02-28,pricing,13,113,0.1150442477876106,Pricing
2026-03-01,pricing,6,137,0.0437956204379562,Pricing
2026-03-02,pricing,19,131,0.1450381679389313,Pricing
2026-03-03,pricing,24,164,0.1463414634146341,Pricing
2026-03-04,pricing,16,144,0.1111111111111111,Pricing
2026-03-05,pricing,16,147,0.1088435374149659,Pricing
2026-03-06,pricing,17,131,0.1297709923664122,Pricing
2026-03-07,pricing,10,133,0.075187969924812,Pricing
2026-03-08,pricing,11,128,0.0859375,Pricing
2026-03-09,pricing,15,124,0.1209677419354838,Pricing
2026-03-10,pricing,16,129,0.1240310077519379,Pricing
2026-03-11,pricing,18,127,0.1417322834645669,Pricing
2026-03-12,pricing,16,120,0.1333333333333333,Pricing
2026-03-13,pricing,14,139,0.1007194244604316,Pricing
2026-03-14,pricing,15,131,0.1145038167938931,Pricing
2026-03-15,pricing,14,123,0.1138211382113821,Pricing
2026-03-16,pricing,19,119,0.1596638655462184,Pricing
2026-03-17,pricing,18,138,0.1304347826086956,Pricing
2026-03-18,pricing,21,150,0.14,Pricing
2026-03-19,pricing,15,136,0.1102941176470588,Pricing
2026-03-20,pricing,19,142,0.1338028169014084,Pricing
2026-03-21,pricing,15,114,0.131578947368421,Pricing
2026-03-22,pricing,16,146,0.1095890410958904,Pricing
2026-03-23,pricing,23,139,0.1654676258992805,Pricing
2026-03-24,pricing,14,121,0.1157024793388429,Pricing
2026-03-25,pricing,13,140,0.0928571428571428,Pricing
2026-03-26,pricing,16,138,0.1159420289855072,Pricing
2026-03-27,pricing,23,139,0.1654676258992805,Pricing
2026-03-28,pricing,11,116,0.0948275862068965,Pricing
2026-03-29,pricing,22,130,0.1692307692307692,Pricing
2026-03-30,pricing,20,145,0.1379310344827586,Pricing
2026-03-31,pricing,19,125,0.152,Pricing
2026-04-01,pricing,12,126,0.0952380952380952,Pricing
2026-04-02,pricing,17,124,0.1370967741935483,Pricing
2026-04-03,pricing,17,139,0.1223021582733813,Pricing
2026-04-04,pricing,15,138,0.108695652173913,Pricing
2026-04-05,pricing,17,134,0.126865671641791,Pricing
2026-04-06,pricing,19,144,0.1319444444444444,Pricing
2026-04-07,pricing,15,135,0.1111111111111111,Pricing
2026-04-08,pricing,12,116,0.1034482758620689,Pricing
2026-04-09,pricing,22,131,0.1679389312977099,Pricing
2026-04-10,pricing,18,137,0.1313868613138686,Pricing
2026-04-11,pricing,21,131,0.1603053435114503,Pricing
2026-04-12,pricing,20,129,0.1550387596899224,Pricing
2026-04-13,pricing,21,121,0.1735537190082644,Pricing
2026-04-14,pricing,14,132,0.106060606060606,Pricing
2026-04-15,pricing,19,131,0.1450381679389313,Pricing
2026-04-16,pricing,12,135,0.0888888888888888,Pricing
2026-04-17,pricing,18,125,0.144,Pricing
2026-04-18,pricing,17,137,0.1240875912408759,Pricing
2026-04-19,pricing,16,118,0.135593220338983,Pricing
2026-04-20,pricing,14,140,0.1,Pricing
2026-04-21,pricing,16,128,0.125,Pricing
2026-04-22,pricing,13,139,0.0935251798561151,Pricing
2026-04-23,pricing,20,125,0.16,Pricing
2026-04-24,pricing,13,130,0.1,Pricing
2026-04-25,pricing,18,107,0.1682242990654205,Pricing
2026-04-26,pricing,10,140,0.0714285714285714,Pricing
2026-04-27,pricing,19,140,0.1357142857142857,Pricing
2026-04-28,pricing,19,113,0.168141592920354,Pricing
2026-04-29,pricing,19,138,0.1376811594202898,Pricing
2026-04-30,pricing,12,126,0.0952380952380952,Pricing
2026-05-01,pricing,22,141,0.1560283687943262,Pricing
2026-05-02,pricing,20,128,0.15625,Pricing
2026-05-03,pricing,22,137,0.1605839416058394,Pricing
2026-05-04,pricing,14,143,0.0979020979020979,Pricing
2026-05-05,pricing,16,155,0.1032258064516129,Pricing
2026-05-06,pricing,17,127,0.1338582677165354,Pricing
2026-05-07,pricing,16,139,0.1151079136690647,Pricing
2026-05-08,pricing,23,136,0.1691176470588235,Pricing
2026-05-09,pricing,23,130,0.1769230769230769,Pricing
2026-05-10,pricing,14,134,0.1044776119402985,Pricing
2026-05-11,pricing,17,125,0.136,Pricing
2026-05-12,pricing,22,132,0.1666666666666666,Pricing
2026-05-13,pricing,13,123,0.1056910569105691,Pricing
2026-05-14,pricing,20,132,0.1515151515151515,Pricing
2026-05-15,pricing,22,131,0.1679389312977099,Pricing
2026-05-16,pricing,17,136,0.125,Pricing
2026-05-17,pricing,17,135,0.1259259259259259,Pricing
2026-05-18,pricing,15,120,0.125,Pricing
2026-05-19,pricing,13,138,0.0942028985507246,Pricing
2026-05-20,pricing,19,140,0.1357142857142857,Pricing
2026-05-21,pricing,16,118,0.135593220338983,Pricing
2026-05-22,pricing,15,141,0.1063829787234042,Pricing
2026-05-23,pricing,9,130,0.0692307692307692,Pricing
2026-05-24,pricing,12,124,0.0967741935483871,Pricing
2026-05-25,pricing,20,128,0.15625,Pricing
2026-05-26,pricing,8,111,0.072072072072072,Pricing
2026-05-27,pricing,16,136,0.1176470588235294,Pricing
2026-05-28,pricing,19,125,0.152,Pricing
2026-05-29,pricing,15,125,0.12,Pricing
2026-05-30,pricing,16,111,0.1441441441441441,Pricing
2026-05-31,pricing,29,154,0.1883116883116883,Pricing
2026-06-01,pricing,8,125,0.064,Pricing
2026-06-02,pricing,15,144,0.1041666666666666,Pricing
2026-06-03,pricing,15,141,0.1063829787234042,Pricing
2026-06-04,pricing,18,134,0.1343283582089552,Pricing
2026-06-05,pricing,15,138,0.108695652173913,Pricing
2026-06-06,pricing,23,133,0.1729323308270676,Pricing
2026-06-07,pricing,22,132,0.1666666666666666,Pricing
2026-06-08,pricing,12,124,0.0967741935483871,Pricing
2026-06-09,pricing,15,141,0.1063829787234042,Pricing
2026-06-10,pricing,11,122,0.0901639344262295,Pricing
2026-06-11,pricing,19,143,0.1328671328671328,Pricing
2026-06-12,pricing,16,126,0.1269841269841269,Pricing
2026-06-13,pricing,12,115,0.1043478260869565,Pricing
2026-06-14,pricing,11,126,0.0873015873015873,Pricing
2026-06-15,pricing,20,126,0.1587301587301587,Pricing
2026-06-16,pricing,23,130,0.1769230769230769,Pricing
2026-06-17,pricing,19,131,0.1450381679389313,Pricing
2026-06-18,pricing,15,131,0.1145038167938931,Pricing
2026-06-19,pricing,16,147,0.1088435374149659,Pricing
2026-06-20,pricing,10,115,0.0869565217391304,Pricing
2026-06-21,pricing,12,124,0.0967741935483871,Pricing
2026-06-22,pricing,25,142,0.176056338028169,Pricing
2026-06-23,pricing,21,131,0.1603053435114503,Pricing
2026-06-24,pricing,16,123,0.1300813008130081,Pricing
2026-06-25,pricing,17,129,0.1317829457364341,Pricing
2026-06-26,pricing,20,146,0.136986301369863,Pricing
2026-06-27,pricing,15,123,0.1219512195121951,Pricing
2026-06-28,pricing,13,137,0.0948905109489051,Pricing
2026-06-29,pricing,16,119,0.134453781512605,Pricing
2024-01-01,product_quality,36,132,0.2727272727272727,Product Quality
2024-01-02,product_quality,29,132,0.2196969696969697,Product Quality
2024-01-03,product_quality,42,146,0.2876712328767123,Product Quality
2024-01-04,product_quality,42,154,0.2727272727272727,Product Quality
2024-01-05,product_quality,41,134,0.3059701492537313,Product Quality
2024-01-06,product_quality,29,142,0.204225352112676,Product Quality
2024-01-07,product_quality,42,148,0.2837837837837837,Product Quality
2024-01-08,product_quality,35,140,0.25,Product Quality
2024-01-09,product_quality,39,152,0.2565789473684211,Product Quality
2024-01-10,product_quality,29,134,0.2164179104477611,Product Quality
2024-01-11,product_quality,33,145,0.2275862068965517,Product Quality
2024-01-12,product_quality,23,104,0.2211538461538461,Product Quality
2024-01-13,product_quality,27,140,0.1928571428571428,Product Quality
2024-01-14,product_quality,35,142,0.2464788732394366,Product Quality
2024-01-15,product_quality,28,130,0.2153846153846154,Product Quality
2024-01-16,product_quality,26,113,0.2300884955752212,Product Quality
2024-01-17,product_quality,28,130,0.2153846153846154,Product Quality
2024-01-18,product_quality,28,145,0.193103448275862,Product Quality
2024-01-19,product_quality,28,133,0.2105263157894736,Product Quality
2024-01-20,product_quality,28,137,0.2043795620437956,Product Quality
2024-01-21,product_quality,36,144,0.25,Product Quality
2024-01-22,product_quality,38,147,0.2585034013605442,Product Quality
2024-01-23,product_quality,36,153,0.2352941176470588,Product Quality
2024-01-24,product_quality,26,132,0.1969696969696969,Product Quality
2024-01-25,product_quality,31,147,0.2108843537414966,Product Quality
2024-01-26,product_quality,32,133,0.2406015037593984,Product Quality
2024-01-27,product_quality,30,146,0.2054794520547945,Product Quality
2024-01-28,product_quality,40,138,0.2898550724637681,Product Quality
2024-01-29,product_quality,40,127,0.3149606299212598,Product Quality
2024-01-30,product_quality,27,131,0.2061068702290076,Product Quality
2024-01-31,product_quality,21,123,0.1707317073170731,Product Quality
2024-02-01,product_quality,42,140,0.3,Product Quality
2024-02-02,product_quality,32,116,0.2758620689655172,Product Quality
2024-02-03,product_quality,33,113,0.2920353982300885,Product Quality
2024-02-04,product_quality,28,138,0.2028985507246377,Product Quality
2024-02-05,product_quality,39,135,0.2888888888888888,Product Quality
2024-02-06,product_quality,27,124,0.2177419354838709,Product Quality
2024-02-07,product_quality,24,131,0.183206106870229,Product Quality
2024-02-08,product_quality,29,110,0.2636363636363636,Product Quality
2024-02-09,product_quality,35,125,0.28,Product Quality
2024-02-10,product_quality,41,138,0.2971014492753623,Product Quality
2024-02-11,product_quality,37,125,0.296,Product Quality
2024-02-12,product_quality,35,151,0.2317880794701986,Product Quality
2024-02-13,product_quality,30,119,0.2521008403361344,Product Quality
2024-02-14,product_quality,38,158,0.240506329113924,Product Quality
2024-02-15,product_quality,32,126,0.2539682539682539,Product Quality
2024-02-16,product_quality,22,120,0.1833333333333333,Product Quality
2024-02-17,product_quality,31,126,0.246031746031746,Product Quality
2024-02-18,product_quality,34,130,0.2615384615384615,Product Quality
2024-02-19,product_quality,32,140,0.2285714285714285,Product Quality
2024-02-20,product_quality,29,133,0.2180451127819548,Product Quality
2024-02-21,product_quality,32,141,0.226950354609929,Product Quality
2024-02-22,product_quality,34,138,0.2463768115942029,Product Quality
2024-02-23,product_quality,39,139,0.2805755395683453,Product Quality
2024-02-24,product_quality,34,128,0.265625,Product Quality
2024-02-25,product_quality,30,126,0.238095238095238,Product Quality
2024-02-26,product_quality,28,119,0.2352941176470588,Product Quality
2024-02-27,product_quality,30,125,0.24,Product Quality
2024-02-28,product_quality,31,126,0.246031746031746,Product Quality
2024-02-29,product_quality,37,126,0.2936507936507936,Product Quality
2024-03-01,product_quality,30,121,0.2479338842975206,Product Quality
2024-03-02,product_quality,41,141,0.2907801418439716,Product Quality
2024-03-03,product_quality,30,136,0.2205882352941176,Product Quality
2024-03-04,product_quality,33,128,0.2578125,Product Quality
2024-03-05,product_quality,28,109,0.2568807339449541,Product Quality
2024-03-06,product_quality,23,111,0.2072072072072072,Product Quality
2024-03-07,product_quality,23,129,0.1782945736434108,Product Quality
2024-03-08,product_quality,31,113,0.2743362831858407,Product Quality
2024-03-09,product_quality,25,127,0.1968503937007874,Product Quality
2024-03-10,product_quality,37,128,0.2890625,Product Quality
2024-03-11,product_quality,33,133,0.2481203007518796,Product Quality
2024-03-12,product_quality,20,109,0.1834862385321101,Product Quality
2024-03-13,product_quality,39,134,0.291044776119403,Product Quality
2024-03-14,product_quality,34,122,0.2786885245901639,Product Quality
2024-03-15,product_quality,41,152,0.2697368421052631,Product Quality
2024-03-16,product_quality,39,139,0.2805755395683453,Product Quality
2024-03-17,product_quality,30,135,0.2222222222222222,Product Quality
2024-03-18,product_quality,31,143,0.2167832167832167,Product Quality
2024-03-19,product_quality,36,140,0.2571428571428571,Product Quality
2024-03-20,product_quality,28,122,0.2295081967213114,Product Quality
2024-03-21,product_quality,28,126,0.2222222222222222,Product Quality
2024-03-22,product_quality,37,123,0.3008130081300813,Product Quality
2024-03-23,product_quality,39,124,0.314516129032258,Product Quality
2024-03-24,product_quality,33,158,0.2088607594936709,Product Quality
2024-03-25,product_quality,38,156,0.2435897435897435,Product Quality
2024-03-26,product_quality,35,131,0.2671755725190839,Product Quality
2024-03-27,product_quality,36,134,0.2686567164179104,Product Quality
2024-03-28,product_quality,41,130,0.3153846153846154,Product Quality
2024-03-29,product_quality,37,151,0.2450331125827814,Product Quality
2024-03-30,product_quality,26,121,0.2148760330578512,Product Quality
2024-03-31,product_quality,33,133,0.2481203007518796,Product Quality
2024-04-01,product_quality,31,136,0.2279411764705882,Product Quality
2024-04-02,product_quality,30,124,0.2419354838709677,Product Quality
2024-04-03,product_quality,32,117,0.2735042735042735,Product Quality
2024-04-04,product_quality,28,132,0.2121212121212121,Product Quality
2024-04-05,product_quality,38,135,0.2814814814814815,Product Quality
2024-04-06,product_quality,28,132,0.2121212121212121,Product Quality
2024-04-07,product_quality,29,124,0.2338709677419354,Product Quality
2024-04-08,product_quality,25,139,0.1798561151079136,Product Quality
2024-04-09,product_quality,27,130,0.2076923076923077,Product Quality
2024-04-10,product_quality,36,152,0.2368421052631578,Product Quality
2024-04-11,product_quality,27,108,0.25,Product Quality
2024-04-12,product_quality,27,133,0.2030075187969924,Product Quality
2024-04-13,product_quality,27,123,0.2195121951219512,Product Quality
2024-04-14,product_quality,33,143,0.2307692307692307,Product Quality
2024-04-15,product_quality,20,130,0.1538461538461538,Product Quality
2024-04-16,product_quality,28,127,0.2204724409448819,Product Quality
2024-04-17,product_quality,28,121,0.2314049586776859,Product Quality
2024-04-18,product_quality,32,155,0.2064516129032258,Product Quality
2024-04-19,product_quality,30,137,0.218978102189781,Product Quality
2024-04-20,product_quality,45,147,0.3061224489795918,Product Quality
2024-04-21,product_quality,36,137,0.2627737226277372,Product Quality
2024-04-22,product_quality,36,130,0.2769230769230769,Product Quality
2024-04-23,product_quality,33,119,0.2773109243697479,Product Quality
2024-04-24,product_quality,39,121,0.3223140495867768,Product Quality
2024-04-25,product_quality,33,124,0.2661290322580645,Product Quality
2024-04-26,product_quality,30,138,0.217391304347826,Product Quality
2024-04-27,product_quality,37,118,0.3135593220338983,Product Quality
2024-04-28,product_quality,31,127,0.2440944881889764,Product Quality
2024-04-29,product_quality,43,131,0.3282442748091603,Product Quality
2024-04-30,product_quality,39,137,0.2846715328467153,Product Quality
2024-05-01,product_quality,32,136,0.2352941176470588,Product Quality
2024-05-02,product_quality,24,101,0.2376237623762376,Product Quality
2024-05-03,product_quality,31,138,0.2246376811594203,Product Quality
2024-05-04,product_quality,30,135,0.2222222222222222,Product Quality
2024-05-05,product_quality,34,116,0.293103448275862,Product Quality
2024-05-06,product_quality,35,140,0.25,Product Quality
2024-05-07,product_quality,32,124,0.2580645161290322,Product Quality
2024-05-08,product_quality,28,141,0.1985815602836879,Product Quality
2024-05-09,product_quality,30,125,0.24,Product Quality
2024-05-10,product_quality,29,133,0.2180451127819548,Product Quality
2024-05-11,product_quality,31,137,0.2262773722627737,Product Quality
2024-05-12,product_quality,29,133,0.2180451127819548,Product Quality
2024-05-13,product_quality,35,151,0.2317880794701986,Product Quality
2024-05-14,product_quality,34,119,0.2857142857142857,Product Quality
2024-05-15,product_quality,27,114,0.2368421052631578,Product Quality
2024-05-16,product_quality,29,129,0.2248062015503876,Product Quality
2024-05-17,product_quality,29,117,0.2478632478632478,Product Quality
2024-05-18,product_quality,37,130,0.2846153846153846,Product Quality
2024-05-19,product_quality,29,123,0.2357723577235772,Product Quality
2024-05-20,product_quality,41,141,0.2907801418439716,Product Quality
2024-05-21,product_quality,33,130,0.2538461538461538,Product Quality
2024-05-22,product_quality,25,140,0.1785714285714285,Product Quality
2024-05-23,product_quality,36,134,0.2686567164179104,Product Quality
2024-05-24,product_quality,37,132,0.2803030303030303,Product Quality
2024-05-25,product_quality,31,125,0.248,Product Quality
2024-05-26,product_quality,33,148,0.2229729729729729,Product Quality
2024-05-27,product_quality,26,108,0.2407407407407407,Product Quality
2024-05-28,product_quality,33,125,0.264,Product Quality
2024-05-29,product_quality,32,122,0.2622950819672131,Product Quality
2024-05-30,product_quality,35,133,0.2631578947368421,Product Quality
2024-05-31,product_quality,25,121,0.2066115702479339,Product Quality
2024-06-01,product_quality,33,128,0.2578125,Product Quality
2024-06-02,product_quality,26,122,0.2131147540983606,Product Quality
2024-06-03,product_quality,39,130,0.3,Product Quality
2024-06-04,product_quality,32,133,0.2406015037593984,Product Quality
2024-06-05,product_quality,38,125,0.304,Product Quality
2024-06-06,product_quality,40,145,0.2758620689655172,Product Quality
2024-06-07,product_quality,30,126,0.238095238095238,Product Quality
2024-06-08,product_quality,38,136,0.2794117647058823,Product Quality
2024-06-09,product_quality,34,120,0.2833333333333333,Product Quality
2024-06-10,product_quality,29,107,0.2710280373831775,Product Quality
2024-06-11,product_quality,42,143,0.2937062937062937,Product Quality
2024-06-12,product_quality,29,128,0.2265625,Product Quality
2024-06-13,product_quality,22,136,0.1617647058823529,Product Quality
2024-06-14,product_quality,34,125,0.272,Product Quality
2024-06-15,product_quality,28,133,0.2105263157894736,Product Quality
2024-06-16,product_quality,32,155,0.2064516129032258,Product Quality
2024-06-17,product_quality,25,129,0.1937984496124031,Product Quality
2024-06-18,product_quality,25,133,0.18796992481203,Product Quality
2024-06-19,product_quality,30,120,0.25,Product Quality
2024-06-20,product_quality,39,119,0.3277310924369748,Product Quality
2024-06-21,product_quality,31,129,0.2403100775193798,Product Quality
2024-06-22,product_quality,31,146,0.2123287671232876,Product Quality
2024-06-23,product_quality,34,146,0.2328767123287671,Product Quality
2024-06-24,product_quality,42,144,0.2916666666666667,Product Quality
2024-06-25,product_quality,43,162,0.2654320987654321,Product Quality
2024-06-26,product_quality,28,129,0.2170542635658914,Product Quality
2024-06-27,product_quality,48,148,0.3243243243243243,Product Quality
2024-06-28,product_quality,30,106,0.2830188679245283,Product Quality
2024-06-29,product_quality,36,124,0.2903225806451613,Product Quality
2024-06-30,product_quality,34,156,0.2179487179487179,Product Quality
2024-07-01,product_quality,36,126,0.2857142857142857,Product Quality
2024-07-02,product_quality,33,122,0.2704918032786885,Product Quality
2024-07-03,product_quality,24,124,0.1935483870967742,Product Quality
2024-07-04,product_quality,44,146,0.3013698630136986,Product Quality
2024-07-05,product_quality,40,154,0.2597402597402597,Product Quality
2024-07-06,product_quality,28,128,0.21875,Product Quality
2024-07-07,product_quality,33,125,0.264,Product Quality
2024-07-08,product_quality,33,130,0.2538461538461538,Product Quality
2024-07-09,product_quality,35,153,0.2287581699346405,Product Quality
2024-07-10,product_quality,31,141,0.2198581560283688,Product Quality
2024-07-11,product_quality,35,132,0.2651515151515151,Product Quality
2024-07-12,product_quality,30,137,0.218978102189781,Product Quality
2024-07-13,product_quality,30,130,0.2307692307692307,Product Quality
2024-07-14,product_quality,30,130,0.2307692307692307,Product Quality
2024-07-15,product_quality,33,115,0.2869565217391304,Product Quality
2024-07-16,product_quality,35,149,0.2348993288590604,Product Quality
2024-07-17,product_quality,26,125,0.208,Product Quality
2024-07-18,product_quality,28,120,0.2333333333333333,Product Quality
2024-07-19,product_quality,29,129,0.2248062015503876,Product Quality
2024-07-20,product_quality,34,143,0.2377622377622377,Product Quality
2024-07-21,product_quality,32,145,0.2206896551724138,Product Quality
2024-07-22,product_quality,35,148,0.2364864864864864,Product Quality
2024-07-23,product_quality,31,145,0.2137931034482758,Product Quality
2024-07-24,product_quality,29,115,0.2521739130434782,Product Quality
2024-07-25,product_quality,34,147,0.2312925170068027,Product Quality
2024-07-26,product_quality,36,139,0.2589928057553957,Product Quality
2024-07-27,product_quality,24,123,0.1951219512195122,Product Quality
2024-07-28,product_quality,33,123,0.2682926829268293,Product Quality
2024-07-29,product_quality,24,126,0.1904761904761904,Product Quality
2024-07-30,product_quality,31,138,0.2246376811594203,Product Quality
2024-07-31,product_quality,39,120,0.325,Product Quality
2024-08-01,product_quality,24,124,0.1935483870967742,Product Quality
2024-08-02,product_quality,37,134,0.2761194029850746,Product Quality
2024-08-03,product_quality,24,131,0.183206106870229,Product Quality
2024-08-04,product_quality,35,119,0.2941176470588235,Product Quality
2024-08-05,product_quality,25,115,0.217391304347826,Product Quality
2024-08-06,product_quality,32,139,0.2302158273381295,Product Quality
2024-08-07,product_quality,24,123,0.1951219512195122,Product Quality
2024-08-08,product_quality,22,134,0.1641791044776119,Product Quality
2024-08-09,product_quality,35,119,0.2941176470588235,Product Quality
2024-08-10,product_quality,39,127,0.3070866141732283,Product Quality
2024-08-11,product_quality,41,140,0.2928571428571428,Product Quality
2024-08-12,product_quality,34,142,0.2394366197183098,Product Quality
2024-08-13,product_quality,39,133,0.2932330827067669,Product Quality
2024-08-14,product_quality,41,145,0.2827586206896552,Product Quality
2024-08-15,product_quality,28,121,0.2314049586776859,Product Quality
2024-08-16,product_quality,21,93,0.2258064516129032,Product Quality
2024-08-17,product_quality,41,134,0.3059701492537313,Product Quality
2024-08-18,product_quality,28,145,0.193103448275862,Product Quality
2024-08-19,product_quality,33,132,0.25,Product Quality
2024-08-20,product_quality,30,151,0.1986754966887417,Product Quality
2024-08-21,product_quality,33,135,0.2444444444444444,Product Quality
2024-08-22,product_quality,28,107,0.2616822429906542,Product Quality
2024-08-23,product_quality,35,116,0.3017241379310345,Product Quality
2024-08-24,product_quality,37,145,0.2551724137931034,Product Quality
2024-08-25,product_quality,26,124,0.2096774193548387,Product Quality
2024-08-26,product_quality,36,134,0.2686567164179104,Product Quality
2024-08-27,product_quality,30,123,0.2439024390243902,Product Quality
2024-08-28,product_quality,39,133,0.2932330827067669,Product Quality
2024-08-29,product_quality,41,148,0.277027027027027,Product Quality
2024-08-30,product_quality,35,141,0.2482269503546099,Product Quality
2024-08-31,product_quality,37,143,0.2587412587412587,Product Quality
2024-09-01,product_quality,27,117,0.2307692307692307,Product Quality
2024-09-02,product_quality,39,130,0.3,Product Quality
2024-09-03,product_quality,34,149,0.2281879194630872,Product Quality
2024-09-04,product_quality,31,141,0.2198581560283688,Product Quality
2024-09-05,product_quality,25,129,0.1937984496124031,Product Quality
2024-09-06,product_quality,34,137,0.2481751824817518,Product Quality
2024-09-07,product_quality,27,143,0.1888111888111888,Product Quality
2024-09-08,product_quality,45,140,0.3214285714285714,Product Quality
2024-09-09,product_quality,27,133,0.2030075187969924,Product Quality
2024-09-10,product_quality,32,131,0.2442748091603053,Product Quality
2024-09-11,product_quality,26,123,0.2113821138211382,Product Quality
2024-09-12,product_quality,30,128,0.234375,Product Quality
2024-09-13,product_quality,32,133,0.2406015037593984,Product Quality
2024-09-14,product_quality,34,141,0.2411347517730496,Product Quality
2024-09-15,product_quality,35,122,0.2868852459016393,Product Quality
2024-09-16,product_quality,30,136,0.2205882352941176,Product Quality
2024-09-17,product_quality,40,136,0.2941176470588235,Product Quality
2024-09-18,product_quality,23,128,0.1796875,Product Quality
2024-09-19,product_quality,21,122,0.1721311475409836,Product Quality
2024-09-20,product_quality,35,154,0.2272727272727272,Product Quality
2024-09-21,product_quality,39,149,0.261744966442953,Product Quality
2024-09-22,product_quality,26,121,0.2148760330578512,Product Quality
2024-09-23,product_quality,28,142,0.1971830985915492,Product Quality
2024-09-24,product_quality,33,119,0.2773109243697479,Product Quality
2024-09-25,product_quality,43,144,0.2986111111111111,Product Quality
2024-09-26,product_quality,23,120,0.1916666666666666,Product Quality
2024-09-27,product_quality,29,111,0.2612612612612612,Product Quality
2024-09-28,product_quality,29,135,0.2148148148148148,Product Quality
2024-09-29,product_quality,49,156,0.3141025641025641,Product Quality
2024-09-30,product_quality,29,116,0.25,Product Quality
2024-10-01,product_quality,31,133,0.2330827067669172,Product Quality
2024-10-02,product_quality,22,114,0.1929824561403508,Product Quality
2024-10-03,product_quality,25,110,0.2272727272727272,Product Quality
2024-10-04,product_quality,37,134,0.2761194029850746,Product Quality
2024-10-05,product_quality,34,143,0.2377622377622377,Product Quality
2024-10-06,product_quality,31,142,0.2183098591549295,Product Quality
2024-10-07,product_quality,32,124,0.2580645161290322,Product Quality
2024-10-08,product_quality,37,122,0.3032786885245901,Product Quality
2024-10-09,product_quality,38,129,0.2945736434108527,Product Quality
2024-10-10,product_quality,30,130,0.2307692307692307,Product Quality
2024-10-11,product_quality,40,141,0.2836879432624113,Product Quality
2024-10-12,product_quality,30,119,0.2521008403361344,Product Quality
2024-10-13,product_quality,34,145,0.2344827586206896,Product Quality
2024-10-14,product_quality,35,130,0.2692307692307692,Product Quality
2024-10-15,product_quality,29,120,0.2416666666666666,Product Quality
2024-10-16,product_quality,38,112,0.3392857142857143,Product Quality
2024-10-17,product_quality,31,133,0.2330827067669172,Product Quality
2024-10-18,product_quality,23,112,0.2053571428571428,Product Quality
2024-10-19,product_quality,32,134,0.2388059701492537,Product Quality
2024-10-20,product_quality,27,128,0.2109375,Product Quality
2024-10-21,product_quality,32,127,0.2519685039370078,Product Quality
2024-10-22,product_quality,37,136,0.2720588235294117,Product Quality
2024-10-23,product_quality,40,143,0.2797202797202797,Product Quality
2024-10-24,product_quality,25,118,0.211864406779661,Product Quality
2024-10-25,product_quality,37,148,0.25,Product Quality
2024-10-26,product_quality,30,133,0.225563909774436,Product Quality
2024-10-27,product_quality,35,124,0.282258064516129,Product Quality
2024-10-28,product_quality,22,133,0.1654135338345864,Product Quality
2024-10-29,product_quality,21,128,0.1640625,Product Quality
2024-10-30,product_quality,26,115,0.2260869565217391,Product Quality
2024-10-31,product_quality,31,127,0.2440944881889764,Product Quality
2024-11-01,product_quality,24,136,0.1764705882352941,Product Quality
2024-11-02,product_quality,28,132,0.2121212121212121,Product Quality
2024-11-03,product_quality,23,117,0.1965811965811965,Product Quality
2024-11-04,product_quality,50,179,0.2793296089385474,Product Quality
2024-11-05,product_quality,30,140,0.2142857142857142,Product Quality
2024-11-06,product_quality,36,146,0.2465753424657534,Product Quality
2024-11-07,product_quality,22,124,0.1774193548387097,Product Quality
2024-11-08,product_quality,30,150,0.2,Product Quality
2024-11-09,product_quality,36,141,0.2553191489361702,Product Quality
2024-11-10,product_quality,28,127,0.2204724409448819,Product Quality
2024-11-11,product_quality,16,120,0.1333333333333333,Product Quality
2024-11-12,product_quality,30,126,0.238095238095238,Product Quality
2024-11-13,product_quality,28,139,0.2014388489208633,Product Quality
2024-11-14,product_quality,30,126,0.238095238095238,Product Quality
2024-11-15,product_quality,24,109,0.2201834862385321,Product Quality
2024-11-16,product_quality,30,139,0.2158273381294964,Product Quality
2024-11-17,product_quality,31,120,0.2583333333333333,Product Quality
2024-11-18,product_quality,31,138,0.2246376811594203,Product Quality
2024-11-19,product_quality,22,135,0.1629629629629629,Product Quality
2024-11-20,product_quality,26,118,0.2203389830508474,Product Quality
2024-11-21,product_quality,34,133,0.2556390977443609,Product Quality
2024-11-22,product_quality,29,142,0.204225352112676,Product Quality
2024-11-23,product_quality,36,134,0.2686567164179104,Product Quality
2024-11-24,product_quality,29,134,0.2164179104477611,Product Quality
2024-11-25,product_quality,16,111,0.1441441441441441,Product Quality
2024-11-26,product_quality,41,143,0.2867132867132867,Product Quality
2024-11-27,product_quality,32,136,0.2352941176470588,Product Quality
2024-11-28,product_quality,34,134,0.2537313432835821,Product Quality
2024-11-29,product_quality,37,131,0.2824427480916031,Product Quality
2024-11-30,product_quality,35,140,0.25,Product Quality
2024-12-01,product_quality,35,138,0.2536231884057971,Product Quality
2024-12-02,product_quality,25,124,0.2016129032258064,Product Quality
2024-12-03,product_quality,36,134,0.2686567164179104,Product Quality
2024-12-04,product_quality,30,130,0.2307692307692307,Product Quality
2024-12-05,product_quality,34,135,0.2518518518518518,Product Quality
2024-12-06,product_quality,32,140,0.2285714285714285,Product Quality
2024-12-07,product_quality,34,141,0.2411347517730496,Product Quality
2024-12-08,product_quality,39,138,0.2826086956521739,Product Quality
2024-12-09,product_quality,26,145,0.1793103448275862,Product Quality
2024-12-10,product_quality,31,141,0.2198581560283688,Product Quality
2024-12-11,product_quality,36,137,0.2627737226277372,Product Quality
2024-12-12,product_quality,29,142,0.204225352112676,Product Quality
2024-12-13,product_quality,35,140,0.25,Product Quality
2024-12-14,product_quality,26,124,0.2096774193548387,Product Quality
2024-12-15,product_quality,28,128,0.21875,Product Quality
2024-12-16,product_quality,35,132,0.2651515151515151,Product Quality
2024-12-17,product_quality,22,115,0.1913043478260869,Product Quality
2024-12-18,product_quality,23,122,0.1885245901639344,Product Quality
2024-12-19,product_quality,22,120,0.1833333333333333,Product Quality
2024-12-20,product_quality,29,132,0.2196969696969697,Product Quality
2024-12-21,product_quality,30,107,0.2803738317757009,Product Quality
2024-12-22,product_quality,40,143,0.2797202797202797,Product Quality
2024-12-23,product_quality,33,129,0.2558139534883721,Product Quality
2024-12-24,product_quality,23,103,0.2233009708737864,Product Quality
2024-12-25,product_quality,21,117,0.1794871794871795,Product Quality
2024-12-26,product_quality,31,131,0.2366412213740458,Product Quality
2024-12-27,product_quality,50,136,0.3676470588235294,Product Quality
2024-12-28,product_quality,37,134,0.2761194029850746,Product Quality
2024-12-29,product_quality,33,135,0.2444444444444444,Product Quality
2024-12-30,product_quality,33,149,0.2214765100671141,Product Quality
2024-12-31,product_quality,31,129,0.2403100775193798,Product Quality
2025-01-01,product_quality,27,118,0.2288135593220339,Product Quality
2025-01-02,product_quality,33,134,0.2462686567164179,Product Quality
2025-01-03,product_quality,32,137,0.2335766423357664,Product Quality
2025-01-04,product_quality,34,119,0.2857142857142857,Product Quality
2025-01-05,product_quality,29,148,0.1959459459459459,Product Quality
2025-01-06,product_quality,28,156,0.1794871794871795,Product Quality
2025-01-07,product_quality,33,126,0.2619047619047619,Product Quality
2025-01-08,product_quality,40,150,0.2666666666666666,Product Quality
2025-01-09,product_quality,36,131,0.2748091603053435,Product Quality
2025-01-10,product_quality,20,128,0.15625,Product Quality
2025-01-11,product_quality,41,148,0.277027027027027,Product Quality
2025-01-12,product_quality,22,136,0.1617647058823529,Product Quality
2025-01-13,product_quality,25,123,0.2032520325203252,Product Quality
2025-01-14,product_quality,29,135,0.2148148148148148,Product Quality
2025-01-15,product_quality,31,139,0.2230215827338129,Product Quality
2025-01-16,product_quality,33,148,0.2229729729729729,Product Quality
2025-01-17,product_quality,32,156,0.2051282051282051,Product Quality
2025-01-18,product_quality,29,120,0.2416666666666666,Product Quality
2025-01-19,product_quality,21,120,0.175,Product Quality
2025-01-20,product_quality,30,132,0.2272727272727272,Product Quality
2025-01-21,product_quality,28,130,0.2153846153846154,Product Quality
2025-01-22,product_quality,33,152,0.2171052631578947,Product Quality
2025-01-23,product_quality,29,139,0.2086330935251798,Product Quality
2025-01-24,product_quality,34,126,0.2698412698412698,Product Quality
2025-01-25,product_quality,35,143,0.2447552447552447,Product Quality
2025-01-26,product_quality,38,148,0.2567567567567567,Product Quality
2025-01-27,product_quality,38,113,0.336283185840708,Product Quality
2025-01-28,product_quality,34,156,0.2179487179487179,Product Quality
2025-01-29,product_quality,33,137,0.2408759124087591,Product Quality
2025-01-30,product_quality,35,136,0.2573529411764705,Product Quality
2025-01-31,product_quality,25,136,0.1838235294117647,Product Quality
2025-02-01,product_quality,33,132,0.25,Product Quality
2025-02-02,product_quality,37,138,0.2681159420289855,Product Quality
2025-02-03,product_quality,25,138,0.181159420289855,Product Quality
2025-02-04,product_quality,34,132,0.2575757575757575,Product Quality
2025-02-05,product_quality,31,139,0.2230215827338129,Product Quality
2025-02-06,product_quality,38,143,0.2657342657342657,Product Quality
2025-02-07,product_quality,35,149,0.2348993288590604,Product Quality
2025-02-08,product_quality,41,128,0.3203125,Product Quality
2025-02-09,product_quality,48,139,0.3453237410071942,Product Quality
2025-02-10,product_quality,38,138,0.2753623188405797,Product Quality
2025-02-11,product_quality,32,129,0.2480620155038759,Product Quality
2025-02-12,product_quality,27,140,0.1928571428571428,Product Quality
2025-02-13,product_quality,33,148,0.2229729729729729,Product Quality
2025-02-14,product_quality,29,116,0.25,Product Quality
2025-02-15,product_quality,34,128,0.265625,Product Quality
2025-02-16,product_quality,25,143,0.1748251748251748,Product Quality
2025-02-17,product_quality,30,136,0.2205882352941176,Product Quality
2025-02-18,product_quality,34,145,0.2344827586206896,Product Quality
2025-02-19,product_quality,31,117,0.2649572649572649,Product Quality
2025-02-20,product_quality,28,143,0.1958041958041958,Product Quality
2025-02-21,product_quality,21,139,0.1510791366906475,Product Quality
2025-02-22,product_quality,28,114,0.2456140350877192,Product Quality
2025-02-23,product_quality,25,123,0.2032520325203252,Product Quality
2025-02-24,product_quality,30,135,0.2222222222222222,Product Quality
2025-02-25,product_quality,34,139,0.2446043165467626,Product Quality
2025-02-26,product_quality,36,127,0.2834645669291338,Product Quality
2025-02-27,product_quality,37,120,0.3083333333333333,Product Quality
2025-02-28,product_quality,25,130,0.1923076923076923,Product Quality
2025-03-01,product_quality,33,137,0.2408759124087591,Product Quality
2025-03-02,product_quality,31,141,0.2198581560283688,Product Quality
2025-03-03,product_quality,34,128,0.265625,Product Quality
2025-03-04,product_quality,37,142,0.2605633802816901,Product Quality
2025-03-05,product_quality,42,137,0.3065693430656934,Product Quality
2025-03-06,product_quality,30,143,0.2097902097902098,Product Quality
2025-03-07,product_quality,40,123,0.3252032520325203,Product Quality
2025-03-08,product_quality,35,128,0.2734375,Product Quality
2025-03-09,product_quality,34,135,0.2518518518518518,Product Quality
2025-03-10,product_quality,29,127,0.2283464566929134,Product Quality
2025-03-11,product_quality,37,138,0.2681159420289855,Product Quality
2025-03-12,product_quality,36,133,0.2706766917293233,Product Quality
2025-03-13,product_quality,22,121,0.1818181818181818,Product Quality
2025-03-14,product_quality,35,140,0.25,Product Quality
2025-03-15,product_quality,40,131,0.3053435114503817,Product Quality
2025-03-16,product_quality,30,134,0.2238805970149253,Product Quality
2025-03-17,product_quality,24,135,0.1777777777777777,Product Quality
2025-03-18,product_quality,17,99,0.1717171717171717,Product Quality
2025-03-19,product_quality,34,121,0.2809917355371901,Product Quality
2025-03-20,product_quality,31,120,0.2583333333333333,Product Quality
2025-03-21,product_quality,38,138,0.2753623188405797,Product Quality
2025-03-22,product_quality,32,142,0.2253521126760563,Product Quality
2025-03-23,product_quality,29,121,0.2396694214876033,Product Quality
2025-03-24,product_quality,46,146,0.3150684931506849,Product Quality
2025-03-25,product_quality,27,119,0.226890756302521,Product Quality
2025-03-26,product_quality,27,137,0.1970802919708029,Product Quality
2025-03-27,product_quality,31,131,0.2366412213740458,Product Quality
2025-03-28,product_quality,25,125,0.2,Product Quality
2025-03-29,product_quality,32,125,0.256,Product Quality
2025-03-30,product_quality,35,137,0.2554744525547445,Product Quality
2025-03-31,product_quality,38,150,0.2533333333333333,Product Quality
2025-04-01,product_quality,33,152,0.2171052631578947,Product Quality
2025-04-02,product_quality,42,145,0.2896551724137931,Product Quality
2025-04-03,product_quality,33,138,0.2391304347826087,Product Quality
2025-04-04,product_quality,30,116,0.2586206896551724,Product Quality
2025-04-05,product_quality,30,148,0.2027027027027027,Product Quality
2025-04-06,product_quality,36,139,0.2589928057553957,Product Quality
2025-04-07,product_quality,22,119,0.1848739495798319,Product Quality
2025-04-08,product_quality,23,127,0.1811023622047244,Product Quality
2025-04-09,product_quality,28,124,0.2258064516129032,Product Quality
2025-04-10,product_quality,41,147,0.2789115646258503,Product Quality
2025-04-11,product_quality,43,150,0.2866666666666667,Product Quality
2025-04-12,product_quality,36,158,0.2278481012658227,Product Quality
2025-04-13,product_quality,27,109,0.2477064220183486,Product Quality
2025-04-14,product_quality,30,132,0.2272727272727272,Product Quality
2025-04-15,product_quality,36,149,0.2416107382550335,Product Quality
2025-04-16,product_quality,29,130,0.2230769230769231,Product Quality
2025-04-17,product_quality,33,123,0.2682926829268293,Product Quality
2025-04-18,product_quality,37,139,0.2661870503597122,Product Quality
2025-04-19,product_quality,20,110,0.1818181818181818,Product Quality
2025-04-20,product_quality,32,128,0.25,Product Quality
2025-04-21,product_quality,26,132,0.1969696969696969,Product Quality
2025-04-22,product_quality,29,137,0.2116788321167883,Product Quality
2025-04-23,product_quality,35,130,0.2692307692307692,Product Quality
2025-04-24,product_quality,44,145,0.3034482758620689,Product Quality
2025-04-25,product_quality,29,121,0.2396694214876033,Product Quality
2025-04-26,product_quality,29,129,0.2248062015503876,Product Quality
2025-04-27,product_quality,26,127,0.2047244094488189,Product Quality
2025-04-28,product_quality,21,118,0.1779661016949152,Product Quality
2025-04-29,product_quality,38,122,0.3114754098360656,Product Quality
2025-04-30,product_quality,28,125,0.224,Product Quality
2025-05-01,product_quality,32,149,0.2147651006711409,Product Quality
2025-05-02,product_quality,24,122,0.1967213114754098,Product Quality
2025-05-03,product_quality,33,129,0.2558139534883721,Product Quality
2025-05-04,product_quality,33,139,0.237410071942446,Product Quality
2025-05-05,product_quality,31,126,0.246031746031746,Product Quality
2025-05-06,product_quality,37,150,0.2466666666666666,Product Quality
2025-05-07,product_quality,31,130,0.2384615384615384,Product Quality
2025-05-08,product_quality,31,118,0.2627118644067797,Product Quality
2025-05-09,product_quality,32,142,0.2253521126760563,Product Quality
2025-05-10,product_quality,33,124,0.2661290322580645,Product Quality
2025-05-11,product_quality,37,132,0.2803030303030303,Product Quality
2025-05-12,product_quality,41,138,0.2971014492753623,Product Quality
2025-05-13,product_quality,25,129,0.1937984496124031,Product Quality
2025-05-14,product_quality,26,119,0.2184873949579832,Product Quality
2025-05-15,product_quality,32,124,0.2580645161290322,Product Quality
2025-05-16,product_quality,35,139,0.2517985611510791,Product Quality
2025-05-17,product_quality,29,124,0.2338709677419354,Product Quality
2025-05-18,product_quality,33,121,0.2727272727272727,Product Quality
2025-05-19,product_quality,31,114,0.2719298245614035,Product Quality
2025-05-20,product_quality,33,130,0.2538461538461538,Product Quality
2025-05-21,product_quality,31,108,0.287037037037037,Product Quality
2025-05-22,product_quality,36,156,0.2307692307692307,Product Quality
2025-05-23,product_quality,35,148,0.2364864864864864,Product Quality
2025-05-24,product_quality,44,137,0.3211678832116788,Product Quality
2025-05-25,product_quality,50,141,0.3546099290780142,Product Quality
2025-05-26,product_quality,33,119,0.2773109243697479,Product Quality
2025-05-27,product_quality,45,160,0.28125,Product Quality
2025-05-28,product_quality,32,147,0.2176870748299319,Product Quality
2025-05-29,product_quality,27,116,0.2327586206896551,Product Quality
2025-05-30,product_quality,27,133,0.2030075187969924,Product Quality
2025-05-31,product_quality,26,140,0.1857142857142857,Product Quality
2025-06-01,product_quality,35,132,0.2651515151515151,Product Quality
2025-06-02,product_quality,28,118,0.2372881355932203,Product Quality
2025-06-03,product_quality,25,121,0.2066115702479339,Product Quality
2025-06-04,product_quality,37,141,0.2624113475177305,Product Quality
2025-06-05,product_quality,31,116,0.2672413793103448,Product Quality
2025-06-06,product_quality,35,140,0.25,Product Quality
2025-06-07,product_quality,36,138,0.2608695652173913,Product Quality
2025-06-08,product_quality,33,142,0.2323943661971831,Product Quality
2025-06-09,product_quality,35,126,0.2777777777777778,Product Quality
2025-06-10,product_quality,39,152,0.2565789473684211,Product Quality
2025-06-11,product_quality,40,133,0.3007518796992481,Product Quality
2025-06-12,product_quality,34,137,0.2481751824817518,Product Quality
2025-06-13,product_quality,39,137,0.2846715328467153,Product Quality
2025-06-14,product_quality,20,113,0.1769911504424778,Product Quality
2025-06-15,product_quality,28,104,0.2692307692307692,Product Quality
2025-06-16,product_quality,39,132,0.2954545454545454,Product Quality
2025-06-17,product_quality,30,117,0.2564102564102564,Product Quality
2025-06-18,product_quality,29,136,0.213235294117647,Product Quality
2025-06-19,product_quality,30,130,0.2307692307692307,Product Quality
2025-06-20,product_quality,29,137,0.2116788321167883,Product Quality
2025-06-21,product_quality,36,146,0.2465753424657534,Product Quality
2025-06-22,product_quality,29,134,0.2164179104477611,Product Quality
2025-06-23,product_quality,38,116,0.3275862068965517,Product Quality
2025-06-24,product_quality,42,134,0.3134328358208955,Product Quality
2025-06-25,product_quality,23,118,0.1949152542372881,Product Quality
2025-06-26,product_quality,30,119,0.2521008403361344,Product Quality
2025-06-27,product_quality,38,143,0.2657342657342657,Product Quality
2025-06-28,product_quality,32,132,0.2424242424242424,Product Quality
2025-06-29,product_quality,35,140,0.25,Product Quality
2025-06-30,product_quality,40,133,0.3007518796992481,Product Quality
2025-07-01,product_quality,32,118,0.2711864406779661,Product Quality
2025-07-02,product_quality,32,128,0.25,Product Quality
2025-07-03,product_quality,31,124,0.25,Product Quality
2025-07-04,product_quality,27,124,0.2177419354838709,Product Quality
2025-07-05,product_quality,27,126,0.2142857142857142,Product Quality
2025-07-06,product_quality,28,131,0.2137404580152671,Product Quality
2025-07-07,product_quality,29,116,0.25,Product Quality
2025-07-08,product_quality,35,158,0.2215189873417721,Product Quality
2025-07-09,product_quality,25,134,0.1865671641791045,Product Quality
2025-07-10,product_quality,31,151,0.2052980132450331,Product Quality
2025-07-11,product_quality,46,139,0.3309352517985611,Product Quality
2025-07-12,product_quality,35,141,0.2482269503546099,Product Quality
2025-07-13,product_quality,29,122,0.2377049180327868,Product Quality
2025-07-14,product_quality,30,123,0.2439024390243902,Product Quality
2025-07-15,product_quality,25,120,0.2083333333333333,Product Quality
2025-07-16,product_quality,26,112,0.2321428571428571,Product Quality
2025-07-17,product_quality,39,136,0.2867647058823529,Product Quality
2025-07-18,product_quality,35,141,0.2482269503546099,Product Quality
2025-07-19,product_quality,29,145,0.2,Product Quality
2025-07-20,product_quality,35,147,0.238095238095238,Product Quality
2025-07-21,product_quality,38,124,0.3064516129032258,Product Quality
2025-07-22,product_quality,30,125,0.24,Product Quality
2025-07-23,product_quality,37,129,0.2868217054263566,Product Quality
2025-07-24,product_quality,25,154,0.1623376623376623,Product Quality
2025-07-25,product_quality,39,126,0.3095238095238095,Product Quality
2025-07-26,product_quality,33,146,0.2260273972602739,Product Quality
2025-07-27,product_quality,36,144,0.25,Product Quality
2025-07-28,product_quality,34,148,0.2297297297297297,Product Quality
2025-07-29,product_quality,18,101,0.1782178217821782,Product Quality
2025-07-30,product_quality,30,133,0.225563909774436,Product Quality
2025-07-31,product_quality,34,133,0.2556390977443609,Product Quality
2025-08-01,product_quality,29,143,0.2027972027972027,Product Quality
2025-08-02,product_quality,48,151,0.3178807947019867,Product Quality
2025-08-03,product_quality,24,130,0.1846153846153846,Product Quality
2025-08-04,product_quality,38,143,0.2657342657342657,Product Quality
2025-08-05,product_quality,27,122,0.221311475409836,Product Quality
2025-08-06,product_quality,33,143,0.2307692307692307,Product Quality
2025-08-07,product_quality,29,116,0.25,Product Quality
2025-08-08,product_quality,26,124,0.2096774193548387,Product Quality
2025-08-09,product_quality,33,125,0.264,Product Quality
2025-08-10,product_quality,43,158,0.2721518987341772,Product Quality
2025-08-11,product_quality,28,131,0.2137404580152671,Product Quality
2025-08-12,product_quality,33,155,0.2129032258064516,Product Quality
2025-08-13,product_quality,33,119,0.2773109243697479,Product Quality
2025-08-14,product_quality,25,136,0.1838235294117647,Product Quality
2025-08-15,product_quality,33,142,0.2323943661971831,Product Quality
2025-08-16,product_quality,29,117,0.2478632478632478,Product Quality
2025-08-17,product_quality,36,138,0.2608695652173913,Product Quality
2025-08-18,product_quality,23,117,0.1965811965811965,Product Quality
2025-08-19,product_quality,28,129,0.2170542635658914,Product Quality
2025-08-20,product_quality,38,146,0.2602739726027397,Product Quality
2025-08-21,product_quality,27,145,0.1862068965517241,Product Quality
2025-08-22,product_quality,38,146,0.2602739726027397,Product Quality
2025-08-23,product_quality,21,122,0.1721311475409836,Product Quality
2025-08-24,product_quality,22,129,0.1705426356589147,Product Quality
2025-08-25,product_quality,34,129,0.2635658914728682,Product Quality
2025-08-26,product_quality,31,124,0.25,Product Quality
2025-08-27,product_quality,35,126,0.2777777777777778,Product Quality
2025-08-28,product_quality,26,123,0.2113821138211382,Product Quality
2025-08-29,product_quality,28,121,0.2314049586776859,Product Quality
2025-08-30,product_quality,27,127,0.2125984251968504,Product Quality
2025-08-31,product_quality,35,124,0.282258064516129,Product Quality
2025-09-01,product_quality,37,132,0.2803030303030303,Product Quality
2025-09-02,product_quality,25,132,0.1893939393939394,Product Quality
2025-09-03,product_quality,26,136,0.1911764705882352,Product Quality
2025-09-04,product_quality,26,133,0.1954887218045112,Product Quality
2025-09-05,product_quality,20,113,0.1769911504424778,Product Quality
2025-09-06,product_quality,32,122,0.2622950819672131,Product Quality
2025-09-07,product_quality,33,141,0.2340425531914893,Product Quality
2025-09-08,product_quality,34,141,0.2411347517730496,Product Quality
2025-09-09,product_quality,45,152,0.2960526315789473,Product Quality
2025-09-10,product_quality,30,127,0.2362204724409448,Product Quality
2025-09-11,product_quality,27,129,0.2093023255813953,Product Quality
2025-09-12,product_quality,30,129,0.2325581395348837,Product Quality
2025-09-13,product_quality,33,115,0.2869565217391304,Product Quality
2025-09-14,product_quality,30,119,0.2521008403361344,Product Quality
2025-09-15,product_quality,34,132,0.2575757575757575,Product Quality
2025-09-16,product_quality,24,133,0.1804511278195488,Product Quality
2025-09-17,product_quality,35,137,0.2554744525547445,Product Quality
2025-09-18,product_quality,29,135,0.2148148148148148,Product Quality
2025-09-19,product_quality,38,138,0.2753623188405797,Product Quality
2025-09-20,product_quality,27,142,0.1901408450704225,Product Quality
2025-09-21,product_quality,34,118,0.288135593220339,Product Quality
2025-09-22,product_quality,32,117,0.2735042735042735,Product Quality
2025-09-23,product_quality,25,125,0.2,Product Quality
2025-09-24,product_quality,27,129,0.2093023255813953,Product Quality
2025-09-25,product_quality,29,113,0.2566371681415929,Product Quality
2025-09-26,product_quality,32,135,0.237037037037037,Product Quality
2025-09-27,product_quality,43,146,0.2945205479452055,Product Quality
2025-09-28,product_quality,39,140,0.2785714285714286,Product Quality
2025-09-29,product_quality,35,122,0.2868852459016393,Product Quality
2025-09-30,product_quality,26,134,0.1940298507462686,Product Quality
2025-10-01,product_quality,40,135,0.2962962962962963,Product Quality
2025-10-02,product_quality,30,114,0.2631578947368421,Product Quality
2025-10-03,product_quality,37,125,0.296,Product Quality
2025-10-04,product_quality,37,139,0.2661870503597122,Product Quality
2025-10-05,product_quality,19,118,0.1610169491525423,Product Quality
2025-10-06,product_quality,31,130,0.2384615384615384,Product Quality
2025-10-07,product_quality,33,130,0.2538461538461538,Product Quality
2025-10-08,product_quality,26,129,0.2015503875968992,Product Quality
2025-10-09,product_quality,27,141,0.1914893617021276,Product Quality
2025-10-10,product_quality,25,127,0.1968503937007874,Product Quality
2025-10-11,product_quality,36,142,0.2535211267605634,Product Quality
2025-10-12,product_quality,32,116,0.2758620689655172,Product Quality
2025-10-13,product_quality,31,121,0.256198347107438,Product Quality
2025-10-14,product_quality,32,123,0.2601626016260163,Product Quality
2025-10-15,product_quality,32,137,0.2335766423357664,Product Quality
2025-10-16,product_quality,35,143,0.2447552447552447,Product Quality
2025-10-17,product_quality,27,107,0.2523364485981308,Product Quality
2025-10-18,product_quality,35,143,0.2447552447552447,Product Quality
2025-10-19,product_quality,29,114,0.2543859649122807,Product Quality
2025-10-20,product_quality,21,110,0.1909090909090909,Product Quality
2025-10-21,product_quality,28,115,0.2434782608695652,Product Quality
2025-10-22,product_quality,22,115,0.1913043478260869,Product Quality
2025-10-23,product_quality,35,140,0.25,Product Quality
2025-10-24,product_quality,30,130,0.2307692307692307,Product Quality
2025-10-25,product_quality,28,133,0.2105263157894736,Product Quality
2025-10-26,product_quality,31,138,0.2246376811594203,Product Quality
2025-10-27,product_quality,43,132,0.3257575757575757,Product Quality
2025-10-28,product_quality,34,142,0.2394366197183098,Product Quality
2025-10-29,product_quality,29,134,0.2164179104477611,Product Quality
2025-10-30,product_quality,35,130,0.2692307692307692,Product Quality
2025-10-31,product_quality,20,105,0.1904761904761904,Product Quality
2025-11-01,product_quality,34,149,0.2281879194630872,Product Quality
2025-11-02,product_quality,20,128,0.15625,Product Quality
2025-11-03,product_quality,39,136,0.2867647058823529,Product Quality
2025-11-04,product_quality,32,130,0.2461538461538461,Product Quality
2025-11-05,product_quality,37,133,0.2781954887218045,Product Quality
2025-11-06,product_quality,28,126,0.2222222222222222,Product Quality
2025-11-07,product_quality,31,146,0.2123287671232876,Product Quality
2025-11-08,product_quality,26,142,0.1830985915492957,Product Quality
2025-11-09,product_quality,36,118,0.3050847457627119,Product Quality
2025-11-10,product_quality,34,129,0.2635658914728682,Product Quality
2025-11-11,product_quality,30,145,0.2068965517241379,Product Quality
2025-11-12,product_quality,23,112,0.2053571428571428,Product Quality
2025-11-13,product_quality,38,136,0.2794117647058823,Product Quality
2025-11-14,product_quality,30,117,0.2564102564102564,Product Quality
2025-11-15,product_quality,25,110,0.2272727272727272,Product Quality
2025-11-16,product_quality,33,137,0.2408759124087591,Product Quality
2025-11-17,product_quality,41,149,0.2751677852348993,Product Quality
2025-11-18,product_quality,27,134,0.2014925373134328,Product Quality
2025-11-19,product_quality,24,123,0.1951219512195122,Product Quality
2025-11-20,product_quality,30,143,0.2097902097902098,Product Quality
2025-11-21,product_quality,25,120,0.2083333333333333,Product Quality
2025-11-22,product_quality,36,130,0.2769230769230769,Product Quality
2025-11-23,product_quality,28,129,0.2170542635658914,Product Quality
2025-11-24,product_quality,31,121,0.256198347107438,Product Quality
2025-11-25,product_quality,30,119,0.2521008403361344,Product Quality
2025-11-26,product_quality,34,119,0.2857142857142857,Product Quality
2025-11-27,product_quality,34,140,0.2428571428571428,Product Quality
2025-11-28,product_quality,36,129,0.2790697674418604,Product Quality
2025-11-29,product_quality,41,151,0.271523178807947,Product Quality
2025-11-30,product_quality,31,129,0.2403100775193798,Product Quality
2025-12-01,product_quality,44,168,0.2619047619047619,Product Quality
2025-12-02,product_quality,31,119,0.2605042016806723,Product Quality
2025-12-03,product_quality,32,133,0.2406015037593984,Product Quality
2025-12-04,product_quality,35,139,0.2517985611510791,Product Quality
2025-12-05,product_quality,26,113,0.2300884955752212,Product Quality
2025-12-06,product_quality,33,134,0.2462686567164179,Product Quality
2025-12-07,product_quality,30,124,0.2419354838709677,Product Quality
2025-12-08,product_quality,31,153,0.2026143790849673,Product Quality
2025-12-09,product_quality,34,134,0.2537313432835821,Product Quality
2025-12-10,product_quality,39,147,0.2653061224489796,Product Quality
2025-12-11,product_quality,37,132,0.2803030303030303,Product Quality
2025-12-12,product_quality,27,131,0.2061068702290076,Product Quality
2025-12-13,product_quality,25,137,0.1824817518248175,Product Quality
2025-12-14,product_quality,24,105,0.2285714285714285,Product Quality
2025-12-15,product_quality,30,122,0.2459016393442623,Product Quality
2025-12-16,product_quality,32,136,0.2352941176470588,Product Quality
2025-12-17,product_quality,28,128,0.21875,Product Quality
2025-12-18,product_quality,30,118,0.2542372881355932,Product Quality
2025-12-19,product_quality,37,140,0.2642857142857143,Product Quality
2025-12-20,product_quality,39,145,0.2689655172413793,Product Quality
2025-12-21,product_quality,24,121,0.1983471074380165,Product Quality
2025-12-22,product_quality,34,138,0.2463768115942029,Product Quality
2025-12-23,product_quality,27,137,0.1970802919708029,Product Quality
2025-12-24,product_quality,28,123,0.2276422764227642,Product Quality
2025-12-25,product_quality,31,123,0.2520325203252032,Product Quality
2025-12-26,product_quality,31,135,0.2296296296296296,Product Quality
2025-12-27,product_quality,32,119,0.2689075630252101,Product Quality
2025-12-28,product_quality,40,151,0.2649006622516556,Product Quality
2025-12-29,product_quality,30,130,0.2307692307692307,Product Quality
2025-12-30,product_quality,30,115,0.2608695652173913,Product Quality
2025-12-31,product_quality,33,134,0.2462686567164179,Product Quality
2026-01-01,product_quality,43,140,0.3071428571428571,Product Quality
2026-01-02,product_quality,26,116,0.2241379310344827,Product Quality
2026-01-03,product_quality,29,132,0.2196969696969697,Product Quality
2026-01-04,product_quality,28,123,0.2276422764227642,Product Quality
2026-01-05,product_quality,31,125,0.248,Product Quality
2026-01-06,product_quality,32,137,0.2335766423357664,Product Quality
2026-01-07,product_quality,35,123,0.2845528455284553,Product Quality
2026-01-08,product_quality,25,111,0.2252252252252252,Product Quality
2026-01-09,product_quality,29,127,0.2283464566929134,Product Quality
2026-01-10,product_quality,38,143,0.2657342657342657,Product Quality
2026-01-11,product_quality,30,118,0.2542372881355932,Product Quality
2026-01-12,product_quality,33,145,0.2275862068965517,Product Quality
2026-01-13,product_quality,33,138,0.2391304347826087,Product Quality
2026-01-14,product_quality,27,127,0.2125984251968504,Product Quality
2026-01-15,product_quality,37,135,0.2740740740740741,Product Quality
2026-01-16,product_quality,36,120,0.3,Product Quality
2026-01-17,product_quality,33,120,0.275,Product Quality
2026-01-18,product_quality,29,131,0.2213740458015267,Product Quality
2026-01-19,product_quality,32,136,0.2352941176470588,Product Quality
2026-01-20,product_quality,33,127,0.2598425196850393,Product Quality
2026-01-21,product_quality,31,130,0.2384615384615384,Product Quality
2026-01-22,product_quality,24,149,0.1610738255033557,Product Quality
2026-01-23,product_quality,34,115,0.2956521739130435,Product Quality
2026-01-24,product_quality,36,134,0.2686567164179104,Product Quality
2026-01-25,product_quality,34,124,0.2741935483870967,Product Quality
2026-01-26,product_quality,24,125,0.192,Product Quality
2026-01-27,product_quality,31,139,0.2230215827338129,Product Quality
2026-01-28,product_quality,27,121,0.2231404958677686,Product Quality
2026-01-29,product_quality,34,132,0.2575757575757575,Product Quality
2026-01-30,product_quality,26,140,0.1857142857142857,Product Quality
2026-01-31,product_quality,25,114,0.219298245614035,Product Quality
2026-02-01,product_quality,23,115,0.2,Product Quality
2026-02-02,product_quality,43,147,0.2925170068027211,Product Quality
2026-02-03,product_quality,33,153,0.2156862745098039,Product Quality
2026-02-04,product_quality,25,136,0.1838235294117647,Product Quality
2026-02-05,product_quality,45,133,0.3383458646616541,Product Quality
2026-02-06,product_quality,31,126,0.246031746031746,Product Quality
2026-02-07,product_quality,32,143,0.2237762237762237,Product Quality
2026-02-08,product_quality,26,140,0.1857142857142857,Product Quality
2026-02-09,product_quality,29,137,0.2116788321167883,Product Quality
2026-02-10,product_quality,36,134,0.2686567164179104,Product Quality
2026-02-11,product_quality,35,121,0.2892561983471074,Product Quality
2026-02-12,product_quality,32,130,0.2461538461538461,Product Quality
2026-02-13,product_quality,32,131,0.2442748091603053,Product Quality
2026-02-14,product_quality,47,129,0.3643410852713178,Product Quality
2026-02-15,product_quality,34,141,0.2411347517730496,Product Quality
2026-02-16,product_quality,30,149,0.2013422818791946,Product Quality
2026-02-17,product_quality,32,118,0.2711864406779661,Product Quality
2026-02-18,product_quality,24,121,0.1983471074380165,Product Quality
2026-02-19,product_quality,30,123,0.2439024390243902,Product Quality
2026-02-20,product_quality,28,131,0.2137404580152671,Product Quality
2026-02-21,product_quality,41,156,0.2628205128205128,Product Quality
2026-02-22,product_quality,25,118,0.211864406779661,Product Quality
2026-02-23,product_quality,40,145,0.2758620689655172,Product Quality
2026-02-24,product_quality,34,140,0.2428571428571428,Product Quality
2026-02-25,product_quality,34,114,0.2982456140350877,Product Quality
2026-02-26,product_quality,42,140,0.3,Product Quality
2026-02-27,product_quality,39,138,0.2826086956521739,Product Quality
2026-02-28,product_quality,35,113,0.3097345132743362,Product Quality
2026-03-01,product_quality,33,137,0.2408759124087591,Product Quality
2026-03-02,product_quality,33,131,0.2519083969465648,Product Quality
2026-03-03,product_quality,40,164,0.2439024390243902,Product Quality
2026-03-04,product_quality,33,144,0.2291666666666666,Product Quality
2026-03-05,product_quality,47,147,0.3197278911564626,Product Quality
2026-03-06,product_quality,41,131,0.3129770992366412,Product Quality
2026-03-07,product_quality,30,133,0.225563909774436,Product Quality
2026-03-08,product_quality,30,128,0.234375,Product Quality
2026-03-09,product_quality,30,124,0.2419354838709677,Product Quality
2026-03-10,product_quality,20,129,0.1550387596899224,Product Quality
2026-03-11,product_quality,37,127,0.2913385826771653,Product Quality
2026-03-12,product_quality,21,120,0.175,Product Quality
2026-03-13,product_quality,31,139,0.2230215827338129,Product Quality
2026-03-14,product_quality,29,131,0.2213740458015267,Product Quality
2026-03-15,product_quality,29,123,0.2357723577235772,Product Quality
2026-03-16,product_quality,33,119,0.2773109243697479,Product Quality
2026-03-17,product_quality,36,138,0.2608695652173913,Product Quality
2026-03-18,product_quality,29,150,0.1933333333333333,Product Quality
2026-03-19,product_quality,41,136,0.3014705882352941,Product Quality
2026-03-20,product_quality,34,142,0.2394366197183098,Product Quality
2026-03-21,product_quality,27,114,0.2368421052631578,Product Quality
2026-03-22,product_quality,34,146,0.2328767123287671,Product Quality
2026-03-23,product_quality,32,139,0.2302158273381295,Product Quality
2026-03-24,product_quality,32,121,0.2644628099173554,Product Quality
2026-03-25,product_quality,28,140,0.2,Product Quality
2026-03-26,product_quality,36,138,0.2608695652173913,Product Quality
2026-03-27,product_quality,31,139,0.2230215827338129,Product Quality
2026-03-28,product_quality,24,116,0.2068965517241379,Product Quality
2026-03-29,product_quality,36,130,0.2769230769230769,Product Quality
2026-03-30,product_quality,34,145,0.2344827586206896,Product Quality
2026-03-31,product_quality,25,125,0.2,Product Quality
2026-04-01,product_quality,39,126,0.3095238095238095,Product Quality
2026-04-02,product_quality,28,124,0.2258064516129032,Product Quality
2026-04-03,product_quality,38,139,0.2733812949640288,Product Quality
2026-04-04,product_quality,34,138,0.2463768115942029,Product Quality
2026-04-05,product_quality,30,134,0.2238805970149253,Product Quality
2026-04-06,product_quality,35,144,0.2430555555555555,Product Quality
2026-04-07,product_quality,38,135,0.2814814814814815,Product Quality
2026-04-08,product_quality,29,116,0.25,Product Quality
2026-04-09,product_quality,38,131,0.2900763358778626,Product Quality
2026-04-10,product_quality,34,137,0.2481751824817518,Product Quality
2026-04-11,product_quality,23,131,0.1755725190839694,Product Quality
2026-04-12,product_quality,34,129,0.2635658914728682,Product Quality
2026-04-13,product_quality,30,121,0.2479338842975206,Product Quality
2026-04-14,product_quality,30,132,0.2272727272727272,Product Quality
2026-04-15,product_quality,20,131,0.1526717557251908,Product Quality
2026-04-16,product_quality,41,135,0.3037037037037037,Product Quality
2026-04-17,product_quality,29,125,0.232,Product Quality
2026-04-18,product_quality,28,137,0.2043795620437956,Product Quality
2026-04-19,product_quality,26,118,0.2203389830508474,Product Quality
2026-04-20,product_quality,25,140,0.1785714285714285,Product Quality
2026-04-21,product_quality,36,128,0.28125,Product Quality
2026-04-22,product_quality,38,139,0.2733812949640288,Product Quality
2026-04-23,product_quality,34,125,0.272,Product Quality
2026-04-24,product_quality,27,130,0.2076923076923077,Product Quality
2026-04-25,product_quality,29,107,0.2710280373831775,Product Quality
2026-04-26,product_quality,27,140,0.1928571428571428,Product Quality
2026-04-27,product_quality,35,140,0.25,Product Quality
2026-04-28,product_quality,23,113,0.2035398230088495,Product Quality
2026-04-29,product_quality,30,138,0.217391304347826,Product Quality
2026-04-30,product_quality,36,126,0.2857142857142857,Product Quality
2026-05-01,product_quality,34,141,0.2411347517730496,Product Quality
2026-05-02,product_quality,38,128,0.296875,Product Quality
2026-05-03,product_quality,33,137,0.2408759124087591,Product Quality
2026-05-04,product_quality,41,143,0.2867132867132867,Product Quality
2026-05-05,product_quality,38,155,0.2451612903225806,Product Quality
2026-05-06,product_quality,24,127,0.1889763779527559,Product Quality
2026-05-07,product_quality,34,139,0.2446043165467626,Product Quality
2026-05-08,product_quality,29,136,0.213235294117647,Product Quality
2026-05-09,product_quality,28,130,0.2153846153846154,Product Quality
2026-05-10,product_quality,30,134,0.2238805970149253,Product Quality
2026-05-11,product_quality,35,125,0.28,Product Quality
2026-05-12,product_quality,33,132,0.25,Product Quality
2026-05-13,product_quality,38,123,0.3089430894308943,Product Quality
2026-05-14,product_quality,37,132,0.2803030303030303,Product Quality
2026-05-15,product_quality,32,131,0.2442748091603053,Product Quality
2026-05-16,product_quality,35,136,0.2573529411764705,Product Quality
2026-05-17,product_quality,36,135,0.2666666666666666,Product Quality
2026-05-18,product_quality,27,120,0.225,Product Quality
2026-05-19,product_quality,33,138,0.2391304347826087,Product Quality
2026-05-20,product_quality,29,140,0.2071428571428571,Product Quality
2026-05-21,product_quality,25,118,0.211864406779661,Product Quality
2026-05-22,product_quality,39,141,0.2765957446808511,Product Quality
2026-05-23,product_quality,36,130,0.2769230769230769,Product Quality
2026-05-24,product_quality,25,124,0.2016129032258064,Product Quality
2026-05-25,product_quality,37,128,0.2890625,Product Quality
2026-05-26,product_quality,25,111,0.2252252252252252,Product Quality
2026-05-27,product_quality,39,136,0.2867647058823529,Product Quality
2026-05-28,product_quality,33,125,0.264,Product Quality
2026-05-29,product_quality,35,125,0.28,Product Quality
2026-05-30,product_quality,27,111,0.2432432432432432,Product Quality
2026-05-31,product_quality,38,154,0.2467532467532467,Product Quality
2026-06-01,product_quality,32,125,0.256,Product Quality
2026-06-02,product_quality,40,144,0.2777777777777778,Product Quality
2026-06-03,product_quality,40,141,0.2836879432624113,Product Quality
2026-06-04,product_quality,39,134,0.291044776119403,Product Quality
2026-06-05,product_quality,36,138,0.2608695652173913,Product Quality
2026-06-06,product_quality,32,133,0.2406015037593984,Product Quality
2026-06-07,product_quality,26,132,0.1969696969696969,Product Quality
2026-06-08,product_quality,37,124,0.2983870967741935,Product Quality
2026-06-09,product_quality,33,141,0.2340425531914893,Product Quality
2026-06-10,product_quality,27,122,0.221311475409836,Product Quality
2026-06-11,product_quality,37,143,0.2587412587412587,Product Quality
2026-06-12,product_quality,32,126,0.2539682539682539,Product Quality
2026-06-13,product_quality,26,115,0.2260869565217391,Product Quality
2026-06-14,product_quality,28,126,0.2222222222222222,Product Quality
2026-06-15,product_quality,26,126,0.2063492063492063,Product Quality
2026-06-16,product_quality,34,130,0.2615384615384615,Product Quality
2026-06-17,product_quality,26,131,0.1984732824427481,Product Quality
2026-06-18,product_quality,21,131,0.1603053435114503,Product Quality
2026-06-19,product_quality,31,147,0.2108843537414966,Product Quality
2026-06-20,product_quality,26,115,0.2260869565217391,Product Quality
2026-06-21,product_quality,30,124,0.2419354838709677,Product Quality
2026-06-22,product_quality,30,142,0.2112676056338028,Product Quality
2026-06-23,product_quality,29,131,0.2213740458015267,Product Quality
2026-06-24,product_quality,28,123,0.2276422764227642,Product Quality
2026-06-25,product_quality,31,129,0.2403100775193798,Product Quality
2026-06-26,product_quality,28,146,0.1917808219178082,Product Quality
2026-06-27,product_quality,24,123,0.1951219512195122,Product Quality
2026-06-28,product_quality,32,137,0.2335766423357664,Product Quality
2026-06-29,product_quality,24,119,0.2016806722689075,Product Quality
2024-01-01,refund_problems,24,132,0.1818181818181818,Refund Problems
2024-01-02,refund_problems,16,132,0.1212121212121212,Refund Problems
2024-01-03,refund_problems,22,146,0.1506849315068493,Refund Problems
2024-01-04,refund_problems,21,154,0.1363636363636363,Refund Problems
2024-01-05,refund_problems,19,134,0.1417910447761194,Refund Problems
2024-01-06,refund_problems,21,142,0.1478873239436619,Refund Problems
2024-01-07,refund_problems,19,148,0.1283783783783783,Refund Problems
2024-01-08,refund_problems,22,140,0.1571428571428571,Refund Problems
2024-01-09,refund_problems,18,152,0.1184210526315789,Refund Problems
2024-01-10,refund_problems,20,134,0.1492537313432835,Refund Problems
2024-01-11,refund_problems,19,145,0.1310344827586207,Refund Problems
2024-01-12,refund_problems,10,104,0.0961538461538461,Refund Problems
2024-01-13,refund_problems,23,140,0.1642857142857142,Refund Problems
2024-01-14,refund_problems,16,142,0.1126760563380281,Refund Problems
2024-01-15,refund_problems,15,130,0.1153846153846153,Refund Problems
2024-01-16,refund_problems,18,113,0.1592920353982301,Refund Problems
2024-01-17,refund_problems,17,130,0.1307692307692307,Refund Problems
2024-01-18,refund_problems,13,145,0.0896551724137931,Refund Problems
2024-01-19,refund_problems,24,133,0.1804511278195488,Refund Problems
2024-01-20,refund_problems,18,137,0.1313868613138686,Refund Problems
2024-01-21,refund_problems,26,144,0.1805555555555555,Refund Problems
2024-01-22,refund_problems,18,147,0.1224489795918367,Refund Problems
2024-01-23,refund_problems,14,153,0.0915032679738562,Refund Problems
2024-01-24,refund_problems,19,132,0.1439393939393939,Refund Problems
2024-01-25,refund_problems,24,147,0.1632653061224489,Refund Problems
2024-01-26,refund_problems,23,133,0.1729323308270676,Refund Problems
2024-01-27,refund_problems,25,146,0.1712328767123287,Refund Problems
2024-01-28,refund_problems,19,138,0.1376811594202898,Refund Problems
2024-01-29,refund_problems,18,127,0.1417322834645669,Refund Problems
2024-01-30,refund_problems,23,131,0.1755725190839694,Refund Problems
2024-01-31,refund_problems,23,123,0.1869918699186991,Refund Problems
2024-02-01,refund_problems,17,140,0.1214285714285714,Refund Problems
2024-02-02,refund_problems,13,116,0.1120689655172413,Refund Problems
2024-02-03,refund_problems,19,113,0.168141592920354,Refund Problems
2024-02-04,refund_problems,23,138,0.1666666666666666,Refund Problems
2024-02-05,refund_problems,19,135,0.1407407407407407,Refund Problems
2024-02-06,refund_problems,20,124,0.1612903225806451,Refund Problems
2024-02-07,refund_problems,15,131,0.1145038167938931,Refund Problems
2024-02-08,refund_problems,16,110,0.1454545454545454,Refund Problems
2024-02-09,refund_problems,19,125,0.152,Refund Problems
2024-02-10,refund_problems,18,138,0.1304347826086956,Refund Problems
2024-02-11,refund_problems,10,125,0.08,Refund Problems
2024-02-12,refund_problems,25,151,0.1655629139072847,Refund Problems
2024-02-13,refund_problems,15,119,0.1260504201680672,Refund Problems
2024-02-14,refund_problems,28,158,0.1772151898734177,Refund Problems
2024-02-15,refund_problems,20,126,0.1587301587301587,Refund Problems
2024-02-16,refund_problems,16,120,0.1333333333333333,Refund Problems
2024-02-17,refund_problems,13,126,0.1031746031746031,Refund Problems
2024-02-18,refund_problems,22,130,0.1692307692307692,Refund Problems
2024-02-19,refund_problems,15,140,0.1071428571428571,Refund Problems
2024-02-20,refund_problems,20,133,0.150375939849624,Refund Problems
2024-02-21,refund_problems,16,141,0.1134751773049645,Refund Problems
2024-02-22,refund_problems,24,138,0.1739130434782608,Refund Problems
2024-02-23,refund_problems,22,139,0.158273381294964,Refund Problems
2024-02-24,refund_problems,12,128,0.09375,Refund Problems
2024-02-25,refund_problems,17,126,0.1349206349206349,Refund Problems
2024-02-26,refund_problems,15,119,0.1260504201680672,Refund Problems
2024-02-27,refund_problems,14,125,0.112,Refund Problems
2024-02-28,refund_problems,12,126,0.0952380952380952,Refund Problems
2024-02-29,refund_problems,15,126,0.119047619047619,Refund Problems
2024-03-01,refund_problems,20,121,0.1652892561983471,Refund Problems
2024-03-02,refund_problems,15,141,0.1063829787234042,Refund Problems
2024-03-03,refund_problems,22,136,0.1617647058823529,Refund Problems
2024-03-04,refund_problems,16,128,0.125,Refund Problems
2024-03-05,refund_problems,21,109,0.1926605504587156,Refund Problems
2024-03-06,refund_problems,11,111,0.0990990990990991,Refund Problems
2024-03-07,refund_problems,20,129,0.1550387596899224,Refund Problems
2024-03-08,refund_problems,18,113,0.1592920353982301,Refund Problems
2024-03-09,refund_problems,17,127,0.1338582677165354,Refund Problems
2024-03-10,refund_problems,19,128,0.1484375,Refund Problems
2024-03-11,refund_problems,17,133,0.1278195488721804,Refund Problems
2024-03-12,refund_problems,15,109,0.1376146788990825,Refund Problems
2024-03-13,refund_problems,16,134,0.1194029850746268,Refund Problems
2024-03-14,refund_problems,18,122,0.1475409836065573,Refund Problems
2024-03-15,refund_problems,23,152,0.1513157894736842,Refund Problems
2024-03-16,refund_problems,21,139,0.1510791366906475,Refund Problems
2024-03-17,refund_problems,18,135,0.1333333333333333,Refund Problems
2024-03-18,refund_problems,25,143,0.1748251748251748,Refund Problems
2024-03-19,refund_problems,23,140,0.1642857142857142,Refund Problems
2024-03-20,refund_problems,14,122,0.1147540983606557,Refund Problems
2024-03-21,refund_problems,20,126,0.1587301587301587,Refund Problems
2024-03-22,refund_problems,13,123,0.1056910569105691,Refund Problems
2024-03-23,refund_problems,17,124,0.1370967741935483,Refund Problems
2024-03-24,refund_problems,20,158,0.1265822784810126,Refund Problems
2024-03-25,refund_problems,26,156,0.1666666666666666,Refund Problems
2024-03-26,refund_problems,22,131,0.1679389312977099,Refund Problems
2024-03-27,refund_problems,15,134,0.1119402985074626,Refund Problems
2024-03-28,refund_problems,15,130,0.1153846153846153,Refund Problems
2024-03-29,refund_problems,18,151,0.119205298013245,Refund Problems
2024-03-30,refund_problems,23,121,0.1900826446280991,Refund Problems
2024-03-31,refund_problems,14,133,0.1052631578947368,Refund Problems
2024-04-01,refund_problems,21,136,0.1544117647058823,Refund Problems
2024-04-02,refund_problems,21,124,0.1693548387096774,Refund Problems
2024-04-03,refund_problems,17,117,0.1452991452991453,Refund Problems
2024-04-04,refund_problems,29,132,0.2196969696969697,Refund Problems
2024-04-05,refund_problems,23,135,0.1703703703703703,Refund Problems
2024-04-06,refund_problems,19,132,0.1439393939393939,Refund Problems
2024-04-07,refund_problems,25,124,0.2016129032258064,Refund Problems
2024-04-08,refund_problems,9,139,0.0647482014388489,Refund Problems
2024-04-09,refund_problems,19,130,0.1461538461538461,Refund Problems
2024-04-10,refund_problems,28,152,0.1842105263157894,Refund Problems
2024-04-11,refund_problems,16,108,0.1481481481481481,Refund Problems
2024-04-12,refund_problems,19,133,0.1428571428571428,Refund Problems
2024-04-13,refund_problems,26,123,0.2113821138211382,Refund Problems
2024-04-14,refund_problems,13,143,0.0909090909090909,Refund Problems
2024-04-15,refund_problems,13,130,0.1,Refund Problems
2024-04-16,refund_problems,20,127,0.1574803149606299,Refund Problems
2024-04-17,refund_problems,18,121,0.1487603305785124,Refund Problems
2024-04-18,refund_problems,27,155,0.1741935483870967,Refund Problems
2024-04-19,refund_problems,16,137,0.1167883211678832,Refund Problems
2024-04-20,refund_problems,11,147,0.0748299319727891,Refund Problems
2024-04-21,refund_problems,18,137,0.1313868613138686,Refund Problems
2024-04-22,refund_problems,17,130,0.1307692307692307,Refund Problems
2024-04-23,refund_problems,15,119,0.1260504201680672,Refund Problems
2024-04-24,refund_problems,17,121,0.140495867768595,Refund Problems
2024-04-25,refund_problems,15,124,0.1209677419354838,Refund Problems
2024-04-26,refund_problems,23,138,0.1666666666666666,Refund Problems
2024-04-27,refund_problems,14,118,0.1186440677966101,Refund Problems
2024-04-28,refund_problems,15,127,0.1181102362204724,Refund Problems
2024-04-29,refund_problems,14,131,0.1068702290076335,Refund Problems
2024-04-30,refund_problems,18,137,0.1313868613138686,Refund Problems
2024-05-01,refund_problems,21,136,0.1544117647058823,Refund Problems
2024-05-02,refund_problems,15,101,0.1485148514851485,Refund Problems
2024-05-03,refund_problems,14,138,0.1014492753623188,Refund Problems
2024-05-04,refund_problems,23,135,0.1703703703703703,Refund Problems
2024-05-05,refund_problems,19,116,0.1637931034482758,Refund Problems
2024-05-06,refund_problems,21,140,0.15,Refund Problems
2024-05-07,refund_problems,13,124,0.1048387096774193,Refund Problems
2024-05-08,refund_problems,24,141,0.1702127659574468,Refund Problems
2024-05-09,refund_problems,17,125,0.136,Refund Problems
2024-05-10,refund_problems,21,133,0.1578947368421052,Refund Problems
2024-05-11,refund_problems,16,137,0.1167883211678832,Refund Problems
2024-05-12,refund_problems,21,133,0.1578947368421052,Refund Problems
2024-05-13,refund_problems,31,151,0.2052980132450331,Refund Problems
2024-05-14,refund_problems,12,119,0.1008403361344537,Refund Problems
2024-05-15,refund_problems,23,114,0.2017543859649122,Refund Problems
2024-05-16,refund_problems,17,129,0.1317829457364341,Refund Problems
2024-05-17,refund_problems,16,117,0.1367521367521367,Refund Problems
2024-05-18,refund_problems,15,130,0.1153846153846153,Refund Problems
2024-05-19,refund_problems,12,123,0.0975609756097561,Refund Problems
2024-05-20,refund_problems,19,141,0.1347517730496454,Refund Problems
2024-05-21,refund_problems,19,130,0.1461538461538461,Refund Problems
2024-05-22,refund_problems,23,140,0.1642857142857142,Refund Problems
2024-05-23,refund_problems,19,134,0.1417910447761194,Refund Problems
2024-05-24,refund_problems,27,132,0.2045454545454545,Refund Problems
2024-05-25,refund_problems,15,125,0.12,Refund Problems
2024-05-26,refund_problems,15,148,0.1013513513513513,Refund Problems
2024-05-27,refund_problems,16,108,0.1481481481481481,Refund Problems
2024-05-28,refund_problems,12,125,0.096,Refund Problems
2024-05-29,refund_problems,20,122,0.1639344262295081,Refund Problems
2024-05-30,refund_problems,15,133,0.112781954887218,Refund Problems
2024-05-31,refund_problems,16,121,0.1322314049586777,Refund Problems
2024-06-01,refund_problems,14,128,0.109375,Refund Problems
2024-06-02,refund_problems,25,122,0.2049180327868852,Refund Problems
2024-06-03,refund_problems,13,130,0.1,Refund Problems
2024-06-04,refund_problems,20,133,0.150375939849624,Refund Problems
2024-06-05,refund_problems,16,125,0.128,Refund Problems
2024-06-06,refund_problems,21,145,0.1448275862068965,Refund Problems
2024-06-07,refund_problems,19,126,0.1507936507936507,Refund Problems
2024-06-08,refund_problems,20,136,0.1470588235294117,Refund Problems
2024-06-09,refund_problems,14,120,0.1166666666666666,Refund Problems
2024-06-10,refund_problems,18,107,0.1682242990654205,Refund Problems
2024-06-11,refund_problems,20,143,0.1398601398601398,Refund Problems
2024-06-12,refund_problems,21,128,0.1640625,Refund Problems
2024-06-13,refund_problems,14,136,0.1029411764705882,Refund Problems
2024-06-14,refund_problems,15,125,0.12,Refund Problems
2024-06-15,refund_problems,17,133,0.1278195488721804,Refund Problems
2024-06-16,refund_problems,24,155,0.1548387096774193,Refund Problems
2024-06-17,refund_problems,22,129,0.1705426356589147,Refund Problems
2024-06-18,refund_problems,21,133,0.1578947368421052,Refund Problems
2024-06-19,refund_problems,17,120,0.1416666666666666,Refund Problems
2024-06-20,refund_problems,13,119,0.1092436974789916,Refund Problems
2024-06-21,refund_problems,25,129,0.1937984496124031,Refund Problems
2024-06-22,refund_problems,26,146,0.1780821917808219,Refund Problems
2024-06-23,refund_problems,20,146,0.136986301369863,Refund Problems
2024-06-24,refund_problems,24,144,0.1666666666666666,Refund Problems
2024-06-25,refund_problems,18,162,0.1111111111111111,Refund Problems
2024-06-26,refund_problems,20,129,0.1550387596899224,Refund Problems
2024-06-27,refund_problems,24,148,0.1621621621621621,Refund Problems
2024-06-28,refund_problems,15,106,0.1415094339622641,Refund Problems
2024-06-29,refund_problems,21,124,0.1693548387096774,Refund Problems
2024-06-30,refund_problems,19,156,0.1217948717948717,Refund Problems
2024-07-01,refund_problems,24,126,0.1904761904761904,Refund Problems
2024-07-02,refund_problems,14,122,0.1147540983606557,Refund Problems
2024-07-03,refund_problems,19,124,0.1532258064516129,Refund Problems
2024-07-04,refund_problems,9,146,0.0616438356164383,Refund Problems
2024-07-05,refund_problems,21,154,0.1363636363636363,Refund Problems
2024-07-06,refund_problems,14,128,0.109375,Refund Problems
2024-07-07,refund_problems,24,125,0.192,Refund Problems
2024-07-08,refund_problems,18,130,0.1384615384615384,Refund Problems
2024-07-09,refund_problems,22,153,0.1437908496732026,Refund Problems
2024-07-10,refund_problems,20,141,0.1418439716312056,Refund Problems
2024-07-11,refund_problems,12,132,0.0909090909090909,Refund Problems
2024-07-12,refund_problems,21,137,0.1532846715328467,Refund Problems
2024-07-13,refund_problems,17,130,0.1307692307692307,Refund Problems
2024-07-14,refund_problems,11,130,0.0846153846153846,Refund Problems
2024-07-15,refund_problems,11,115,0.0956521739130434,Refund Problems
2024-07-16,refund_problems,18,149,0.1208053691275167,Refund Problems
2024-07-17,refund_problems,15,125,0.12,Refund Problems
2024-07-18,refund_problems,13,120,0.1083333333333333,Refund Problems
2024-07-19,refund_problems,15,129,0.1162790697674418,Refund Problems
2024-07-20,refund_problems,21,143,0.1468531468531468,Refund Problems
2024-07-21,refund_problems,27,145,0.1862068965517241,Refund Problems
2024-07-22,refund_problems,18,148,0.1216216216216216,Refund Problems
2024-07-23,refund_problems,24,145,0.1655172413793103,Refund Problems
2024-07-24,refund_problems,14,115,0.1217391304347826,Refund Problems
2024-07-25,refund_problems,30,147,0.2040816326530612,Refund Problems
2024-07-26,refund_problems,23,139,0.1654676258992805,Refund Problems
2024-07-27,refund_problems,22,123,0.1788617886178861,Refund Problems
2024-07-28,refund_problems,8,123,0.065040650406504,Refund Problems
2024-07-29,refund_problems,22,126,0.1746031746031746,Refund Problems
2024-07-30,refund_problems,25,138,0.181159420289855,Refund Problems
2024-07-31,refund_problems,19,120,0.1583333333333333,Refund Problems
2024-08-01,refund_problems,11,124,0.0887096774193548,Refund Problems
2024-08-02,refund_problems,18,134,0.1343283582089552,Refund Problems
2024-08-03,refund_problems,18,131,0.1374045801526717,Refund Problems
2024-08-04,refund_problems,13,119,0.1092436974789916,Refund Problems
2024-08-05,refund_problems,18,115,0.1565217391304348,Refund Problems
2024-08-06,refund_problems,23,139,0.1654676258992805,Refund Problems
2024-08-07,refund_problems,18,123,0.1463414634146341,Refund Problems
2024-08-08,refund_problems,21,134,0.1567164179104477,Refund Problems
2024-08-09,refund_problems,17,119,0.1428571428571428,Refund Problems
2024-08-10,refund_problems,19,127,0.1496062992125984,Refund Problems
2024-08-11,refund_problems,28,140,0.2,Refund Problems
2024-08-12,refund_problems,16,142,0.1126760563380281,Refund Problems
2024-08-13,refund_problems,27,133,0.2030075187969924,Refund Problems
2024-08-14,refund_problems,17,145,0.1172413793103448,Refund Problems
2024-08-15,refund_problems,14,121,0.1157024793388429,Refund Problems
2024-08-16,refund_problems,15,93,0.1612903225806451,Refund Problems
2024-08-17,refund_problems,18,134,0.1343283582089552,Refund Problems
2024-08-18,refund_problems,22,145,0.1517241379310344,Refund Problems
2024-08-19,refund_problems,23,132,0.1742424242424242,Refund Problems
2024-08-20,refund_problems,17,151,0.1125827814569536,Refund Problems
2024-08-21,refund_problems,23,135,0.1703703703703703,Refund Problems
2024-08-22,refund_problems,15,107,0.1401869158878504,Refund Problems
2024-08-23,refund_problems,13,116,0.1120689655172413,Refund Problems
2024-08-24,refund_problems,22,145,0.1517241379310344,Refund Problems
2024-08-25,refund_problems,11,124,0.0887096774193548,Refund Problems
2024-08-26,refund_problems,18,134,0.1343283582089552,Refund Problems
2024-08-27,refund_problems,20,123,0.1626016260162601,Refund Problems
2024-08-28,refund_problems,25,133,0.18796992481203,Refund Problems
2024-08-29,refund_problems,18,148,0.1216216216216216,Refund Problems
2024-08-30,refund_problems,11,141,0.0780141843971631,Refund Problems
2024-08-31,refund_problems,16,143,0.1118881118881118,Refund Problems
2024-09-01,refund_problems,17,117,0.1452991452991453,Refund Problems
2024-09-02,refund_problems,13,130,0.1,Refund Problems
2024-09-03,refund_problems,15,149,0.1006711409395973,Refund Problems
2024-09-04,refund_problems,18,141,0.1276595744680851,Refund Problems
2024-09-05,refund_problems,19,129,0.1472868217054263,Refund Problems
2024-09-06,refund_problems,29,137,0.2116788321167883,Refund Problems
2024-09-07,refund_problems,20,143,0.1398601398601398,Refund Problems
2024-09-08,refund_problems,22,140,0.1571428571428571,Refund Problems
2024-09-09,refund_problems,15,133,0.112781954887218,Refund Problems
2024-09-10,refund_problems,19,131,0.1450381679389313,Refund Problems
2024-09-11,refund_problems,16,123,0.1300813008130081,Refund Problems
2024-09-12,refund_problems,20,128,0.15625,Refund Problems
2024-09-13,refund_problems,20,133,0.150375939849624,Refund Problems
2024-09-14,refund_problems,24,141,0.1702127659574468,Refund Problems
2024-09-15,refund_problems,19,122,0.1557377049180328,Refund Problems
2024-09-16,refund_problems,20,136,0.1470588235294117,Refund Problems
2024-09-17,refund_problems,19,136,0.1397058823529411,Refund Problems
2024-09-18,refund_problems,17,128,0.1328125,Refund Problems
2024-09-19,refund_problems,12,122,0.0983606557377049,Refund Problems
2024-09-20,refund_problems,27,154,0.1753246753246753,Refund Problems
2024-09-21,refund_problems,21,149,0.1409395973154362,Refund Problems
2024-09-22,refund_problems,17,121,0.140495867768595,Refund Problems
2024-09-23,refund_problems,24,142,0.1690140845070422,Refund Problems
2024-09-24,refund_problems,17,119,0.1428571428571428,Refund Problems
2024-09-25,refund_problems,19,144,0.1319444444444444,Refund Problems
2024-09-26,refund_problems,12,120,0.1,Refund Problems
2024-09-27,refund_problems,11,111,0.0990990990990991,Refund Problems
2024-09-28,refund_problems,21,135,0.1555555555555555,Refund Problems
2024-09-29,refund_problems,20,156,0.1282051282051282,Refund Problems
2024-09-30,refund_problems,21,116,0.1810344827586207,Refund Problems
2024-10-01,refund_problems,18,133,0.1353383458646616,Refund Problems
2024-10-02,refund_problems,15,114,0.131578947368421,Refund Problems
2024-10-03,refund_problems,15,110,0.1363636363636363,Refund Problems
2024-10-04,refund_problems,15,134,0.1119402985074626,Refund Problems
2024-10-05,refund_problems,15,143,0.1048951048951049,Refund Problems
2024-10-06,refund_problems,24,142,0.1690140845070422,Refund Problems
2024-10-07,refund_problems,15,124,0.1209677419354838,Refund Problems
2024-10-08,refund_problems,15,122,0.1229508196721311,Refund Problems
2024-10-09,refund_problems,13,129,0.1007751937984496,Refund Problems
2024-10-10,refund_problems,12,130,0.0923076923076923,Refund Problems
2024-10-11,refund_problems,20,141,0.1418439716312056,Refund Problems
2024-10-12,refund_problems,12,119,0.1008403361344537,Refund Problems
2024-10-13,refund_problems,20,145,0.1379310344827586,Refund Problems
2024-10-14,refund_problems,16,130,0.123076923076923,Refund Problems
2024-10-15,refund_problems,19,120,0.1583333333333333,Refund Problems
2024-10-16,refund_problems,15,112,0.1339285714285714,Refund Problems
2024-10-17,refund_problems,26,133,0.1954887218045112,Refund Problems
2024-10-18,refund_problems,13,112,0.1160714285714285,Refund Problems
2024-10-19,refund_problems,17,134,0.126865671641791,Refund Problems
2024-10-20,refund_problems,11,128,0.0859375,Refund Problems
2024-10-21,refund_problems,25,127,0.1968503937007874,Refund Problems
2024-10-22,refund_problems,21,136,0.1544117647058823,Refund Problems
2024-10-23,refund_problems,22,143,0.1538461538461538,Refund Problems
2024-10-24,refund_problems,21,118,0.1779661016949152,Refund Problems
2024-10-25,refund_problems,28,148,0.1891891891891892,Refund Problems
2024-10-26,refund_problems,19,133,0.1428571428571428,Refund Problems
2024-10-27,refund_problems,22,124,0.1774193548387097,Refund Problems
2024-10-28,refund_problems,21,133,0.1578947368421052,Refund Problems
2024-10-29,refund_problems,19,128,0.1484375,Refund Problems
2024-10-30,refund_problems,18,115,0.1565217391304348,Refund Problems
2024-10-31,refund_problems,17,127,0.1338582677165354,Refund Problems
2024-11-01,refund_problems,15,136,0.1102941176470588,Refund Problems
2024-11-02,refund_problems,19,132,0.1439393939393939,Refund Problems
2024-11-03,refund_problems,19,117,0.1623931623931624,Refund Problems
2024-11-04,refund_problems,22,179,0.1229050279329608,Refund Problems
2024-11-05,refund_problems,22,140,0.1571428571428571,Refund Problems
2024-11-06,refund_problems,32,146,0.2191780821917808,Refund Problems
2024-11-07,refund_problems,20,124,0.1612903225806451,Refund Problems
2024-11-08,refund_problems,22,150,0.1466666666666666,Refund Problems
2024-11-09,refund_problems,22,141,0.1560283687943262,Refund Problems
2024-11-10,refund_problems,24,127,0.1889763779527559,Refund Problems
2024-11-11,refund_problems,14,120,0.1166666666666666,Refund Problems
2024-11-12,refund_problems,13,126,0.1031746031746031,Refund Problems
2024-11-13,refund_problems,23,139,0.1654676258992805,Refund Problems
2024-11-14,refund_problems,11,126,0.0873015873015873,Refund Problems
2024-11-15,refund_problems,14,109,0.128440366972477,Refund Problems
2024-11-16,refund_problems,18,139,0.1294964028776978,Refund Problems
2024-11-17,refund_problems,21,120,0.175,Refund Problems
2024-11-18,refund_problems,22,138,0.1594202898550724,Refund Problems
2024-11-19,refund_problems,19,135,0.1407407407407407,Refund Problems
2024-11-20,refund_problems,20,118,0.1694915254237288,Refund Problems
2024-11-21,refund_problems,23,133,0.1729323308270676,Refund Problems
2024-11-22,refund_problems,19,142,0.1338028169014084,Refund Problems
2024-11-23,refund_problems,23,134,0.1716417910447761,Refund Problems
2024-11-24,refund_problems,22,134,0.1641791044776119,Refund Problems
2024-11-25,refund_problems,23,111,0.2072072072072072,Refund Problems
2024-11-26,refund_problems,19,143,0.1328671328671328,Refund Problems
2024-11-27,refund_problems,15,136,0.1102941176470588,Refund Problems
2024-11-28,refund_problems,27,134,0.2014925373134328,Refund Problems
2024-11-29,refund_problems,20,131,0.1526717557251908,Refund Problems
2024-11-30,refund_problems,19,140,0.1357142857142857,Refund Problems
2024-12-01,refund_problems,22,138,0.1594202898550724,Refund Problems
2024-12-02,refund_problems,22,124,0.1774193548387097,Refund Problems
2024-12-03,refund_problems,21,134,0.1567164179104477,Refund Problems
2024-12-04,refund_problems,15,130,0.1153846153846153,Refund Problems
2024-12-05,refund_problems,16,135,0.1185185185185185,Refund Problems
2024-12-06,refund_problems,23,140,0.1642857142857142,Refund Problems
2024-12-07,refund_problems,12,141,0.0851063829787234,Refund Problems
2024-12-08,refund_problems,17,138,0.1231884057971014,Refund Problems
2024-12-09,refund_problems,20,145,0.1379310344827586,Refund Problems
2024-12-10,refund_problems,18,141,0.1276595744680851,Refund Problems
2024-12-11,refund_problems,18,137,0.1313868613138686,Refund Problems
2024-12-12,refund_problems,20,142,0.1408450704225352,Refund Problems
2024-12-13,refund_problems,19,140,0.1357142857142857,Refund Problems
2024-12-14,refund_problems,14,124,0.1129032258064516,Refund Problems
2024-12-15,refund_problems,16,128,0.125,Refund Problems
2024-12-16,refund_problems,13,132,0.0984848484848484,Refund Problems
2024-12-17,refund_problems,17,115,0.1478260869565217,Refund Problems
2024-12-18,refund_problems,17,122,0.1393442622950819,Refund Problems
2024-12-19,refund_problems,12,120,0.1,Refund Problems
2024-12-20,refund_problems,20,132,0.1515151515151515,Refund Problems
2024-12-21,refund_problems,13,107,0.1214953271028037,Refund Problems
2024-12-22,refund_problems,27,143,0.1888111888111888,Refund Problems
2024-12-23,refund_problems,16,129,0.1240310077519379,Refund Problems
2024-12-24,refund_problems,17,103,0.1650485436893204,Refund Problems
2024-12-25,refund_problems,20,117,0.1709401709401709,Refund Problems
2024-12-26,refund_problems,22,131,0.1679389312977099,Refund Problems
2024-12-27,refund_problems,19,136,0.1397058823529411,Refund Problems
2024-12-28,refund_problems,19,134,0.1417910447761194,Refund Problems
2024-12-29,refund_problems,18,135,0.1333333333333333,Refund Problems
2024-12-30,refund_problems,17,149,0.1140939597315436,Refund Problems
2024-12-31,refund_problems,16,129,0.1240310077519379,Refund Problems
2025-01-01,refund_problems,14,118,0.1186440677966101,Refund Problems
2025-01-02,refund_problems,18,134,0.1343283582089552,Refund Problems
2025-01-03,refund_problems,15,137,0.1094890510948905,Refund Problems
2025-01-04,refund_problems,20,119,0.1680672268907563,Refund Problems
2025-01-05,refund_problems,23,148,0.1554054054054054,Refund Problems
2025-01-06,refund_problems,26,156,0.1666666666666666,Refund Problems
2025-01-07,refund_problems,12,126,0.0952380952380952,Refund Problems
2025-01-08,refund_problems,20,150,0.1333333333333333,Refund Problems
2025-01-09,refund_problems,14,131,0.1068702290076335,Refund Problems
2025-01-10,refund_problems,18,128,0.140625,Refund Problems
2025-01-11,refund_problems,20,148,0.1351351351351351,Refund Problems
2025-01-12,refund_problems,19,136,0.1397058823529411,Refund Problems
2025-01-13,refund_problems,17,123,0.1382113821138211,Refund Problems
2025-01-14,refund_problems,22,135,0.1629629629629629,Refund Problems
2025-01-15,refund_problems,31,139,0.2230215827338129,Refund Problems
2025-01-16,refund_problems,19,148,0.1283783783783783,Refund Problems
2025-01-17,refund_problems,18,156,0.1153846153846153,Refund Problems
2025-01-18,refund_problems,24,120,0.2,Refund Problems
2025-01-19,refund_problems,12,120,0.1,Refund Problems
2025-01-20,refund_problems,14,132,0.106060606060606,Refund Problems
2025-01-21,refund_problems,18,130,0.1384615384615384,Refund Problems
2025-01-22,refund_problems,24,152,0.1578947368421052,Refund Problems
2025-01-23,refund_problems,24,139,0.1726618705035971,Refund Problems
2025-01-24,refund_problems,19,126,0.1507936507936507,Refund Problems
2025-01-25,refund_problems,24,143,0.1678321678321678,Refund Problems
2025-01-26,refund_problems,26,148,0.1756756756756756,Refund Problems
2025-01-27,refund_problems,16,113,0.1415929203539823,Refund Problems
2025-01-28,refund_problems,24,156,0.1538461538461538,Refund Problems
2025-01-29,refund_problems,17,137,0.1240875912408759,Refund Problems
2025-01-30,refund_problems,16,136,0.1176470588235294,Refund Problems
2025-01-31,refund_problems,24,136,0.1764705882352941,Refund Problems
2025-02-01,refund_problems,31,132,0.2348484848484848,Refund Problems
2025-02-02,refund_problems,23,138,0.1666666666666666,Refund Problems
2025-02-03,refund_problems,18,138,0.1304347826086956,Refund Problems
2025-02-04,refund_problems,19,132,0.1439393939393939,Refund Problems
2025-02-05,refund_problems,20,139,0.1438848920863309,Refund Problems
2025-02-06,refund_problems,21,143,0.1468531468531468,Refund Problems
2025-02-07,refund_problems,18,149,0.1208053691275167,Refund Problems
2025-02-08,refund_problems,18,128,0.140625,Refund Problems
2025-02-09,refund_problems,21,139,0.1510791366906475,Refund Problems
2025-02-10,refund_problems,14,138,0.1014492753623188,Refund Problems
2025-02-11,refund_problems,22,129,0.1705426356589147,Refund Problems
2025-02-12,refund_problems,19,140,0.1357142857142857,Refund Problems
2025-02-13,refund_problems,19,148,0.1283783783783783,Refund Problems
2025-02-14,refund_problems,17,116,0.146551724137931,Refund Problems
2025-02-15,refund_problems,18,128,0.140625,Refund Problems
2025-02-16,refund_problems,21,143,0.1468531468531468,Refund Problems
2025-02-17,refund_problems,18,136,0.1323529411764706,Refund Problems
2025-02-18,refund_problems,15,145,0.1034482758620689,Refund Problems
2025-02-19,refund_problems,16,117,0.1367521367521367,Refund Problems
2025-02-20,refund_problems,26,143,0.1818181818181818,Refund Problems
2025-02-21,refund_problems,20,139,0.1438848920863309,Refund Problems
2025-02-22,refund_problems,20,114,0.175438596491228,Refund Problems
2025-02-23,refund_problems,17,123,0.1382113821138211,Refund Problems
2025-02-24,refund_problems,23,135,0.1703703703703703,Refund Problems
2025-02-25,refund_problems,17,139,0.1223021582733813,Refund Problems
2025-02-26,refund_problems,11,127,0.0866141732283464,Refund Problems
2025-02-27,refund_problems,19,120,0.1583333333333333,Refund Problems
2025-02-28,refund_problems,19,130,0.1461538461538461,Refund Problems
2025-03-01,refund_problems,16,137,0.1167883211678832,Refund Problems
2025-03-02,refund_problems,15,141,0.1063829787234042,Refund Problems
2025-03-03,refund_problems,18,128,0.140625,Refund Problems
2025-03-04,refund_problems,19,142,0.1338028169014084,Refund Problems
2025-03-05,refund_problems,19,137,0.1386861313868613,Refund Problems
2025-03-06,refund_problems,20,143,0.1398601398601398,Refund Problems
2025-03-07,refund_problems,16,123,0.1300813008130081,Refund Problems
2025-03-08,refund_problems,23,128,0.1796875,Refund Problems
2025-03-09,refund_problems,14,135,0.1037037037037037,Refund Problems
2025-03-10,refund_problems,18,127,0.1417322834645669,Refund Problems
2025-03-11,refund_problems,22,138,0.1594202898550724,Refund Problems
2025-03-12,refund_problems,26,133,0.1954887218045112,Refund Problems
2025-03-13,refund_problems,16,121,0.1322314049586777,Refund Problems
2025-03-14,refund_problems,24,140,0.1714285714285714,Refund Problems
2025-03-15,refund_problems,16,131,0.1221374045801526,Refund Problems
2025-03-16,refund_problems,23,134,0.1716417910447761,Refund Problems
2025-03-17,refund_problems,19,135,0.1407407407407407,Refund Problems
2025-03-18,refund_problems,18,99,0.1818181818181818,Refund Problems
2025-03-19,refund_problems,12,121,0.0991735537190082,Refund Problems
2025-03-20,refund_problems,22,120,0.1833333333333333,Refund Problems
2025-03-21,refund_problems,21,138,0.1521739130434782,Refund Problems
2025-03-22,refund_problems,20,142,0.1408450704225352,Refund Problems
2025-03-23,refund_problems,19,121,0.1570247933884297,Refund Problems
2025-03-24,refund_problems,19,146,0.1301369863013698,Refund Problems
2025-03-25,refund_problems,17,119,0.1428571428571428,Refund Problems
2025-03-26,refund_problems,16,137,0.1167883211678832,Refund Problems
2025-03-27,refund_problems,19,131,0.1450381679389313,Refund Problems
2025-03-28,refund_problems,17,125,0.136,Refund Problems
2025-03-29,refund_problems,13,125,0.104,Refund Problems
2025-03-30,refund_problems,23,137,0.1678832116788321,Refund Problems
2025-03-31,refund_problems,24,150,0.16,Refund Problems
2025-04-01,refund_problems,25,152,0.1644736842105263,Refund Problems
2025-04-02,refund_problems,18,145,0.1241379310344827,Refund Problems
2025-04-03,refund_problems,21,138,0.1521739130434782,Refund Problems
2025-04-04,refund_problems,19,116,0.1637931034482758,Refund Problems
2025-04-05,refund_problems,14,148,0.0945945945945946,Refund Problems
2025-04-06,refund_problems,20,139,0.1438848920863309,Refund Problems
2025-04-07,refund_problems,18,119,0.1512605042016806,Refund Problems
2025-04-08,refund_problems,18,127,0.1417322834645669,Refund Problems
2025-04-09,refund_problems,16,124,0.1290322580645161,Refund Problems
2025-04-10,refund_problems,25,147,0.1700680272108843,Refund Problems
2025-04-11,refund_problems,21,150,0.14,Refund Problems
2025-04-12,refund_problems,16,158,0.1012658227848101,Refund Problems
2025-04-13,refund_problems,12,109,0.110091743119266,Refund Problems
2025-04-14,refund_problems,19,132,0.1439393939393939,Refund Problems
2025-04-15,refund_problems,16,149,0.1073825503355704,Refund Problems
2025-04-16,refund_problems,17,130,0.1307692307692307,Refund Problems
2025-04-17,refund_problems,19,123,0.1544715447154471,Refund Problems
2025-04-18,refund_problems,21,139,0.1510791366906475,Refund Problems
2025-04-19,refund_problems,14,110,0.1272727272727272,Refund Problems
2025-04-20,refund_problems,19,128,0.1484375,Refund Problems
2025-04-21,refund_problems,13,132,0.0984848484848484,Refund Problems
2025-04-22,refund_problems,17,137,0.1240875912408759,Refund Problems
2025-04-23,refund_problems,16,130,0.123076923076923,Refund Problems
2025-04-24,refund_problems,19,145,0.1310344827586207,Refund Problems
2025-04-25,refund_problems,20,121,0.1652892561983471,Refund Problems
2025-04-26,refund_problems,16,129,0.1240310077519379,Refund Problems
2025-04-27,refund_problems,20,127,0.1574803149606299,Refund Problems
2025-04-28,refund_problems,17,118,0.1440677966101695,Refund Problems
2025-04-29,refund_problems,17,122,0.1393442622950819,Refund Problems
2025-04-30,refund_problems,18,125,0.144,Refund Problems
2025-05-01,refund_problems,16,149,0.1073825503355704,Refund Problems
2025-05-02,refund_problems,20,122,0.1639344262295081,Refund Problems
2025-05-03,refund_problems,15,129,0.1162790697674418,Refund Problems
2025-05-04,refund_problems,21,139,0.1510791366906475,Refund Problems
2025-05-05,refund_problems,22,126,0.1746031746031746,Refund Problems
2025-05-06,refund_problems,28,150,0.1866666666666666,Refund Problems
2025-05-07,refund_problems,16,130,0.123076923076923,Refund Problems
2025-05-08,refund_problems,14,118,0.1186440677966101,Refund Problems
2025-05-09,refund_problems,13,142,0.0915492957746478,Refund Problems
2025-05-10,refund_problems,8,124,0.064516129032258,Refund Problems
2025-05-11,refund_problems,13,132,0.0984848484848484,Refund Problems
2025-05-12,refund_problems,16,138,0.1159420289855072,Refund Problems
2025-05-13,refund_problems,12,129,0.0930232558139534,Refund Problems
2025-05-14,refund_problems,26,119,0.2184873949579832,Refund Problems
2025-05-15,refund_problems,22,124,0.1774193548387097,Refund Problems
2025-05-16,refund_problems,20,139,0.1438848920863309,Refund Problems
2025-05-17,refund_problems,18,124,0.1451612903225806,Refund Problems
2025-05-18,refund_problems,16,121,0.1322314049586777,Refund Problems
2025-05-19,refund_problems,16,114,0.1403508771929824,Refund Problems
2025-05-20,refund_problems,17,130,0.1307692307692307,Refund Problems
2025-05-21,refund_problems,14,108,0.1296296296296296,Refund Problems
2025-05-22,refund_problems,19,156,0.1217948717948717,Refund Problems
2025-05-23,refund_problems,20,148,0.1351351351351351,Refund Problems
2025-05-24,refund_problems,18,137,0.1313868613138686,Refund Problems
2025-05-25,refund_problems,21,141,0.1489361702127659,Refund Problems
2025-05-26,refund_problems,18,119,0.1512605042016806,Refund Problems
2025-05-27,refund_problems,24,160,0.15,Refund Problems
2025-05-28,refund_problems,18,147,0.1224489795918367,Refund Problems
2025-05-29,refund_problems,19,116,0.1637931034482758,Refund Problems
2025-05-30,refund_problems,20,133,0.150375939849624,Refund Problems
2025-05-31,refund_problems,19,140,0.1357142857142857,Refund Problems
2025-06-01,refund_problems,19,132,0.1439393939393939,Refund Problems
2025-06-02,refund_problems,20,118,0.1694915254237288,Refund Problems
2025-06-03,refund_problems,18,121,0.1487603305785124,Refund Problems
2025-06-04,refund_problems,20,141,0.1418439716312056,Refund Problems
2025-06-05,refund_problems,15,116,0.1293103448275862,Refund Problems
2025-06-06,refund_problems,17,140,0.1214285714285714,Refund Problems
2025-06-07,refund_problems,20,138,0.144927536231884,Refund Problems
2025-06-08,refund_problems,21,142,0.1478873239436619,Refund Problems
2025-06-09,refund_problems,23,126,0.1825396825396825,Refund Problems
2025-06-10,refund_problems,19,152,0.125,Refund Problems
2025-06-11,refund_problems,16,133,0.1203007518796992,Refund Problems
2025-06-12,refund_problems,13,137,0.0948905109489051,Refund Problems
2025-06-13,refund_problems,14,137,0.1021897810218978,Refund Problems
2025-06-14,refund_problems,19,113,0.168141592920354,Refund Problems
2025-06-15,refund_problems,12,104,0.1153846153846153,Refund Problems
2025-06-16,refund_problems,25,132,0.1893939393939394,Refund Problems
2025-06-17,refund_problems,15,117,0.1282051282051282,Refund Problems
2025-06-18,refund_problems,28,136,0.2058823529411764,Refund Problems
2025-06-19,refund_problems,14,130,0.1076923076923077,Refund Problems
2025-06-20,refund_problems,19,137,0.1386861313868613,Refund Problems
2025-06-21,refund_problems,15,146,0.1027397260273972,Refund Problems
2025-06-22,refund_problems,18,134,0.1343283582089552,Refund Problems
2025-06-23,refund_problems,13,116,0.1120689655172413,Refund Problems
2025-06-24,refund_problems,21,134,0.1567164179104477,Refund Problems
2025-06-25,refund_problems,16,118,0.135593220338983,Refund Problems
2025-06-26,refund_problems,14,119,0.1176470588235294,Refund Problems
2025-06-27,refund_problems,23,143,0.1608391608391608,Refund Problems
2025-06-28,refund_problems,14,132,0.106060606060606,Refund Problems
2025-06-29,refund_problems,22,140,0.1571428571428571,Refund Problems
2025-06-30,refund_problems,18,133,0.1353383458646616,Refund Problems
2025-07-01,refund_problems,18,118,0.1525423728813559,Refund Problems
2025-07-02,refund_problems,17,128,0.1328125,Refund Problems
2025-07-03,refund_problems,17,124,0.1370967741935483,Refund Problems
2025-07-04,refund_problems,16,124,0.1290322580645161,Refund Problems
2025-07-05,refund_problems,15,126,0.119047619047619,Refund Problems
2025-07-06,refund_problems,24,131,0.183206106870229,Refund Problems
2025-07-07,refund_problems,13,116,0.1120689655172413,Refund Problems
2025-07-08,refund_problems,22,158,0.1392405063291139,Refund Problems
2025-07-09,refund_problems,16,134,0.1194029850746268,Refund Problems
2025-07-10,refund_problems,27,151,0.1788079470198675,Refund Problems
2025-07-11,refund_problems,17,139,0.1223021582733813,Refund Problems
2025-07-12,refund_problems,13,141,0.0921985815602836,Refund Problems
2025-07-13,refund_problems,18,122,0.1475409836065573,Refund Problems
2025-07-14,refund_problems,28,123,0.2276422764227642,Refund Problems
2025-07-15,refund_problems,23,120,0.1916666666666666,Refund Problems
2025-07-16,refund_problems,19,112,0.1696428571428571,Refund Problems
2025-07-17,refund_problems,26,136,0.1911764705882352,Refund Problems
2025-07-18,refund_problems,14,141,0.0992907801418439,Refund Problems
2025-07-19,refund_problems,15,145,0.1034482758620689,Refund Problems
2025-07-20,refund_problems,20,147,0.1360544217687075,Refund Problems
2025-07-21,refund_problems,18,124,0.1451612903225806,Refund Problems
2025-07-22,refund_problems,20,125,0.16,Refund Problems
2025-07-23,refund_problems,23,129,0.1782945736434108,Refund Problems
2025-07-24,refund_problems,19,154,0.1233766233766233,Refund Problems
2025-07-25,refund_problems,13,126,0.1031746031746031,Refund Problems
2025-07-26,refund_problems,23,146,0.1575342465753424,Refund Problems
2025-07-27,refund_problems,20,144,0.1388888888888889,Refund Problems
2025-07-28,refund_problems,21,148,0.1418918918918918,Refund Problems
2025-07-29,refund_problems,16,101,0.1584158415841584,Refund Problems
2025-07-30,refund_problems,16,133,0.1203007518796992,Refund Problems
2025-07-31,refund_problems,14,133,0.1052631578947368,Refund Problems
2025-08-01,refund_problems,16,143,0.1118881118881118,Refund Problems
2025-08-02,refund_problems,23,151,0.152317880794702,Refund Problems
2025-08-03,refund_problems,27,130,0.2076923076923077,Refund Problems
2025-08-04,refund_problems,31,143,0.2167832167832167,Refund Problems
2025-08-05,refund_problems,20,122,0.1639344262295081,Refund Problems
2025-08-06,refund_problems,19,143,0.1328671328671328,Refund Problems
2025-08-07,refund_problems,10,116,0.0862068965517241,Refund Problems
2025-08-08,refund_problems,24,124,0.1935483870967742,Refund Problems
2025-08-09,refund_problems,14,125,0.112,Refund Problems
2025-08-10,refund_problems,20,158,0.1265822784810126,Refund Problems
2025-08-11,refund_problems,20,131,0.1526717557251908,Refund Problems
2025-08-12,refund_problems,25,155,0.1612903225806451,Refund Problems
2025-08-13,refund_problems,11,119,0.0924369747899159,Refund Problems
2025-08-14,refund_problems,27,136,0.1985294117647058,Refund Problems
2025-08-15,refund_problems,22,142,0.1549295774647887,Refund Problems
2025-08-16,refund_problems,13,117,0.1111111111111111,Refund Problems
2025-08-17,refund_problems,19,138,0.1376811594202898,Refund Problems
2025-08-18,refund_problems,16,117,0.1367521367521367,Refund Problems
2025-08-19,refund_problems,24,129,0.1860465116279069,Refund Problems
2025-08-20,refund_problems,19,146,0.1301369863013698,Refund Problems
2025-08-21,refund_problems,22,145,0.1517241379310344,Refund Problems
2025-08-22,refund_problems,24,146,0.1643835616438356,Refund Problems
2025-08-23,refund_problems,27,122,0.221311475409836,Refund Problems
2025-08-24,refund_problems,11,129,0.0852713178294573,Refund Problems
2025-08-25,refund_problems,18,129,0.1395348837209302,Refund Problems
2025-08-26,refund_problems,21,124,0.1693548387096774,Refund Problems
2025-08-27,refund_problems,22,126,0.1746031746031746,Refund Problems
2025-08-28,refund_problems,19,123,0.1544715447154471,Refund Problems
2025-08-29,refund_problems,17,121,0.140495867768595,Refund Problems
2025-08-30,refund_problems,15,127,0.1181102362204724,Refund Problems
2025-08-31,refund_problems,18,124,0.1451612903225806,Refund Problems
2025-09-01,refund_problems,13,132,0.0984848484848484,Refund Problems
2025-09-02,refund_problems,21,132,0.1590909090909091,Refund Problems
2025-09-03,refund_problems,21,136,0.1544117647058823,Refund Problems
2025-09-04,refund_problems,23,133,0.1729323308270676,Refund Problems
2025-09-05,refund_problems,23,113,0.2035398230088495,Refund Problems
2025-09-06,refund_problems,18,122,0.1475409836065573,Refund Problems
2025-09-07,refund_problems,16,141,0.1134751773049645,Refund Problems
2025-09-08,refund_problems,21,141,0.1489361702127659,Refund Problems
2025-09-09,refund_problems,16,152,0.1052631578947368,Refund Problems
2025-09-10,refund_problems,27,127,0.2125984251968504,Refund Problems
2025-09-11,refund_problems,14,129,0.1085271317829457,Refund Problems
2025-09-12,refund_problems,24,129,0.1860465116279069,Refund Problems
2025-09-13,refund_problems,19,115,0.1652173913043478,Refund Problems
2025-09-14,refund_problems,18,119,0.1512605042016806,Refund Problems
2025-09-15,refund_problems,18,132,0.1363636363636363,Refund Problems
2025-09-16,refund_problems,24,133,0.1804511278195488,Refund Problems
2025-09-17,refund_problems,25,137,0.1824817518248175,Refund Problems
2025-09-18,refund_problems,16,135,0.1185185185185185,Refund Problems
2025-09-19,refund_problems,20,138,0.144927536231884,Refund Problems
2025-09-20,refund_problems,18,142,0.1267605633802817,Refund Problems
2025-09-21,refund_problems,8,118,0.0677966101694915,Refund Problems
2025-09-22,refund_problems,16,117,0.1367521367521367,Refund Problems
2025-09-23,refund_problems,20,125,0.16,Refund Problems
2025-09-24,refund_problems,24,129,0.1860465116279069,Refund Problems
2025-09-25,refund_problems,19,113,0.168141592920354,Refund Problems
2025-09-26,refund_problems,22,135,0.1629629629629629,Refund Problems
2025-09-27,refund_problems,24,146,0.1643835616438356,Refund Problems
2025-09-28,refund_problems,19,140,0.1357142857142857,Refund Problems
2025-09-29,refund_problems,10,122,0.081967213114754,Refund Problems
2025-09-30,refund_problems,24,134,0.1791044776119403,Refund Problems
2025-10-01,refund_problems,21,135,0.1555555555555555,Refund Problems
2025-10-02,refund_problems,9,114,0.0789473684210526,Refund Problems
2025-10-03,refund_problems,10,125,0.08,Refund Problems
2025-10-04,refund_problems,26,139,0.1870503597122302,Refund Problems
2025-10-05,refund_problems,19,118,0.1610169491525423,Refund Problems
2025-10-06,refund_problems,18,130,0.1384615384615384,Refund Problems
2025-10-07,refund_problems,30,130,0.2307692307692307,Refund Problems
2025-10-08,refund_problems,20,129,0.1550387596899224,Refund Problems
2025-10-09,refund_problems,23,141,0.1631205673758865,Refund Problems
2025-10-10,refund_problems,18,127,0.1417322834645669,Refund Problems
2025-10-11,refund_problems,22,142,0.1549295774647887,Refund Problems
2025-10-12,refund_problems,22,116,0.1896551724137931,Refund Problems
2025-10-13,refund_problems,17,121,0.140495867768595,Refund Problems
2025-10-14,refund_problems,18,123,0.1463414634146341,Refund Problems
2025-10-15,refund_problems,18,137,0.1313868613138686,Refund Problems
2025-10-16,refund_problems,22,143,0.1538461538461538,Refund Problems
2025-10-17,refund_problems,19,107,0.1775700934579439,Refund Problems
2025-10-18,refund_problems,17,143,0.1188811188811188,Refund Problems
2025-10-19,refund_problems,17,114,0.1491228070175438,Refund Problems
2025-10-20,refund_problems,13,110,0.1181818181818181,Refund Problems
2025-10-21,refund_problems,17,115,0.1478260869565217,Refund Problems
2025-10-22,refund_problems,21,115,0.1826086956521739,Refund Problems
2025-10-23,refund_problems,24,140,0.1714285714285714,Refund Problems
2025-10-24,refund_problems,18,130,0.1384615384615384,Refund Problems
2025-10-25,refund_problems,19,133,0.1428571428571428,Refund Problems
2025-10-26,refund_problems,22,138,0.1594202898550724,Refund Problems
2025-10-27,refund_problems,14,132,0.106060606060606,Refund Problems
2025-10-28,refund_problems,21,142,0.1478873239436619,Refund Problems
2025-10-29,refund_problems,16,134,0.1194029850746268,Refund Problems
2025-10-30,refund_problems,19,130,0.1461538461538461,Refund Problems
2025-10-31,refund_problems,13,105,0.1238095238095238,Refund Problems
2025-11-01,refund_problems,32,149,0.2147651006711409,Refund Problems
2025-11-02,refund_problems,25,128,0.1953125,Refund Problems
2025-11-03,refund_problems,16,136,0.1176470588235294,Refund Problems
2025-11-04,refund_problems,14,130,0.1076923076923077,Refund Problems
2025-11-05,refund_problems,21,133,0.1578947368421052,Refund Problems
2025-11-06,refund_problems,20,126,0.1587301587301587,Refund Problems
2025-11-07,refund_problems,23,146,0.1575342465753424,Refund Problems
2025-11-08,refund_problems,26,142,0.1830985915492957,Refund Problems
2025-11-09,refund_problems,15,118,0.1271186440677966,Refund Problems
2025-11-10,refund_problems,17,129,0.1317829457364341,Refund Problems
2025-11-11,refund_problems,27,145,0.1862068965517241,Refund Problems
2025-11-12,refund_problems,15,112,0.1339285714285714,Refund Problems
2025-11-13,refund_problems,17,136,0.125,Refund Problems
2025-11-14,refund_problems,19,117,0.1623931623931624,Refund Problems
2025-11-15,refund_problems,15,110,0.1363636363636363,Refund Problems
2025-11-16,refund_problems,20,137,0.145985401459854,Refund Problems
2025-11-17,refund_problems,19,149,0.1275167785234899,Refund Problems
2025-11-18,refund_problems,24,134,0.1791044776119403,Refund Problems
2025-11-19,refund_problems,17,123,0.1382113821138211,Refund Problems
2025-11-20,refund_problems,17,143,0.1188811188811188,Refund Problems
2025-11-21,refund_problems,17,120,0.1416666666666666,Refund Problems
2025-11-22,refund_problems,17,130,0.1307692307692307,Refund Problems
2025-11-23,refund_problems,19,129,0.1472868217054263,Refund Problems
2025-11-24,refund_problems,16,121,0.1322314049586777,Refund Problems
2025-11-25,refund_problems,19,119,0.1596638655462184,Refund Problems
2025-11-26,refund_problems,17,119,0.1428571428571428,Refund Problems
2025-11-27,refund_problems,23,140,0.1642857142857142,Refund Problems
2025-11-28,refund_problems,14,129,0.1085271317829457,Refund Problems
2025-11-29,refund_problems,29,151,0.1920529801324503,Refund Problems
2025-11-30,refund_problems,22,129,0.1705426356589147,Refund Problems
2025-12-01,refund_problems,18,168,0.1071428571428571,Refund Problems
2025-12-02,refund_problems,21,119,0.1764705882352941,Refund Problems
2025-12-03,refund_problems,21,133,0.1578947368421052,Refund Problems
2025-12-04,refund_problems,19,139,0.1366906474820144,Refund Problems
2025-12-05,refund_problems,16,113,0.1415929203539823,Refund Problems
2025-12-06,refund_problems,18,134,0.1343283582089552,Refund Problems
2025-12-07,refund_problems,17,124,0.1370967741935483,Refund Problems
2025-12-08,refund_problems,29,153,0.1895424836601307,Refund Problems
2025-12-09,refund_problems,15,134,0.1119402985074626,Refund Problems
2025-12-10,refund_problems,11,147,0.0748299319727891,Refund Problems
2025-12-11,refund_problems,12,132,0.0909090909090909,Refund Problems
2025-12-12,refund_problems,20,131,0.1526717557251908,Refund Problems
2025-12-13,refund_problems,16,137,0.1167883211678832,Refund Problems
2025-12-14,refund_problems,15,105,0.1428571428571428,Refund Problems
2025-12-15,refund_problems,14,122,0.1147540983606557,Refund Problems
2025-12-16,refund_problems,19,136,0.1397058823529411,Refund Problems
2025-12-17,refund_problems,18,128,0.140625,Refund Problems
2025-12-18,refund_problems,17,118,0.1440677966101695,Refund Problems
2025-12-19,refund_problems,25,140,0.1785714285714285,Refund Problems
2025-12-20,refund_problems,19,145,0.1310344827586207,Refund Problems
2025-12-21,refund_problems,10,121,0.0826446280991735,Refund Problems
2025-12-22,refund_problems,19,138,0.1376811594202898,Refund Problems
2025-12-23,refund_problems,9,137,0.0656934306569343,Refund Problems
2025-12-24,refund_problems,18,123,0.1463414634146341,Refund Problems
2025-12-25,refund_problems,19,123,0.1544715447154471,Refund Problems
2025-12-26,refund_problems,16,135,0.1185185185185185,Refund Problems
2025-12-27,refund_problems,23,119,0.1932773109243697,Refund Problems
2025-12-28,refund_problems,19,151,0.1258278145695364,Refund Problems
2025-12-29,refund_problems,19,130,0.1461538461538461,Refund Problems
2025-12-30,refund_problems,17,115,0.1478260869565217,Refund Problems
2025-12-31,refund_problems,21,134,0.1567164179104477,Refund Problems
2026-01-01,refund_problems,22,140,0.1571428571428571,Refund Problems
2026-01-02,refund_problems,13,116,0.1120689655172413,Refund Problems
2026-01-03,refund_problems,18,132,0.1363636363636363,Refund Problems
2026-01-04,refund_problems,18,123,0.1463414634146341,Refund Problems
2026-01-05,refund_problems,17,125,0.136,Refund Problems
2026-01-06,refund_problems,20,137,0.145985401459854,Refund Problems
2026-01-07,refund_problems,13,123,0.1056910569105691,Refund Problems
2026-01-08,refund_problems,14,111,0.1261261261261261,Refund Problems
2026-01-09,refund_problems,19,127,0.1496062992125984,Refund Problems
2026-01-10,refund_problems,16,143,0.1118881118881118,Refund Problems
2026-01-11,refund_problems,22,118,0.1864406779661017,Refund Problems
2026-01-12,refund_problems,18,145,0.1241379310344827,Refund Problems
2026-01-13,refund_problems,13,138,0.0942028985507246,Refund Problems
2026-01-14,refund_problems,20,127,0.1574803149606299,Refund Problems
2026-01-15,refund_problems,24,135,0.1777777777777777,Refund Problems
2026-01-16,refund_problems,16,120,0.1333333333333333,Refund Problems
2026-01-17,refund_problems,15,120,0.125,Refund Problems
2026-01-18,refund_problems,23,131,0.1755725190839694,Refund Problems
2026-01-19,refund_problems,19,136,0.1397058823529411,Refund Problems
2026-01-20,refund_problems,28,127,0.2204724409448819,Refund Problems
2026-01-21,refund_problems,17,130,0.1307692307692307,Refund Problems
2026-01-22,refund_problems,22,149,0.1476510067114094,Refund Problems
2026-01-23,refund_problems,13,115,0.1130434782608695,Refund Problems
2026-01-24,refund_problems,23,134,0.1716417910447761,Refund Problems
2026-01-25,refund_problems,16,124,0.1290322580645161,Refund Problems
2026-01-26,refund_problems,13,125,0.104,Refund Problems
2026-01-27,refund_problems,22,139,0.158273381294964,Refund Problems
2026-01-28,refund_problems,16,121,0.1322314049586777,Refund Problems
2026-01-29,refund_problems,12,132,0.0909090909090909,Refund Problems
2026-01-30,refund_problems,27,140,0.1928571428571428,Refund Problems
2026-01-31,refund_problems,17,114,0.1491228070175438,Refund Problems
2026-02-01,refund_problems,23,115,0.2,Refund Problems
2026-02-02,refund_problems,18,147,0.1224489795918367,Refund Problems
2026-02-03,refund_problems,23,153,0.1503267973856209,Refund Problems
2026-02-04,refund_problems,16,136,0.1176470588235294,Refund Problems
2026-02-05,refund_problems,18,133,0.1353383458646616,Refund Problems
2026-02-06,refund_problems,18,126,0.1428571428571428,Refund Problems
2026-02-07,refund_problems,18,143,0.1258741258741259,Refund Problems
2026-02-08,refund_problems,18,140,0.1285714285714285,Refund Problems
2026-02-09,refund_problems,27,137,0.1970802919708029,Refund Problems
2026-02-10,refund_problems,15,134,0.1119402985074626,Refund Problems
2026-02-11,refund_problems,16,121,0.1322314049586777,Refund Problems
2026-02-12,refund_problems,17,130,0.1307692307692307,Refund Problems
2026-02-13,refund_problems,10,131,0.0763358778625954,Refund Problems
2026-02-14,refund_problems,24,129,0.1860465116279069,Refund Problems
2026-02-15,refund_problems,10,141,0.0709219858156028,Refund Problems
2026-02-16,refund_problems,24,149,0.1610738255033557,Refund Problems
2026-02-17,refund_problems,15,118,0.1271186440677966,Refund Problems
2026-02-18,refund_problems,20,121,0.1652892561983471,Refund Problems
2026-02-19,refund_problems,12,123,0.0975609756097561,Refund Problems
2026-02-20,refund_problems,32,131,0.2442748091603053,Refund Problems
2026-02-21,refund_problems,18,156,0.1153846153846153,Refund Problems
2026-02-22,refund_problems,13,118,0.1101694915254237,Refund Problems
2026-02-23,refund_problems,18,145,0.1241379310344827,Refund Problems
2026-02-24,refund_problems,13,140,0.0928571428571428,Refund Problems
2026-02-25,refund_problems,14,114,0.1228070175438596,Refund Problems
2026-02-26,refund_problems,25,140,0.1785714285714285,Refund Problems
2026-02-27,refund_problems,18,138,0.1304347826086956,Refund Problems
2026-02-28,refund_problems,19,113,0.168141592920354,Refund Problems
2026-03-01,refund_problems,20,137,0.145985401459854,Refund Problems
2026-03-02,refund_problems,25,131,0.1908396946564885,Refund Problems
2026-03-03,refund_problems,26,164,0.1585365853658536,Refund Problems
2026-03-04,refund_problems,23,144,0.1597222222222222,Refund Problems
2026-03-05,refund_problems,27,147,0.1836734693877551,Refund Problems
2026-03-06,refund_problems,15,131,0.1145038167938931,Refund Problems
2026-03-07,refund_problems,20,133,0.150375939849624,Refund Problems
2026-03-08,refund_problems,14,128,0.109375,Refund Problems
2026-03-09,refund_problems,14,124,0.1129032258064516,Refund Problems
2026-03-10,refund_problems,24,129,0.1860465116279069,Refund Problems
2026-03-11,refund_problems,16,127,0.1259842519685039,Refund Problems
2026-03-12,refund_problems,22,120,0.1833333333333333,Refund Problems
2026-03-13,refund_problems,18,139,0.1294964028776978,Refund Problems
2026-03-14,refund_problems,22,131,0.1679389312977099,Refund Problems
2026-03-15,refund_problems,15,123,0.1219512195121951,Refund Problems
2026-03-16,refund_problems,19,119,0.1596638655462184,Refund Problems
2026-03-17,refund_problems,21,138,0.1521739130434782,Refund Problems
2026-03-18,refund_problems,25,150,0.1666666666666666,Refund Problems
2026-03-19,refund_problems,15,136,0.1102941176470588,Refund Problems
2026-03-20,refund_problems,24,142,0.1690140845070422,Refund Problems
2026-03-21,refund_problems,17,114,0.1491228070175438,Refund Problems
2026-03-22,refund_problems,16,146,0.1095890410958904,Refund Problems
2026-03-23,refund_problems,20,139,0.1438848920863309,Refund Problems
2026-03-24,refund_problems,18,121,0.1487603305785124,Refund Problems
2026-03-25,refund_problems,15,140,0.1071428571428571,Refund Problems
2026-03-26,refund_problems,18,138,0.1304347826086956,Refund Problems
2026-03-27,refund_problems,16,139,0.1151079136690647,Refund Problems
2026-03-28,refund_problems,12,116,0.1034482758620689,Refund Problems
2026-03-29,refund_problems,20,130,0.1538461538461538,Refund Problems
2026-03-30,refund_problems,23,145,0.1586206896551724,Refund Problems
2026-03-31,refund_problems,27,125,0.216,Refund Problems
2026-04-01,refund_problems,19,126,0.1507936507936507,Refund Problems
2026-04-02,refund_problems,23,124,0.1854838709677419,Refund Problems
2026-04-03,refund_problems,24,139,0.1726618705035971,Refund Problems
2026-04-04,refund_problems,14,138,0.1014492753623188,Refund Problems
2026-04-05,refund_problems,9,134,0.0671641791044776,Refund Problems
2026-04-06,refund_problems,19,144,0.1319444444444444,Refund Problems
2026-04-07,refund_problems,14,135,0.1037037037037037,Refund Problems
2026-04-08,refund_problems,18,116,0.1551724137931034,Refund Problems
2026-04-09,refund_problems,19,131,0.1450381679389313,Refund Problems
2026-04-10,refund_problems,20,137,0.145985401459854,Refund Problems
2026-04-11,refund_problems,23,131,0.1755725190839694,Refund Problems
2026-04-12,refund_problems,18,129,0.1395348837209302,Refund Problems
2026-04-13,refund_problems,21,121,0.1735537190082644,Refund Problems
2026-04-14,refund_problems,22,132,0.1666666666666666,Refund Problems
2026-04-15,refund_problems,20,131,0.1526717557251908,Refund Problems
2026-04-16,refund_problems,18,135,0.1333333333333333,Refund Problems
2026-04-17,refund_problems,13,125,0.104,Refund Problems
2026-04-18,refund_problems,18,137,0.1313868613138686,Refund Problems
2026-04-19,refund_problems,25,118,0.211864406779661,Refund Problems
2026-04-20,refund_problems,22,140,0.1571428571428571,Refund Problems
2026-04-21,refund_problems,24,128,0.1875,Refund Problems
2026-04-22,refund_problems,20,139,0.1438848920863309,Refund Problems
2026-04-23,refund_problems,15,125,0.12,Refund Problems
2026-04-24,refund_problems,22,130,0.1692307692307692,Refund Problems
2026-04-25,refund_problems,12,107,0.1121495327102803,Refund Problems
2026-04-26,refund_problems,29,140,0.2071428571428571,Refund Problems
2026-04-27,refund_problems,28,140,0.2,Refund Problems
2026-04-28,refund_problems,22,113,0.1946902654867256,Refund Problems
2026-04-29,refund_problems,25,138,0.181159420289855,Refund Problems
2026-04-30,refund_problems,14,126,0.1111111111111111,Refund Problems
2026-05-01,refund_problems,22,141,0.1560283687943262,Refund Problems
2026-05-02,refund_problems,17,128,0.1328125,Refund Problems
2026-05-03,refund_problems,23,137,0.1678832116788321,Refund Problems
2026-05-04,refund_problems,23,143,0.1608391608391608,Refund Problems
2026-05-05,refund_problems,25,155,0.1612903225806451,Refund Problems
2026-05-06,refund_problems,22,127,0.1732283464566929,Refund Problems
2026-05-07,refund_problems,18,139,0.1294964028776978,Refund Problems
2026-05-08,refund_problems,14,136,0.1029411764705882,Refund Problems
2026-05-09,refund_problems,26,130,0.2,Refund Problems
2026-05-10,refund_problems,16,134,0.1194029850746268,Refund Problems
2026-05-11,refund_problems,17,125,0.136,Refund Problems
2026-05-12,refund_problems,20,132,0.1515151515151515,Refund Problems
2026-05-13,refund_problems,19,123,0.1544715447154471,Refund Problems
2026-05-14,refund_problems,19,132,0.1439393939393939,Refund Problems
2026-05-15,refund_problems,19,131,0.1450381679389313,Refund Problems
2026-05-16,refund_problems,12,136,0.088235294117647,Refund Problems
2026-05-17,refund_problems,14,135,0.1037037037037037,Refund Problems
2026-05-18,refund_problems,9,120,0.075,Refund Problems
2026-05-19,refund_problems,22,138,0.1594202898550724,Refund Problems
2026-05-20,refund_problems,22,140,0.1571428571428571,Refund Problems
2026-05-21,refund_problems,15,118,0.1271186440677966,Refund Problems
2026-05-22,refund_problems,14,141,0.0992907801418439,Refund Problems
2026-05-23,refund_problems,20,130,0.1538461538461538,Refund Problems
2026-05-24,refund_problems,12,124,0.0967741935483871,Refund Problems
2026-05-25,refund_problems,17,128,0.1328125,Refund Problems
2026-05-26,refund_problems,17,111,0.1531531531531531,Refund Problems
2026-05-27,refund_problems,25,136,0.1838235294117647,Refund Problems
2026-05-28,refund_problems,14,125,0.112,Refund Problems
2026-05-29,refund_problems,25,125,0.2,Refund Problems
2026-05-30,refund_problems,17,111,0.1531531531531531,Refund Problems
2026-05-31,refund_problems,18,154,0.1168831168831168,Refund Problems
2026-06-01,refund_problems,22,125,0.176,Refund Problems
2026-06-02,refund_problems,22,144,0.1527777777777778,Refund Problems
2026-06-03,refund_problems,18,141,0.1276595744680851,Refund Problems
2026-06-04,refund_problems,23,134,0.1716417910447761,Refund Problems
2026-06-05,refund_problems,21,138,0.1521739130434782,Refund Problems
2026-06-06,refund_problems,24,133,0.1804511278195488,Refund Problems
2026-06-07,refund_problems,20,132,0.1515151515151515,Refund Problems
2026-06-08,refund_problems,13,124,0.1048387096774193,Refund Problems
2026-06-09,refund_problems,16,141,0.1134751773049645,Refund Problems
2026-06-10,refund_problems,13,122,0.1065573770491803,Refund Problems
2026-06-11,refund_problems,17,143,0.1188811188811188,Refund Problems
2026-06-12,refund_problems,19,126,0.1507936507936507,Refund Problems
2026-06-13,refund_problems,22,115,0.1913043478260869,Refund Problems
2026-06-14,refund_problems,18,126,0.1428571428571428,Refund Problems
2026-06-15,refund_problems,23,126,0.1825396825396825,Refund Problems
2026-06-16,refund_problems,14,130,0.1076923076923077,Refund Problems
2026-06-17,refund_problems,13,131,0.099236641221374,Refund Problems
2026-06-18,refund_problems,20,131,0.1526717557251908,Refund Problems
2026-06-19,refund_problems,15,147,0.1020408163265306,Refund Problems
2026-06-20,refund_problems,25,115,0.217391304347826,Refund Problems
2026-06-21,refund_problems,17,124,0.1370967741935483,Refund Problems
2026-06-22,refund_problems,17,142,0.1197183098591549,Refund Problems
2026-06-23,refund_problems,14,131,0.1068702290076335,Refund Problems
2026-06-24,refund_problems,14,123,0.1138211382113821,Refund Problems
2026-06-25,refund_problems,18,129,0.1395348837209302,Refund Problems
2026-06-26,refund_problems,23,146,0.1575342465753424,Refund Problems
2026-06-27,refund_problems,15,123,0.1219512195121951,Refund Problems
2026-06-28,refund_problems,19,137,0.1386861313868613,Refund Problems
2026-06-29,refund_problems,16,119,0.134453781512605,Refund Problems
