customer_id,tier,lifetime_value,feedback_count,negative_count,avg_churn_risk_score,max_priority_score
CUST-006690,Bronze,73.06,13,12,0.40923076923076923,54.2
CUST-001259,Bronze,163.29,12,11,0.40833333333333327,79.3
CUST-004043,Bronze,117.85,9,8,0.4044444444444444,55.5
CUST-005840,Bronze,178.04,9,8,0.4044444444444444,55.7
CUST-004450,Bronze,319.2,8,7,0.40249999999999997,62.8
CUST-007774,Bronze,170.21,14,12,0.39999999999999997,60.2
CUST-001401,Bronze,89.35,7,6,0.39999999999999997,52.8
CUST-007836,Bronze,168.99,13,11,0.3984615384615384,59.4
CUST-004993,Bronze,110.96,13,11,0.3984615384615384,55.5
CUST-005697,Bronze,260.05,19,16,0.39789473684210525,81.9
CUST-007902,Bronze,172.61,6,5,0.39666666666666667,53.0
CUST-001439,Bronze,116.38,6,5,0.39666666666666667,52.1
CUST-006395,Bronze,75.03,11,9,0.39454545454545453,54.1
CUST-000829,Bronze,152.48,11,9,0.39454545454545453,59.5
CUST-001879,Bronze,214.48,10,8,0.392,60.7
CUST-006556,Bronze,159.23,15,12,0.392,57.8
CUST-002727,Bronze,207.14,10,8,0.392,60.4
CUST-003504,Bronze,83.46,10,8,0.392,51.5
CUST-007006,Bronze,154.43,15,12,0.392,59.9
CUST-003365,Bronze,213.4,15,12,0.392,71.0
CUST-006849,Bronze,130.19,10,8,0.392,58.5
CUST-004523,Bronze,65.75,14,11,0.39,55.1
CUST-000228,Bronze,94.21,14,11,0.39,56.4
CUST-006312,Bronze,136.82,18,14,0.3888888888888889,59.1
CUST-002571,Bronze,114.7,9,7,0.3888888888888889,55.7
CUST-002988,Bronze,264.49,9,7,0.3888888888888889,56.7
CUST-002858,Bronze,118.36,9,7,0.3888888888888889,54.9
CUST-005452,Bronze,321.75,18,14,0.3888888888888889,62.8
CUST-000191,Bronze,175.77,13,10,0.38769230769230767,60.7
CUST-006440,Bronze,176.24,13,10,0.38769230769230767,69.8
CUST-004682,Bronze,85.92,13,10,0.38769230769230767,56.6
CUST-007818,Bronze,94.47,13,10,0.38769230769230767,55.1
CUST-002935,Bronze,305.69,13,10,0.38769230769230767,62.3
CUST-004142,Bronze,223.4,13,10,0.38769230769230767,60.0
CUST-000992,Bronze,130.83,17,13,0.3870588235294118,56.2
CUST-000832,Bronze,135.89,17,13,0.3870588235294118,57.8
CUST-005235,Bronze,214.37,17,13,0.3870588235294118,61.9
CUST-000455,Bronze,93.42,12,9,0.385,55.2
CUST-001757,Bronze,91.04,12,9,0.385,54.3
CUST-001912,Bronze,242.67,8,6,0.385,58.0
CUST-005686,Bronze,132.09,8,6,0.385,56.6
CUST-001750,Bronze,194.54,12,9,0.385,59.2
CUST-003525,Bronze,271.31,12,9,0.385,61.9
CUST-006309,Bronze,97.94,12,9,0.385,54.6
CUST-002095,Bronze,184.21,16,12,0.385,57.7
CUST-002415,Bronze,63.91,12,9,0.385,55.3
CUST-003534,Bronze,113.38,8,6,0.385,56.4
CUST-003282,Bronze,129.48,4,3,0.385,45.6
CUST-001566,Bronze,299.15,20,15,0.385,61.3
CUST-001296,Bronze,163.77,8,6,0.385,58.6
CUST-006408,Bronze,128.96,12,9,0.385,56.6
CUST-003287,Bronze,198.92,8,6,0.385,59.2
CUST-004545,Bronze,108.91,19,14,0.38315789473684214,57.6
CUST-001998,Bronze,132.83,15,11,0.38266666666666665,57.8
CUST-003857,Bronze,170.76,15,11,0.38266666666666665,58.5
CUST-002486,Bronze,226.75,15,11,0.38266666666666665,61.9
CUST-005186,Bronze,144.53,15,11,0.38266666666666665,57.4
CUST-003874,Bronze,109.17,11,8,0.38181818181818183,55.5
CUST-007060,Bronze,177.42,11,8,0.38181818181818183,57.4
CUST-005093,Bronze,198.01,11,8,0.38181818181818183,56.3
CUST-004841,Bronze,266.54,11,8,0.38181818181818183,61.5
CUST-000257,Bronze,86.14,18,13,0.3811111111111111,56.4
CUST-005193,Bronze,102.02,18,13,0.3811111111111111,57.1
CUST-003296,Bronze,89.36,18,13,0.3811111111111111,54.9
CUST-000933,Bronze,163.92,18,13,0.3811111111111111,59.0
CUST-001869,Bronze,297.16,14,10,0.38,63.2
CUST-003373,Bronze,174.56,7,5,0.38,54.6
CUST-006671,Bronze,204.46,14,10,0.38,59.0
CUST-001962,Bronze,157.54,14,10,0.38,57.7
CUST-006610,Bronze,298.35,14,10,0.38,62.6
CUST-003110,Bronze,85.31,14,10,0.38,54.6
CUST-004432,Bronze,111.76,14,10,0.38,55.6
CUST-005751,Bronze,119.88,14,10,0.38,56.1
CUST-007234,Bronze,309.8,14,10,0.38,61.7
CUST-001814,Bronze,113.56,14,10,0.38,55.8
CUST-000561,Bronze,206.94,14,10,0.38,61.6
CUST-005897,Bronze,97.66,14,10,0.38,52.6
CUST-005908,Bronze,133.49,7,5,0.38,54.6
CUST-006084,Bronze,105.21,14,10,0.38,56.5
CUST-007687,Bronze,113.66,14,10,0.38,75.7
CUST-006803,Bronze,131.07,24,17,0.37916666666666665,77.9
CUST-002580,Bronze,184.14,17,12,0.37882352941176467,56.7
CUST-002724,Bronze,91.17,10,7,0.378,50.7
CUST-003740,Bronze,85.03,10,7,0.378,54.5
CUST-005630,Bronze,56.94,20,14,0.378,75.0
CUST-002492,Bronze,263.68,20,14,0.378,63.0
CUST-002982,Bronze,216.77,10,7,0.378,60.3
CUST-003440,Bronze,141.53,10,7,0.378,57.0
CUST-002420,Bronze,299.47,10,7,0.378,57.6
CUST-001266,Bronze,148.53,10,7,0.378,55.3
CUST-000187,Bronze,178.4,10,7,0.378,60.2
CUST-001899,Bronze,200.46,10,7,0.378,58.6
CUST-000200,Bronze,135.78,13,9,0.37692307692307697,56.9
CUST-001069,Bronze,96.45,13,9,0.37692307692307697,57.1
CUST-005935,Bronze,216.43,13,9,0.37692307692307697,61.7
CUST-004848,Bronze,97.04,13,9,0.37692307692307697,53.0
CUST-000946,Bronze,136.63,13,9,0.37692307692307697,55.0
CUST-005625,Bronze,201.52,13,9,0.37692307692307697,59.5
CUST-003106,Bronze,159.48,13,9,0.37692307692307697,58.8
CUST-002903,Bronze,202.36,13,9,0.37692307692307697,59.3
CUST-006584,Bronze,229.8,13,9,0.37692307692307697,81.3
CUST-006169,Bronze,97.63,13,9,0.37692307692307697,52.7
CUST-006711,Bronze,173.13,16,11,0.37625,59.6
CUST-005382,Bronze,223.9,16,11,0.37625,57.9
CUST-002812,Bronze,205.49,16,11,0.37625,80.7
CUST-003019,Bronze,107.7,16,11,0.37625,56.3
CUST-007098,Bronze,206.54,16,11,0.37625,61.1
CUST-003620,Bronze,86.1,16,11,0.37625,55.9
CUST-001158,Bronze,73.64,19,13,0.3757894736842105,56.5
CUST-003419,Bronze,121.95,19,13,0.3757894736842105,57.9
CUST-007023,Bronze,195.66,22,15,0.37545454545454543,80.4
CUST-006052,Bronze,200.07,25,17,0.37520000000000003,61.3
CUST-005013,Bronze,201.2,12,8,0.37333333333333335,58.0
CUST-003608,Bronze,139.01,6,4,0.37333333333333335,50.6
CUST-001244,Bronze,207.28,12,8,0.37333333333333335,60.1
CUST-007378,Bronze,224.32,12,8,0.37333333333333335,77.1
CUST-007379,Bronze,161.0,12,8,0.37333333333333335,55.6
CUST-001182,Bronze,120.06,12,8,0.37333333333333335,56.6
CUST-004429,Bronze,344.47,12,8,0.37333333333333335,59.8
CUST-001597,Bronze,209.52,12,8,0.37333333333333335,60.9
CUST-001199,Bronze,109.76,21,14,0.37333333333333335,57.7
CUST-001400,Bronze,200.24,12,8,0.37333333333333335,58.2
CUST-005518,Bronze,165.82,12,8,0.37333333333333335,59.2
CUST-007724,Bronze,139.27,12,8,0.37333333333333335,54.5
CUST-000929,Bronze,149.85,12,8,0.37333333333333335,59.4
CUST-006623,Bronze,143.5,12,8,0.37333333333333335,77.1
CUST-006474,Bronze,165.75,6,4,0.37333333333333335,55.7
CUST-000491,Bronze,127.86,6,4,0.37333333333333335,50.1
CUST-003395,Bronze,109.47,12,8,0.37333333333333335,55.1
CUST-007284,Bronze,90.6,12,8,0.37333333333333335,55.8
CUST-002520,Bronze,163.94,6,4,0.37333333333333335,53.2
CUST-004513,Bronze,141.15,12,8,0.37333333333333335,58.2
CUST-006382,Bronze,90.72,12,8,0.37333333333333335,52.8
CUST-005364,Bronze,165.14,12,8,0.37333333333333335,54.2
CUST-001709,Bronze,161.51,12,8,0.37333333333333335,56.9
CUST-003191,Bronze,172.76,15,10,0.3733333333333333,58.3
CUST-004525,Bronze,110.33,18,12,0.3733333333333333,55.8
CUST-004109,Bronze,132.4,15,10,0.3733333333333333,58.9
CUST-003050,Bronze,178.78,9,6,0.3733333333333333,57.2
CUST-003550,Bronze,82.12,9,6,0.3733333333333333,51.4
CUST-000889,Bronze,162.84,15,10,0.3733333333333333,59.2
CUST-004401,Bronze,241.99,9,6,0.3733333333333333,60.9
CUST-000283,Bronze,158.19,15,10,0.3733333333333333,76.7
CUST-006157,Bronze,141.49,18,12,0.3733333333333333,57.7
CUST-006979,Bronze,227.41,15,10,0.3733333333333333,61.2
CUST-000237,Bronze,136.24,15,10,0.3733333333333333,55.1
CUST-001438,Bronze,135.2,9,6,0.3733333333333333,58.1
CUST-005125,Bronze,149.08,9,6,0.3733333333333333,53.7
CUST-003725,Bronze,142.27,15,10,0.3733333333333333,56.9
CUST-002782,Bronze,100.49,15,10,0.3733333333333333,56.3
CUST-000137,Bronze,119.94,15,10,0.3733333333333333,54.2
CUST-001028,Bronze,186.99,9,6,0.3733333333333333,56.9
CUST-006401,Bronze,128.61,9,6,0.3733333333333333,52.6
CUST-003695,Bronze,88.32,15,10,0.3733333333333333,56.2
CUST-004898,Bronze,133.05,9,6,0.3733333333333333,55.7
CUST-004498,Bronze,137.73,9,6,0.3733333333333333,56.5
CUST-007138,Bronze,216.63,18,12,0.3733333333333333,59.8
CUST-005893,Bronze,177.9,9,6,0.3733333333333333,53.4
CUST-004492,Bronze,100.75,15,10,0.3733333333333333,55.0
CUST-002976,Bronze,134.03,15,10,0.3733333333333333,57.8
CUST-004772,Bronze,290.89,15,10,0.3733333333333333,61.2
CUST-003357,Bronze,146.87,9,6,0.3733333333333333,56.1
CUST-000214,Bronze,142.33,15,10,0.3733333333333333,58.2
CUST-000571,Bronze,207.89,15,10,0.3733333333333333,60.5
CUST-000497,Bronze,208.63,9,6,0.3733333333333333,56.5
CUST-001784,Bronze,179.98,15,10,0.3733333333333333,58.5
CUST-001200,Bronze,51.7,9,6,0.3733333333333333,55.4
CUST-007786,Bronze,103.24,18,12,0.3733333333333333,55.5
CUST-003474,Bronze,165.09,15,10,0.3733333333333333,58.2
CUST-006361,Bronze,135.36,20,13,0.371,78.1
CUST-003023,Bronze,181.9,20,13,0.371,57.0
CUST-001793,Bronze,198.94,20,13,0.371,80.5
CUST-007928,Bronze,97.23,17,11,0.37058823529411766,56.5
CUST-007589,Bronze,152.51,17,11,0.37058823529411766,59.2
CUST-003226,Bronze,163.77,17,11,0.37058823529411766,55.6
CUST-003923,Bronze,147.28,17,11,0.37058823529411766,59.2
CUST-003614,Bronze,176.05,17,11,0.37058823529411766,59.1
CUST-004919,Bronze,70.51,17,11,0.37058823529411766,56.1
CUST-000347,Bronze,115.82,17,11,0.37058823529411766,56.4
CUST-004510,Bronze,223.72,17,11,0.37058823529411766,62.0
CUST-004299,Bronze,164.4,17,11,0.37058823529411766,58.0
CUST-007065,Bronze,98.33,17,11,0.37058823529411766,55.2
CUST-004160,Bronze,268.88,17,11,0.37058823529411766,62.6
CUST-006586,Bronze,151.79,17,11,0.37058823529411766,59.4
CUST-003631,Bronze,185.01,17,11,0.37058823529411766,59.1
CUST-000770,Bronze,98.32,17,11,0.37058823529411766,57.3
CUST-001141,Bronze,124.82,17,11,0.37058823529411766,57.5
CUST-001762,Bronze,363.58,14,9,0.37,61.7
CUST-003198,Bronze,154.46,14,9,0.37,59.8
CUST-003174,Bronze,191.84,14,9,0.37,59.2
CUST-007894,Bronze,141.7,14,9,0.37,58.7
CUST-004214,Bronze,134.04,14,9,0.37,56.8
CUST-005007,Bronze,195.88,14,9,0.37,60.1
CUST-006640,Bronze,193.06,14,9,0.37,58.9
CUST-007804,Bronze,240.55,14,9,0.37,58.2
CUST-001016,Bronze,216.57,14,9,0.37,60.0
CUST-003644,Bronze,206.8,14,9,0.37,61.2
CUST-005525,Bronze,244.87,14,9,0.37,60.6
CUST-001389,Bronze,302.78,14,9,0.37,82.3
CUST-007003,Bronze,147.43,14,9,0.37,57.8
CUST-005006,Bronze,124.09,14,9,0.37,56.3
CUST-006987,Bronze,183.98,14,9,0.37,58.9
CUST-007933,Bronze,389.1,14,9,0.37,61.4
CUST-005885,Bronze,356.8,14,9,0.37,61.6
CUST-003224,Bronze,115.9,14,9,0.37,55.2
CUST-006889,Bronze,97.86,14,9,0.37,56.9
CUST-001356,Bronze,135.62,14,9,0.37,57.0
CUST-001294,Bronze,101.02,14,9,0.37,54.9
CUST-003782,Bronze,122.25,14,9,0.37,55.1
CUST-002829,Bronze,344.76,14,9,0.37,62.8
CUST-002154,Bronze,207.33,14,9,0.37,61.4
CUST-005943,Bronze,127.37,14,9,0.37,56.4
CUST-000081,Bronze,136.47,14,9,0.37,56.8
CUST-004434,Bronze,150.81,11,7,0.3690909090909091,56.5
CUST-006466,Bronze,139.53,11,7,0.3690909090909091,52.9
CUST-001056,Bronze,124.92,11,7,0.3690909090909091,55.0
CUST-004763,Bronze,285.26,11,7,0.3690909090909091,58.8
CUST-006558,Bronze,170.57,11,7,0.3690909090909091,55.2
CUST-006479,Bronze,175.16,11,7,0.3690909090909091,59.4
CUST-002523,Bronze,225.61,11,7,0.3690909090909091,57.5
CUST-000156,Bronze,114.28,11,7,0.3690909090909091,56.4
CUST-002478,Bronze,139.83,11,7,0.3690909090909091,58.9
CUST-006257,Bronze,163.15,11,7,0.3690909090909091,59.0
CUST-000861,Bronze,107.06,11,7,0.3690909090909091,54.0
CUST-006266,Bronze,118.16,11,7,0.3690909090909091,55.6
CUST-005965,Bronze,133.44,22,14,0.3690909090909091,58.5
CUST-006018,Bronze,216.46,11,7,0.3690909090909091,60.8
CUST-006943,Bronze,90.69,22,14,0.3690909090909091,57.0
CUST-007024,Bronze,150.3,11,7,0.3690909090909091,55.1
CUST-003381,Bronze,107.29,11,7,0.3690909090909091,72.5
CUST-006362,Bronze,113.93,22,14,0.3690909090909091,57.5
CUST-005264,Bronze,190.51,11,7,0.3690909090909091,60.0
CUST-007268,Bronze,141.38,22,14,0.3690909090909091,59.3
CUST-000634,Bronze,129.12,11,7,0.3690909090909091,55.5
CUST-002118,Bronze,129.58,11,7,0.3690909090909091,54.4
CUST-006970,Bronze,110.31,11,7,0.3690909090909091,55.2
CUST-001416,Bronze,159.32,11,7,0.3690909090909091,56.5
CUST-005540,Bronze,225.82,11,7,0.3690909090909091,57.6
CUST-005213,Bronze,191.33,11,7,0.3690909090909091,58.1
CUST-003067,Bronze,153.23,19,12,0.3684210526315789,59.9
CUST-005323,Bronze,199.78,19,12,0.3684210526315789,57.9
CUST-003487,Bronze,225.69,19,12,0.3684210526315789,61.2
CUST-004139,Bronze,182.3,19,12,0.3684210526315789,61.0
CUST-001427,Bronze,106.29,19,12,0.3684210526315789,56.6
CUST-003524,Bronze,238.2,19,12,0.3684210526315789,62.2
CUST-002370,Bronze,79.76,16,10,0.3675,55.4
CUST-002102,Bronze,210.67,8,5,0.3675,55.7
CUST-002330,Bronze,144.8,8,5,0.3675,50.4
CUST-002981,Bronze,190.77,16,10,0.3675,59.0
CUST-007684,Bronze,243.81,16,10,0.3675,62.1
CUST-006247,Bronze,83.73,16,10,0.3675,56.0
CUST-005708,Bronze,140.26,16,10,0.3675,57.2
CUST-004266,Bronze,216.7,16,10,0.3675,60.9
CUST-007115,Bronze,174.23,16,10,0.3675,58.3
CUST-000756,Bronze,102.86,16,10,0.3675,55.8
CUST-002890,Bronze,204.85,16,10,0.3675,60.7
CUST-003500,Bronze,215.17,8,5,0.3675,54.7
CUST-001025,Bronze,150.25,8,5,0.3675,54.2
CUST-004217,Bronze,184.04,8,5,0.3675,57.8
CUST-004554,Bronze,163.59,16,10,0.3675,60.1
CUST-006416,Bronze,163.32,16,10,0.3675,79.0
CUST-003186,Bronze,169.78,8,5,0.3675,54.2
CUST-000650,Bronze,179.45,8,5,0.3675,58.6
CUST-006397,Bronze,96.4,16,10,0.3675,56.8
CUST-003232,Bronze,57.69,16,10,0.3675,56.0
CUST-006379,Bronze,143.8,8,5,0.3675,55.1
CUST-005883,Bronze,266.14,16,10,0.3675,61.0
CUST-005520,Bronze,120.73,21,13,0.3666666666666667,58.3
CUST-000154,Bronze,154.36,21,13,0.3666666666666667,59.5
CUST-002253,Bronze,138.02,21,13,0.3666666666666667,58.8
CUST-003243,Bronze,128.94,21,13,0.3666666666666667,58.1
CUST-004630,Bronze,233.4,21,13,0.3666666666666667,62.0
CUST-005499,Bronze,141.1,21,13,0.3666666666666667,58.1
CUST-006672,Bronze,293.55,13,8,0.36615384615384616,61.1
CUST-002861,Bronze,122.54,13,8,0.36615384615384616,56.8
CUST-003163,Bronze,178.54,13,8,0.36615384615384616,55.2
CUST-004703,Bronze,126.61,13,8,0.36615384615384616,76.9
CUST-002421,Bronze,350.79,13,8,0.36615384615384616,61.8
CUST-002561,Bronze,108.9,13,8,0.36615384615384616,54.5
CUST-004622,Bronze,177.77,13,8,0.36615384615384616,59.6
CUST-004449,Bronze,174.25,13,8,0.36615384615384616,58.2
CUST-002893,Bronze,83.1,13,8,0.36615384615384616,54.1
CUST-007148,Bronze,200.73,13,8,0.36615384615384616,58.3
CUST-005624,Bronze,175.01,13,8,0.36615384615384616,57.9
CUST-003156,Bronze,165.99,13,8,0.36615384615384616,57.7
CUST-001901,Bronze,191.29,13,8,0.36615384615384616,60.1
CUST-002164,Bronze,137.61,13,8,0.36615384615384616,56.5
CUST-001289,Bronze,118.13,13,8,0.36615384615384616,54.9
CUST-002202,Bronze,127.85,13,8,0.36615384615384616,56.5
CUST-005725,Bronze,186.47,13,8,0.36615384615384616,60.0
CUST-001888,Bronze,95.62,13,8,0.36615384615384616,56.3
CUST-004039,Bronze,93.75,13,8,0.36615384615384616,54.0
CUST-006101,Bronze,187.89,13,8,0.36615384615384616,59.0
CUST-002191,Bronze,124.74,13,8,0.36615384615384616,53.8
CUST-005317,Bronze,239.68,13,8,0.36615384615384616,81.4
CUST-003042,Bronze,138.41,13,8,0.36615384615384616,56.6
CUST-003708,Bronze,140.95,13,8,0.36615384615384616,56.0
CUST-000948,Bronze,145.71,13,8,0.36615384615384616,56.1
CUST-000963,Bronze,140.42,13,8,0.36615384615384616,56.6
CUST-005210,Bronze,89.55,18,11,0.3655555555555556,56.3
CUST-003085,Bronze,139.84,18,11,0.3655555555555556,58.2
CUST-005428,Bronze,205.03,18,11,0.3655555555555556,60.0
CUST-003675,Bronze,103.0,18,11,0.3655555555555556,55.1
CUST-005450,Bronze,225.91,18,11,0.3655555555555556,81.2
CUST-003166,Bronze,261.67,18,11,0.3655555555555556,62.8
CUST-004876,Bronze,338.39,18,11,0.3655555555555556,62.8
CUST-007833,Bronze,149.86,18,11,0.3655555555555556,57.1
CUST-000896,Bronze,219.55,18,11,0.3655555555555556,61.7
CUST-006789,Bronze,117.14,18,11,0.3655555555555556,57.7
CUST-003930,Bronze,182.09,18,11,0.3655555555555556,57.7
CUST-004132,Bronze,87.27,18,11,0.3655555555555556,56.7
CUST-006603,Bronze,115.92,18,11,0.3655555555555556,55.8
CUST-000543,Bronze,206.84,18,11,0.3655555555555556,59.5
CUST-000061,Bronze,264.68,18,11,0.3655555555555556,62.7
CUST-007957,Bronze,121.92,18,11,0.3655555555555556,73.2
CUST-000024,Bronze,274.63,15,9,0.364,63.1
CUST-007879,Bronze,67.89,15,9,0.364,53.8
CUST-003649,Bronze,130.61,10,6,0.364,54.0
CUST-002542,Bronze,146.38,10,6,0.364,54.9
CUST-007865,Bronze,102.1,10,6,0.364,55.8
CUST-007797,Bronze,285.13,15,9,0.364,62.3
CUST-004079,Bronze,147.69,15,9,0.364,57.6
CUST-006109,Bronze,200.42,10,6,0.364,56.8
CUST-001233,Bronze,115.86,20,12,0.364,57.0
CUST-006566,Bronze,124.4,15,9,0.364,56.3
CUST-006724,Bronze,110.45,20,12,0.364,76.8
CUST-006754,Bronze,183.96,10,6,0.364,56.5
CUST-003176,Bronze,71.76,10,6,0.364,46.2
CUST-007413,Bronze,255.59,15,9,0.364,62.5
CUST-006781,Bronze,154.62,20,12,0.364,57.8
CUST-005586,Bronze,318.15,15,9,0.364,62.0
CUST-004419,Bronze,233.26,15,9,0.364,80.1
CUST-004420,Bronze,102.9,20,12,0.364,56.1
CUST-003292,Bronze,110.82,10,6,0.364,53.2
CUST-005275,Bronze,278.53,10,6,0.364,59.9
CUST-006022,Bronze,120.23,15,9,0.364,53.9
CUST-007101,Bronze,95.02,15,9,0.364,55.8
CUST-004047,Bronze,196.78,15,9,0.364,59.0
CUST-005729,Bronze,250.88,10,6,0.364,60.5
CUST-005591,Bronze,84.78,10,6,0.364,55.1
CUST-006315,Bronze,97.65,15,9,0.364,56.9
CUST-000351,Bronze,198.1,10,6,0.364,58.7
CUST-006839,Bronze,100.15,10,6,0.364,55.6
CUST-004466,Bronze,271.56,10,6,0.364,61.4
CUST-004461,Bronze,150.88,20,12,0.364,58.8
CUST-001694,Bronze,410.49,15,9,0.364,63.0
CUST-001670,Bronze,143.14,20,12,0.364,59.3
CUST-007061,Bronze,248.41,10,6,0.364,60.5
CUST-000250,Bronze,239.21,10,6,0.364,59.9
CUST-004821,Bronze,136.25,15,9,0.364,59.0
CUST-006804,Bronze,177.75,15,9,0.364,56.6
CUST-006811,Bronze,130.49,20,12,0.364,58.8
CUST-001271,Bronze,242.22,20,12,0.364,60.5
CUST-003566,Bronze,84.51,20,12,0.364,56.8
CUST-005629,Bronze,162.67,10,6,0.364,56.1
CUST-001218,Bronze,211.08,10,6,0.364,59.0
CUST-005024,Bronze,83.91,15,9,0.364,55.4
CUST-003398,Bronze,124.9,25,15,0.364,58.5
CUST-007311,Bronze,200.5,10,6,0.364,58.8
CUST-007655,Bronze,134.2,15,9,0.364,54.4
CUST-006244,Bronze,145.88,15,9,0.364,59.4
CUST-002332,Bronze,130.57,10,6,0.364,57.5
CUST-002645,Bronze,197.68,10,6,0.364,58.8
CUST-001059,Bronze,140.74,15,9,0.364,56.3
CUST-005268,Bronze,285.41,10,6,0.364,61.4
CUST-000595,Bronze,155.57,15,9,0.364,55.0
CUST-007209,Bronze,260.12,15,9,0.364,60.8
CUST-005517,Bronze,208.15,10,6,0.364,55.4
CUST-007515,Bronze,185.32,10,6,0.364,56.7
CUST-003469,Bronze,203.88,15,9,0.364,60.0
CUST-003670,Bronze,111.45,15,9,0.364,53.7
CUST-004791,Bronze,71.24,15,9,0.364,55.2
CUST-003431,Bronze,227.72,10,6,0.364,57.9
CUST-004785,Bronze,162.17,15,9,0.364,58.1
CUST-003383,Bronze,202.23,10,6,0.364,59.9
CUST-000903,Bronze,100.52,15,9,0.364,52.7
CUST-005205,Bronze,161.9,15,9,0.364,58.9
CUST-007326,Bronze,152.12,15,9,0.364,59.8
CUST-003244,Bronze,175.11,15,9,0.364,58.1
CUST-005377,Bronze,122.85,15,9,0.364,57.7
CUST-005807,Bronze,106.49,10,6,0.364,53.1
CUST-005207,Bronze,316.17,15,9,0.364,61.7
CUST-002228,Bronze,115.08,15,9,0.364,57.4
CUST-001711,Bronze,144.04,20,12,0.364,59.2
CUST-005888,Bronze,211.68,10,6,0.364,60.6
CUST-002892,Bronze,257.9,15,9,0.364,60.4
CUST-005227,Bronze,118.43,10,6,0.364,54.8
CUST-006177,Bronze,143.48,15,9,0.364,59.3
CUST-003901,Bronze,125.85,15,9,0.364,58.4
CUST-000366,Bronze,215.42,22,13,0.36272727272727273,60.5
CUST-004241,Bronze,106.94,22,13,0.36272727272727273,55.6
CUST-001593,Bronze,95.52,22,13,0.36272727272727273,57.1
CUST-006689,Bronze,171.89,22,13,0.36272727272727273,59.7
CUST-001300,Bronze,184.52,22,13,0.36272727272727273,61.0
CUST-000486,Bronze,116.37,17,10,0.3623529411764706,57.8
CUST-007073,Bronze,260.79,17,10,0.3623529411764706,60.6
CUST-005955,Bronze,170.67,17,10,0.3623529411764706,60.5
CUST-000123,Bronze,202.05,17,10,0.3623529411764706,59.0
CUST-004034,Bronze,124.47,17,10,0.3623529411764706,56.1
CUST-001303,Bronze,74.16,17,10,0.3623529411764706,54.5
CUST-006413,Bronze,104.27,17,10,0.3623529411764706,56.5
CUST-005617,Bronze,146.93,17,10,0.3623529411764706,57.9
CUST-001295,Bronze,114.18,17,10,0.3623529411764706,57.7
CUST-002828,Bronze,116.22,17,10,0.3623529411764706,75.8
CUST-004489,Bronze,184.26,17,10,0.3623529411764706,56.7
CUST-004103,Bronze,73.8,17,10,0.3623529411764706,56.0
CUST-001620,Bronze,120.31,17,10,0.3623529411764706,56.1
CUST-007671,Bronze,148.84,17,10,0.3623529411764706,56.7
CUST-004409,Bronze,284.57,17,10,0.3623529411764706,60.4
CUST-004233,Bronze,193.3,17,10,0.3623529411764706,57.0
CUST-003637,Bronze,167.55,17,10,0.3623529411764706,59.3
CUST-000843,Bronze,306.79,17,10,0.3623529411764706,63.5
CUST-005521,Bronze,299.05,17,10,0.3623529411764706,63.5
CUST-005410,Bronze,213.71,17,10,0.3623529411764706,61.4
CUST-005160,Bronze,158.55,17,10,0.3623529411764706,57.2
CUST-006941,Bronze,243.56,17,10,0.3623529411764706,60.6
CUST-002715,Bronze,343.35,17,10,0.3623529411764706,62.0
CUST-004074,Bronze,129.3,17,10,0.3623529411764706,58.7
CUST-004819,Bronze,124.51,17,10,0.3623529411764706,56.5
CUST-005233,Bronze,203.29,17,10,0.3623529411764706,59.6
CUST-001726,Bronze,104.79,17,10,0.3623529411764706,55.4
CUST-002483,Bronze,278.66,12,7,0.36166666666666664,60.6
CUST-006100,Bronze,96.94,12,7,0.36166666666666664,52.5
CUST-006498,Bronze,183.39,24,14,0.36166666666666664,59.0
CUST-003506,Bronze,202.68,12,7,0.36166666666666664,60.3
CUST-000432,Bronze,163.08,12,7,0.36166666666666664,56.8
CUST-005054,Bronze,161.97,12,7,0.36166666666666664,59.6
CUST-007513,Bronze,213.01,12,7,0.36166666666666664,60.6
CUST-002747,Bronze,217.48,12,7,0.36166666666666664,59.4
CUST-006082,Bronze,141.31,12,7,0.36166666666666664,56.7
CUST-006083,Bronze,219.86,12,7,0.36166666666666664,56.8
CUST-003669,Bronze,316.03,12,7,0.36166666666666664,59.1
CUST-000230,Bronze,167.57,12,7,0.36166666666666664,55.7
CUST-000616,Bronze,116.22,12,7,0.36166666666666664,53.2
CUST-004728,Bronze,226.16,12,7,0.36166666666666664,59.6
CUST-000610,Bronze,204.23,12,7,0.36166666666666664,61.3
CUST-007535,Bronze,104.06,12,7,0.36166666666666664,54.9
CUST-000165,Bronze,66.68,12,7,0.36166666666666664,55.5
CUST-000245,Bronze,133.63,12,7,0.36166666666666664,56.3
CUST-001170,Bronze,162.45,12,7,0.36166666666666664,75.1
CUST-000851,Bronze,128.07,24,14,0.36166666666666664,57.7
CUST-007247,Bronze,131.94,12,7,0.36166666666666664,54.6
CUST-003062,Bronze,146.13,12,7,0.36166666666666664,56.9
CUST-000575,Bronze,174.57,12,7,0.36166666666666664,57.2
CUST-007690,Bronze,160.63,12,7,0.36166666666666664,57.5
CUST-002850,Bronze,150.73,24,14,0.36166666666666664,59.8
CUST-004236,Bronze,117.64,12,7,0.36166666666666664,56.8
CUST-003869,Bronze,158.47,12,7,0.36166666666666664,54.4
CUST-004708,Bronze,189.3,12,7,0.36166666666666664,57.9
CUST-007245,Bronze,264.05,12,7,0.36166666666666664,75.2
CUST-000554,Bronze,127.9,12,7,0.36166666666666664,56.4
CUST-004382,Bronze,118.11,12,7,0.36166666666666664,53.8
CUST-006292,Bronze,244.93,12,7,0.36166666666666664,60.3
CUST-005289,Bronze,158.27,12,7,0.36166666666666664,57.4
CUST-003405,Bronze,108.19,12,7,0.36166666666666664,56.0
CUST-005731,Bronze,189.8,12,7,0.36166666666666664,56.9
CUST-001642,Bronze,339.19,12,7,0.36166666666666664,61.1
CUST-005952,Bronze,108.73,12,7,0.36166666666666664,55.1
CUST-001689,Bronze,114.42,12,7,0.36166666666666664,56.7
CUST-006159,Bronze,97.68,12,7,0.36166666666666664,53.9
CUST-005464,Bronze,179.92,12,7,0.36166666666666664,57.6
CUST-007746,Bronze,65.85,12,7,0.36166666666666664,54.7
CUST-002593,Bronze,129.13,12,7,0.36166666666666664,56.4
CUST-000359,Bronze,245.95,19,11,0.3610526315789474,62.4
CUST-007137,Bronze,239.57,19,11,0.3610526315789474,58.1
CUST-002586,Bronze,320.26,19,11,0.3610526315789474,61.8
CUST-001192,Bronze,62.1,19,11,0.3610526315789474,56.2
CUST-002252,Bronze,139.73,19,11,0.3610526315789474,59.2
CUST-000422,Bronze,153.24,19,11,0.3610526315789474,78.8
CUST-004082,Bronze,136.74,19,11,0.3610526315789474,55.1
CUST-006700,Bronze,99.55,19,11,0.3610526315789474,57.3
CUST-002818,Bronze,214.24,19,11,0.3610526315789474,59.3
CUST-005336,Bronze,218.84,19,11,0.3610526315789474,59.7
CUST-003339,Bronze,143.99,19,11,0.3610526315789474,58.4
CUST-006210,Bronze,125.45,19,11,0.3610526315789474,58.5
CUST-005177,Bronze,203.06,19,11,0.3610526315789474,76.5
CUST-002786,Bronze,141.38,19,11,0.3610526315789474,59.0
CUST-006251,Bronze,280.78,19,11,0.3610526315789474,63.1
CUST-005156,Bronze,194.23,19,11,0.3610526315789474,59.2
CUST-006110,Bronze,100.19,19,11,0.3610526315789474,57.0
CUST-005676,Bronze,130.46,19,11,0.3610526315789474,56.5
CUST-000538,Bronze,154.4,19,11,0.3610526315789474,57.9
CUST-001584,Bronze,153.29,26,15,0.3607692307692308,58.6
CUST-000529,Bronze,212.29,21,12,0.36000000000000004,79.6
CUST-007742,Bronze,115.67,21,12,0.36000000000000004,77.0
CUST-004377,Bronze,81.69,21,12,0.36000000000000004,75.4
CUST-006344,Bronze,203.87,21,12,0.36000000000000004,61.1
CUST-007583,Bronze,102.96,21,12,0.36000000000000004,57.5
CUST-004595,Bronze,80.83,21,12,0.36000000000000004,56.3
CUST-005794,Bronze,86.24,21,12,0.36000000000000004,56.8
CUST-004547,Bronze,121.43,21,12,0.36000000000000004,56.1
CUST-004388,Bronze,125.72,21,12,0.36000000000000004,57.5
CUST-004310,Bronze,200.26,14,8,0.36,61.2
CUST-001333,Bronze,101.64,14,8,0.36,54.8
CUST-007727,Bronze,186.02,14,8,0.36,59.9
CUST-003453,Bronze,146.12,14,8,0.36,55.4
CUST-002609,Bronze,81.07,7,4,0.36,53.9
CUST-005060,Bronze,139.27,14,8,0.36,57.7
CUST-004348,Bronze,69.16,14,8,0.36,55.7
CUST-005461,Bronze,253.11,7,4,0.36,57.4
CUST-006086,Bronze,129.32,14,8,0.36,56.4
CUST-005942,Bronze,207.86,14,8,0.36,60.5
CUST-005934,Bronze,134.23,14,8,0.36,54.9
CUST-004130,Bronze,193.19,14,8,0.36,57.0
CUST-004611,Bronze,194.02,14,8,0.36,59.0
CUST-001223,Bronze,194.55,14,8,0.36,59.2
CUST-001190,Bronze,127.6,14,8,0.36,57.4
CUST-003268,Bronze,161.86,14,8,0.36,78.0
CUST-003492,Bronze,171.65,14,8,0.36,57.9
CUST-003316,Bronze,161.57,14,8,0.36,58.1
CUST-000760,Bronze,136.15,7,4,0.36,50.7
CUST-007830,Bronze,174.51,14,8,0.36,59.4
CUST-006660,Bronze,329.47,14,8,0.36,61.4
CUST-004945,Bronze,186.23,14,8,0.36,57.8
CUST-006812,Bronze,155.55,14,8,0.36,57.7
CUST-006467,Bronze,111.65,14,8,0.36,54.6
CUST-006799,Bronze,92.53,14,8,0.36,55.9
CUST-006457,Bronze,163.5,14,8,0.36,58.1
CUST-005411,Bronze,48.45,7,4,0.36,52.7
CUST-000583,Bronze,149.63,14,8,0.36,58.5
CUST-003248,Bronze,218.93,14,8,0.36,57.4
CUST-006281,Bronze,92.79,14,8,0.36,56.9
CUST-003938,Bronze,167.24,7,4,0.36,52.1
CUST-003259,Bronze,174.12,14,8,0.36,53.9
CUST-004569,Bronze,88.05,14,8,0.36,55.5
CUST-004571,Bronze,130.09,7,4,0.36,55.4
CUST-003252,Bronze,139.15,14,8,0.36,56.6
CUST-006866,Bronze,227.05,14,8,0.36,59.0
CUST-004584,Bronze,49.69,14,8,0.36,56.1
CUST-007328,Bronze,126.9,14,8,0.36,54.3
CUST-007679,Bronze,324.86,14,8,0.36,61.2
CUST-007176,Bronze,178.49,7,4,0.36,52.5
CUST-005887,Bronze,106.75,14,8,0.36,56.0
CUST-007188,Bronze,277.96,14,8,0.36,59.9
CUST-003017,Bronze,85.76,14,8,0.36,53.4
CUST-003403,Bronze,394.82,14,8,0.36,62.3
CUST-006928,Bronze,126.18,14,8,0.36,55.2
CUST-000100,Bronze,123.81,14,8,0.36,56.1
CUST-001737,Bronze,126.44,14,8,0.36,58.3
CUST-002322,Bronze,139.27,14,8,0.36,56.8
CUST-000282,Bronze,210.63,14,8,0.36,61.2
CUST-007271,Bronze,128.62,14,8,0.36,56.6
CUST-004976,Bronze,163.21,14,8,0.36,59.6
CUST-004780,Bronze,144.55,14,8,0.36,54.9
CUST-003499,Bronze,235.01,14,8,0.36,60.1
CUST-003799,Bronze,84.12,7,4,0.36,52.2
CUST-003146,Bronze,218.34,14,8,0.36,79.8
CUST-004165,Bronze,72.79,14,8,0.36,55.0
CUST-005534,Bronze,117.02,14,8,0.36,56.6
CUST-002389,Bronze,467.79,14,8,0.36,61.4
CUST-002023,Bronze,180.94,14,8,0.36,60.3
CUST-004674,Bronze,200.66,23,13,0.3591304347826087,60.6
CUST-001084,Bronze,158.02,23,13,0.3591304347826087,59.4
CUST-001649,Bronze,145.79,23,13,0.3591304347826087,78.4
CUST-006234,Bronze,112.75,23,13,0.3591304347826087,57.1
CUST-004521,Bronze,56.07,23,13,0.3591304347826087,53.1
CUST-003160,Bronze,159.54,16,9,0.35875,58.8
CUST-003727,Bronze,174.97,16,9,0.35875,55.8
CUST-007738,Bronze,308.98,16,9,0.35875,60.8
CUST-002361,Bronze,114.56,16,9,0.35875,57.5
CUST-006631,Bronze,108.0,16,9,0.35875,57.6
CUST-001411,Bronze,138.86,16,9,0.35875,59.1
CUST-005215,Bronze,149.71,16,9,0.35875,58.4
CUST-005763,Bronze,159.85,16,9,0.35875,59.0
CUST-003216,Bronze,60.32,16,9,0.35875,55.7
CUST-004593,Bronze,178.0,16,9,0.35875,58.0
CUST-002693,Bronze,256.43,16,9,0.35875,61.5
CUST-007545,Bronze,105.58,16,9,0.35875,55.5
CUST-002606,Bronze,328.52,16,9,0.35875,61.3
CUST-000745,Bronze,228.72,16,9,0.35875,79.0
CUST-003279,Bronze,146.43,16,9,0.35875,77.3
CUST-000050,Bronze,237.86,16,9,0.35875,56.1
CUST-001065,Bronze,191.14,16,9,0.35875,59.6
CUST-001977,Bronze,95.35,16,9,0.35875,53.0
CUST-002442,Bronze,115.94,16,9,0.35875,54.7
CUST-002447,Bronze,200.51,16,9,0.35875,57.5
CUST-006129,Bronze,47.56,16,9,0.35875,54.1
CUST-001508,Bronze,198.18,16,9,0.35875,60.8
CUST-007154,Bronze,281.5,16,9,0.35875,60.9
CUST-004453,Bronze,104.63,16,9,0.35875,55.0
CUST-001534,Bronze,173.3,16,9,0.35875,58.6
CUST-001444,Bronze,211.15,16,9,0.35875,61.8
CUST-006880,Bronze,108.32,16,9,0.35875,76.6
CUST-007857,Bronze,172.39,16,9,0.35875,59.3
CUST-001505,Bronze,306.44,16,9,0.35875,62.3
CUST-002623,Bronze,96.34,16,9,0.35875,54.6
CUST-001954,Bronze,159.68,16,9,0.35875,58.8
CUST-003179,Bronze,147.37,16,9,0.35875,58.3
CUST-004011,Bronze,204.0,16,9,0.35875,61.6
CUST-002773,Bronze,98.18,16,9,0.35875,56.2
CUST-000887,Bronze,329.34,16,9,0.35875,58.8
CUST-001992,Bronze,175.91,9,5,0.3577777777777778,57.5
CUST-003853,Bronze,223.11,18,10,0.3577777777777778,61.0
CUST-000388,Bronze,187.72,18,10,0.3577777777777778,59.6
CUST-000427,Bronze,154.76,18,10,0.3577777777777778,57.9
CUST-004699,Bronze,110.02,9,5,0.3577777777777778,53.1
CUST-002757,Bronze,119.37,18,10,0.3577777777777778,57.2
CUST-005542,Bronze,157.38,18,10,0.3577777777777778,57.4
CUST-005473,Bronze,195.47,9,5,0.3577777777777778,55.2
CUST-003147,Bronze,118.56,9,5,0.3577777777777778,54.0
CUST-005263,Bronze,145.1,18,10,0.3577777777777778,57.2
CUST-007364,Bronze,150.25,18,10,0.3577777777777778,57.1
CUST-003189,Bronze,85.71,18,10,0.3577777777777778,55.8
CUST-006522,Bronze,120.59,18,10,0.3577777777777778,56.2
CUST-004480,Bronze,213.1,9,5,0.3577777777777778,54.4
CUST-007422,Bronze,187.29,18,10,0.3577777777777778,60.5
CUST-007052,Bronze,286.52,9,5,0.3577777777777778,60.0
CUST-001509,Bronze,88.91,9,5,0.3577777777777778,52.5
CUST-005752,Bronze,453.59,18,10,0.3577777777777778,64.1
CUST-005259,Bronze,110.78,18,10,0.3577777777777778,56.6
CUST-002241,Bronze,76.91,9,5,0.3577777777777778,53.3
CUST-000728,Bronze,180.58,9,5,0.3577777777777778,58.4
CUST-000752,Bronze,129.57,18,10,0.3577777777777778,58.6
CUST-002101,Bronze,49.9,18,10,0.3577777777777778,53.9
CUST-000181,Bronze,131.67,9,5,0.3577777777777778,54.2
CUST-000736,Bronze,294.11,18,10,0.3577777777777778,61.4
CUST-007578,Bronze,314.23,9,5,0.3577777777777778,61.0
CUST-006906,Bronze,137.1,18,10,0.3577777777777778,59.1
CUST-007175,Bronze,243.85,9,5,0.3577777777777778,77.5
CUST-004511,Bronze,328.29,9,5,0.3577777777777778,59.8
CUST-006191,Bronze,86.04,9,5,0.3577777777777778,54.5
CUST-001506,Bronze,110.65,9,5,0.3577777777777778,53.5
CUST-006374,Bronze,219.11,18,10,0.3577777777777778,62.1
CUST-007665,Bronze,62.05,18,10,0.3577777777777778,56.0
CUST-004373,Bronze,156.19,18,10,0.3577777777777778,58.9
CUST-000284,Bronze,112.58,18,10,0.3577777777777778,57.0
CUST-002979,Bronze,209.26,9,5,0.3577777777777778,55.7
CUST-004078,Bronze,181.23,9,5,0.3577777777777778,57.7
CUST-000817,Bronze,105.66,9,5,0.3577777777777778,51.2
CUST-002674,Bronze,111.82,9,5,0.3577777777777778,53.5
CUST-004081,Bronze,66.79,18,10,0.3577777777777778,55.3
CUST-002148,Bronze,167.59,9,5,0.3577777777777778,57.2
CUST-007084,Bronze,119.13,9,5,0.3577777777777778,50.9
CUST-004925,Bronze,153.83,20,11,0.357,59.9
CUST-001583,Bronze,190.91,20,11,0.357,60.2
CUST-007120,Bronze,151.4,20,11,0.357,56.5
CUST-002763,Bronze,256.9,20,11,0.357,61.9
CUST-005341,Bronze,104.77,20,11,0.357,55.9
CUST-001198,Bronze,231.51,20,11,0.357,61.7
CUST-007416,Bronze,131.85,20,11,0.357,58.3
CUST-001833,Bronze,141.11,20,11,0.357,58.3
CUST-007207,Bronze,145.71,20,11,0.357,58.4
CUST-002171,Bronze,238.68,20,11,0.357,61.5
CUST-007281,Bronze,183.79,20,11,0.357,59.0
CUST-005376,Bronze,96.01,20,11,0.357,56.1
CUST-007193,Bronze,257.75,20,11,0.357,61.9
CUST-001129,Bronze,115.5,20,11,0.357,58.0
CUST-003660,Bronze,183.1,20,11,0.357,60.9
CUST-003049,Bronze,145.28,20,11,0.357,78.5
CUST-002855,Bronze,264.77,20,11,0.357,61.8
CUST-007526,Bronze,118.55,20,11,0.357,56.1
CUST-003924,Bronze,126.14,20,11,0.357,57.3
CUST-003247,Bronze,323.88,20,11,0.357,63.2
CUST-004824,Bronze,179.17,20,11,0.357,58.8
CUST-007923,Bronze,171.31,20,11,0.357,59.3
CUST-002732,Bronze,136.4,11,6,0.3563636363636364,56.7
CUST-003513,Bronze,90.19,11,6,0.3563636363636364,53.6
CUST-006620,Bronze,339.6,11,6,0.3563636363636364,60.8
CUST-007216,Bronze,128.53,22,12,0.3563636363636364,58.7
CUST-007971,Bronze,316.7,22,12,0.3563636363636364,62.8
CUST-003154,Bronze,155.67,11,6,0.3563636363636364,57.7
CUST-003720,Bronze,99.44,11,6,0.3563636363636364,52.6
CUST-001378,Bronze,179.93,11,6,0.3563636363636364,56.2
CUST-006924,Bronze,203.16,11,6,0.3563636363636364,70.7
CUST-002158,Bronze,154.92,11,6,0.3563636363636364,56.7
CUST-006360,Bronze,230.88,22,12,0.3563636363636364,60.4
CUST-002376,Bronze,337.92,11,6,0.3563636363636364,62.8
CUST-004100,Bronze,108.71,11,6,0.3563636363636364,53.3
CUST-006190,Bronze,140.28,11,6,0.3563636363636364,54.6
CUST-006369,Bronze,144.44,11,6,0.3563636363636364,57.8
CUST-007348,Bronze,130.7,11,6,0.3563636363636364,51.3
CUST-007735,Bronze,145.4,11,6,0.3563636363636364,56.2
CUST-006340,Bronze,163.89,11,6,0.3563636363636364,57.2
CUST-001095,Bronze,144.35,11,6,0.3563636363636364,56.2
CUST-001736,Bronze,257.95,11,6,0.3563636363636364,59.3
CUST-006010,Bronze,196.41,11,6,0.3563636363636364,60.3
CUST-002106,Bronze,242.88,22,12,0.3563636363636364,58.6
CUST-002109,Bronze,144.93,11,6,0.3563636363636364,56.8
CUST-005993,Bronze,190.05,11,6,0.3563636363636364,56.6
CUST-000678,Bronze,103.3,11,6,0.3563636363636364,53.0
CUST-005016,Bronze,167.61,11,6,0.3563636363636364,56.0
CUST-004672,Bronze,101.99,11,6,0.3563636363636364,51.1
CUST-000954,Bronze,200.53,11,6,0.3563636363636364,54.8
CUST-005472,Bronze,133.78,11,6,0.3563636363636364,54.3
CUST-003190,Bronze,160.42,11,6,0.3563636363636364,56.7
CUST-007077,Bronze,219.9,11,6,0.3563636363636364,59.4
CUST-004015,Bronze,220.59,11,6,0.3563636363636364,56.6
CUST-004607,Bronze,97.86,11,6,0.3563636363636364,54.1
CUST-003320,Bronze,94.73,11,6,0.3563636363636364,56.2
CUST-006111,Bronze,98.0,11,6,0.3563636363636364,50.0
CUST-003275,Bronze,203.75,11,6,0.3563636363636364,55.3
CUST-006105,Bronze,99.81,22,12,0.3563636363636364,55.0
CUST-006770,Bronze,166.65,11,6,0.3563636363636364,57.7
CUST-001038,Bronze,273.3,22,12,0.3563636363636364,62.1
CUST-003122,Bronze,171.54,11,6,0.3563636363636364,57.9
CUST-000070,Bronze,93.08,11,6,0.3563636363636364,51.8
CUST-006842,Bronze,249.36,24,13,0.3558333333333334,62.1
CUST-002502,Bronze,205.51,13,7,0.3553846153846154,59.4
CUST-002578,Bronze,223.21,13,7,0.3553846153846154,71.2
CUST-007673,Bronze,134.78,13,7,0.3553846153846154,56.4
CUST-000462,Bronze,212.81,13,7,0.3553846153846154,80.6
CUST-003445,Bronze,233.84,13,7,0.3553846153846154,59.8
CUST-002965,Bronze,242.45,13,7,0.3553846153846154,61.8
CUST-005273,Bronze,163.14,13,7,0.3553846153846154,60.0
CUST-001980,Bronze,175.74,13,7,0.3553846153846154,57.2
CUST-004045,Bronze,113.52,13,7,0.3553846153846154,53.4
CUST-003355,Bronze,102.95,13,7,0.3553846153846154,55.1
CUST-005606,Bronze,176.54,13,7,0.3553846153846154,58.1
CUST-000266,Bronze,137.95,13,7,0.3553846153846154,56.8
CUST-005639,Bronze,167.56,13,7,0.3553846153846154,59.1
CUST-001379,Bronze,67.83,13,7,0.3553846153846154,56.1
CUST-000869,Bronze,255.83,13,7,0.3553846153846154,59.0
CUST-000922,Bronze,112.7,13,7,0.3553846153846154,53.6
CUST-002166,Bronze,116.7,13,7,0.3553846153846154,55.5
CUST-003993,Bronze,213.29,13,7,0.3553846153846154,55.8
CUST-007171,Bronze,258.89,13,7,0.3553846153846154,60.3
CUST-001700,Bronze,126.43,13,7,0.3553846153846154,56.3
CUST-007200,Bronze,232.3,13,7,0.3553846153846154,59.1
CUST-000608,Bronze,235.95,13,7,0.3553846153846154,81.1
CUST-001452,Bronze,108.62,13,7,0.3553846153846154,55.2
CUST-003041,Bronze,301.19,13,7,0.3553846153846154,61.3
CUST-000253,Bronze,149.43,13,7,0.3553846153846154,59.0
CUST-005104,Bronze,234.23,13,7,0.3553846153846154,77.8
CUST-006822,Bronze,284.65,13,7,0.3553846153846154,58.0
CUST-001334,Bronze,110.03,13,7,0.3553846153846154,55.4
CUST-003227,Bronze,178.16,13,7,0.3553846153846154,69.9
CUST-004598,Bronze,297.33,13,7,0.3553846153846154,61.2
CUST-007040,Bronze,173.38,13,7,0.3553846153846154,58.3
CUST-007272,Bronze,101.89,13,7,0.3553846153846154,72.3
CUST-004577,Bronze,93.0,13,7,0.3553846153846154,56.1
CUST-002928,Bronze,223.53,13,7,0.3553846153846154,61.5
CUST-003886,Bronze,160.2,13,7,0.3553846153846154,55.8
CUST-000787,Bronze,114.43,13,7,0.3553846153846154,55.3
CUST-002110,Bronze,110.55,13,7,0.3553846153846154,57.2
CUST-003436,Bronze,208.19,13,7,0.3553846153846154,58.2
CUST-006740,Bronze,365.89,13,7,0.3553846153846154,59.9
CUST-007811,Bronze,164.62,13,7,0.3553846153846154,57.7
CUST-003093,Bronze,95.74,13,7,0.3553846153846154,54.5
CUST-005025,Bronze,191.98,13,7,0.3553846153846154,75.6
CUST-004726,Bronze,256.49,13,7,0.3553846153846154,58.7
CUST-004820,Bronze,200.05,13,7,0.3553846153846154,58.9
CUST-004877,Bronze,113.62,13,7,0.3553846153846154,51.6
CUST-006604,Bronze,384.13,13,7,0.3553846153846154,62.8
CUST-003473,Bronze,106.71,13,7,0.3553846153846154,53.7
CUST-004677,Bronze,126.83,13,7,0.3553846153846154,52.9
CUST-001114,Bronze,144.11,13,7,0.3553846153846154,55.1
CUST-007882,Bronze,88.94,13,7,0.3553846153846154,54.6
CUST-003968,Bronze,151.32,13,7,0.3553846153846154,58.5
CUST-002879,Bronze,289.13,13,7,0.3553846153846154,60.3
CUST-001346,Bronze,129.96,13,7,0.3553846153846154,55.2
CUST-000886,Bronze,135.68,13,7,0.3553846153846154,54.7
CUST-002198,Bronze,103.74,13,7,0.3553846153846154,75.2
CUST-005769,Bronze,107.5,13,7,0.3553846153846154,55.0
CUST-001850,Bronze,206.57,13,7,0.3553846153846154,59.4
CUST-007517,Bronze,81.89,15,8,0.3546666666666667,55.5
CUST-000066,Bronze,163.81,15,8,0.3546666666666667,57.7
CUST-002654,Bronze,87.46,15,8,0.3546666666666667,55.2
CUST-005075,Bronze,127.2,15,8,0.3546666666666667,56.5
CUST-007417,Bronze,204.75,15,8,0.3546666666666667,70.7
CUST-000084,Bronze,90.94,15,8,0.3546666666666667,55.7
CUST-000117,Bronze,157.01,15,8,0.3546666666666667,59.7
CUST-004632,Bronze,81.22,15,8,0.3546666666666667,54.3
CUST-007374,Bronze,68.37,15,8,0.3546666666666667,55.2
CUST-001809,Bronze,186.17,15,8,0.3546666666666667,59.8
CUST-006612,Bronze,189.97,15,8,0.3546666666666667,57.9
CUST-000813,Bronze,134.44,15,8,0.3546666666666667,57.9
CUST-004158,Bronze,119.47,15,8,0.3546666666666667,57.1
CUST-004990,Bronze,110.65,15,8,0.3546666666666667,56.7
CUST-000119,Bronze,296.79,15,8,0.3546666666666667,61.9
CUST-002470,Bronze,60.83,15,8,0.3546666666666667,56.0
CUST-001571,Bronze,93.32,15,8,0.3546666666666667,55.9
CUST-001037,Bronze,178.05,15,8,0.3546666666666667,57.8
CUST-007468,Bronze,128.64,15,8,0.3546666666666667,55.5
CUST-005811,Bronze,162.71,15,8,0.3546666666666667,58.1
CUST-004707,Bronze,243.5,15,8,0.3546666666666667,60.4
CUST-007246,Bronze,120.69,15,8,0.3546666666666667,55.7
CUST-004536,Bronze,192.54,15,8,0.3546666666666667,59.0
CUST-003597,Bronze,177.54,15,8,0.3546666666666667,58.1
CUST-007453,Bronze,158.91,15,8,0.3546666666666667,59.4
CUST-004851,Bronze,130.44,15,8,0.3546666666666667,57.7
CUST-005678,Bronze,116.14,15,8,0.3546666666666667,55.4
CUST-000356,Bronze,150.84,15,8,0.3546666666666667,59.4
CUST-000588,Bronze,133.28,15,8,0.3546666666666667,56.8
CUST-005293,Bronze,128.86,15,8,0.3546666666666667,56.6
CUST-005324,Bronze,183.3,15,8,0.3546666666666667,58.8
CUST-006846,Bronze,63.62,15,8,0.3546666666666667,53.7
CUST-004404,Bronze,148.09,15,8,0.3546666666666667,57.5
CUST-003399,Bronze,177.24,15,8,0.3546666666666667,58.3
CUST-004086,Bronze,130.03,15,8,0.3546666666666667,76.5
CUST-000568,Bronze,89.77,15,8,0.3546666666666667,75.8
CUST-001283,Bronze,105.18,15,8,0.3546666666666667,57.4
CUST-002425,Bronze,135.94,15,8,0.3546666666666667,55.4
CUST-007314,Bronze,143.82,15,8,0.3546666666666667,53.7
CUST-007146,Bronze,297.19,15,8,0.3546666666666667,61.3
CUST-007062,Bronze,104.88,15,8,0.3546666666666667,57.2
CUST-004291,Bronze,132.11,15,8,0.3546666666666667,54.3
CUST-000880,Bronze,69.16,15,8,0.3546666666666667,50.6
CUST-007029,Bronze,148.51,17,9,0.35411764705882354,57.6
CUST-002515,Bronze,91.65,17,9,0.35411764705882354,54.2
CUST-007863,Bronze,199.5,17,9,0.35411764705882354,59.3
CUST-005451,Bronze,214.13,17,9,0.35411764705882354,61.8
CUST-005280,Bronze,150.76,17,9,0.35411764705882354,58.3
CUST-001740,Bronze,68.03,17,9,0.35411764705882354,52.3
CUST-005484,Bronze,144.64,17,9,0.35411764705882354,59.4
CUST-004856,Bronze,197.62,17,9,0.35411764705882354,58.1
CUST-004044,Bronze,90.25,17,9,0.35411764705882354,75.3
CUST-003491,Bronze,161.57,17,9,0.35411764705882354,57.7
CUST-005021,Bronze,120.08,17,9,0.35411764705882354,57.3
CUST-005593,Bronze,84.87,17,9,0.35411764705882354,56.1
CUST-002737,Bronze,73.81,17,9,0.35411764705882354,54.4
CUST-007388,Bronze,115.85,17,9,0.35411764705882354,57.0
CUST-004036,Bronze,156.52,17,9,0.35411764705882354,56.5
CUST-001360,Bronze,150.93,17,9,0.35411764705882354,57.0
CUST-002600,Bronze,65.68,17,9,0.35411764705882354,54.7
CUST-003369,Bronze,196.21,17,9,0.35411764705882354,61.3
CUST-006014,Bronze,224.72,17,9,0.35411764705882354,81.1
CUST-000765,Bronze,128.15,17,9,0.35411764705882354,56.2
CUST-004585,Bronze,162.43,17,9,0.35411764705882354,57.9
CUST-007139,Bronze,242.25,17,9,0.35411764705882354,62.3
CUST-007320,Bronze,105.87,17,9,0.35411764705882354,56.2
CUST-005222,Bronze,103.34,17,9,0.35411764705882354,54.8
CUST-005704,Bronze,126.06,17,9,0.35411764705882354,53.4
CUST-006785,Bronze,152.8,17,9,0.35411764705882354,58.6
CUST-005176,Bronze,172.17,17,9,0.35411764705882354,56.5
CUST-004370,Bronze,272.97,17,9,0.35411764705882354,62.1
CUST-006850,Bronze,232.19,17,9,0.35411764705882354,59.8
CUST-001821,Bronze,138.42,17,9,0.35411764705882354,53.1
CUST-001706,Bronze,83.81,17,9,0.35411764705882354,55.7
CUST-000606,Bronze,233.89,17,9,0.35411764705882354,62.3
CUST-002204,Bronze,173.5,17,9,0.35411764705882354,58.2
CUST-001791,Bronze,237.8,17,9,0.35411764705882354,61.4
CUST-004212,Bronze,250.09,17,9,0.35411764705882354,62.6
CUST-004991,Bronze,162.08,17,9,0.35411764705882354,55.9
CUST-004678,Bronze,95.62,17,9,0.35411764705882354,54.8
CUST-001595,Bronze,307.72,17,9,0.35411764705882354,82.0
CUST-003569,Bronze,102.24,17,9,0.35411764705882354,54.8
CUST-001226,Bronze,311.62,17,9,0.35411764705882354,63.4
CUST-003076,Bronze,92.87,17,9,0.35411764705882354,54.6
CUST-003468,Bronze,196.4,17,9,0.35411764705882354,60.2
CUST-003264,Bronze,432.76,17,9,0.35411764705882354,63.1
CUST-000562,Bronze,140.53,17,9,0.35411764705882354,56.7
CUST-000905,Bronze,197.67,17,9,0.35411764705882354,59.2
CUST-005566,Bronze,247.04,19,10,0.35368421052631577,60.6
CUST-000031,Bronze,219.51,19,10,0.35368421052631577,80.9
CUST-006104,Bronze,127.54,19,10,0.35368421052631577,55.6
CUST-004609,Bronze,84.53,19,10,0.35368421052631577,56.7
CUST-002531,Bronze,127.48,19,10,0.35368421052631577,54.3
CUST-004490,Bronze,107.06,19,10,0.35368421052631577,55.5
CUST-006993,Bronze,134.52,19,10,0.35368421052631577,57.0
CUST-007708,Bronze,133.52,19,10,0.35368421052631577,58.4
CUST-002611,Bronze,136.13,19,10,0.35368421052631577,58.5
CUST-000965,Bronze,120.33,19,10,0.35368421052631577,56.1
CUST-004494,Bronze,153.17,19,10,0.35368421052631577,58.5
CUST-006000,Bronze,266.92,19,10,0.35368421052631577,62.6
CUST-006429,Bronze,129.62,19,10,0.35368421052631577,57.6
CUST-005244,Bronze,145.62,19,10,0.35368421052631577,58.2
CUST-005241,Bronze,145.24,19,10,0.35368421052631577,55.1
CUST-001944,Bronze,169.27,19,10,0.35368421052631577,60.2
CUST-006030,Bronze,265.66,19,10,0.35368421052631577,61.0
CUST-007575,Bronze,153.9,19,10,0.35368421052631577,59.3
CUST-007560,Bronze,127.94,19,10,0.35368421052631577,56.3
CUST-005506,Bronze,55.68,19,10,0.35368421052631577,55.0
CUST-003635,Bronze,105.71,19,10,0.35368421052631577,57.5
CUST-006713,Bronze,212.69,21,11,0.35333333333333333,61.9
CUST-002639,Bronze,211.77,21,11,0.35333333333333333,61.5
CUST-007588,Bronze,135.21,21,11,0.35333333333333333,59.0
CUST-003443,Bronze,151.91,21,11,0.35333333333333333,57.8
CUST-003705,Bronze,187.29,21,11,0.35333333333333333,80.1
CUST-001988,Bronze,124.47,21,11,0.35333333333333333,77.4
CUST-001429,Bronze,159.68,21,11,0.35333333333333333,57.9
CUST-007541,Bronze,113.69,21,11,0.35333333333333333,55.7
CUST-007163,Bronze,120.09,21,11,0.35333333333333333,57.9
CUST-005309,Bronze,115.8,21,11,0.35333333333333333,57.8
CUST-002808,Bronze,150.62,21,11,0.35333333333333333,57.4
CUST-004601,Bronze,220.86,21,11,0.35333333333333333,59.2
CUST-004671,Bronze,68.16,21,11,0.35333333333333333,54.1
CUST-001677,Bronze,113.99,23,12,0.3530434782608696,58.0
CUST-002962,Bronze,74.55,23,12,0.3530434782608696,56.2
CUST-002613,Bronze,71.23,23,12,0.3530434782608696,56.5
CUST-003749,Bronze,177.83,23,12,0.3530434782608696,73.0
CUST-002149,Bronze,44.53,23,12,0.3530434782608696,55.6
CUST-001097,Bronze,119.84,23,12,0.3530434782608696,57.6
CUST-006762,Bronze,237.97,23,12,0.3530434782608696,61.2
CUST-005915,Bronze,206.44,25,13,0.3528,59.5
CUST-000857,Bronze,90.52,25,13,0.3528,56.5
CUST-002057,Bronze,192.47,14,7,0.35000000000000003,56.9
CUST-005516,Bronze,70.91,22,11,0.35000000000000003,53.7
CUST-000448,Bronze,101.56,14,7,0.35000000000000003,69.6
CUST-000411,Bronze,138.49,12,6,0.35000000000000003,56.5
CUST-001156,Bronze,101.34,22,11,0.35000000000000003,76.4
CUST-001153,Bronze,156.36,12,6,0.35000000000000003,56.6
CUST-004892,Bronze,209.89,12,6,0.35000000000000003,61.2
CUST-006617,Bronze,164.05,6,3,0.35000000000000003,51.6
CUST-007119,Bronze,44.01,14,7,0.35000000000000003,65.3
CUST-002638,Bronze,243.93,12,6,0.35000000000000003,59.3
CUST-007114,Bronze,230.42,12,6,0.35000000000000003,57.1
CUST-003165,Bronze,134.58,14,7,0.35000000000000003,57.8
CUST-004698,Bronze,120.13,12,6,0.35000000000000003,55.0
CUST-007483,Bronze,442.2,12,6,0.35000000000000003,63.0
CUST-007463,Bronze,385.9,12,6,0.35000000000000003,60.2
CUST-001116,Bronze,211.98,24,12,0.35000000000000003,61.2
CUST-004969,Bronze,127.07,6,3,0.35000000000000003,50.5
CUST-007981,Bronze,266.23,14,7,0.35000000000000003,56.3
CUST-007974,Bronze,192.52,14,7,0.35000000000000003,57.8
CUST-004963,Bronze,196.11,14,7,0.35000000000000003,58.4
CUST-001468,Bronze,165.65,14,7,0.35000000000000003,60.0
CUST-001466,Bronze,56.31,14,7,0.35000000000000003,51.8
CUST-007631,Bronze,115.0,12,6,0.35000000000000003,51.3
CUST-007629,Bronze,210.48,14,7,0.35000000000000003,59.9
CUST-004751,Bronze,110.76,12,6,0.35000000000000003,55.2
CUST-000369,Bronze,140.98,14,7,0.35000000000000003,58.0
CUST-004765,Bronze,226.46,12,6,0.35000000000000003,61.1
CUST-005267,Bronze,190.14,28,14,0.35000000000000003,61.2
CUST-001036,Bronze,92.34,14,7,0.35000000000000003,55.8
CUST-001751,Bronze,179.26,12,6,0.35000000000000003,57.4
CUST-002477,Bronze,115.71,14,7,0.35000000000000003,55.7
CUST-006600,Bronze,79.36,12,6,0.35000000000000003,51.7
CUST-005118,Bronze,130.51,12,6,0.35000000000000003,56.2
CUST-006737,Bronze,107.04,12,6,0.35000000000000003,51.6
CUST-002029,Bronze,71.85,12,6,0.35000000000000003,50.8
CUST-005069,Bronze,247.08,14,7,0.35000000000000003,59.9
CUST-003488,Bronze,164.52,14,7,0.35000000000000003,57.0
CUST-000197,Bronze,106.38,14,7,0.35000000000000003,54.8
CUST-006886,Bronze,213.91,6,3,0.35000000000000003,55.8
CUST-005851,Bronze,315.64,12,6,0.35000000000000003,60.1
CUST-006861,Bronze,98.46,14,7,0.35000000000000003,54.6
CUST-002827,Bronze,107.47,12,6,0.35000000000000003,50.1
CUST-007675,Bronze,134.76,12,6,0.35000000000000003,52.8
CUST-005214,Bronze,146.97,14,7,0.35000000000000003,76.2
CUST-002717,Bronze,91.98,12,6,0.35000000000000003,53.7
CUST-002746,Bronze,138.23,14,7,0.35000000000000003,53.9
CUST-007261,Bronze,69.77,12,6,0.35000000000000003,55.8
CUST-001395,Bronze,77.42,14,7,0.35000000000000003,53.6
CUST-003030,Bronze,189.09,12,6,0.35000000000000003,58.9
CUST-002652,Bronze,138.12,22,11,0.35000000000000003,58.5
CUST-004095,Bronze,163.14,14,7,0.35000000000000003,55.8
CUST-001386,Bronze,175.29,14,7,0.35000000000000003,55.4
CUST-002984,Bronze,105.43,14,7,0.35000000000000003,53.2
CUST-000833,Bronze,88.92,14,7,0.35000000000000003,55.6
CUST-000856,Bronze,258.44,14,7,0.35000000000000003,59.6
CUST-007683,Bronze,174.33,14,7,0.35000000000000003,55.2
CUST-007182,Bronze,96.82,6,3,0.35000000000000003,48.0
CUST-001433,Bronze,195.73,12,6,0.35000000000000003,73.6
CUST-005315,Bronze,106.68,12,6,0.35000000000000003,54.9
CUST-004405,Bronze,91.59,12,6,0.35000000000000003,55.7
CUST-007522,Bronze,162.67,14,7,0.35000000000000003,59.3
CUST-006306,Bronze,195.18,12,6,0.35000000000000003,54.7
CUST-006848,Bronze,125.71,12,6,0.35000000000000003,54.0
CUST-001369,Bronze,84.92,14,7,0.35000000000000003,55.4
CUST-004326,Bronze,138.22,12,6,0.35000000000000003,56.9
CUST-007743,Bronze,125.38,12,6,0.35000000000000003,53.3
CUST-005381,Bronze,65.24,14,7,0.35000000000000003,53.4
CUST-005358,Bronze,171.24,12,6,0.35000000000000003,56.0
CUST-001900,Bronze,175.56,12,6,0.35000000000000003,58.1
CUST-000172,Bronze,121.81,14,7,0.35000000000000003,56.7
CUST-004456,Bronze,123.03,14,7,0.35000000000000003,56.1
CUST-004597,Bronze,216.74,14,7,0.35000000000000003,61.7
CUST-000741,Bronze,213.01,22,11,0.35000000000000003,60.9
CUST-000767,Bronze,155.54,22,11,0.35000000000000003,60.0
CUST-000642,Bronze,446.56,12,6,0.35000000000000003,60.8
CUST-005216,Bronze,172.09,14,7,0.35000000000000003,58.3
CUST-002229,Bronze,362.78,12,6,0.35000000000000003,62.6
CUST-002224,Bronze,121.14,14,7,0.35000000000000003,56.1
CUST-005875,Bronze,188.11,14,7,0.35000000000000003,58.8
CUST-003372,Bronze,127.48,14,7,0.35000000000000003,56.3
CUST-003961,Bronze,178.4,12,6,0.35000000000000003,53.8
CUST-005819,Bronze,138.1,14,7,0.35000000000000003,56.8
CUST-004823,Bronze,255.66,14,7,0.35000000000000003,62.2
CUST-003548,Bronze,138.94,14,7,0.35000000000000003,54.4
CUST-001484,Bronze,230.74,14,7,0.35000000000000003,60.0
CUST-001511,Bronze,276.47,24,12,0.35000000000000003,62.7
CUST-001621,Bronze,126.87,12,6,0.35000000000000003,54.3
CUST-005959,Bronze,137.84,14,7,0.35000000000000003,54.5
CUST-005931,Bronze,131.24,14,7,0.35000000000000003,57.5
CUST-005947,Bronze,105.43,12,6,0.35000000000000003,50.6
CUST-000665,Bronze,167.58,14,7,0.35000000000000003,58.2
CUST-000643,Bronze,265.87,14,7,0.35000000000000003,60.4
CUST-003909,Bronze,74.12,12,6,0.35000000000000003,54.9
CUST-007754,Bronze,122.67,22,11,0.35000000000000003,56.4
CUST-007779,Bronze,222.36,22,11,0.35000000000000003,62.1
CUST-006218,Bronze,92.09,12,6,0.35000000000000003,53.7
CUST-001832,Bronze,142.66,12,6,0.35000000000000003,57.5
CUST-001906,Bronze,144.11,14,7,0.35000000000000003,58.1
CUST-005243,Bronze,162.52,12,6,0.35000000000000003,54.0
CUST-002275,Bronze,134.13,12,6,0.35000000000000003,77.3
CUST-005620,Bronze,113.39,6,3,0.35000000000000003,51.8
CUST-005550,Bronze,115.26,12,6,0.35000000000000003,54.8
CUST-004795,Bronze,242.94,14,7,0.35000000000000003,60.1
CUST-004771,Bronze,87.96,12,6,0.35000000000000003,55.2
CUST-002271,Bronze,113.66,12,6,0.35000000000000003,53.3
CUST-002258,Bronze,162.81,12,6,0.35000000000000003,55.9
CUST-003509,Bronze,124.31,14,7,0.35000000000000003,54.3
CUST-004787,Bronze,137.03,14,7,0.35000000000000003,56.8
CUST-003772,Bronze,69.41,14,7,0.35000000000000003,55.5
CUST-003764,Bronze,179.3,14,7,0.35000000000000003,60.6
CUST-002624,Bronze,143.82,14,7,0.35000000000000003,54.6
CUST-002426,Bronze,189.43,14,7,0.35000000000000003,57.8
CUST-002615,Bronze,154.98,12,6,0.35000000000000003,56.7
CUST-000987,Bronze,79.82,14,7,0.35000000000000003,54.1
CUST-001908,Bronze,85.64,14,7,0.35000000000000003,50.4
CUST-005674,Bronze,75.42,12,6,0.35000000000000003,53.4
CUST-006172,Bronze,66.42,12,6,0.35000000000000003,53.7
CUST-006089,Bronze,139.91,12,6,0.35000000000000003,58.6
CUST-004072,Bronze,198.78,14,7,0.35000000000000003,60.6
CUST-004071,Bronze,121.66,28,14,0.35000000000000003,58.3
CUST-003756,Bronze,137.99,14,7,0.35000000000000003,54.5
CUST-006099,Bronze,210.66,12,6,0.35000000000000003,55.5
CUST-004022,Bronze,196.56,14,7,0.35000000000000003,60.2
CUST-003308,Bronze,167.85,14,7,0.35000000000000003,59.1
CUST-003188,Bronze,270.08,14,7,0.35000000000000003,59.8
CUST-004156,Bronze,196.59,24,12,0.35000000000000003,59.0
CUST-004888,Bronze,180.83,14,7,0.35000000000000003,59.3
CUST-006518,Bronze,107.69,24,12,0.35000000000000003,56.7
CUST-004873,Bronze,208.79,22,11,0.35000000000000003,80.8
CUST-002939,Bronze,179.82,12,6,0.35000000000000003,58.2
CUST-003185,Bronze,293.04,12,6,0.35000000000000003,60.6
CUST-006982,Bronze,130.95,14,7,0.35000000000000003,56.1
CUST-003704,Bronze,108.6,22,11,0.35000000000000003,55.4
CUST-003700,Bronze,245.57,14,7,0.35000000000000003,74.9
CUST-003712,Bronze,154.11,12,6,0.35000000000000003,53.7
CUST-002423,Bronze,125.88,14,7,0.35000000000000003,57.9
CUST-004633,Bronze,218.38,12,6,0.35000000000000003,59.8
CUST-005057,Bronze,221.21,6,3,0.35000000000000003,50.0
CUST-005597,Bronze,244.64,14,7,0.35000000000000003,58.0
CUST-004979,Bronze,316.32,14,7,0.35000000000000003,56.8
CUST-004922,Bronze,89.71,14,7,0.35000000000000003,52.0
CUST-003658,Bronze,110.41,14,7,0.35000000000000003,54.5
CUST-002491,Bronze,184.98,14,7,0.35000000000000003,56.3
CUST-002529,Bronze,159.21,12,6,0.35000000000000003,55.8
CUST-007965,Bronze,102.45,14,7,0.35000000000000003,56.1
CUST-007937,Bronze,310.28,14,7,0.35000000000000003,59.4
CUST-004930,Bronze,245.35,14,7,0.35000000000000003,62.1
CUST-003651,Bronze,105.13,12,6,0.35000000000000003,50.3
CUST-003595,Bronze,275.39,16,8,0.35,62.2
CUST-000676,Bronze,99.58,16,8,0.35,57.0
CUST-003353,Bronze,123.93,10,5,0.35,54.7
CUST-002973,Bronze,160.59,16,8,0.35,57.8
CUST-002972,Bronze,292.67,10,5,0.35,59.0
CUST-006962,Bronze,312.08,10,5,0.35,59.2
CUST-006953,Bronze,73.28,10,5,0.35,45.9
CUST-004411,Bronze,204.03,16,8,0.35,60.3
CUST-001634,Bronze,173.44,10,5,0.35,54.9
CUST-005998,Bronze,194.4,18,9,0.35,59.0
CUST-006213,Bronze,186.29,18,9,0.35,57.7
CUST-006226,Bronze,204.1,16,8,0.35,60.0
CUST-007142,Bronze,124.39,16,8,0.35,67.5
CUST-000840,Bronze,109.5,20,10,0.35,57.8
CUST-005949,Bronze,122.76,16,8,0.35,54.2
CUST-001676,Bronze,242.51,8,4,0.35,52.3
CUST-003536,Bronze,105.11,16,8,0.35,55.4
CUST-001685,Bronze,148.04,8,4,0.35,55.1
CUST-000841,Bronze,117.61,16,8,0.35,56.1
CUST-003724,Bronze,105.39,18,9,0.35,55.4
CUST-002357,Bronze,298.05,20,10,0.35,63.4
CUST-002417,Bronze,172.27,18,9,0.35,58.6
CUST-002360,Bronze,142.82,18,9,0.35,58.7
CUST-002345,Bronze,127.87,8,4,0.35,55.3
CUST-006594,Bronze,255.62,10,5,0.35,56.7
CUST-004162,Bronze,140.42,18,9,0.35,57.9
CUST-004186,Bronze,260.55,16,8,0.35,62.8
CUST-002435,Bronze,455.58,10,5,0.35,61.7
CUST-002439,Bronze,208.32,8,4,0.35,56.7
CUST-007157,Bronze,151.96,16,8,0.35,56.8
CUST-003382,Bronze,297.08,8,4,0.35,57.1
CUST-002408,Bronze,96.36,16,8,0.35,56.8
CUST-007197,Bronze,119.9,18,9,0.35,57.1
CUST-003329,Bronze,120.92,18,9,0.35,58.2
CUST-001471,Bronze,131.92,18,9,0.35,77.8
CUST-004488,Bronze,171.34,10,5,0.35,56.4
CUST-000579,Bronze,110.43,16,8,0.35,54.6
CUST-007215,Bronze,110.05,16,8,0.35,57.6
CUST-002905,Bronze,74.29,20,10,0.35,56.5
CUST-004517,Bronze,179.21,10,5,0.35,54.1
CUST-002393,Bronze,220.85,16,8,0.35,61.5
CUST-002643,Bronze,57.0,18,9,0.35,53.3
CUST-006625,Bronze,159.51,10,5,0.35,53.4
CUST-002327,Bronze,170.05,16,8,0.35,59.9
CUST-002862,Bronze,427.03,10,5,0.35,61.8
CUST-004393,Bronze,243.72,18,9,0.35,58.4
CUST-004391,Bronze,269.4,10,5,0.35,79.7
CUST-002636,Bronze,203.14,20,10,0.35,59.6
CUST-001180,Bronze,112.34,10,5,0.35,54.6
CUST-007341,Bronze,152.93,16,8,0.35,59.2
CUST-005836,Bronze,156.54,16,8,0.35,59.4
CUST-005806,Bronze,96.8,8,4,0.35,47.7
CUST-005789,Bronze,137.71,10,5,0.35,55.8
CUST-001773,Bronze,118.29,18,9,0.35,55.7
CUST-001815,Bronze,120.5,16,8,0.35,54.8
CUST-001803,Bronze,108.52,20,10,0.35,56.6
CUST-001098,Bronze,80.74,16,8,0.35,56.3
CUST-004204,Bronze,102.06,10,5,0.35,52.7
CUST-000213,Bronze,113.66,18,9,0.35,55.7
CUST-005030,Bronze,148.84,10,5,0.35,56.4
CUST-007377,Bronze,291.5,10,5,0.35,57.8
CUST-007381,Bronze,118.91,18,9,0.35,56.9
CUST-003864,Bronze,163.77,16,8,0.35,57.6
CUST-004583,Bronze,107.57,16,8,0.35,57.5
CUST-002841,Bronze,130.63,16,8,0.35,58.5
CUST-004578,Bronze,121.96,8,4,0.35,52.1
CUST-001377,Bronze,160.08,18,9,0.35,58.5
CUST-004363,Bronze,238.32,8,4,0.35,58.2
CUST-001846,Bronze,50.99,16,8,0.35,56.1
CUST-001905,Bronze,104.92,8,4,0.35,49.2
CUST-000558,Bronze,160.97,16,8,0.35,59.9
CUST-005709,Bronze,160.87,8,4,0.35,55.8
CUST-006573,Bronze,291.15,20,10,0.35,60.7
CUST-002227,Bronze,152.67,16,8,0.35,57.5
CUST-005303,Bronze,163.52,18,9,0.35,57.9
CUST-002209,Bronze,196.51,18,9,0.35,57.4
CUST-005306,Bronze,227.74,10,5,0.35,59.0
CUST-005319,Bronze,157.63,10,5,0.35,55.5
CUST-006570,Bronze,114.46,10,5,0.35,51.2
CUST-007644,Bronze,152.16,10,5,0.35,56.6
CUST-006735,Bronze,116.66,16,8,0.35,55.8
CUST-007614,Bronze,123.41,20,10,0.35,58.1
CUST-007648,Bronze,94.87,16,8,0.35,54.8
CUST-007637,Bronze,160.29,10,5,0.35,52.6
CUST-001083,Bronze,135.19,20,10,0.35,56.7
CUST-005271,Bronze,128.87,20,10,0.35,56.7
CUST-005262,Bronze,89.42,8,4,0.35,48.8
CUST-003794,Bronze,105.07,18,9,0.35,54.9
CUST-007508,Bronze,99.74,10,5,0.35,52.9
CUST-004287,Bronze,125.74,16,8,0.35,57.2
CUST-000362,Bronze,136.78,20,10,0.35,57.8
CUST-003884,Bronze,154.6,18,9,0.35,58.6
CUST-003397,Bronze,199.62,20,10,0.35,58.9
CUST-005691,Bronze,179.76,16,8,0.35,60.6
CUST-001882,Bronze,249.07,16,8,0.35,60.4
CUST-001875,Bronze,92.3,16,8,0.35,54.0
CUST-004591,Bronze,340.51,16,8,0.35,61.8
CUST-005628,Bronze,171.5,16,8,0.35,58.4
CUST-004606,Bronze,231.42,16,8,0.35,61.9
CUST-001968,Bronze,96.27,18,9,0.35,55.0
CUST-001984,Bronze,164.18,16,8,0.35,59.9
CUST-007528,Bronze,268.03,8,4,0.35,56.0
CUST-000336,Bronze,116.69,8,4,0.35,50.0
CUST-002713,Bronze,204.69,10,5,0.35,58.6
CUST-001315,Bronze,131.2,16,8,0.35,56.5
CUST-003875,Bronze,82.33,18,9,0.35,55.4
CUST-007412,Bronze,198.25,10,5,0.35,55.1
CUST-003087,Bronze,213.85,18,9,0.35,61.2
CUST-005348,Bronze,126.95,10,5,0.35,52.2
CUST-003100,Bronze,102.41,18,9,0.35,74.1
CUST-002184,Bronze,136.05,10,5,0.35,56.4
CUST-005615,Bronze,215.12,8,4,0.35,54.6
CUST-006371,Bronze,267.43,16,8,0.35,75.3
CUST-004347,Bronze,209.64,16,8,0.35,61.2
CUST-006385,Bronze,105.64,16,8,0.35,76.4
CUST-001964,Bronze,78.6,20,10,0.35,56.6
CUST-003456,Bronze,76.44,16,8,0.35,52.2
CUST-003214,Bronze,149.07,16,8,0.35,57.4
CUST-006819,Bronze,159.99,8,4,0.35,53.8
CUST-005572,Bronze,107.29,10,5,0.35,52.9
CUST-007844,Bronze,186.54,10,5,0.35,55.8
CUST-007856,Bronze,246.0,8,4,0.35,57.5
CUST-006650,Bronze,156.91,18,9,0.35,55.7
CUST-001118,Bronze,133.68,16,8,0.35,58.7
CUST-000774,Bronze,226.94,10,5,0.35,58.8
CUST-007962,Bronze,105.21,10,5,0.35,53.2
CUST-004936,Bronze,178.27,20,10,0.35,59.2
CUST-003850,Bronze,156.09,20,10,0.35,58.4
CUST-002042,Bronze,96.45,16,8,0.35,55.5
CUST-002021,Bronze,307.15,18,9,0.35,61.4
CUST-004661,Bronze,207.85,16,8,0.35,60.1
CUST-004647,Bronze,131.2,10,5,0.35,54.5
CUST-007512,Bronze,94.94,8,4,0.35,52.0
CUST-002055,Bronze,170.29,16,8,0.35,57.2
CUST-001260,Bronze,234.32,18,9,0.35,61.2
CUST-004294,Bronze,154.83,16,8,0.35,59.8
CUST-005413,Bronze,159.49,10,5,0.35,53.5
CUST-002094,Bronze,165.82,8,4,0.35,51.7
CUST-000964,Bronze,156.86,18,9,0.35,60.0
CUST-006810,Bronze,177.05,10,5,0.35,51.9
CUST-007475,Bronze,86.01,16,8,0.35,56.5
CUST-005457,Bronze,226.11,10,5,0.35,57.9
CUST-004683,Bronze,123.2,18,9,0.35,57.6
CUST-004330,Bronze,147.2,10,5,0.35,55.7
CUST-003820,Bronze,206.53,20,10,0.35,60.7
CUST-005418,Bronze,259.36,16,8,0.35,62.8
CUST-000931,Bronze,119.21,16,8,0.35,77.1
CUST-006559,Bronze,122.88,10,5,0.35,56.9
CUST-003459,Bronze,103.12,20,10,0.35,56.3
CUST-007489,Bronze,96.14,18,9,0.35,56.0
CUST-002697,Bronze,174.47,8,4,0.35,58.3
CUST-006787,Bronze,148.79,10,5,0.35,54.2
CUST-004941,Bronze,81.87,18,9,0.35,54.4
CUST-000120,Bronze,107.86,16,8,0.35,55.4
CUST-002584,Bronze,110.16,16,8,0.35,57.5
CUST-006668,Bronze,75.8,18,9,0.35,56.2
CUST-004938,Bronze,121.51,18,9,0.35,55.6
CUST-003269,Bronze,78.68,18,9,0.35,54.5
CUST-001556,Bronze,109.25,16,8,0.35,56.8
CUST-007942,Bronze,184.04,20,10,0.35,58.5
CUST-006996,Bronze,237.25,18,9,0.35,60.3
CUST-006206,Bronze,141.94,10,5,0.35,52.1
CUST-002951,Bronze,88.08,10,5,0.35,49.2
CUST-004417,Bronze,104.61,20,10,0.35,56.4
CUST-006250,Bronze,223.76,10,5,0.35,58.9
CUST-007042,Bronze,148.87,16,8,0.35,57.8
CUST-003125,Bronze,209.21,27,13,0.34740740740740744,59.3
CUST-004171,Bronze,170.48,27,13,0.34740740740740744,60.6
CUST-003425,Bronze,74.65,25,12,0.3472,55.9
CUST-004306,Bronze,55.23,25,12,0.3472,56.3
CUST-004576,Bronze,178.64,25,12,0.3472,60.2
CUST-005187,Bronze,214.55,23,11,0.34695652173913044,60.8
CUST-005969,Bronze,285.48,23,11,0.34695652173913044,82.3
CUST-004793,Bronze,211.79,23,11,0.34695652173913044,58.6
CUST-002403,Bronze,117.9,23,11,0.34695652173913044,57.5
CUST-006301,Bronze,210.48,23,11,0.34695652173913044,60.7
CUST-000361,Bronze,174.81,23,11,0.34695652173913044,58.4
CUST-006746,Bronze,151.34,23,11,0.34695652173913044,58.1
CUST-007628,Bronze,196.34,23,11,0.34695652173913044,59.4
CUST-000392,Bronze,187.6,23,11,0.34695652173913044,60.1
CUST-002084,Bronze,104.95,23,11,0.34695652173913044,55.2
CUST-007938,Bronze,207.19,23,11,0.34695652173913044,61.7
CUST-003480,Bronze,163.6,23,11,0.34695652173913044,59.3
CUST-002494,Bronze,151.63,23,11,0.34695652173913044,57.8
CUST-000158,Bronze,213.93,21,10,0.3466666666666667,59.5
CUST-007092,Bronze,107.56,21,10,0.3466666666666667,57.3
CUST-006978,Bronze,92.67,21,10,0.3466666666666667,54.7
CUST-000777,Bronze,118.13,21,10,0.3466666666666667,55.8
CUST-002709,Bronze,132.5,21,10,0.3466666666666667,57.6
CUST-004691,Bronze,165.86,21,10,0.3466666666666667,58.1
CUST-000188,Bronze,415.54,21,10,0.3466666666666667,61.7
CUST-006028,Bronze,106.32,21,10,0.3466666666666667,56.3
CUST-003680,Bronze,100.81,21,10,0.3466666666666667,56.2
CUST-005152,Bronze,128.77,21,10,0.3466666666666667,56.6
CUST-005992,Bronze,96.49,21,10,0.3466666666666667,75.5
CUST-007906,Bronze,107.89,21,10,0.3466666666666667,76.7
CUST-005226,Bronze,203.94,21,10,0.3466666666666667,61.3
CUST-006910,Bronze,145.22,21,10,0.3466666666666667,58.4
CUST-003009,Bronze,208.28,21,10,0.3466666666666667,79.5
CUST-003881,Bronze,307.56,21,10,0.3466666666666667,61.6
CUST-005646,Bronze,133.51,21,10,0.3466666666666667,59.0
CUST-001932,Bronze,231.55,21,10,0.3466666666666667,62.4
CUST-004778,Bronze,314.4,21,10,0.3466666666666667,61.9
CUST-001732,Bronze,94.25,21,10,0.3466666666666667,54.7
CUST-003153,Bronze,199.19,21,10,0.3466666666666667,60.4
CUST-007150,Bronze,189.65,21,10,0.3466666666666667,58.4
CUST-000338,Bronze,78.94,19,9,0.3463157894736842,54.3
CUST-007990,Bronze,138.19,19,9,0.3463157894736842,56.7
CUST-006235,Bronze,162.15,19,9,0.3463157894736842,59.6
CUST-001843,Bronze,185.65,19,9,0.3463157894736842,60.4
CUST-005229,Bronze,189.45,19,9,0.3463157894736842,73.4
CUST-003253,Bronze,123.48,19,9,0.3463157894736842,55.1
CUST-002375,Bronze,286.22,19,9,0.3463157894736842,60.7
CUST-006665,Bronze,226.14,19,9,0.3463157894736842,59.9
CUST-003330,Bronze,134.14,19,9,0.3463157894736842,56.7
CUST-002897,Bronze,231.65,19,9,0.3463157894736842,60.3
CUST-001408,Bronze,88.34,19,9,0.3463157894736842,55.6
CUST-003786,Bronze,162.82,19,9,0.3463157894736842,58.0
CUST-007487,Bronze,113.15,19,9,0.3463157894736842,55.9
CUST-002178,Bronze,174.15,19,9,0.3463157894736842,58.5
CUST-006887,Bronze,234.34,19,9,0.3463157894736842,62.4
CUST-007536,Bronze,253.59,19,9,0.3463157894736842,58.5
CUST-002957,Bronze,195.24,19,9,0.3463157894736842,59.3
CUST-003603,Bronze,114.34,19,9,0.3463157894736842,54.4
CUST-007788,Bronze,193.6,19,9,0.3463157894736842,57.8
CUST-006535,Bronze,252.67,19,9,0.3463157894736842,61.1
CUST-006542,Bronze,170.49,19,9,0.3463157894736842,58.3
CUST-002945,Bronze,124.81,19,9,0.3463157894736842,57.4
CUST-007530,Bronze,141.83,19,9,0.3463157894736842,57.3
CUST-005343,Bronze,277.1,19,9,0.3463157894736842,62.6
CUST-004666,Bronze,233.76,19,9,0.3463157894736842,60.8
CUST-005524,Bronze,95.14,19,9,0.3463157894736842,66.1
CUST-003610,Bronze,69.42,19,9,0.3463157894736842,55.8
CUST-007964,Bronze,166.89,19,9,0.3463157894736842,60.1
CUST-006324,Bronze,109.15,17,8,0.3458823529411765,57.4
CUST-000382,Bronze,172.43,17,8,0.3458823529411765,55.6
CUST-003902,Bronze,241.8,17,8,0.3458823529411765,61.3
CUST-003417,Bronze,177.01,17,8,0.3458823529411765,58.4
CUST-007615,Bronze,231.75,17,8,0.3458823529411765,60.1
CUST-006170,Bronze,116.8,17,8,0.3458823529411765,56.5
CUST-000947,Bronze,192.27,17,8,0.3458823529411765,57.0
CUST-003819,Bronze,143.96,17,8,0.3458823529411765,59.1
CUST-001491,Bronze,82.5,17,8,0.3458823529411765,55.1
CUST-006150,Bronze,155.07,17,8,0.3458823529411765,59.3
CUST-006867,Bronze,89.53,17,8,0.3458823529411765,52.8
CUST-000488,Bronze,89.06,17,8,0.3458823529411765,55.6
CUST-006580,Bronze,238.52,17,8,0.3458823529411765,60.4
CUST-006619,Bronze,164.98,17,8,0.3458823529411765,57.8
CUST-005733,Bronze,154.1,17,8,0.3458823529411765,57.1
CUST-006667,Bronze,108.34,17,8,0.3458823529411765,74.4
CUST-006745,Bronze,297.66,17,8,0.3458823529411765,61.3
CUST-002815,Bronze,248.72,17,8,0.3458823529411765,57.2
CUST-000628,Bronze,133.92,17,8,0.3458823529411765,56.4
CUST-005869,Bronze,155.02,17,8,0.3458823529411765,57.3
CUST-001779,Bronze,155.82,17,8,0.3458823529411765,57.7
CUST-001659,Bronze,238.34,17,8,0.3458823529411765,61.9
CUST-002598,Bronze,185.3,17,8,0.3458823529411765,59.8
CUST-001501,Bronze,110.59,17,8,0.3458823529411765,55.5
CUST-004811,Bronze,135.4,17,8,0.3458823529411765,58.9
CUST-004542,Bronze,196.22,17,8,0.3458823529411765,60.8
CUST-006602,Bronze,286.13,17,8,0.3458823529411765,61.0
CUST-005852,Bronze,121.33,17,8,0.3458823529411765,70.6
CUST-007598,Bronze,164.18,17,8,0.3458823529411765,59.2
CUST-002677,Bronze,105.89,17,8,0.3458823529411765,55.9
CUST-004560,Bronze,177.77,17,8,0.3458823529411765,54.6
CUST-007244,Bronze,129.53,17,8,0.3458823529411765,58.0
CUST-005480,Bronze,74.46,17,8,0.3458823529411765,52.7
CUST-002097,Bronze,101.77,17,8,0.3458823529411765,55.1
CUST-002173,Bronze,208.69,17,8,0.3458823529411765,60.1
CUST-001293,Bronze,222.93,17,8,0.3458823529411765,60.8
CUST-005537,Bronze,134.29,17,8,0.3458823529411765,58.7
CUST-001104,Bronze,81.46,17,8,0.3458823529411765,54.0
CUST-005523,Bronze,234.34,17,8,0.3458823529411765,59.3
CUST-002784,Bronze,321.22,17,8,0.3458823529411765,62.6
CUST-003169,Bronze,119.2,17,8,0.3458823529411765,57.5
CUST-000327,Bronze,302.97,17,8,0.3458823529411765,61.9
CUST-002968,Bronze,138.92,17,8,0.3458823529411765,56.2
CUST-000082,Bronze,162.37,17,8,0.3458823529411765,59.6
CUST-004148,Bronze,86.67,17,8,0.3458823529411765,54.6
CUST-001997,Bronze,110.88,17,8,0.3458823529411765,56.1
CUST-000477,Bronze,157.66,17,8,0.3458823529411765,57.8
CUST-005402,Bronze,311.26,17,8,0.3458823529411765,63.1
CUST-007892,Bronze,197.83,17,8,0.3458823529411765,58.8
CUST-000434,Bronze,228.64,17,8,0.3458823529411765,61.1
CUST-006647,Bronze,233.17,17,8,0.3458823529411765,59.9
CUST-000330,Bronze,115.4,15,7,0.3453333333333333,56.4
CUST-006899,Bronze,78.61,15,7,0.3453333333333333,56.0
CUST-006874,Bronze,143.54,15,7,0.3453333333333333,57.1
CUST-001368,Bronze,132.03,15,7,0.3453333333333333,57.6
CUST-007367,Bronze,137.26,15,7,0.3453333333333333,56.5
CUST-003870,Bronze,193.51,15,7,0.3453333333333333,61.0
CUST-002201,Bronze,116.51,15,7,0.3453333333333333,56.8
CUST-001262,Bronze,259.0,15,7,0.3453333333333333,60.6
CUST-007434,Bronze,95.56,15,7,0.3453333333333333,52.8
CUST-004152,Bronze,87.53,15,7,0.3453333333333333,69.1
CUST-004282,Bronze,204.99,15,7,0.3453333333333333,57.4
CUST-007543,Bronze,89.88,15,7,0.3453333333333333,53.7
CUST-006483,Bronze,230.79,15,7,0.3453333333333333,59.7
CUST-007980,Bronze,227.08,15,7,0.3453333333333333,59.9
CUST-007978,Bronze,225.78,15,7,0.3453333333333333,61.9
CUST-003677,Bronze,229.46,15,7,0.3453333333333333,56.0
CUST-006957,Bronze,180.41,15,7,0.3453333333333333,55.6
CUST-000641,Bronze,52.61,15,7,0.3453333333333333,49.9
CUST-001667,Bronze,231.17,15,7,0.3453333333333333,59.5
CUST-000190,Bronze,163.91,15,7,0.3453333333333333,55.5
CUST-004507,Bronze,67.85,15,7,0.3453333333333333,55.1
CUST-005905,Bronze,145.9,15,7,0.3453333333333333,57.2
CUST-003990,Bronze,136.31,15,7,0.3453333333333333,56.8
CUST-004402,Bronze,258.04,15,7,0.3453333333333333,60.0
CUST-002591,Bronze,166.84,15,7,0.3453333333333333,57.1
CUST-004805,Bronze,84.02,15,7,0.3453333333333333,54.4
CUST-002422,Bronze,133.42,15,7,0.3453333333333333,54.3
CUST-003120,Bronze,96.07,15,7,0.3453333333333333,53.9
CUST-000656,Bronze,203.16,15,7,0.3453333333333333,59.0
CUST-005165,Bronze,178.21,15,7,0.3453333333333333,54.3
CUST-005211,Bronze,161.57,15,7,0.3453333333333333,78.9
CUST-003032,Bronze,168.03,15,7,0.3453333333333333,57.6
CUST-004094,Bronze,297.83,15,7,0.3453333333333333,58.8
CUST-000280,Bronze,122.53,15,7,0.3453333333333333,55.8
CUST-004752,Bronze,192.55,15,7,0.3453333333333333,57.1
CUST-006283,Bronze,235.26,15,7,0.3453333333333333,80.8
CUST-005130,Bronze,126.51,15,7,0.3453333333333333,73.5
CUST-002633,Bronze,145.18,15,7,0.3453333333333333,56.5
CUST-002836,Bronze,145.1,15,7,0.3453333333333333,56.6
CUST-005170,Bronze,69.65,15,7,0.3453333333333333,55.1
CUST-007329,Bronze,148.2,15,7,0.3453333333333333,58.0
CUST-001898,Bronze,208.07,15,7,0.3453333333333333,80.0
CUST-002802,Bronze,128.35,15,7,0.3453333333333333,57.4
CUST-002813,Bronze,117.12,15,7,0.3453333333333333,54.0
CUST-006356,Bronze,182.27,15,7,0.3453333333333333,59.7
CUST-002728,Bronze,78.24,15,7,0.3453333333333333,52.0
CUST-006452,Bronze,215.88,15,7,0.3453333333333333,58.5
CUST-004336,Bronze,223.11,15,7,0.3453333333333333,61.8
CUST-000504,Bronze,114.8,15,7,0.3453333333333333,76.7
CUST-003209,Bronze,98.75,15,7,0.3453333333333333,54.0
CUST-003852,Bronze,317.76,15,7,0.3453333333333333,61.5
CUST-006051,Bronze,226.72,15,7,0.3453333333333333,57.4
CUST-004099,Bronze,100.36,15,7,0.3453333333333333,55.6
CUST-007831,Bronze,152.98,15,7,0.3453333333333333,57.6
CUST-006796,Bronze,121.7,15,7,0.3453333333333333,54.0
CUST-005438,Bronze,153.73,15,7,0.3453333333333333,58.6
CUST-007930,Bronze,191.23,15,7,0.3453333333333333,58.0
CUST-002550,Bronze,103.24,15,7,0.3453333333333333,51.1
CUST-004446,Bronze,182.35,15,7,0.3453333333333333,57.3
CUST-003278,Bronze,331.96,15,7,0.3453333333333333,61.0
CUST-003572,Bronze,146.43,15,7,0.3453333333333333,57.2
CUST-004600,Bronze,155.66,15,7,0.3453333333333333,57.3
CUST-006574,Bronze,131.21,15,7,0.3453333333333333,55.4
CUST-007315,Bronze,117.56,15,7,0.3453333333333333,55.1
CUST-002837,Bronze,210.17,15,7,0.3453333333333333,61.5
CUST-005179,Bronze,121.52,15,7,0.3453333333333333,57.1
CUST-001247,Bronze,172.57,15,7,0.3453333333333333,79.3
CUST-001145,Bronze,278.5,15,7,0.3453333333333333,59.9
CUST-001058,Bronze,240.73,13,6,0.34461538461538466,56.2
CUST-003575,Bronze,141.79,13,6,0.34461538461538466,58.1
CUST-004845,Bronze,142.72,13,6,0.34461538461538466,56.8
CUST-007794,Bronze,102.96,13,6,0.34461538461538466,51.8
CUST-003837,Bronze,156.18,13,6,0.34461538461538466,57.7
CUST-003822,Bronze,144.82,13,6,0.34461538461538466,54.8
CUST-001305,Bronze,93.87,13,6,0.34461538461538466,54.8
CUST-001249,Bronze,242.55,13,6,0.34461538461538466,61.0
CUST-001231,Bronze,107.06,13,6,0.34461538461538466,51.5
CUST-002114,Bronze,112.75,13,6,0.34461538461538466,57.3
CUST-003131,Bronze,185.74,13,6,0.34461538461538466,59.4
CUST-004268,Bronze,175.53,13,6,0.34461538461538466,57.5
CUST-000344,Bronze,94.28,13,6,0.34461538461538466,50.7
CUST-005321,Bronze,94.96,13,6,0.34461538461538466,55.4
CUST-001961,Bronze,120.6,13,6,0.34461538461538466,55.6
CUST-005613,Bronze,88.97,13,6,0.34461538461538466,51.6
CUST-003082,Bronze,151.3,13,6,0.34461538461538466,58.1
CUST-007365,Bronze,196.63,13,6,0.34461538461538466,58.8
CUST-005435,Bronze,269.87,13,6,0.34461538461538466,60.4
CUST-007465,Bronze,180.85,13,6,0.34461538461538466,56.3
CUST-005571,Bronze,132.36,13,6,0.34461538461538466,53.4
CUST-000952,Bronze,80.03,13,6,0.34461538461538466,50.3
CUST-003229,Bronze,241.93,13,6,0.34461538461538466,57.9
CUST-003217,Bronze,99.56,13,6,0.34461538461538466,52.6
CUST-004349,Bronze,160.83,13,6,0.34461538461538466,55.8
CUST-002107,Bronze,126.05,13,6,0.34461538461538466,76.9
CUST-002086,Bronze,223.58,13,6,0.34461538461538466,59.5
CUST-002169,Bronze,124.02,13,6,0.34461538461538466,55.8
CUST-002488,Bronze,257.49,13,6,0.34461538461538466,60.6
CUST-004946,Bronze,113.62,13,6,0.34461538461538466,54.7
CUST-000065,Bronze,132.03,13,6,0.34461538461538466,54.6
CUST-001569,Bronze,109.92,13,6,0.34461538461538466,54.4
CUST-003271,Bronze,401.32,13,6,0.34461538461538466,60.6
CUST-000802,Bronze,81.94,13,6,0.34461538461538466,52.3
CUST-000726,Bronze,252.16,13,6,0.34461538461538466,61.2
CUST-006192,Bronze,255.47,13,6,0.34461538461538466,59.1
CUST-007313,Bronze,151.35,13,6,0.34461538461538466,56.5
CUST-005689,Bronze,109.27,13,6,0.34461538461538466,56.8
CUST-001024,Bronze,143.82,13,6,0.34461538461538466,58.8
CUST-005373,Bronze,116.4,13,6,0.34461538461538466,54.8
CUST-001881,Bronze,139.43,13,6,0.34461538461538466,77.6
CUST-006611,Bronze,93.6,13,6,0.34461538461538466,52.9
CUST-006702,Bronze,116.75,13,6,0.34461538461538466,51.8
CUST-001138,Bronze,137.24,13,6,0.34461538461538466,57.3
CUST-001137,Bronze,100.13,13,6,0.34461538461538466,52.9
CUST-001165,Bronze,90.73,13,6,0.34461538461538466,54.3
CUST-000574,Bronze,110.21,13,6,0.34461538461538466,52.7
CUST-000546,Bronze,130.9,13,6,0.34461538461538466,56.1
CUST-005198,Bronze,102.67,13,6,0.34461538461538466,56.2
CUST-004754,Bronze,205.38,13,6,0.34461538461538466,57.5
CUST-001883,Bronze,166.85,13,6,0.34461538461538466,54.1
CUST-003805,Bronze,123.81,13,6,0.34461538461538466,55.1
CUST-000264,Bronze,319.34,13,6,0.34461538461538466,61.2
CUST-001004,Bronze,317.62,13,6,0.34461538461538466,60.5
CUST-004414,Bronze,220.66,26,12,0.34461538461538466,61.8
CUST-005858,Bronze,227.65,13,6,0.34461538461538466,60.4
CUST-003784,Bronze,231.16,13,6,0.34461538461538466,56.0
CUST-002392,Bronze,144.57,13,6,0.34461538461538466,55.3
CUST-003109,Bronze,196.19,13,6,0.34461538461538466,58.7
CUST-003155,Bronze,165.99,13,6,0.34461538461538466,58.7
CUST-003334,Bronze,82.43,13,6,0.34461538461538466,53.2
CUST-002616,Bronze,246.42,13,6,0.34461538461538466,57.6
CUST-002342,Bronze,161.85,13,6,0.34461538461538466,53.6
CUST-003728,Bronze,157.19,13,6,0.34461538461538466,53.4
CUST-002396,Bronze,184.84,13,6,0.34461538461538466,58.8
CUST-006956,Bronze,101.63,13,6,0.34461538461538466,55.7
CUST-004088,Bronze,122.14,13,6,0.34461538461538466,56.1
CUST-000658,Bronze,152.5,13,6,0.34461538461538466,56.1
CUST-001655,Bronze,101.47,13,6,0.34461538461538466,50.7
CUST-002581,Bronze,225.36,13,6,0.34461538461538466,57.5
CUST-004026,Bronze,106.65,13,6,0.34461538461538466,54.6
CUST-002995,Bronze,169.79,13,6,0.34461538461538466,55.8
CUST-000063,Bronze,150.27,13,6,0.34461538461538466,57.5
CUST-001128,Bronze,68.42,24,11,0.3441666666666667,53.8
CUST-002806,Bronze,101.01,24,11,0.3441666666666667,57.3
CUST-000075,Bronze,166.32,24,11,0.3441666666666667,59.3
CUST-005868,Bronze,71.64,24,11,0.3441666666666667,55.5
CUST-007186,Bronze,185.2,11,5,0.3436363636363637,57.5
CUST-002517,Bronze,155.91,11,5,0.3436363636363637,52.4
CUST-005469,Bronze,142.82,22,10,0.3436363636363637,57.0
CUST-002734,Bronze,127.88,22,10,0.3436363636363637,58.5
CUST-006409,Bronze,83.07,11,5,0.3436363636363637,52.3
CUST-004318,Bronze,174.29,22,10,0.3436363636363637,60.6
CUST-001103,Bronze,171.76,11,5,0.3436363636363637,55.3
CUST-005511,Bronze,123.09,11,5,0.3436363636363637,57.1
CUST-007153,Bronze,128.59,11,5,0.3436363636363637,55.0
CUST-004496,Bronze,121.42,11,5,0.3436363636363637,56.1
CUST-005131,Bronze,107.85,11,5,0.3436363636363637,51.5
CUST-002281,Bronze,71.48,11,5,0.3436363636363637,53.2
CUST-003776,Bronze,377.92,11,5,0.3436363636363637,57.4
CUST-003508,Bronze,131.87,11,5,0.3436363636363637,55.3
CUST-005137,Bronze,161.05,11,5,0.3436363636363637,55.4
CUST-006139,Bronze,97.26,11,5,0.3436363636363637,52.8
CUST-006151,Bronze,224.01,11,5,0.3436363636363637,55.5
CUST-006076,Bronze,139.87,11,5,0.3436363636363637,54.7
CUST-005830,Bronze,110.51,11,5,0.3436363636363637,53.2
CUST-001802,Bronze,90.2,11,5,0.3436363636363637,52.6
CUST-000211,Bronze,300.2,11,5,0.3436363636363637,59.9
CUST-003701,Bronze,171.08,22,10,0.3436363636363637,57.0
CUST-002347,Bronze,178.79,22,10,0.3436363636363637,74.8
CUST-005790,Bronze,201.94,11,5,0.3436363636363637,55.2
CUST-002610,Bronze,64.45,22,10,0.3436363636363637,56.4
CUST-000174,Bronze,59.49,11,5,0.3436363636363637,51.2
CUST-002424,Bronze,235.6,11,5,0.3436363636363637,61.2
CUST-007224,Bronze,109.97,11,5,0.3436363636363637,49.4
CUST-005926,Bronze,196.5,22,10,0.3436363636363637,60.2
CUST-005584,Bronze,145.56,22,10,0.3436363636363637,58.5
CUST-003003,Bronze,237.72,22,10,0.3436363636363637,81.4
CUST-005288,Bronze,100.93,11,5,0.3436363636363637,56.1
CUST-007641,Bronze,134.25,11,5,0.3436363636363637,52.9
CUST-001007,Bronze,455.58,22,10,0.3436363636363637,63.9
CUST-000868,Bronze,104.59,11,5,0.3436363636363637,52.8
CUST-006488,Bronze,182.18,22,10,0.3436363636363637,60.9
CUST-006507,Bronze,98.26,11,5,0.3436363636363637,53.2
CUST-001673,Bronze,235.74,11,5,0.3436363636363637,57.2
CUST-005386,Bronze,104.1,22,10,0.3436363636363637,54.3
CUST-002908,Bronze,102.06,11,5,0.3436363636363637,54.1
CUST-004527,Bronze,110.19,22,10,0.3436363636363637,57.8
CUST-003457,Bronze,94.7,11,5,0.3436363636363637,49.8
CUST-007674,Bronze,149.71,11,5,0.3436363636363637,55.2
CUST-006627,Bronze,120.27,11,5,0.3436363636363637,51.0
CUST-003452,Bronze,198.41,11,5,0.3436363636363637,57.1
CUST-003376,Bronze,262.25,11,5,0.3436363636363637,55.5
CUST-007698,Bronze,191.92,22,10,0.3436363636363637,77.9
CUST-002629,Bronze,210.04,11,5,0.3436363636363637,56.7
CUST-004588,Bronze,227.67,11,5,0.3436363636363637,59.0
CUST-000874,Bronze,156.14,11,5,0.3436363636363637,58.3
CUST-002328,Bronze,136.04,11,5,0.3436363636363637,52.8
CUST-002411,Bronze,183.84,11,5,0.3436363636363637,59.7
CUST-002189,Bronze,133.52,11,5,0.3436363636363637,54.5
CUST-006591,Bronze,170.26,22,10,0.3436363636363637,58.2
CUST-000786,Bronze,102.01,11,5,0.3436363636363637,51.3
CUST-000864,Bronze,194.53,11,5,0.3436363636363637,53.0
CUST-004882,Bronze,174.53,11,5,0.3436363636363637,57.4
CUST-005298,Bronze,118.47,11,5,0.3436363636363637,75.9
CUST-006140,Bronze,166.14,11,5,0.3436363636363637,55.1
CUST-003703,Bronze,239.82,22,10,0.3436363636363637,61.5
CUST-002451,Bronze,290.82,11,5,0.3436363636363637,58.1
CUST-004380,Bronze,66.47,22,10,0.3436363636363637,54.2
CUST-000518,Bronze,123.71,11,5,0.3436363636363637,53.3
CUST-007963,Bronze,377.78,11,5,0.3436363636363637,61.2
CUST-007295,Bronze,108.95,22,10,0.3436363636363637,50.9
CUST-000131,Bronze,224.39,22,10,0.3436363636363637,61.6
CUST-003607,Bronze,109.92,11,5,0.3436363636363637,52.5
CUST-007855,Bronze,119.52,22,10,0.3436363636363637,56.2
CUST-007979,Bronze,255.67,11,5,0.3436363636363637,59.4
CUST-000900,Bronze,120.66,11,5,0.3436363636363637,55.0
CUST-005710,Bronze,101.76,11,5,0.3436363636363637,49.1
CUST-002190,Bronze,76.52,20,9,0.343,52.2
CUST-007290,Bronze,108.2,20,9,0.343,57.4
CUST-006232,Bronze,195.78,20,9,0.343,60.2
CUST-007907,Bronze,317.48,20,9,0.343,60.2
CUST-000085,Bronze,238.69,20,9,0.343,61.5
CUST-007868,Bronze,194.61,20,9,0.343,59.0
CUST-003219,Bronze,158.85,20,9,0.343,58.4
CUST-005568,Bronze,261.29,20,9,0.343,61.6
CUST-005483,Bronze,363.55,20,9,0.343,64.2
CUST-004543,Bronze,89.88,20,9,0.343,56.8
CUST-001716,Bronze,133.26,20,9,0.343,56.9
CUST-003323,Bronze,190.7,20,9,0.343,59.1
CUST-001352,Bronze,148.42,20,9,0.343,59.5
CUST-002864,Bronze,134.3,20,9,0.343,77.7
CUST-005397,Bronze,206.37,20,9,0.343,58.4
CUST-001131,Bronze,87.79,20,9,0.343,55.3
CUST-004064,Bronze,91.11,20,9,0.343,74.7
CUST-003210,Bronze,178.01,20,9,0.343,59.5
CUST-007050,Bronze,109.56,20,9,0.343,56.7
CUST-006838,Bronze,293.57,20,9,0.343,60.4
CUST-006998,Bronze,259.53,20,9,0.343,81.3
CUST-002504,Bronze,111.55,20,9,0.343,55.7
CUST-005914,Bronze,87.84,20,9,0.343,56.2
CUST-003949,Bronze,209.72,20,9,0.343,61.4
CUST-000204,Bronze,212.82,20,9,0.343,55.8
CUST-006288,Bronze,160.35,20,9,0.343,59.8
CUST-000101,Bronze,78.65,20,9,0.343,56.0
CUST-000909,Bronze,107.88,20,9,0.343,56.5
CUST-000440,Bronze,147.03,20,9,0.343,71.8
CUST-000839,Bronze,244.97,20,9,0.343,61.1
CUST-006163,Bronze,168.86,20,9,0.343,59.4
CUST-007997,Bronze,175.8,18,8,0.3422222222222222,58.2
CUST-000206,Bronze,178.13,9,4,0.3422222222222222,56.1
CUST-005801,Bronze,213.23,9,4,0.3422222222222222,55.3
CUST-001813,Bronze,193.96,18,8,0.3422222222222222,59.0
CUST-001066,Bronze,106.48,18,8,0.3422222222222222,54.3
CUST-006550,Bronze,150.71,9,4,0.3422222222222222,55.4
CUST-002874,Bronze,168.23,9,4,0.3422222222222222,57.1
CUST-006527,Bronze,343.45,9,4,0.3422222222222222,55.0
CUST-001111,Bronze,205.11,18,8,0.3422222222222222,59.0
CUST-006661,Bronze,82.18,18,8,0.3422222222222222,52.3
CUST-004216,Bronze,76.74,9,4,0.3422222222222222,47.9
CUST-006686,Bronze,66.83,18,8,0.3422222222222222,54.1
CUST-006290,Bronze,147.85,18,8,0.3422222222222222,56.7
CUST-001253,Bronze,158.98,9,4,0.3422222222222222,49.6
CUST-005890,Bronze,171.73,18,8,0.3422222222222222,57.9
CUST-003997,Bronze,151.04,9,4,0.3422222222222222,55.0
CUST-004245,Bronze,73.61,18,8,0.3422222222222222,53.9
CUST-000235,Bronze,228.9,9,4,0.3422222222222222,57.2
CUST-003288,Bronze,98.01,18,8,0.3422222222222222,54.9
CUST-004067,Bronze,183.38,18,8,0.3422222222222222,57.4
CUST-007649,Bronze,92.54,9,4,0.3422222222222222,66.1
CUST-002388,Bronze,82.54,9,4,0.3422222222222222,50.6
CUST-006063,Bronze,181.37,18,8,0.3422222222222222,58.7
CUST-006067,Bronze,196.59,18,8,0.3422222222222222,61.1
CUST-005172,Bronze,161.57,18,8,0.3422222222222222,56.8
CUST-003916,Bronze,64.29,9,4,0.3422222222222222,51.8
CUST-004730,Bronze,125.53,18,8,0.3422222222222222,57.7
CUST-006576,Bronze,155.89,18,8,0.3422222222222222,54.7
CUST-003745,Bronze,236.66,18,8,0.3422222222222222,71.5
CUST-005786,Bronze,129.51,18,8,0.3422222222222222,56.3
CUST-005766,Bronze,263.24,9,4,0.3422222222222222,58.5
CUST-003547,Bronze,137.48,18,8,0.3422222222222222,75.8
CUST-001557,Bronze,116.13,18,8,0.3422222222222222,55.9
CUST-007496,Bronze,193.47,18,8,0.3422222222222222,60.1
CUST-004260,Bronze,104.5,18,8,0.3422222222222222,52.4
CUST-000729,Bronze,193.45,18,8,0.3422222222222222,60.2
CUST-002151,Bronze,198.94,9,4,0.3422222222222222,57.9
CUST-007203,Bronze,183.26,18,8,0.3422222222222222,60.7
CUST-002001,Bronze,160.92,18,8,0.3422222222222222,79.0
CUST-002004,Bronze,131.85,9,4,0.3422222222222222,54.5
CUST-003307,Bronze,131.24,18,8,0.3422222222222222,56.3
CUST-005660,Bronze,186.05,18,8,0.3422222222222222,58.2
CUST-006606,Bronze,126.64,18,8,0.3422222222222222,56.0
CUST-002303,Bronze,125.22,18,8,0.3422222222222222,53.2
CUST-003843,Bronze,193.2,18,8,0.3422222222222222,70.3
CUST-002707,Bronze,194.62,18,8,0.3422222222222222,60.1
CUST-006823,Bronze,83.75,18,8,0.3422222222222222,50.6
CUST-003073,Bronze,180.9,9,4,0.3422222222222222,54.1
CUST-006971,Bronze,144.91,18,8,0.3422222222222222,56.8
CUST-002716,Bronze,249.18,9,4,0.3422222222222222,60.1
CUST-000225,Bronze,104.64,9,4,0.3422222222222222,53.0
CUST-000314,Bronze,120.24,9,4,0.3422222222222222,53.2
CUST-006377,Bronze,86.39,9,4,0.3422222222222222,50.4
CUST-006036,Bronze,249.52,18,8,0.3422222222222222,62.6
CUST-002040,Bronze,93.29,18,8,0.3422222222222222,56.9
CUST-005576,Bronze,101.7,9,4,0.3422222222222222,54.1
CUST-005530,Bronze,275.24,9,4,0.3422222222222222,58.8
CUST-006988,Bronze,152.08,18,8,0.3422222222222222,57.5
CUST-000148,Bronze,117.33,9,4,0.3422222222222222,53.4
CUST-000042,Bronze,127.31,18,8,0.3422222222222222,57.3
CUST-003007,Bronze,97.92,18,8,0.3422222222222222,54.7
CUST-001604,Bronze,299.35,9,4,0.3422222222222222,58.4
CUST-007265,Bronze,206.42,18,8,0.3422222222222222,59.6
CUST-007213,Bronze,207.4,18,8,0.3422222222222222,59.1
CUST-005363,Bronze,71.76,9,4,0.3422222222222222,48.1
CUST-005997,Bronze,153.4,18,8,0.3422222222222222,57.1
CUST-004836,Bronze,87.25,18,8,0.3422222222222222,52.7
CUST-001627,Bronze,181.24,18,8,0.3422222222222222,60.8
CUST-001562,Bronze,178.72,9,4,0.3422222222222222,52.5
CUST-006267,Bronze,159.45,9,4,0.3422222222222222,56.8
CUST-002450,Bronze,311.7,18,8,0.3422222222222222,61.6
CUST-002534,Bronze,127.06,18,8,0.3422222222222222,57.0
CUST-001904,Bronze,229.58,18,8,0.3422222222222222,59.7
CUST-004202,Bronze,276.42,9,4,0.3422222222222222,56.7
CUST-005667,Bronze,301.34,9,4,0.3422222222222222,59.2
CUST-001937,Bronze,73.56,18,8,0.3422222222222222,53.9
CUST-001915,Bronze,154.63,18,8,0.3422222222222222,58.1
CUST-007918,Bronze,122.99,9,4,0.3422222222222222,51.7
CUST-006921,Bronze,127.33,9,4,0.3422222222222222,52.3
CUST-003257,Bronze,74.81,9,4,0.3422222222222222,53.2
CUST-001866,Bronze,114.09,9,4,0.3422222222222222,50.6
CUST-007884,Bronze,126.06,9,4,0.3422222222222222,54.2
CUST-003642,Bronze,142.06,18,8,0.3422222222222222,58.8
CUST-000096,Bronze,123.26,18,8,0.3422222222222222,56.1
CUST-007375,Bronze,198.51,25,11,0.3416,59.1
CUST-000011,Bronze,143.9,25,11,0.3416,55.1
CUST-000004,Bronze,167.84,16,7,0.34125,59.8
CUST-000077,Bronze,63.31,16,7,0.34125,51.9
CUST-007909,Bronze,198.45,16,7,0.34125,57.6
CUST-007870,Bronze,231.74,16,7,0.34125,59.4
CUST-001951,Bronze,212.74,16,7,0.34125,57.6
CUST-005743,Bronze,243.81,16,7,0.34125,60.4
CUST-005670,Bronze,255.71,16,7,0.34125,60.3
CUST-000517,Bronze,113.22,16,7,0.34125,54.0
CUST-001517,Bronze,137.26,16,7,0.34125,55.6
CUST-006935,Bronze,327.68,16,7,0.34125,61.6
CUST-001547,Bronze,174.13,16,7,0.34125,60.3
CUST-003681,Bronze,181.67,16,7,0.34125,58.7
CUST-000159,Bronze,279.22,16,7,0.34125,60.0
CUST-004833,Bronze,145.0,16,7,0.34125,77.8
CUST-006521,Bronze,245.74,16,7,0.34125,61.4
CUST-003184,Bronze,169.04,16,7,0.34125,60.2
CUST-001237,Bronze,178.07,16,7,0.34125,57.0
CUST-001939,Bronze,130.04,16,7,0.34125,52.1
CUST-007626,Bronze,127.35,16,7,0.34125,57.6
CUST-006400,Bronze,78.5,16,7,0.34125,52.3
CUST-005876,Bronze,109.35,16,7,0.34125,52.5
CUST-004635,Bronze,141.2,16,7,0.34125,58.3
CUST-003840,Bronze,90.1,16,7,0.34125,52.8
CUST-006816,Bronze,168.35,16,7,0.34125,57.8
CUST-002135,Bronze,120.62,16,7,0.34125,55.6
CUST-002696,Bronze,310.94,16,7,0.34125,60.8
CUST-000811,Bronze,215.06,16,7,0.34125,60.4
CUST-006512,Bronze,158.04,16,7,0.34125,57.7
CUST-000663,Bronze,173.51,16,7,0.34125,60.3
CUST-000735,Bronze,262.72,16,7,0.34125,59.7
CUST-006751,Bronze,111.77,16,7,0.34125,55.0
CUST-000737,Bronze,96.47,16,7,0.34125,52.5
CUST-007066,Bronze,275.21,16,7,0.34125,60.8
CUST-002642,Bronze,212.94,16,7,0.34125,59.5
CUST-004475,Bronze,192.97,16,7,0.34125,57.1
CUST-002787,Bronze,214.59,16,7,0.34125,59.6
CUST-003943,Bronze,99.43,16,7,0.34125,69.5
CUST-006890,Bronze,177.93,16,7,0.34125,58.5
CUST-006872,Bronze,152.82,16,7,0.34125,55.0
CUST-006852,Bronze,151.44,16,7,0.34125,59.5
CUST-002851,Bronze,90.27,16,7,0.34125,56.4
CUST-004041,Bronze,89.53,16,7,0.34125,55.7
CUST-000306,Bronze,170.64,16,7,0.34125,58.9
CUST-006597,Bronze,120.86,16,7,0.34125,56.0
CUST-006116,Bronze,310.32,16,7,0.34125,63.0
CUST-005140,Bronze,114.3,16,7,0.34125,54.6
CUST-007117,Bronze,100.94,16,7,0.34125,54.7
CUST-005756,Bronze,119.19,16,7,0.34125,57.9
CUST-003932,Bronze,165.12,16,7,0.34125,57.4
CUST-005843,Bronze,213.53,16,7,0.34125,58.7
CUST-005127,Bronze,99.84,16,7,0.34125,55.0
CUST-007713,Bronze,149.09,16,7,0.34125,51.9
CUST-005115,Bronze,90.38,16,7,0.34125,55.4
CUST-005109,Bronze,168.28,16,7,0.34125,57.8
CUST-002354,Bronze,163.17,16,7,0.34125,59.0
CUST-003118,Bronze,235.54,16,7,0.34125,61.5
CUST-004229,Bronze,153.6,16,7,0.34125,59.6
CUST-002960,Bronze,138.97,16,7,0.34125,76.9
CUST-002063,Bronze,244.52,16,7,0.34125,58.0
CUST-004304,Bronze,107.41,16,7,0.34125,56.6
CUST-002126,Bronze,102.94,16,7,0.34125,56.1
CUST-006526,Bronze,251.45,16,7,0.34125,58.6
CUST-006528,Bronze,230.35,16,7,0.34125,60.0
CUST-002547,Bronze,265.21,16,7,0.34125,56.9
CUST-000099,Bronze,204.78,16,7,0.34125,56.4
CUST-004950,Bronze,283.17,16,7,0.34125,58.7
CUST-000769,Bronze,179.14,23,10,0.3408695652173913,59.4
CUST-002835,Bronze,131.85,23,10,0.3408695652173913,58.9
CUST-006697,Bronze,143.81,23,10,0.3408695652173913,58.1
CUST-006038,Bronze,137.32,23,10,0.3408695652173913,57.5
CUST-001713,Bronze,158.14,23,10,0.3408695652173913,59.4
CUST-005834,Bronze,120.51,23,10,0.3408695652173913,57.5
CUST-007330,Bronze,144.07,23,10,0.3408695652173913,53.4
CUST-005347,Bronze,181.49,23,10,0.3408695652173913,60.6
CUST-006774,Bronze,55.18,23,10,0.3408695652173913,50.2
CUST-000804,Bronze,81.57,21,9,0.34,75.0
CUST-003222,Bronze,99.21,21,9,0.34,76.2
CUST-000821,Bronze,71.23,21,9,0.34,51.7
CUST-003458,Bronze,238.29,21,9,0.34,62.5
CUST-003145,Bronze,133.94,21,9,0.34,57.4
CUST-006769,Bronze,238.24,21,9,0.34,62.1
CUST-000279,Bronze,199.0,21,9,0.34,57.2
CUST-001924,Bronze,137.0,21,9,0.34,58.5
CUST-003183,Bronze,238.69,21,9,0.34,56.8
CUST-005361,Bronze,150.34,21,9,0.34,58.8
CUST-004018,Bronze,85.19,21,9,0.34,54.5
CUST-006220,Bronze,167.84,21,9,0.34,59.5
CUST-002898,Bronze,157.48,21,9,0.34,55.4
CUST-006229,Bronze,186.15,21,9,0.34,60.2
CUST-005031,Bronze,105.53,21,9,0.34,56.4
CUST-003752,Bronze,129.18,21,9,0.34,56.5
CUST-002316,Bronze,103.92,21,9,0.34,55.3
CUST-004474,Bronze,169.21,21,9,0.34,58.2
CUST-001242,Bronze,108.09,21,9,0.34,56.5
CUST-001157,Bronze,135.39,21,9,0.34,57.9
CUST-004984,Bronze,199.47,21,9,0.34,77.8
CUST-001091,Bronze,100.34,14,6,0.33999999999999997,54.7
CUST-000028,Bronze,58.8,14,6,0.33999999999999997,55.7
CUST-000838,Bronze,154.63,7,3,0.33999999999999997,47.4
CUST-000734,Bronze,130.98,14,6,0.33999999999999997,51.6
CUST-004279,Bronze,181.1,14,6,0.33999999999999997,60.3
CUST-003824,Bronze,108.36,14,6,0.33999999999999997,55.4
CUST-004284,Bronze,154.58,14,6,0.33999999999999997,59.3
CUST-004700,Bronze,89.15,14,6,0.33999999999999997,51.1
CUST-006421,Bronze,123.95,14,6,0.33999999999999997,52.8
CUST-006484,Bronze,193.91,14,6,0.33999999999999997,58.7
CUST-002091,Bronze,200.58,14,6,0.33999999999999997,59.3
CUST-002881,Bronze,324.92,14,6,0.33999999999999997,60.6
CUST-007177,Bronze,186.43,14,6,0.33999999999999997,55.8
CUST-000018,Bronze,84.76,7,3,0.33999999999999997,48.6
CUST-006646,Bronze,101.34,14,6,0.33999999999999997,55.7
CUST-005004,Bronze,90.41,14,6,0.33999999999999997,54.7
CUST-002503,Bronze,106.26,14,6,0.33999999999999997,54.9
CUST-000069,Bronze,170.71,14,6,0.33999999999999997,56.5
CUST-006716,Bronze,196.42,14,6,0.33999999999999997,59.8
CUST-003557,Bronze,151.0,14,6,0.33999999999999997,57.1
CUST-000815,Bronze,152.64,14,6,0.33999999999999997,58.6
CUST-007338,Bronze,154.58,14,6,0.33999999999999997,55.6
CUST-004939,Bronze,264.09,14,6,0.33999999999999997,61.2
CUST-004943,Bronze,268.07,14,6,0.33999999999999997,60.2
CUST-007034,Bronze,82.37,14,6,0.33999999999999997,53.4
CUST-004868,Bronze,164.35,14,6,0.33999999999999997,54.0
CUST-003489,Bronze,173.25,7,3,0.33999999999999997,53.3
CUST-000289,Bronze,196.66,7,3,0.33999999999999997,55.0
CUST-000298,Bronze,75.85,7,3,0.33999999999999997,46.2
CUST-007609,Bronze,108.13,7,3,0.33999999999999997,50.9
CUST-006055,Bronze,119.87,14,6,0.33999999999999997,57.6
CUST-005923,Bronze,111.97,14,6,0.33999999999999997,53.8
CUST-004321,Bronze,152.65,14,6,0.33999999999999997,54.6
CUST-005555,Bronze,191.78,7,3,0.33999999999999997,54.1
CUST-001754,Bronze,158.33,14,6,0.33999999999999997,59.4
CUST-007389,Bronze,192.88,28,12,0.33999999999999997,60.9
CUST-007398,Bronze,75.63,14,6,0.33999999999999997,51.2
CUST-002028,Bronze,139.64,14,6,0.33999999999999997,54.6
CUST-001789,Bronze,266.55,14,6,0.33999999999999997,59.8
CUST-007524,Bronze,98.47,14,6,0.33999999999999997,52.0
CUST-002751,Bronze,131.62,14,6,0.33999999999999997,55.9
CUST-000945,Bronze,79.72,14,6,0.33999999999999997,52.0
CUST-006431,Bronze,299.25,14,6,0.33999999999999997,60.1
CUST-002005,Bronze,141.23,7,3,0.33999999999999997,53.2
CUST-006308,Bronze,113.91,14,6,0.33999999999999997,55.6
CUST-001336,Bronze,101.32,14,6,0.33999999999999997,52.7
CUST-002785,Bronze,158.87,7,3,0.33999999999999997,54.0
CUST-006359,Bronze,110.55,14,6,0.33999999999999997,51.2
CUST-005334,Bronze,186.63,14,6,0.33999999999999997,57.7
CUST-002165,Bronze,146.91,14,6,0.33999999999999997,58.3
CUST-006275,Bronze,152.53,14,6,0.33999999999999997,54.2
CUST-000506,Bronze,378.95,14,6,0.33999999999999997,61.9
CUST-000533,Bronze,116.62,14,6,0.33999999999999997,54.0
CUST-001966,Bronze,115.96,14,6,0.33999999999999997,52.1
CUST-006320,Bronze,180.39,14,6,0.33999999999999997,58.0
CUST-003038,Bronze,207.08,14,6,0.33999999999999997,60.5
CUST-003027,Bronze,227.1,14,6,0.33999999999999997,57.1
CUST-001418,Bronze,138.1,7,3,0.33999999999999997,53.0
CUST-006739,Bronze,116.31,14,6,0.33999999999999997,55.7
CUST-000332,Bronze,83.69,7,3,0.33999999999999997,50.6
CUST-000263,Bronze,75.51,14,6,0.33999999999999997,52.6
CUST-000272,Bronze,196.97,14,6,0.33999999999999997,58.8
CUST-002680,Bronze,124.36,14,6,0.33999999999999997,52.2
CUST-003775,Bronze,110.21,14,6,0.33999999999999997,55.2
CUST-003503,Bronze,399.27,14,6,0.33999999999999997,64.1
CUST-004467,Bronze,193.63,14,6,0.33999999999999997,58.7
CUST-006020,Bronze,201.43,14,6,0.33999999999999997,56.9
CUST-006698,Bronze,99.25,7,3,0.33999999999999997,51.0
CUST-001323,Bronze,53.4,14,6,0.33999999999999997,50.0
CUST-000715,Bronze,202.67,14,6,0.33999999999999997,60.6
CUST-006137,Bronze,131.92,14,6,0.33999999999999997,67.9
CUST-006128,Bronze,111.0,14,6,0.33999999999999997,50.6
CUST-005190,Bronze,190.01,7,3,0.33999999999999997,55.1
CUST-006736,Bronze,150.03,14,6,0.33999999999999997,57.1
CUST-004237,Bronze,73.19,14,6,0.33999999999999997,51.9
CUST-002378,Bronze,179.26,14,6,0.33999999999999997,54.5
CUST-006678,Bronze,90.06,14,6,0.33999999999999997,52.6
CUST-001179,Bronze,139.03,14,6,0.33999999999999997,54.6
CUST-002301,Bronze,62.83,14,6,0.33999999999999997,54.1
CUST-003950,Bronze,119.66,14,6,0.33999999999999997,53.2
CUST-005134,Bronze,152.31,14,6,0.33999999999999997,55.4
CUST-002602,Bronze,96.34,14,6,0.33999999999999997,53.3
CUST-007305,Bronze,44.29,14,6,0.33999999999999997,49.6
CUST-003908,Bronze,138.22,28,12,0.33999999999999997,58.2
CUST-001878,Bronze,116.95,14,6,0.33999999999999997,50.8
CUST-000109,Bronze,95.53,14,6,0.33999999999999997,53.8
CUST-003598,Bronze,180.63,14,6,0.33999999999999997,57.9
CUST-007977,Bronze,121.35,14,6,0.33999999999999997,55.0
CUST-007900,Bronze,130.72,14,6,0.33999999999999997,56.2
CUST-003645,Bronze,234.65,14,6,0.33999999999999997,56.7
CUST-004949,Bronze,131.53,19,8,0.33894736842105266,58.0
CUST-006649,Bronze,66.3,19,8,0.33894736842105266,55.7
CUST-007849,Bronze,43.11,19,8,0.33894736842105266,50.3
CUST-000810,Bronze,145.62,19,8,0.33894736842105266,78.4
CUST-005357,Bronze,97.16,19,8,0.33894736842105266,55.9
CUST-001919,Bronze,171.52,19,8,0.33894736842105266,59.4
CUST-003903,Bronze,153.14,19,8,0.33894736842105266,56.1
CUST-005044,Bronze,95.21,19,8,0.33894736842105266,53.4
CUST-005071,Bronze,216.78,19,8,0.33894736842105266,74.3
CUST-002803,Bronze,221.66,19,8,0.33894736842105266,60.8
CUST-003844,Bronze,128.9,19,8,0.33894736842105266,56.6
CUST-003465,Bronze,159.38,19,8,0.33894736842105266,57.2
CUST-006465,Bronze,116.12,19,8,0.33894736842105266,53.6
CUST-002931,Bronze,211.45,19,8,0.33894736842105266,59.7
CUST-001660,Bronze,107.4,19,8,0.33894736842105266,56.0
CUST-002323,Bronze,99.34,19,8,0.33894736842105266,54.2
CUST-005623,Bronze,255.07,19,8,0.33894736842105266,56.7
CUST-002036,Bronze,150.99,19,8,0.33894736842105266,78.5
CUST-005977,Bronze,258.52,19,8,0.33894736842105266,60.6
CUST-006013,Bronze,85.28,19,8,0.33894736842105266,54.5
CUST-007110,Bronze,220.64,19,8,0.33894736842105266,61.4
CUST-002448,Bronze,107.46,19,8,0.33894736842105266,55.3
CUST-000523,Bronze,188.23,19,8,0.33894736842105266,61.0
CUST-002458,Bronze,114.76,19,8,0.33894736842105266,55.7
CUST-005614,Bronze,134.58,19,8,0.33894736842105266,54.7
CUST-002120,Bronze,329.23,19,8,0.33894736842105266,59.6
CUST-007867,Bronze,206.6,19,8,0.33894736842105266,59.1
CUST-007908,Bronze,150.22,19,8,0.33894736842105266,78.4
CUST-003344,Bronze,238.22,19,8,0.33894736842105266,62.2
CUST-003444,Bronze,204.07,19,8,0.33894736842105266,79.8
CUST-002074,Bronze,264.93,19,8,0.33894736842105266,60.3
CUST-001453,Bronze,180.52,19,8,0.33894736842105266,59.8
CUST-007041,Bronze,137.69,19,8,0.33894736842105266,57.0
CUST-003742,Bronze,206.32,19,8,0.33894736842105266,58.0
CUST-006882,Bronze,279.8,19,8,0.33894736842105266,58.1
CUST-005653,Bronze,291.92,19,8,0.33894736842105266,61.2
CUST-006321,Bronze,196.58,19,8,0.33894736842105266,60.0
CUST-006514,Bronze,181.92,12,5,0.3383333333333334,57.6
CUST-001055,Bronze,171.31,12,5,0.3383333333333334,57.3
CUST-002694,Bronze,124.24,12,5,0.3383333333333334,57.2
CUST-006162,Bronze,148.0,12,5,0.3383333333333334,54.4
CUST-007048,Bronze,147.24,12,5,0.3383333333333334,52.2
CUST-004918,Bronze,84.33,12,5,0.3383333333333334,51.6
CUST-007872,Bronze,143.48,12,5,0.3383333333333334,54.6
CUST-007046,Bronze,67.79,12,5,0.3383333333333334,51.8
CUST-005333,Bronze,237.01,12,5,0.3383333333333334,59.1
CUST-002145,Bronze,159.03,24,10,0.3383333333333334,79.0
CUST-006221,Bronze,227.72,12,5,0.3383333333333334,61.0
CUST-000852,Bronze,198.43,12,5,0.3383333333333334,58.1
CUST-003077,Bronze,140.6,12,5,0.3383333333333334,55.1
CUST-003096,Bronze,123.59,12,5,0.3383333333333334,55.2
CUST-003170,Bronze,164.13,12,5,0.3383333333333334,56.0
CUST-007532,Bronze,117.4,24,10,0.3383333333333334,77.1
CUST-001381,Bronze,85.76,12,5,0.3383333333333334,49.3
CUST-002989,Bronze,138.03,12,5,0.3383333333333334,51.9
CUST-005713,Bronze,315.54,12,5,0.3383333333333334,79.5
CUST-004077,Bronze,180.44,12,5,0.3383333333333334,54.6
CUST-005045,Bronze,212.54,12,5,0.3383333333333334,57.8
CUST-005033,Bronze,124.78,12,5,0.3383333333333334,50.4
CUST-005035,Bronze,188.45,12,5,0.3383333333333334,54.5
CUST-004169,Bronze,125.08,12,5,0.3383333333333334,52.8
CUST-007485,Bronze,295.31,12,5,0.3383333333333334,58.2
CUST-004718,Bronze,161.59,12,5,0.3383333333333334,56.9
CUST-002779,Bronze,121.29,12,5,0.3383333333333334,57.1
CUST-004685,Bronze,164.76,12,5,0.3383333333333334,55.3
CUST-006410,Bronze,102.81,12,5,0.3383333333333334,53.5
CUST-003841,Bronze,143.63,12,5,0.3383333333333334,52.7
CUST-004423,Bronze,201.91,12,5,0.3383333333333334,55.6
CUST-003632,Bronze,127.27,24,10,0.3383333333333334,58.6
CUST-002356,Bronze,287.04,12,5,0.3383333333333334,59.9
CUST-000186,Bronze,174.59,12,5,0.3383333333333334,54.0
CUST-005185,Bronze,350.34,12,5,0.3383333333333334,57.9
CUST-005175,Bronze,203.04,12,5,0.3383333333333334,58.3
CUST-003746,Bronze,246.46,12,5,0.3383333333333334,59.4
CUST-007612,Bronze,124.52,12,5,0.3383333333333334,50.2
CUST-005543,Bronze,100.44,12,5,0.3383333333333334,50.6
CUST-002234,Bronze,275.65,12,5,0.3383333333333334,57.0
CUST-003203,Bronze,150.49,24,10,0.3383333333333334,59.7
CUST-005989,Bronze,67.1,12,5,0.3383333333333334,49.4
CUST-002039,Bronze,146.87,12,5,0.3383333333333334,54.3
CUST-005855,Bronze,40.3,12,5,0.3383333333333334,49.9
CUST-003897,Bronze,114.75,12,5,0.3383333333333334,54.7
CUST-001402,Bronze,80.34,12,5,0.3383333333333334,51.4
CUST-001654,Bronze,111.57,12,5,0.3383333333333334,53.5
CUST-004136,Bronze,143.11,12,5,0.3383333333333334,54.1
CUST-000294,Bronze,218.48,12,5,0.3383333333333334,58.5
CUST-003552,Bronze,186.56,24,10,0.3383333333333334,56.3
CUST-003537,Bronze,144.36,12,5,0.3383333333333334,52.2
CUST-007219,Bronze,145.16,12,5,0.3383333333333334,55.1
CUST-006276,Bronze,145.1,12,5,0.3383333333333334,53.4
CUST-004733,Bronze,95.73,12,5,0.3383333333333334,48.6
CUST-004736,Bronze,114.53,12,5,0.3383333333333334,49.8
CUST-006208,Bronze,99.22,12,5,0.3383333333333334,52.0
CUST-003688,Bronze,98.44,12,5,0.3383333333333334,52.9
CUST-007837,Bronze,222.49,12,5,0.3383333333333334,57.4
CUST-007807,Bronze,54.08,12,5,0.3383333333333334,47.9
CUST-005816,Bronze,133.97,12,5,0.3383333333333334,51.7
CUST-007226,Bronze,216.96,12,5,0.3383333333333334,56.8
CUST-005449,Bronze,150.31,12,5,0.3383333333333334,55.6
CUST-000023,Bronze,169.85,12,5,0.3383333333333334,56.2
CUST-007852,Bronze,135.57,24,10,0.3383333333333334,58.7
CUST-001708,Bronze,137.67,12,5,0.3383333333333334,52.8
CUST-007191,Bronze,81.84,12,5,0.3383333333333334,51.3
CUST-003331,Bronze,162.74,12,5,0.3383333333333334,57.0
CUST-006103,Bronze,220.71,12,5,0.3383333333333334,54.7
CUST-005032,Bronze,87.89,12,5,0.3383333333333334,54.4
CUST-002877,Bronze,185.41,12,5,0.3383333333333334,57.8
CUST-002824,Bronze,119.7,12,5,0.3383333333333334,55.0
CUST-000218,Bronze,104.72,12,5,0.3383333333333334,54.9
CUST-004366,Bronze,108.52,17,7,0.3376470588235294,55.1
CUST-007289,Bronze,149.54,17,7,0.3376470588235294,58.4
CUST-002669,Bronze,125.46,17,7,0.3376470588235294,57.3
CUST-003759,Bronze,142.59,17,7,0.3376470588235294,54.2
CUST-001171,Bronze,220.83,17,7,0.3376470588235294,61.5
CUST-007214,Bronze,63.93,17,7,0.3376470588235294,55.7
CUST-004410,Bronze,98.02,17,7,0.3376470588235294,54.6
CUST-004484,Bronze,270.65,17,7,0.3376470588235294,58.0
CUST-003673,Bronze,375.43,17,7,0.3376470588235294,58.1
CUST-004992,Bronze,205.62,17,7,0.3376470588235294,58.4
CUST-007785,Bronze,479.71,17,7,0.3376470588235294,64.4
CUST-001943,Bronze,140.24,17,7,0.3376470588235294,58.9
CUST-003346,Bronze,132.81,17,7,0.3376470588235294,56.3
CUST-001707,Bronze,131.46,17,7,0.3376470588235294,58.5
CUST-001522,Bronze,78.03,17,7,0.3376470588235294,52.3
CUST-006196,Bronze,119.5,17,7,0.3376470588235294,55.6
CUST-002671,Bronze,215.17,17,7,0.3376470588235294,57.7
CUST-003510,Bronze,98.01,17,7,0.3376470588235294,55.9
CUST-000286,Bronze,128.31,17,7,0.3376470588235294,56.0
CUST-003148,Bronze,180.6,17,7,0.3376470588235294,54.1
CUST-004256,Bronze,130.19,17,7,0.3376470588235294,54.4
CUST-003162,Bronze,147.51,17,7,0.3376470588235294,54.3
CUST-006936,Bronze,158.06,17,7,0.3376470588235294,55.7
CUST-006657,Bronze,185.53,17,7,0.3376470588235294,55.7
CUST-007000,Bronze,415.29,17,7,0.3376470588235294,63.6
CUST-006856,Bronze,228.4,17,7,0.3376470588235294,61.0
CUST-002211,Bronze,495.17,17,7,0.3376470588235294,64.5
CUST-005310,Bronze,87.03,17,7,0.3376470588235294,54.5
CUST-005290,Bronze,172.07,17,7,0.3376470588235294,59.0
CUST-000453,Bronze,100.63,17,7,0.3376470588235294,50.1
CUST-001953,Bronze,171.19,17,7,0.3376470588235294,57.2
CUST-004551,Bronze,263.83,17,7,0.3376470588235294,62.6
CUST-000201,Bronze,145.1,17,7,0.3376470588235294,54.4
CUST-005142,Bronze,293.86,17,7,0.3376470588235294,60.2
CUST-003481,Bronze,151.16,17,7,0.3376470588235294,58.1
CUST-001017,Bronze,193.5,17,7,0.3376470588235294,59.7
CUST-006002,Bronze,260.18,17,7,0.3376470588235294,62.3
CUST-000939,Bronze,413.68,17,7,0.3376470588235294,64.3
CUST-005549,Bronze,179.71,17,7,0.3376470588235294,57.5
CUST-005579,Bronze,163.64,17,7,0.3376470588235294,55.5
CUST-007681,Bronze,252.38,17,7,0.3376470588235294,60.5
CUST-004926,Bronze,245.19,17,7,0.3376470588235294,59.8
CUST-001119,Bronze,265.4,17,7,0.3376470588235294,62.7
CUST-007493,Bronze,174.74,17,7,0.3376470588235294,59.4
CUST-002698,Bronze,98.65,17,7,0.3376470588235294,54.0
CUST-004710,Bronze,220.16,17,7,0.3376470588235294,59.8
CUST-003464,Bronze,123.91,17,7,0.3376470588235294,56.8
CUST-003254,Bronze,190.66,17,7,0.3376470588235294,58.2
CUST-004337,Bronze,109.22,17,7,0.3376470588235294,55.4
CUST-000979,Bronze,96.64,17,7,0.3376470588235294,53.9
CUST-004689,Bronze,179.85,17,7,0.3376470588235294,58.5
CUST-000686,Bronze,238.57,17,7,0.3376470588235294,58.9
CUST-001594,Bronze,263.6,17,7,0.3376470588235294,62.6
CUST-002944,Bronze,152.43,17,7,0.3376470588235294,55.3
CUST-000681,Bronze,286.57,17,7,0.3376470588235294,63.0
CUST-000600,Bronze,161.46,17,7,0.3376470588235294,56.9
CUST-000319,Bronze,136.43,17,7,0.3376470588235294,56.8
CUST-000545,Bronze,101.2,22,9,0.3372727272727273,57.2
CUST-001488,Bronze,146.75,22,9,0.3372727272727273,55.2
CUST-000133,Bronze,202.52,22,9,0.3372727272727273,61.4
CUST-002250,Bronze,166.63,22,9,0.3372727272727273,59.3
CUST-004059,Bronze,119.03,22,9,0.3372727272727273,55.9
CUST-000701,Bronze,100.3,22,9,0.3372727272727273,57.2
CUST-001817,Bronze,119.23,22,9,0.3372727272727273,76.9
CUST-007542,Bronze,145.52,22,9,0.3372727272727273,56.9
CUST-004425,Bronze,182.3,22,9,0.3372727272727273,59.8
CUST-000648,Bronze,151.92,22,9,0.3372727272727273,57.7
CUST-001339,Bronze,122.03,22,9,0.3372727272727273,58.1
CUST-004001,Bronze,169.8,22,9,0.3372727272727273,59.2
CUST-005594,Bronze,127.26,22,9,0.3372727272727273,55.7
CUST-003371,Bronze,76.25,22,9,0.3372727272727273,53.7
CUST-007599,Bronze,179.16,22,9,0.3372727272727273,59.7
CUST-001973,Bronze,128.63,22,9,0.3372727272727273,58.1
CUST-002501,Bronze,104.49,22,9,0.3372727272727273,54.6
CUST-005089,Bronze,246.6,22,9,0.3372727272727273,62.0
CUST-003692,Bronze,303.38,15,6,0.336,59.5
CUST-004369,Bronze,175.91,15,6,0.336,53.7
CUST-007276,Bronze,221.95,10,4,0.336,57.0
CUST-006293,Bronze,244.2,20,8,0.336,57.9
CUST-007656,Bronze,149.22,15,6,0.336,53.0
CUST-006577,Bronze,183.01,15,6,0.336,60.3
CUST-001140,Bronze,74.05,10,4,0.336,53.2
CUST-006069,Bronze,219.0,15,6,0.336,57.4
CUST-006130,Bronze,127.16,15,6,0.336,49.8
CUST-006351,Bronze,282.19,10,4,0.336,56.9
CUST-006330,Bronze,145.14,15,6,0.336,56.8
CUST-001492,Bronze,209.16,15,6,0.336,57.7
CUST-002776,Bronze,122.96,10,4,0.336,51.3
CUST-004648,Bronze,215.68,15,6,0.336,61.3
CUST-004640,Bronze,161.78,15,6,0.336,54.5
CUST-001342,Bronze,124.72,20,8,0.336,58.3
CUST-006729,Bronze,202.78,15,6,0.336,57.0
CUST-003765,Bronze,126.33,20,8,0.336,57.2
CUST-001021,Bronze,88.93,20,8,0.336,54.7
CUST-001022,Bronze,55.33,20,8,0.336,53.3
CUST-007249,Bronze,184.05,10,4,0.336,56.3
CUST-004790,Bronze,265.02,20,8,0.336,61.3
CUST-003493,Bronze,282.87,20,8,0.336,63.0
CUST-004767,Bronze,88.72,15,6,0.336,54.6
CUST-002325,Bronze,174.16,10,4,0.336,54.4
CUST-003788,Bronze,324.19,20,8,0.336,63.6
CUST-005277,Bronze,106.34,10,4,0.336,55.2
CUST-004482,Bronze,82.28,15,6,0.336,54.0
CUST-007842,Bronze,143.51,15,6,0.336,57.0
CUST-007912,Bronze,166.6,10,4,0.336,52.0
CUST-005421,Bronze,121.11,20,8,0.336,55.7
CUST-005898,Bronze,268.88,10,4,0.336,55.8
CUST-007826,Bronze,216.13,10,4,0.336,53.7
CUST-000068,Bronze,179.88,15,6,0.336,59.6
CUST-004408,Bronze,247.55,15,6,0.336,57.7
CUST-005809,Bronze,95.47,10,4,0.336,49.6
CUST-002443,Bronze,142.94,20,8,0.336,56.0
CUST-001559,Bronze,249.19,10,4,0.336,58.4
CUST-005703,Bronze,238.91,10,4,0.336,58.4
CUST-001723,Bronze,106.32,10,4,0.336,55.2
CUST-005889,Bronze,119.79,15,6,0.336,57.1
CUST-005918,Bronze,239.17,15,6,0.336,59.9
CUST-003985,Bronze,120.3,20,8,0.336,56.0
CUST-003341,Bronze,211.76,10,4,0.336,57.5
CUST-004444,Bronze,212.83,10,4,0.336,55.3
CUST-003283,Bronze,230.23,15,6,0.336,60.7
CUST-005718,Bronze,102.56,15,6,0.336,54.8
CUST-003056,Bronze,135.69,10,4,0.336,54.2
CUST-000522,Bronze,198.99,10,4,0.336,59.2
CUST-004568,Bronze,89.45,10,4,0.336,50.6
CUST-002820,Bronze,196.57,15,6,0.336,57.7
CUST-002449,Bronze,185.84,10,4,0.336,52.3
CUST-007279,Bronze,150.2,15,6,0.336,77.4
CUST-001229,Bronze,100.25,15,6,0.336,53.7
CUST-007582,Bronze,107.74,15,6,0.336,74.3
CUST-001235,Bronze,125.23,20,8,0.336,55.9
CUST-006048,Bronze,124.15,15,6,0.336,55.0
CUST-003863,Bronze,154.0,15,6,0.336,55.2
CUST-001999,Bronze,162.47,15,6,0.336,57.0
CUST-005604,Bronze,228.53,15,6,0.336,61.0
CUST-002035,Bronze,69.97,15,6,0.336,53.0
CUST-000753,Bronze,312.14,10,4,0.336,57.0
CUST-007668,Bronze,136.96,15,6,0.336,53.0
CUST-006034,Bronze,163.56,15,6,0.336,54.2
CUST-002768,Bronze,188.44,15,6,0.336,55.5
CUST-003218,Bronze,109.97,10,4,0.336,49.4
CUST-003231,Bronze,213.52,20,8,0.336,61.8
CUST-004460,Bronze,245.74,10,4,0.336,56.3
CUST-007145,Bronze,185.41,10,4,0.336,54.9
CUST-004138,Bronze,174.2,15,6,0.336,57.4
CUST-002219,Bronze,126.04,10,4,0.336,56.2
CUST-000380,Bronze,121.93,15,6,0.336,56.1
CUST-000482,Bronze,160.71,15,6,0.336,57.6
CUST-006942,Bronze,171.76,15,6,0.336,57.7
CUST-005493,Bronze,207.96,15,6,0.336,56.1
CUST-001718,Bronze,97.97,20,8,0.336,55.0
CUST-003879,Bronze,88.49,20,8,0.336,56.7
CUST-004680,Bronze,112.15,15,6,0.336,57.2
CUST-000871,Bronze,96.07,15,6,0.336,48.8
CUST-003900,Bronze,103.43,15,6,0.336,53.1
CUST-000611,Bronze,219.1,10,4,0.336,57.6
CUST-007768,Bronze,86.9,15,6,0.336,53.6
CUST-007759,Bronze,104.98,15,6,0.336,54.3
CUST-002339,Bronze,134.02,10,4,0.336,52.9
CUST-002061,Bronze,339.37,10,4,0.336,59.7
CUST-001463,Bronze,235.24,15,6,0.336,55.7
CUST-000584,Bronze,225.12,20,8,0.336,60.1
CUST-004127,Bronze,97.69,5,2,0.336,50.0
CUST-007069,Bronze,162.77,15,6,0.336,55.0
CUST-005701,Bronze,217.03,20,8,0.336,55.9
CUST-001917,Bronze,62.79,5,2,0.336,45.4
CUST-001838,Bronze,139.95,20,8,0.336,58.0
CUST-003258,Bronze,134.14,15,6,0.336,52.0
CUST-001865,Bronze,88.96,20,8,0.336,55.6
CUST-001857,Bronze,176.3,15,6,0.336,57.6
CUST-002998,Bronze,154.12,10,4,0.336,57.6
CUST-003000,Bronze,165.43,10,4,0.336,56.0
CUST-007546,Bronze,343.66,10,4,0.336,59.8
CUST-005687,Bronze,67.45,15,6,0.336,50.0
CUST-004288,Bronze,140.34,15,6,0.336,54.9
CUST-001267,Bronze,171.22,20,8,0.336,60.4
CUST-004695,Bronze,174.49,10,4,0.336,56.4
CUST-001890,Bronze,222.1,10,4,0.336,57.8
CUST-003134,Bronze,168.09,15,6,0.336,54.2
CUST-003121,Bronze,251.17,15,6,0.336,61.1
CUST-005072,Bronze,206.87,20,8,0.336,59.3
CUST-005116,Bronze,154.5,10,4,0.336,53.5
CUST-004243,Bronze,157.06,20,8,0.336,58.4
CUST-004172,Bronze,226.58,20,8,0.336,59.8
CUST-001877,Bronze,237.36,10,4,0.336,56.4
CUST-000566,Bronze,160.84,15,6,0.336,51.8
CUST-000405,Bronze,356.51,15,6,0.336,61.6
CUST-002193,Bronze,115.22,15,6,0.336,54.8
CUST-000476,Bronze,243.25,10,4,0.336,58.2
CUST-000426,Bronze,137.37,10,4,0.336,52.6
CUST-001282,Bronze,117.27,10,4,0.336,55.2
CUST-006977,Bronze,232.97,15,6,0.336,57.3
CUST-001050,Bronze,150.74,20,8,0.336,55.6
CUST-003821,Bronze,79.01,15,6,0.336,55.0
CUST-000435,Bronze,105.82,15,6,0.336,54.3
CUST-004947,Bronze,84.38,15,6,0.336,52.1
CUST-004944,Bronze,104.29,15,6,0.336,50.4
CUST-002552,Bronze,182.69,5,2,0.336,50.2
CUST-004201,Bronze,223.65,15,6,0.336,59.5
CUST-004934,Bronze,181.54,15,6,0.336,54.6
CUST-000796,Bronze,125.83,20,8,0.336,56.3
CUST-002588,Bronze,94.12,15,6,0.336,55.4
CUST-002509,Bronze,108.52,15,6,0.336,55.2
CUST-002462,Bronze,215.74,20,8,0.336,60.2
CUST-007949,Bronze,197.65,15,6,0.336,56.8
CUST-003640,Bronze,155.58,15,6,0.336,54.9
CUST-007916,Bronze,183.39,20,8,0.336,57.0
CUST-001728,Bronze,101.69,28,11,0.335,57.3
CUST-001221,Bronze,169.59,23,9,0.3347826086956522,60.4
CUST-004512,Bronze,214.72,23,9,0.3347826086956522,59.6
CUST-000256,Bronze,170.84,23,9,0.3347826086956522,59.5
CUST-007424,Bronze,167.8,23,9,0.3347826086956522,60.3
CUST-006656,Bronze,67.05,23,9,0.3347826086956522,53.8
CUST-002546,Bronze,232.87,23,9,0.3347826086956522,60.3
CUST-004636,Bronze,87.79,23,9,0.3347826086956522,53.6
CUST-005510,Bronze,75.93,23,9,0.3347826086956522,54.0
CUST-006972,Bronze,196.88,23,9,0.3347826086956522,60.4
CUST-007514,Bronze,80.64,18,7,0.3344444444444445,53.7
CUST-003138,Bronze,163.06,18,7,0.3344444444444445,55.9
CUST-002788,Bronze,172.7,18,7,0.3344444444444445,59.9
CUST-000254,Bronze,165.33,18,7,0.3344444444444445,56.7
CUST-007473,Bronze,85.12,18,7,0.3344444444444445,54.5
CUST-002344,Bronze,243.51,18,7,0.3344444444444445,61.3
CUST-000508,Bronze,131.34,18,7,0.3344444444444445,58.2
CUST-003528,Bronze,180.79,18,7,0.3344444444444445,58.3
CUST-002797,Bronze,88.87,18,7,0.3344444444444445,53.9
CUST-002412,Bronze,123.84,18,7,0.3344444444444445,55.6
CUST-004195,Bronze,171.92,18,7,0.3344444444444445,57.3
CUST-001040,Bronze,295.05,18,7,0.3344444444444445,56.7
CUST-001219,Bronze,162.15,18,7,0.3344444444444445,59.6
CUST-005681,Bronze,141.48,18,7,0.3344444444444445,59.0
CUST-001256,Bronze,209.13,18,7,0.3344444444444445,59.1
CUST-005426,Bronze,206.91,18,7,0.3344444444444445,59.1
CUST-001871,Bronze,202.59,18,7,0.3344444444444445,60.9
CUST-000414,Bronze,113.55,18,7,0.3344444444444445,56.6
CUST-005191,Bronze,190.49,18,7,0.3344444444444445,59.9
CUST-001436,Bronze,100.96,18,7,0.3344444444444445,54.7
CUST-004463,Bronze,164.26,18,7,0.3344444444444445,53.3
CUST-001215,Bronze,125.07,18,7,0.3344444444444445,57.4
CUST-005975,Bronze,122.27,18,7,0.3344444444444445,56.1
CUST-005564,Bronze,160.9,18,7,0.3344444444444445,58.5
CUST-005575,Bronze,96.16,18,7,0.3344444444444445,54.8
CUST-007043,Bronze,236.09,18,7,0.3344444444444445,56.9
CUST-007100,Bronze,115.81,18,7,0.3344444444444445,53.3
CUST-002071,Bronze,200.21,18,7,0.3344444444444445,60.9
CUST-004875,Bronze,126.45,18,7,0.3344444444444445,55.9
CUST-000565,Bronze,215.53,18,7,0.3344444444444445,58.2
CUST-003553,Bronze,145.89,18,7,0.3344444444444445,56.9
CUST-001202,Bronze,103.7,18,7,0.3344444444444445,57.1
CUST-005994,Bronze,124.05,18,7,0.3344444444444445,77.1
CUST-001012,Bronze,292.87,18,7,0.3344444444444445,61.1
CUST-005529,Bronze,88.08,18,7,0.3344444444444445,53.6
CUST-007064,Bronze,78.07,18,7,0.3344444444444445,53.9
CUST-005055,Bronze,273.84,18,7,0.3344444444444445,60.1
CUST-005896,Bronze,207.49,18,7,0.3344444444444445,59.4
CUST-002718,Bronze,83.4,18,7,0.3344444444444445,54.1
CUST-006118,Bronze,72.64,18,7,0.3344444444444445,54.2
CUST-002647,Bronze,95.85,18,7,0.3344444444444445,56.5
CUST-006188,Bronze,101.67,18,7,0.3344444444444445,53.1
CUST-004002,Bronze,123.76,18,7,0.3344444444444445,55.8
CUST-005206,Bronze,241.15,18,7,0.3344444444444445,61.3
CUST-004487,Bronze,306.32,13,5,0.33384615384615385,59.3
CUST-002196,Bronze,169.15,13,5,0.33384615384615385,56.4
CUST-002207,Bronze,196.34,13,5,0.33384615384615385,78.1
CUST-000412,Bronze,274.51,26,10,0.33384615384615385,61.1
CUST-001306,Bronze,66.68,13,5,0.33384615384615385,53.1
CUST-000464,Bronze,216.47,13,5,0.33384615384615385,58.8
CUST-007318,Bronze,160.79,13,5,0.33384615384615385,57.9
CUST-004324,Bronze,243.21,13,5,0.33384615384615385,60.4
CUST-003883,Bronze,140.86,13,5,0.33384615384615385,50.0
CUST-004693,Bronze,190.81,13,5,0.33384615384615385,57.9
CUST-000335,Bronze,121.17,13,5,0.33384615384615385,73.2
CUST-001666,Bronze,118.15,13,5,0.33384615384615385,51.4
CUST-004325,Bronze,124.88,13,5,0.33384615384615385,55.2
CUST-007208,Bronze,159.71,13,5,0.33384615384615385,56.8
CUST-003251,Bronze,81.75,13,5,0.33384615384615385,52.3
CUST-003263,Bronze,126.23,13,5,0.33384615384615385,55.3
CUST-001818,Bronze,165.61,13,5,0.33384615384615385,53.6
CUST-000814,Bronze,230.38,13,5,0.33384615384615385,59.1
CUST-003995,Bronze,190.98,13,5,0.33384615384615385,56.1
CUST-001307,Bronze,134.39,13,5,0.33384615384615385,54.9
CUST-005011,Bronze,79.38,13,5,0.33384615384615385,53.3
CUST-005698,Bronze,88.53,13,5,0.33384615384615385,71.7
CUST-001880,Bronze,83.25,13,5,0.33384615384615385,49.7
CUST-002956,Bronze,212.17,13,5,0.33384615384615385,54.4
CUST-001456,Bronze,105.32,13,5,0.33384615384615385,53.0
CUST-004954,Bronze,197.64,13,5,0.33384615384615385,58.2
CUST-002464,Bronze,210.69,13,5,0.33384615384615385,56.2
CUST-000025,Bronze,162.06,13,5,0.33384615384615385,57.0
CUST-002701,Bronze,214.83,13,5,0.33384615384615385,60.7
CUST-000391,Bronze,146.86,13,5,0.33384615384615385,54.3
CUST-007703,Bronze,67.21,13,5,0.33384615384615385,74.2
CUST-004128,Bronze,150.27,13,5,0.33384615384615385,52.5
CUST-004121,Bronze,269.95,13,5,0.33384615384615385,57.5
CUST-000229,Bronze,230.35,13,5,0.33384615384615385,56.2
CUST-002933,Bronze,129.51,26,10,0.33384615384615385,57.5
CUST-007669,Bronze,66.95,13,5,0.33384615384615385,54.1
CUST-001149,Bronze,75.5,13,5,0.33384615384615385,50.9
CUST-004638,Bronze,170.24,13,5,0.33384615384615385,53.9
CUST-007390,Bronze,141.58,13,5,0.33384615384615385,55.0
CUST-003483,Bronze,113.2,13,5,0.33384615384615385,54.4
CUST-001035,Bronze,565.5,13,5,0.33384615384615385,61.7
CUST-005362,Bronze,150.96,13,5,0.33384615384615385,55.3
CUST-004403,Bronze,112.14,13,5,0.33384615384615385,54.6
CUST-000581,Bronze,137.65,13,5,0.33384615384615385,52.1
CUST-002257,Bronze,265.18,13,5,0.33384615384615385,60.7
CUST-007557,Bronze,115.05,13,5,0.33384615384615385,52.3
CUST-002215,Bronze,186.83,13,5,0.33384615384615385,53.9
CUST-005308,Bronze,215.82,13,5,0.33384615384615385,57.7
CUST-002183,Bronze,107.38,26,10,0.33384615384615385,57.0
CUST-002872,Bronze,85.64,13,5,0.33384615384615385,54.5
CUST-001777,Bronze,111.83,13,5,0.33384615384615385,49.5
CUST-001780,Bronze,100.08,13,5,0.33384615384615385,54.0
CUST-001730,Bronze,132.63,13,5,0.33384615384615385,51.0
CUST-000860,Bronze,249.89,13,5,0.33384615384615385,55.7
CUST-005964,Bronze,135.7,13,5,0.33384615384615385,54.4
CUST-001639,Bronze,228.55,13,5,0.33384615384615385,56.0
CUST-005936,Bronze,258.39,13,5,0.33384615384615385,55.6
CUST-001340,Bronze,185.76,13,5,0.33384615384615385,57.6
CUST-003031,Bronze,228.25,13,5,0.33384615384615385,60.4
CUST-000563,Bronze,128.51,13,5,0.33384615384615385,53.9
CUST-004356,Bronze,187.33,13,5,0.33384615384615385,57.8
CUST-003667,Bronze,196.05,13,5,0.33384615384615385,57.1
CUST-004558,Bronze,170.7,13,5,0.33384615384615385,59.3
CUST-007899,Bronze,205.27,13,5,0.33384615384615385,58.4
CUST-003605,Bronze,139.97,13,5,0.33384615384615385,55.7
CUST-002471,Bronze,141.96,13,5,0.33384615384615385,56.7
CUST-003617,Bronze,169.21,13,5,0.33384615384615385,57.5
CUST-007919,Bronze,155.14,13,5,0.33384615384615385,57.7
CUST-002579,Bronze,194.29,13,5,0.33384615384615385,55.2
CUST-000669,Bronze,101.12,21,8,0.3333333333333333,54.7
CUST-000788,Bronze,278.3,21,8,0.3333333333333333,59.5
CUST-007944,Bronze,122.27,21,8,0.3333333333333333,57.1
CUST-004435,Bronze,98.07,21,8,0.3333333333333333,54.6
CUST-002182,Bronze,258.57,21,8,0.3333333333333333,60.3
CUST-006268,Bronze,111.07,21,8,0.3333333333333333,57.7
CUST-003773,Bronze,106.86,21,8,0.3333333333333333,56.3
CUST-000503,Bronze,104.73,21,8,0.3333333333333333,55.6
CUST-006919,Bronze,237.4,21,8,0.3333333333333333,60.5
CUST-005671,Bronze,142.91,21,8,0.3333333333333333,58.7
CUST-000722,Bronze,249.05,16,6,0.3325,60.1
CUST-004624,Bronze,89.47,16,6,0.3325,52.3
CUST-004603,Bronze,83.92,16,6,0.3325,53.5
CUST-003684,Bronze,108.68,8,3,0.3325,50.0
CUST-005010,Bronze,194.85,16,6,0.3325,57.6
CUST-000155,Bronze,219.36,16,6,0.3325,60.4
CUST-000789,Bronze,179.25,16,6,0.3325,57.5
CUST-005967,Bronze,101.92,16,6,0.3325,54.4
CUST-005605,Bronze,107.17,16,6,0.3325,51.0
CUST-006837,Bronze,150.51,8,3,0.3325,50.4
CUST-004679,Bronze,220.7,16,6,0.3325,58.8
CUST-003567,Bronze,181.8,16,6,0.3325,58.3
CUST-000045,Bronze,104.1,16,6,0.3325,55.1
CUST-004433,Bronze,207.1,16,6,0.3325,58.7
CUST-006146,Bronze,255.42,16,6,0.3325,59.5
CUST-004313,Bronze,112.59,8,3,0.3325,50.2
CUST-000326,Bronze,86.19,16,6,0.3325,56.2
CUST-003810,Bronze,135.84,16,6,0.3325,56.7
CUST-007007,Bronze,101.59,16,6,0.3325,50.7
CUST-005770,Bronze,77.49,16,6,0.3325,53.9
CUST-000429,Bronze,177.43,16,6,0.3325,57.4
CUST-004418,Bronze,80.01,16,6,0.3325,53.7
CUST-000968,Bronze,136.57,16,6,0.3325,55.9
CUST-001277,Bronze,95.93,8,3,0.3325,48.4
CUST-007720,Bronze,273.36,24,9,0.3325,61.1
CUST-007717,Bronze,105.46,16,6,0.3325,54.1
CUST-003748,Bronze,204.53,16,6,0.3325,58.1
CUST-005146,Bronze,99.29,16,6,0.3325,53.8
CUST-005369,Bronze,140.84,16,6,0.3325,57.8
CUST-005281,Bronze,171.83,16,6,0.3325,54.2
CUST-005538,Bronze,201.74,8,3,0.3325,56.4
CUST-001734,Bronze,164.94,16,6,0.3325,55.7
CUST-002978,Bronze,159.54,16,6,0.3325,59.5
CUST-001213,Bronze,116.04,16,6,0.3325,57.1
CUST-007300,Bronze,65.04,16,6,0.3325,54.1
CUST-003149,Bronze,227.09,8,3,0.3325,53.1
CUST-006503,Bronze,154.62,16,6,0.3325,57.1
CUST-003255,Bronze,138.6,16,6,0.3325,56.9
CUST-002648,Bronze,238.76,8,3,0.3325,55.3
CUST-002261,Bronze,264.86,16,6,0.3325,61.7
CUST-003813,Bronze,278.26,16,6,0.3325,58.9
CUST-001273,Bronze,97.66,16,6,0.3325,50.8
CUST-007264,Bronze,156.12,16,6,0.3325,57.3
CUST-005257,Bronze,140.99,16,6,0.3325,56.0
CUST-001437,Bronze,103.34,8,3,0.3325,47.3
CUST-007370,Bronze,192.51,24,9,0.3325,56.4
CUST-003876,Bronze,170.59,16,6,0.3325,57.2
CUST-005158,Bronze,69.11,8,3,0.3325,47.2
CUST-006339,Bronze,126.16,16,6,0.3325,56.9
CUST-006937,Bronze,232.33,16,6,0.3325,55.8
CUST-006857,Bronze,169.07,16,6,0.3325,58.8
CUST-001076,Bronze,130.86,16,6,0.3325,55.5
CUST-000481,Bronze,92.56,16,6,0.3325,56.4
CUST-000499,Bronze,250.26,24,9,0.3325,60.6
CUST-001588,Bronze,256.45,16,6,0.3325,55.4
CUST-001580,Bronze,117.35,16,6,0.3325,55.8
CUST-007102,Bronze,280.68,16,6,0.3325,61.7
CUST-000710,Bronze,154.24,16,6,0.3325,72.2
CUST-005659,Bronze,150.5,16,6,0.3325,56.2
CUST-001507,Bronze,229.15,16,6,0.3325,59.7
CUST-006059,Bronze,144.36,16,6,0.3325,53.3
CUST-001125,Bronze,128.58,16,6,0.3325,54.6
CUST-006579,Bronze,124.3,16,6,0.3325,55.2
CUST-001154,Bronze,175.16,16,6,0.3325,56.2
CUST-002280,Bronze,189.46,16,6,0.3325,59.5
CUST-007059,Bronze,334.99,8,3,0.3325,58.9
CUST-002942,Bronze,192.56,16,6,0.3325,57.5
CUST-006877,Bronze,149.71,16,6,0.3325,53.6
CUST-006878,Bronze,151.81,16,6,0.3325,74.2
CUST-001993,Bronze,187.48,16,6,0.3325,53.7
CUST-004514,Bronze,190.81,16,6,0.3325,54.6
CUST-004108,Bronze,220.9,16,6,0.3325,58.9
CUST-001657,Bronze,112.94,8,3,0.3325,51.8
CUST-004538,Bronze,189.14,16,6,0.3325,58.5
CUST-001383,Bronze,241.79,16,6,0.3325,60.9
CUST-001390,Bronze,188.62,16,6,0.3325,56.2
CUST-001470,Bronze,151.36,16,6,0.3325,55.1
CUST-004516,Bronze,79.07,8,3,0.3325,48.9
CUST-006265,Bronze,103.7,8,3,0.3325,50.7
CUST-006270,Bronze,85.15,8,3,0.3325,44.6
CUST-005683,Bronze,186.89,8,3,0.3325,49.0
CUST-000827,Bronze,217.43,16,6,0.3325,58.7
CUST-006786,Bronze,148.47,8,3,0.3325,50.8
CUST-007518,Bronze,92.69,16,6,0.3325,53.5
CUST-002690,Bronze,150.49,16,6,0.3325,54.7
CUST-001870,Bronze,190.14,16,6,0.3325,59.9
CUST-001254,Bronze,150.26,16,6,0.3325,55.4
CUST-006797,Bronze,155.61,16,6,0.3325,56.9
CUST-007275,Bronze,134.87,16,6,0.3325,52.1
CUST-004361,Bronze,168.0,16,6,0.3325,69.5
CUST-004358,Bronze,174.34,16,6,0.3325,57.3
CUST-003558,Bronze,98.06,8,3,0.3325,45.9
CUST-003659,Bronze,120.16,16,6,0.3325,53.6
CUST-003671,Bronze,203.34,16,6,0.3325,60.1
CUST-002736,Bronze,271.6,8,3,0.3325,53.8
CUST-004582,Bronze,144.86,16,6,0.3325,54.5
CUST-000128,Bronze,178.82,16,6,0.3325,57.8
CUST-007927,Bronze,194.63,16,6,0.3325,56.3
CUST-000076,Bronze,191.83,24,9,0.3325,59.0
CUST-002575,Bronze,57.73,16,6,0.3325,53.7
CUST-004961,Bronze,228.85,16,6,0.3325,59.7
CUST-007859,Bronze,65.18,24,9,0.3325,55.2
CUST-001496,Bronze,270.78,27,10,0.3318518518518519,60.9
CUST-007862,Bronze,184.99,19,7,0.33157894736842103,60.4
CUST-006654,Bronze,218.0,19,7,0.33157894736842103,57.4
CUST-001727,Bronze,119.37,19,7,0.33157894736842103,56.5
CUST-006012,Bronze,127.47,19,7,0.33157894736842103,58.3
CUST-002519,Bronze,120.62,19,7,0.33157894736842103,53.6
CUST-003925,Bronze,67.56,19,7,0.33157894736842103,55.3
CUST-000661,Bronze,183.28,19,7,0.33157894736842103,60.3
CUST-002558,Bronze,141.26,19,7,0.33157894736842103,56.8
CUST-006624,Bronze,187.34,19,7,0.33157894736842103,56.8
CUST-006680,Bronze,116.66,19,7,0.33157894736842103,55.4
CUST-005026,Bronze,228.83,19,7,0.33157894736842103,59.7
CUST-003200,Bronze,83.08,19,7,0.33157894736842103,53.4
CUST-000693,Bronze,312.58,19,7,0.33157894736842103,72.8
CUST-002630,Bronze,164.37,19,7,0.33157894736842103,58.7
CUST-001166,Bronze,146.68,19,7,0.33157894736842103,53.9
CUST-007661,Bronze,204.92,19,7,0.33157894736842103,60.4
CUST-001549,Bronze,130.98,19,7,0.33157894736842103,52.2
CUST-005225,Bronze,150.05,19,7,0.33157894736842103,56.9
CUST-001513,Bronze,113.82,19,7,0.33157894736842103,52.4
CUST-001422,Bronze,112.62,19,7,0.33157894736842103,56.4
CUST-001840,Bronze,202.99,19,7,0.33157894736842103,57.3
CUST-006259,Bronze,92.07,19,7,0.33157894736842103,54.7
CUST-000387,Bronze,138.95,19,7,0.33157894736842103,56.9
CUST-005582,Bronze,162.4,19,7,0.33157894736842103,76.9
CUST-004439,Bronze,127.69,19,7,0.33157894736842103,53.4
CUST-005982,Bronze,88.07,19,7,0.33157894736842103,55.2
CUST-001018,Bronze,123.5,19,7,0.33157894736842103,55.8
CUST-004342,Bronze,94.08,19,7,0.33157894736842103,53.8
CUST-000985,Bronze,305.8,19,7,0.33157894736842103,61.0
CUST-005956,Bronze,59.99,19,7,0.33157894736842103,55.7
CUST-005979,Bronze,122.08,19,7,0.33157894736842103,56.0
CUST-005551,Bronze,107.1,19,7,0.33157894736842103,54.4
CUST-001239,Bronze,255.28,19,7,0.33157894736842103,61.2
CUST-000619,Bronze,149.14,19,7,0.33157894736842103,58.0
CUST-007239,Bronze,143.49,19,7,0.33157894736842103,58.1
CUST-007344,Bronze,229.0,19,7,0.33157894736842103,61.7
CUST-005637,Bronze,186.31,11,4,0.33090909090909093,51.7
CUST-002404,Bronze,100.23,11,4,0.33090909090909093,54.0
CUST-002445,Bronze,140.98,11,4,0.33090909090909093,54.9
CUST-001681,Bronze,212.49,11,4,0.33090909090909093,59.5
CUST-000020,Bronze,54.79,11,4,0.33090909090909093,52.3
CUST-000080,Bronze,112.19,11,4,0.33090909090909093,51.1
CUST-005455,Bronze,177.95,11,4,0.33090909090909093,54.3
CUST-007947,Bronze,125.04,22,8,0.33090909090909093,53.8
CUST-000113,Bronze,204.97,22,8,0.33090909090909093,57.3
CUST-007235,Bronze,113.57,11,4,0.33090909090909093,55.6
CUST-003948,Bronze,179.71,11,4,0.33090909090909093,54.7
CUST-007220,Bronze,142.08,11,4,0.33090909090909093,51.0
CUST-000418,Bronze,205.44,11,4,0.33090909090909093,53.3
CUST-004220,Bronze,126.25,22,8,0.33090909090909093,56.0
CUST-000527,Bronze,141.76,22,8,0.33090909090909093,56.0
CUST-007325,Bronze,116.18,11,4,0.33090909090909093,49.7
CUST-007877,Bronze,108.49,22,8,0.33090909090909093,57.4
CUST-002894,Bronze,127.52,11,4,0.33090909090909093,56.3
CUST-006760,Bronze,122.74,11,4,0.33090909090909093,54.3
CUST-000655,Bronze,131.83,11,4,0.33090909090909093,51.3
CUST-003628,Bronze,103.71,11,4,0.33090909090909093,49.3
CUST-003034,Bronze,107.47,11,4,0.33090909090909093,53.3
CUST-005385,Bronze,126.99,11,4,0.33090909090909093,55.0
CUST-004276,Bronze,99.7,11,4,0.33090909090909093,51.1
CUST-001971,Bronze,141.85,11,4,0.33090909090909093,53.2
CUST-001341,Bronze,91.41,22,8,0.33090909090909093,54.7
CUST-005498,Bronze,124.98,11,4,0.33090909090909093,50.2
CUST-006144,Bronze,95.46,11,4,0.33090909090909093,54.8
CUST-003113,Bronze,232.71,22,8,0.33090909090909093,60.7
CUST-007053,Bronze,128.0,11,4,0.33090909090909093,52.5
CUST-002454,Bronze,168.49,11,4,0.33090909090909093,54.1
CUST-006509,Bronze,170.97,22,8,0.33090909090909093,59.2
CUST-007952,Bronze,211.97,11,4,0.33090909090909093,57.7
CUST-001545,Bronze,199.66,11,4,0.33090909090909093,55.4
CUST-004544,Bronze,128.67,11,4,0.33090909090909093,51.9
CUST-004019,Bronze,296.85,11,4,0.33090909090909093,58.3
CUST-001122,Bronze,139.56,11,4,0.33090909090909093,51.1
CUST-007229,Bronze,110.11,11,4,0.33090909090909093,46.4
CUST-007058,Bronze,204.65,11,4,0.33090909090909093,73.9
CUST-006390,Bronze,141.44,11,4,0.33090909090909093,50.2
CUST-001746,Bronze,148.09,11,4,0.33090909090909093,48.9
CUST-003750,Bronze,192.19,11,4,0.33090909090909093,52.7
CUST-007594,Bronze,100.14,11,4,0.33090909090909093,48.5
CUST-003033,Bronze,272.47,11,4,0.33090909090909093,72.1
CUST-005272,Bronze,200.16,11,4,0.33090909090909093,52.9
CUST-005001,Bronze,162.93,22,8,0.33090909090909093,57.0
CUST-007385,Bronze,109.14,22,8,0.33090909090909093,55.5
CUST-003446,Bronze,114.84,11,4,0.33090909090909093,51.2
CUST-006317,Bronze,301.0,11,4,0.33090909090909093,57.0
CUST-005695,Bronze,93.46,11,4,0.33090909090909093,46.8
CUST-004052,Bronze,93.78,11,4,0.33090909090909093,49.7
CUST-001859,Bronze,129.64,25,9,0.33039999999999997,56.1
CUST-007017,Bronze,128.24,25,9,0.33039999999999997,54.5
CUST-003980,Bronze,206.65,14,5,0.33,59.5
CUST-005443,Bronze,114.36,14,5,0.33,54.6
CUST-003561,Bronze,145.95,14,5,0.33,53.3
CUST-000526,Bronze,132.13,14,5,0.33,52.6
CUST-004364,Bronze,248.96,14,5,0.33,57.9
CUST-002468,Bronze,115.51,14,5,0.33,74.7
CUST-007910,Bronze,191.5,14,5,0.33,56.1
CUST-004906,Bronze,158.1,14,5,0.33,57.8
CUST-006638,Bronze,234.35,14,5,0.33,54.7
CUST-005424,Bronze,484.48,14,5,0.33,61.3
CUST-006071,Bronze,133.73,14,5,0.33,55.7
CUST-006273,Bronze,111.46,14,5,0.33,55.0
CUST-001335,Bronze,129.03,14,5,0.33,51.0
CUST-001592,Bronze,100.6,14,5,0.33,52.5
CUST-004144,Bronze,212.69,14,5,0.33,58.5
CUST-006132,Bronze,94.02,14,5,0.33,49.8
CUST-001364,Bronze,350.93,14,5,0.33,59.8
CUST-001372,Bronze,148.49,14,5,0.33,58.4
CUST-000287,Bronze,189.34,14,5,0.33,59.9
CUST-004469,Bronze,250.21,14,5,0.33,59.4
CUST-004031,Bronze,188.19,14,5,0.33,57.6
CUST-002130,Bronze,98.45,14,5,0.33,50.4
CUST-003273,Bronze,162.26,14,5,0.33,55.0
CUST-000582,Bronze,179.04,14,5,0.33,57.6
CUST-000743,Bronze,97.24,14,5,0.33,54.8
CUST-005221,Bronze,107.44,14,5,0.33,55.4
CUST-006189,Bronze,107.17,14,5,0.33,49.5
CUST-001476,Bronze,119.94,14,5,0.33,52.7
CUST-000895,Bronze,195.46,14,5,0.33,58.0
CUST-003449,Bronze,130.77,14,5,0.33,54.2
CUST-007574,Bronze,155.77,14,5,0.33,53.8
CUST-003741,Bronze,107.61,14,5,0.33,53.3
CUST-002338,Bronze,123.38,14,5,0.33,57.2
CUST-002308,Bronze,176.72,14,5,0.33,54.0
CUST-007620,Bronze,99.13,14,5,0.33,52.3
CUST-005399,Bronze,106.81,14,5,0.33,56.4
CUST-004788,Bronze,90.15,14,5,0.33,52.2
CUST-007252,Bronze,111.69,14,5,0.33,49.5
CUST-001602,Bronze,265.67,14,5,0.33,55.8
CUST-007335,Bronze,140.88,14,5,0.33,55.5
CUST-000252,Bronze,170.7,14,5,0.33,54.4
CUST-000255,Bronze,213.42,14,5,0.33,57.9
CUST-007319,Bronze,61.35,14,5,0.33,53.1
CUST-007033,Bronze,257.72,14,5,0.33,54.5
CUST-005833,Bronze,100.53,14,5,0.33,54.6
CUST-005818,Bronze,136.51,14,5,0.33,53.5
CUST-004343,Bronze,167.77,14,5,0.33,54.6
CUST-001603,Bronze,189.62,14,5,0.33,53.7
CUST-000381,Bronze,183.39,14,5,0.33,57.2
CUST-007093,Bronze,156.69,14,5,0.33,55.7
CUST-003927,Bronze,207.21,14,5,0.33,55.0
CUST-004084,Bronze,194.13,14,5,0.33,56.1
CUST-005587,Bronze,174.08,14,5,0.33,58.4
CUST-000724,Bronze,78.15,14,5,0.33,53.3
CUST-007161,Bronze,260.12,14,5,0.33,55.2
CUST-004238,Bronze,85.11,14,5,0.33,53.1
CUST-005050,Bronze,169.4,14,5,0.33,57.1
CUST-004178,Bronze,432.34,14,5,0.33,60.6
CUST-005036,Bronze,189.37,14,5,0.33,58.4
CUST-002406,Bronze,151.5,14,5,0.33,57.5
CUST-005020,Bronze,184.08,14,5,0.33,57.2
CUST-002085,Bronze,148.46,14,5,0.33,53.0
CUST-002438,Bronze,48.67,14,5,0.33,53.0
CUST-002506,Bronze,255.54,17,6,0.3294117647058824,60.2
CUST-001957,Bronze,147.96,17,6,0.3294117647058824,53.0
CUST-003430,Bronze,117.45,17,6,0.3294117647058824,55.8
CUST-006125,Bronze,146.26,17,6,0.3294117647058824,54.3
CUST-006198,Bronze,159.19,17,6,0.3294117647058824,56.8
CUST-007086,Bronze,100.66,17,6,0.3294117647058824,52.2
CUST-002711,Bronze,161.83,17,6,0.3294117647058824,56.6
CUST-000894,Bronze,118.44,17,6,0.3294117647058824,55.5
CUST-003915,Bronze,160.4,17,6,0.3294117647058824,55.3
CUST-007296,Bronze,162.48,17,6,0.3294117647058824,57.3
CUST-004777,Bronze,197.03,17,6,0.3294117647058824,55.8
CUST-007342,Bronze,724.9,17,6,0.3294117647058824,82.2
CUST-007361,Bronze,88.01,17,6,0.3294117647058824,55.3
CUST-004796,Bronze,430.5,17,6,0.3294117647058824,60.5
CUST-002314,Bronze,278.94,17,6,0.3294117647058824,60.4
CUST-002620,Bronze,112.47,17,6,0.3294117647058824,51.8
CUST-002373,Bronze,175.29,17,6,0.3294117647058824,57.0
CUST-000358,Bronze,226.17,17,6,0.3294117647058824,61.6
CUST-007549,Bronze,197.82,17,6,0.3294117647058824,56.2
CUST-000368,Bronze,161.27,17,6,0.3294117647058824,53.9
CUST-005108,Bronze,209.58,17,6,0.3294117647058824,59.2
CUST-000401,Bronze,96.06,17,6,0.3294117647058824,54.8
CUST-000398,Bronze,168.02,17,6,0.3294117647058824,57.8
CUST-003842,Bronze,87.84,17,6,0.3294117647058824,51.1
CUST-002904,Bronze,195.07,17,6,0.3294117647058824,55.0
CUST-001684,Bronze,92.01,17,6,0.3294117647058824,49.5
CUST-004502,Bronze,287.68,17,6,0.3294117647058824,61.0
CUST-004117,Bronze,145.34,17,6,0.3294117647058824,56.9
CUST-006976,Bronze,144.31,17,6,0.3294117647058824,57.8
CUST-005393,Bronze,102.38,17,6,0.3294117647058824,53.3
CUST-006883,Bronze,230.14,17,6,0.3294117647058824,57.1
CUST-007653,Bronze,131.34,17,6,0.3294117647058824,55.4
CUST-002583,Bronze,158.57,17,6,0.3294117647058824,57.8
CUST-004931,Bronze,90.21,17,6,0.3294117647058824,53.7
CUST-000320,Bronze,65.99,17,6,0.3294117647058824,53.1
CUST-005933,Bronze,286.56,17,6,0.3294117647058824,60.3
CUST-004810,Bronze,143.29,17,6,0.3294117647058824,57.1
CUST-003731,Bronze,123.8,17,6,0.3294117647058824,53.8
CUST-003790,Bronze,86.9,17,6,0.3294117647058824,55.2
CUST-000167,Bronze,187.45,17,6,0.3294117647058824,58.9
CUST-004697,Bronze,166.93,17,6,0.3294117647058824,53.4
CUST-000983,Bronze,118.6,17,6,0.3294117647058824,54.8
CUST-006879,Bronze,121.73,17,6,0.3294117647058824,55.1
CUST-004005,Bronze,174.03,17,6,0.3294117647058824,57.2
CUST-002217,Bronze,184.3,17,6,0.3294117647058824,57.8
CUST-004713,Bronze,126.4,17,6,0.3294117647058824,56.0
CUST-005260,Bronze,89.1,17,6,0.3294117647058824,52.8
CUST-005270,Bronze,222.26,17,6,0.3294117647058824,59.2
CUST-006444,Bronze,54.87,17,6,0.3294117647058824,53.7
CUST-003012,Bronze,137.53,17,6,0.3294117647058824,58.5
CUST-001320,Bronze,116.06,17,6,0.3294117647058824,56.4
CUST-006554,Bronze,145.77,17,6,0.3294117647058824,57.3
CUST-001421,Bronze,147.13,17,6,0.3294117647058824,57.2
CUST-004161,Bronze,204.66,17,6,0.3294117647058824,55.3
CUST-004209,Bronze,239.0,17,6,0.3294117647058824,58.2
CUST-003090,Bronze,274.47,17,6,0.3294117647058824,60.5
CUST-003142,Bronze,223.61,17,6,0.3294117647058824,59.7
CUST-006916,Bronze,148.42,17,6,0.3294117647058824,56.4
CUST-006662,Bronze,403.3,17,6,0.3294117647058824,62.2
CUST-000236,Bronze,78.0,20,7,0.329,53.9
CUST-002487,Bronze,119.07,20,7,0.329,55.9
CUST-003591,Bronze,97.01,20,7,0.329,53.9
CUST-001201,Bronze,192.71,20,7,0.329,60.6
CUST-002203,Bronze,330.33,20,7,0.329,61.7
CUST-000919,Bronze,196.93,20,7,0.329,58.8
CUST-002134,Bronze,135.39,20,7,0.329,56.2
CUST-003672,Bronze,87.83,20,7,0.329,56.2
CUST-003413,Bronze,140.27,20,7,0.329,53.1
CUST-000640,Bronze,165.9,20,7,0.329,57.7
CUST-006166,Bronze,116.44,20,7,0.329,55.4
CUST-001921,Bronze,156.94,20,7,0.329,55.7
CUST-001935,Bronze,447.46,20,7,0.329,64.7
CUST-005654,Bronze,253.11,20,7,0.329,62.2
CUST-007845,Bronze,186.56,20,7,0.329,58.8
CUST-001958,Bronze,110.93,20,7,0.329,54.5
CUST-005831,Bronze,407.59,20,7,0.329,59.2
CUST-004126,Bronze,146.64,20,7,0.329,56.9
CUST-004265,Bronze,279.21,20,7,0.329,60.6
CUST-006253,Bronze,160.42,20,7,0.329,56.5
CUST-007169,Bronze,75.14,20,7,0.329,55.6
CUST-003306,Bronze,283.73,20,7,0.329,62.0
CUST-005599,Bronze,307.88,20,7,0.329,60.4
CUST-007479,Bronze,227.86,20,7,0.329,58.9
CUST-007217,Bronze,123.82,20,7,0.329,53.8
CUST-002255,Bronze,177.67,20,7,0.329,60.0
CUST-005095,Bronze,245.69,20,7,0.329,59.9
CUST-006121,Bronze,210.64,23,8,0.32869565217391306,59.5
CUST-001927,Bronze,132.31,23,8,0.32869565217391306,55.7
CUST-006184,Bronze,119.54,23,8,0.32869565217391306,54.6
CUST-001394,Bronze,160.42,23,8,0.32869565217391306,60.0
CUST-007426,Bronze,130.97,23,8,0.32869565217391306,56.5
CUST-001448,Bronze,118.38,23,8,0.32869565217391306,55.1
CUST-001148,Bronze,207.76,23,8,0.32869565217391306,80.6
CUST-001887,Bronze,147.33,23,8,0.32869565217391306,58.3
CUST-003933,Bronze,132.09,23,8,0.32869565217391306,57.9
CUST-005058,Bronze,213.08,32,11,0.328125,59.6
CUST-004958,Bronze,133.55,15,5,0.3266666666666667,53.8
CUST-000048,Bronze,434.69,15,5,0.3266666666666667,59.7
CUST-007922,Bronze,111.6,15,5,0.3266666666666667,54.6
CUST-006173,Bronze,167.41,15,5,0.3266666666666667,58.7
CUST-002007,Bronze,166.06,15,5,0.3266666666666667,56.5
CUST-006176,Bronze,133.54,15,5,0.3266666666666667,55.7
CUST-006095,Bronze,119.85,15,5,0.3266666666666667,53.9
CUST-006031,Bronze,85.41,15,5,0.3266666666666667,55.5
CUST-005647,Bronze,128.06,15,5,0.3266666666666667,52.7
CUST-005666,Bronze,96.55,15,5,0.3266666666666667,50.4
CUST-006187,Bronze,188.63,15,5,0.3266666666666667,54.8
CUST-007552,Bronze,120.0,15,5,0.3266666666666667,57.0
CUST-003423,Bronze,157.18,15,5,0.3266666666666667,57.4
CUST-000375,Bronze,136.9,15,5,0.3266666666666667,52.8
CUST-001370,Bronze,131.25,15,5,0.3266666666666667,56.5
CUST-005559,Bronze,129.27,15,5,0.3266666666666667,56.4
CUST-001279,Bronze,164.62,15,5,0.3266666666666667,51.9
CUST-005526,Bronze,84.86,15,5,0.3266666666666667,52.4
CUST-004381,Bronze,100.28,15,5,0.3266666666666667,53.5
CUST-001469,Bronze,149.79,15,5,0.3266666666666667,49.4
CUST-003340,Bronze,85.27,15,5,0.3266666666666667,53.5
CUST-005102,Bronze,146.12,15,5,0.3266666666666667,54.4
CUST-005090,Bronze,85.21,15,5,0.3266666666666667,51.5
CUST-005121,Bronze,58.65,15,5,0.3266666666666667,51.1
CUST-002230,Bronze,192.93,15,5,0.3266666666666667,56.9
CUST-002213,Bronze,127.48,15,5,0.3266666666666667,53.4
CUST-007107,Bronze,215.08,15,5,0.3266666666666667,57.5
CUST-004764,Bronze,266.0,15,5,0.3266666666666667,60.7
CUST-002116,Bronze,140.21,15,5,0.3266666666666667,53.7
CUST-003266,Bronze,87.54,15,5,0.3266666666666667,47.7
CUST-001014,Bronze,75.97,15,5,0.3266666666666667,51.4
CUST-000962,Bronze,242.66,15,5,0.3266666666666667,59.0
CUST-002099,Bronze,56.09,15,5,0.3266666666666667,47.2
CUST-003130,Bronze,160.89,15,5,0.3266666666666667,53.0
CUST-006635,Bronze,178.12,15,5,0.3266666666666667,58.6
CUST-005458,Bronze,247.83,15,5,0.3266666666666667,59.5
CUST-004191,Bronze,144.27,15,5,0.3266666666666667,51.7
CUST-005519,Bronze,83.45,15,5,0.3266666666666667,54.0
CUST-002721,Bronze,75.71,15,5,0.3266666666666667,49.4
CUST-002725,Bronze,165.7,15,5,0.3266666666666667,58.1
CUST-002159,Bronze,175.21,15,5,0.3266666666666667,53.5
CUST-006938,Bronze,87.55,15,5,0.3266666666666667,53.6
CUST-005944,Bronze,211.71,15,5,0.3266666666666667,56.3
CUST-001715,Bronze,111.81,15,5,0.3266666666666667,52.9
CUST-004497,Bronze,111.27,15,5,0.3266666666666667,53.5
CUST-004499,Bronze,112.16,15,5,0.3266666666666667,53.5
CUST-001796,Bronze,129.79,15,5,0.3266666666666667,50.6
CUST-005902,Bronze,191.15,15,5,0.3266666666666667,57.9
CUST-006950,Bronze,101.99,15,5,0.3266666666666667,52.3
CUST-005738,Bronze,164.23,15,5,0.3266666666666667,56.8
CUST-005720,Bronze,200.54,15,5,0.3266666666666667,57.2
CUST-001811,Bronze,121.5,15,5,0.3266666666666667,54.0
CUST-005073,Bronze,295.72,15,5,0.3266666666666667,58.7
CUST-000171,Bronze,349.77,15,5,0.3266666666666667,61.3
CUST-007771,Bronze,148.5,15,5,0.3266666666666667,51.1
CUST-005022,Bronze,96.92,15,5,0.3266666666666667,71.4
CUST-000216,Bronze,95.14,21,7,0.32666666666666666,56.5
CUST-000202,Bronze,174.09,12,4,0.32666666666666666,50.3
CUST-003711,Bronze,140.97,12,4,0.32666666666666666,55.1
CUST-000246,Bronze,109.1,9,3,0.32666666666666666,51.6
CUST-004840,Bronze,83.1,12,4,0.32666666666666666,51.8
CUST-004965,Bronze,101.0,18,6,0.32666666666666666,54.3
CUST-000193,Bronze,91.58,18,6,0.32666666666666666,55.7
CUST-000199,Bronze,124.27,12,4,0.32666666666666666,52.1
CUST-007685,Bronze,147.04,12,4,0.32666666666666666,55.0
CUST-003747,Bronze,278.32,9,3,0.32666666666666666,55.1
CUST-003526,Bronze,108.14,18,6,0.32666666666666666,52.4
CUST-007706,Bronze,339.13,21,7,0.32666666666666666,57.4
CUST-000312,Bronze,81.28,9,3,0.32666666666666666,47.5
CUST-003760,Bronze,467.48,12,4,0.32666666666666666,59.2
CUST-007619,Bronze,101.62,24,8,0.32666666666666666,52.8
CUST-000345,Bronze,208.99,6,2,0.32666666666666666,53.1
CUST-000334,Bronze,132.81,12,4,0.32666666666666666,51.2
CUST-000328,Bronze,127.44,9,3,0.32666666666666666,50.5
CUST-002937,Bronze,123.31,12,4,0.32666666666666666,48.3
CUST-006008,Bronze,166.68,18,6,0.32666666666666666,58.8
CUST-005958,Bronze,137.45,12,4,0.32666666666666666,50.3
CUST-005795,Bronze,130.41,21,7,0.32666666666666666,53.3
CUST-005797,Bronze,131.99,9,3,0.32666666666666666,52.8
CUST-001824,Bronze,131.26,12,4,0.32666666666666666,55.5
CUST-005719,Bronze,194.57,18,6,0.32666666666666666,60.1
CUST-005749,Bronze,261.69,9,3,0.32666666666666666,58.8
CUST-005736,Bronze,156.41,12,4,0.32666666666666666,55.4
CUST-001867,Bronze,180.0,12,4,0.32666666666666666,54.8
CUST-005860,Bronze,103.01,9,3,0.32666666666666666,50.7
CUST-005802,Bronze,116.14,12,4,0.32666666666666666,51.9
CUST-001805,Bronze,188.73,21,7,0.32666666666666666,58.9
CUST-003655,Bronze,98.21,18,6,0.32666666666666666,52.6
CUST-000098,Bronze,255.87,9,3,0.32666666666666666,75.1
CUST-002750,Bronze,144.02,12,4,0.32666666666666666,49.8
CUST-004720,Bronze,172.36,12,4,0.32666666666666666,52.3
CUST-002179,Bronze,297.18,18,6,0.32666666666666666,61.1
CUST-000842,Bronze,203.13,12,4,0.32666666666666666,56.5
CUST-006974,Bronze,271.09,12,4,0.32666666666666666,60.7
CUST-003238,Bronze,114.43,12,4,0.32666666666666666,53.2
CUST-004122,Bronze,105.95,12,4,0.32666666666666666,51.9
CUST-004097,Bronze,254.97,12,4,0.32666666666666666,71.9
CUST-003223,Bronze,108.06,18,6,0.32666666666666666,53.3
CUST-000940,Bronze,178.16,12,4,0.32666666666666666,54.5
CUST-006814,Bronze,90.16,18,6,0.32666666666666666,53.7
CUST-000959,Bronze,97.52,12,4,0.32666666666666666,48.1
CUST-000977,Bronze,112.79,9,3,0.32666666666666666,51.2
CUST-001000,Bronze,209.41,12,4,0.32666666666666666,58.5
CUST-006792,Bronze,167.53,3,1,0.32666666666666666,44.1
CUST-002041,Bronze,145.26,12,4,0.32666666666666666,50.6
CUST-005505,Bronze,247.18,9,3,0.32666666666666666,54.6
CUST-002778,Bronze,104.12,12,4,0.32666666666666666,72.4
CUST-002162,Bronze,100.54,18,6,0.32666666666666666,53.7
CUST-005476,Bronze,152.26,12,4,0.32666666666666666,56.5
CUST-004187,Bronze,193.07,9,3,0.32666666666666666,51.2
CUST-006684,Bronze,94.14,9,3,0.32666666666666666,50.0
CUST-001106,Bronze,61.14,18,6,0.32666666666666666,52.9
CUST-001144,Bronze,178.07,12,4,0.32666666666666666,56.0
CUST-006587,Bronze,146.18,12,4,0.32666666666666666,56.6
CUST-006567,Bronze,142.42,9,3,0.32666666666666666,49.0
CUST-004280,Bronze,81.4,12,4,0.32666666666666666,48.3
CUST-004272,Bronze,144.23,12,4,0.32666666666666666,52.1
CUST-006538,Bronze,95.96,12,4,0.32666666666666666,50.1
CUST-006523,Bronze,235.02,18,6,0.32666666666666666,61.5
CUST-006553,Bronze,168.82,9,3,0.32666666666666666,54.3
CUST-003342,Bronze,48.59,24,8,0.32666666666666666,54.0
CUST-003996,Bronze,186.14,18,6,0.32666666666666666,54.4
CUST-004714,Bronze,178.66,27,9,0.32666666666666666,60.5
CUST-002658,Bronze,242.33,18,6,0.32666666666666666,61.3
CUST-004776,Bronze,87.63,12,4,0.32666666666666666,51.7
CUST-004008,Bronze,80.33,12,4,0.32666666666666666,53.3
CUST-003317,Bronze,122.28,12,4,0.32666666666666666,50.4
CUST-004023,Bronze,453.06,12,4,0.32666666666666666,58.6
CUST-007075,Bronze,130.37,9,3,0.32666666666666666,52.5
CUST-000766,Bronze,381.94,12,4,0.32666666666666666,59.9
CUST-000739,Bronze,246.06,12,4,0.32666666666666666,57.5
CUST-007067,Bronze,171.27,18,6,0.32666666666666666,59.1
CUST-003277,Bronze,124.32,9,3,0.32666666666666666,49.3
CUST-007026,Bronze,215.65,12,4,0.32666666666666666,57.3
CUST-007028,Bronze,84.99,18,6,0.32666666666666666,50.6
CUST-002706,Bronze,108.42,18,6,0.32666666666666666,57.1
CUST-001981,Bronze,87.56,12,4,0.32666666666666666,52.5
CUST-004644,Bronze,78.61,12,4,0.32666666666666666,52.3
CUST-004639,Bronze,168.92,12,4,0.32666666666666666,55.6
CUST-004668,Bronze,71.43,21,7,0.32666666666666666,52.4
CUST-002026,Bronze,186.03,12,4,0.32666666666666666,54.9
CUST-004289,Bronze,125.71,18,6,0.32666666666666666,56.3
CUST-006396,Bronze,259.64,12,4,0.32666666666666666,56.8
CUST-006391,Bronze,94.79,18,6,0.32666666666666666,73.7
CUST-001362,Bronze,150.81,12,4,0.32666666666666666,51.4
CUST-003052,Bronze,214.91,12,4,0.32666666666666666,57.4
CUST-006286,Bronze,108.96,18,6,0.32666666666666666,57.1
CUST-006310,Bronze,138.45,9,3,0.32666666666666666,50.4
CUST-001405,Bronze,94.88,12,4,0.32666666666666666,49.9
CUST-001413,Bronze,85.38,9,3,0.32666666666666666,50.3
CUST-002993,Bronze,267.46,12,4,0.32666666666666666,60.5
CUST-006277,Bronze,321.3,6,2,0.32666666666666666,50.9
CUST-003877,Bronze,147.6,12,4,0.32666666666666666,47.2
CUST-000525,Bronze,149.03,12,4,0.32666666666666666,52.9
CUST-000515,Bronze,349.97,18,6,0.32666666666666666,61.3
CUST-004769,Bronze,187.04,12,4,0.32666666666666666,53.8
CUST-002294,Bronze,169.15,12,4,0.32666666666666666,54.1
CUST-002288,Bronze,73.51,9,3,0.32666666666666666,47.4
CUST-007304,Bronze,213.23,21,7,0.32666666666666666,57.2
CUST-007293,Bronze,127.78,12,4,0.32666666666666666,54.0
CUST-003917,Bronze,195.03,18,6,0.32666666666666666,55.7
CUST-003905,Bronze,236.71,21,7,0.32666666666666666,57.9
CUST-003906,Bronze,211.18,12,4,0.32666666666666666,58.5
CUST-007297,Bronze,171.66,9,3,0.32666666666666666,51.4
CUST-003934,Bronze,145.45,24,8,0.32666666666666666,57.4
CUST-000617,Bronze,182.96,21,7,0.32666666666666666,58.1
CUST-003998,Bronze,147.76,21,7,0.32666666666666666,54.7
CUST-003386,Bronze,128.48,21,7,0.32666666666666666,57.4
CUST-003387,Bronze,264.02,18,6,0.32666666666666666,59.2
CUST-000635,Bronze,84.62,9,3,0.32666666666666666,50.2
CUST-003349,Bronze,154.18,9,3,0.32666666666666666,50.5
CUST-002419,Bronze,104.33,12,4,0.32666666666666666,53.1
CUST-004817,Bronze,98.14,12,4,0.32666666666666666,52.7
CUST-005080,Bronze,183.6,9,3,0.32666666666666666,53.5
CUST-003825,Bronze,155.22,18,6,0.32666666666666666,56.7
CUST-007495,Bronze,180.24,12,4,0.32666666666666666,52.9
CUST-007452,Bronze,149.57,12,4,0.32666666666666666,55.3
CUST-007482,Bronze,213.11,18,6,0.32666666666666666,57.3
CUST-007470,Bronze,106.76,6,2,0.32666666666666666,48.9
CUST-003866,Bronze,123.32,12,4,0.32666666666666666,55.5
CUST-000454,Bronze,221.77,18,6,0.32666666666666666,59.9
CUST-000539,Bronze,97.41,12,4,0.32666666666666666,50.8
CUST-000512,Bronze,136.09,18,6,0.32666666666666666,54.1
CUST-005696,Bronze,131.64,12,4,0.32666666666666666,52.0
CUST-001950,Bronze,186.78,9,3,0.32666666666666666,51.0
CUST-005648,Bronze,76.36,21,7,0.32666666666666666,53.4
CUST-005635,Bronze,172.93,18,6,0.32666666666666666,54.4
CUST-005611,Bronze,129.33,12,4,0.32666666666666666,50.4
CUST-005651,Bronze,160.1,18,6,0.32666666666666666,58.2
CUST-006154,Bronze,267.53,12,4,0.32666666666666666,77.9
CUST-006135,Bronze,134.58,9,3,0.32666666666666666,52.9
CUST-004443,Bronze,99.7,12,4,0.32666666666666666,52.9
CUST-006093,Bronze,63.92,12,4,0.32666666666666666,52.0
CUST-006065,Bronze,127.84,18,6,0.32666666666666666,57.1
CUST-002922,Bronze,268.34,12,4,0.32666666666666666,58.7
CUST-001605,Bronze,153.97,9,3,0.32666666666666666,49.8
CUST-006045,Bronze,123.43,12,4,0.32666666666666666,51.5
CUST-000102,Bronze,233.56,12,4,0.32666666666666666,58.1
CUST-007832,Bronze,123.1,18,6,0.32666666666666666,51.9
CUST-000093,Bronze,210.46,18,6,0.32666666666666666,61.2
CUST-007889,Bronze,153.19,18,6,0.32666666666666666,59.2
CUST-007887,Bronze,107.96,21,7,0.32666666666666666,55.3
CUST-000127,Bronze,158.78,12,4,0.32666666666666666,53.7
CUST-002518,Bronze,87.42,9,3,0.32666666666666666,46.4
CUST-007835,Bronze,135.35,21,7,0.32666666666666666,73.9
CUST-004955,Bronze,86.86,21,7,0.32666666666666666,54.5
CUST-000142,Bronze,95.82,9,3,0.32666666666666666,48.4
CUST-004897,Bronze,83.17,21,7,0.32666666666666666,53.4
CUST-003618,Bronze,287.75,21,7,0.32666666666666666,60.1
CUST-000051,Bronze,142.94,18,6,0.32666666666666666,56.1
CUST-003601,Bronze,191.7,21,7,0.32666666666666666,59.5
CUST-007958,Bronze,135.13,9,3,0.32666666666666666,48.7
CUST-007924,Bronze,125.11,12,4,0.32666666666666666,53.8
CUST-007810,Bronze,174.46,28,9,0.325,58.9
CUST-001048,Bronze,242.34,25,8,0.32480000000000003,62.1
CUST-005434,Bronze,144.72,25,8,0.32480000000000003,57.9
CUST-007732,Bronze,221.3,25,8,0.32480000000000003,61.7
CUST-005322,Bronze,188.67,25,8,0.32480000000000003,59.5
CUST-001109,Bronze,147.7,22,7,0.3245454545454546,57.3
CUST-004827,Bronze,220.37,22,7,0.3245454545454546,59.2
CUST-001168,Bronze,184.4,22,7,0.3245454545454546,58.2
CUST-005632,Bronze,196.26,22,7,0.3245454545454546,56.9
CUST-006960,Bronze,261.6,22,7,0.3245454545454546,61.7
CUST-006741,Bronze,276.99,22,7,0.3245454545454546,61.5
CUST-002554,Bronze,132.03,22,7,0.3245454545454546,56.2
CUST-004575,Bronze,117.32,22,7,0.3245454545454546,53.6
CUST-002300,Bronze,151.35,19,6,0.3242105263157895,55.7
CUST-000721,Bronze,173.98,19,6,0.3242105263157895,57.4
CUST-007446,Bronze,147.71,19,6,0.3242105263157895,68.7
CUST-007531,Bronze,240.89,19,6,0.3242105263157895,61.9
CUST-003518,Bronze,196.44,19,6,0.3242105263157895,56.3
CUST-005717,Bronze,162.54,19,6,0.3242105263157895,55.0
CUST-002678,Bronze,114.18,19,6,0.3242105263157895,54.5
CUST-000993,Bronze,335.48,19,6,0.3242105263157895,57.9
CUST-002380,Bronze,205.53,19,6,0.3242105263157895,56.0
CUST-002596,Bronze,110.52,19,6,0.3242105263157895,75.1
CUST-004231,Bronze,100.8,19,6,0.3242105263157895,53.2
CUST-002720,Bronze,239.36,19,6,0.3242105263157895,59.9
CUST-007211,Bronze,188.35,19,6,0.3242105263157895,60.5
CUST-006185,Bronze,154.13,19,6,0.3242105263157895,58.3
CUST-004372,Bronze,165.26,19,6,0.3242105263157895,55.5
CUST-006832,Bronze,235.48,19,6,0.3242105263157895,60.1
CUST-004305,Bronze,144.66,19,6,0.3242105263157895,52.7
CUST-006219,Bronze,106.75,19,6,0.3242105263157895,51.0
CUST-002798,Bronze,173.61,19,6,0.3242105263157895,55.9
CUST-006117,Bronze,116.45,19,6,0.3242105263157895,55.2
CUST-004098,Bronze,68.82,19,6,0.3242105263157895,53.5
CUST-003994,Bronze,80.19,19,6,0.3242105263157895,51.4
CUST-002024,Bronze,97.71,19,6,0.3242105263157895,55.9
CUST-005490,Bronze,116.19,19,6,0.3242105263157895,50.9
CUST-006639,Bronze,66.35,16,5,0.32375000000000004,49.6
CUST-007037,Bronze,260.96,16,5,0.32375000000000004,60.6
CUST-002065,Bronze,104.3,16,5,0.32375000000000004,75.2
CUST-005509,Bronze,149.7,16,5,0.32375000000000004,57.4
CUST-000501,Bronze,133.5,16,5,0.32375000000000004,55.7
CUST-004065,Bronze,236.65,16,5,0.32375000000000004,56.1
CUST-001197,Bronze,113.87,16,5,0.32375000000000004,54.7
CUST-000732,Bronze,159.68,16,5,0.32375000000000004,51.7
CUST-001982,Bronze,124.0,16,5,0.32375000000000004,50.2
CUST-003104,Bronze,122.32,16,5,0.32375000000000004,54.0
CUST-004295,Bronze,190.98,16,5,0.32375000000000004,56.9
CUST-007553,Bronze,147.75,16,5,0.32375000000000004,57.4
CUST-005436,Bronze,129.5,16,5,0.32375000000000004,52.5
CUST-005776,Bronze,204.18,16,5,0.32375000000000004,59.3
CUST-005854,Bronze,218.53,16,5,0.32375000000000004,56.8
CUST-000626,Bronze,190.49,16,5,0.32375000000000004,56.1
CUST-003379,Bronze,206.13,16,5,0.32375000000000004,57.6
CUST-004048,Bronze,223.5,16,5,0.32375000000000004,59.9
CUST-004037,Bronze,205.83,16,5,0.32375000000000004,55.0
CUST-001925,Bronze,148.82,16,5,0.32375000000000004,56.3
CUST-003859,Bronze,171.9,16,5,0.32375000000000004,57.0
CUST-001440,Bronze,183.37,16,5,0.32375000000000004,52.6
CUST-006141,Bronze,143.97,16,5,0.32375000000000004,58.2
CUST-007418,Bronze,235.11,16,5,0.32375000000000004,58.9
CUST-004794,Bronze,250.72,16,5,0.32375000000000004,60.4
CUST-001535,Bronze,110.86,16,5,0.32375000000000004,50.7
CUST-000598,Bronze,96.5,16,5,0.32375000000000004,53.8
CUST-001477,Bronze,89.61,16,5,0.32375000000000004,53.4
CUST-003913,Bronze,69.25,16,5,0.32375000000000004,50.2
CUST-006958,Bronze,198.64,16,5,0.32375000000000004,54.3
CUST-000544,Bronze,216.63,16,5,0.32375000000000004,53.7
CUST-001551,Bronze,92.23,16,5,0.32375000000000004,48.3
CUST-007433,Bronze,96.15,16,5,0.32375000000000004,52.8
CUST-003472,Bronze,105.84,16,5,0.32375000000000004,51.0
CUST-007734,Bronze,170.5,16,5,0.32375000000000004,57.3
CUST-005960,Bronze,168.76,16,5,0.32375000000000004,55.5
CUST-000912,Bronze,163.3,16,5,0.32375000000000004,53.5
CUST-005820,Bronze,149.76,16,5,0.32375000000000004,68.7
CUST-001743,Bronze,118.04,16,5,0.32375000000000004,55.8
CUST-002187,Bronze,109.02,16,5,0.32375000000000004,55.2
CUST-001763,Bronze,302.49,16,5,0.32375000000000004,60.0
CUST-000086,Bronze,117.88,16,5,0.32375000000000004,51.9
CUST-003234,Bronze,100.75,16,5,0.32375000000000004,50.1
CUST-004849,Bronze,238.2,16,5,0.32375000000000004,57.9
CUST-001177,Bronze,90.21,16,5,0.32375000000000004,50.7
CUST-004843,Bronze,86.82,16,5,0.32375000000000004,54.5
CUST-003663,Bronze,178.93,16,5,0.32375000000000004,57.6
CUST-006707,Bronze,191.23,16,5,0.32375000000000004,58.0
CUST-002482,Bronze,246.26,16,5,0.32375000000000004,59.3
CUST-002702,Bronze,162.96,29,9,0.323448275862069,59.6
CUST-001064,Bronze,91.32,13,4,0.3230769230769231,52.9
CUST-004912,Bronze,103.94,13,4,0.3230769230769231,72.3
CUST-007739,Bronze,271.32,13,4,0.3230769230769231,55.7
CUST-000041,Bronze,200.95,13,4,0.3230769230769231,55.2
CUST-000196,Bronze,176.5,13,4,0.3230769230769231,56.1
CUST-003696,Bronze,118.45,13,4,0.3230769230769231,53.0
CUST-003577,Bronze,344.77,13,4,0.3230769230769231,57.7
CUST-004952,Bronze,248.82,13,4,0.3230769230769231,56.4
CUST-006912,Bronze,70.04,13,4,0.3230769230769231,52.1
CUST-002045,Bronze,185.24,13,4,0.3230769230769231,52.7
CUST-005501,Bronze,94.05,13,4,0.3230769230769231,50.7
CUST-006826,Bronze,172.24,13,4,0.3230769230769231,52.0
CUST-006845,Bronze,79.08,13,4,0.3230769230769231,51.8
CUST-003213,Bronze,162.15,13,4,0.3230769230769231,57.9
CUST-000999,Bronze,168.11,13,4,0.3230769230769231,48.6
CUST-006406,Bronze,108.05,13,4,0.3230769230769231,53.6
CUST-007694,Bronze,228.42,13,4,0.3230769230769231,53.6
CUST-001860,Bronze,178.85,13,4,0.3230769230769231,54.2
CUST-000227,Bronze,80.03,13,4,0.3230769230769231,51.4
CUST-006747,Bronze,205.8,13,4,0.3230769230769231,56.6
CUST-004535,Bronze,125.36,13,4,0.3230769230769231,55.8
CUST-004448,Bronze,193.52,13,4,0.3230769230769231,57.2
CUST-002955,Bronze,143.53,13,4,0.3230769230769231,52.7
CUST-001420,Bronze,251.11,13,4,0.3230769230769231,58.1
CUST-003141,Bronze,190.65,13,4,0.3230769230769231,57.1
CUST-005798,Bronze,258.4,13,4,0.3230769230769231,54.1
CUST-001596,Bronze,278.67,13,4,0.3230769230769231,58.1
CUST-000848,Bronze,210.45,13,4,0.3230769230769231,56.8
CUST-003463,Bronze,202.45,13,4,0.3230769230769231,78.2
CUST-007478,Bronze,55.49,13,4,0.3230769230769231,49.6
CUST-006808,Bronze,112.95,13,4,0.3230769230769231,53.4
CUST-005097,Bronze,227.91,13,4,0.3230769230769231,55.7
CUST-004146,Bronze,143.94,13,4,0.3230769230769231,51.1
CUST-007571,Bronze,397.58,13,4,0.3230769230769231,77.0
CUST-000363,Bronze,104.75,13,4,0.3230769230769231,52.7
CUST-002371,Bronze,209.51,13,4,0.3230769230769231,70.9
CUST-001077,Bronze,164.09,13,4,0.3230769230769231,56.0
CUST-007753,Bronze,129.74,13,4,0.3230769230769231,51.7
CUST-000114,Bronze,165.23,13,4,0.3230769230769231,53.7
CUST-004858,Bronze,128.01,13,4,0.3230769230769231,50.9
CUST-000089,Bronze,199.64,13,4,0.3230769230769231,56.6
CUST-001080,Bronze,181.41,13,4,0.3230769230769231,75.8
CUST-006715,Bronze,133.43,13,4,0.3230769230769231,55.7
CUST-002783,Bronze,152.05,13,4,0.3230769230769231,55.5
CUST-007054,Bronze,302.41,13,4,0.3230769230769231,53.4
CUST-002896,Bronze,112.38,13,4,0.3230769230769231,51.8
CUST-000782,Bronze,104.89,13,4,0.3230769230769231,69.8
CUST-001210,Bronze,124.63,13,4,0.3230769230769231,50.7
CUST-004557,Bronze,111.39,13,4,0.3230769230769231,51.4
CUST-004333,Bronze,174.2,13,4,0.3230769230769231,56.3
CUST-001391,Bronze,80.67,13,4,0.3230769230769231,51.5
CUST-001355,Bronze,100.58,13,4,0.3230769230769231,51.2
CUST-006064,Bronze,119.27,13,4,0.3230769230769231,52.1
CUST-004093,Bronze,144.62,13,4,0.3230769230769231,54.9
CUST-001082,Bronze,157.26,13,4,0.3230769230769231,55.7
CUST-003888,Bronze,159.5,13,4,0.3230769230769231,52.0
CUST-003438,Bronze,145.9,13,4,0.3230769230769231,54.4
CUST-001480,Bronze,258.51,13,4,0.3230769230769231,54.8
CUST-005147,Bronze,159.73,13,4,0.3230769230769231,54.0
CUST-006285,Bronze,189.04,13,4,0.3230769230769231,56.8
CUST-002386,Bronze,301.29,13,4,0.3230769230769231,55.0
CUST-001975,Bronze,138.1,13,4,0.3230769230769231,50.7
CUST-007394,Bronze,129.55,13,4,0.3230769230769231,56.4
CUST-002008,Bronze,95.03,13,4,0.3230769230769231,54.7
CUST-007721,Bronze,177.84,23,7,0.3226086956521739,60.5
CUST-006915,Bronze,125.21,23,7,0.3226086956521739,54.2
CUST-000618,Bronze,211.22,23,7,0.3226086956521739,59.3
CUST-005287,Bronze,138.24,23,7,0.3226086956521739,57.9
CUST-005139,Bronze,114.56,23,7,0.3226086956521739,55.7
CUST-004773,Bronze,177.84,10,3,0.322,54.2
CUST-001187,Bronze,168.79,10,3,0.322,51.5
CUST-007660,Bronze,219.08,10,3,0.322,55.9
CUST-003322,Bronze,139.07,20,6,0.322,54.5
CUST-004621,Bronze,137.88,10,3,0.322,54.0
CUST-001987,Bronze,67.75,10,3,0.322,44.3
CUST-005250,Bronze,244.15,20,6,0.322,58.5
CUST-006975,Bronze,93.72,10,3,0.322,48.9
CUST-007547,Bronze,131.94,10,3,0.322,49.9
CUST-000836,Bronze,181.4,10,3,0.322,56.8
CUST-005973,Bronze,150.02,20,6,0.322,57.1
CUST-007387,Bronze,124.85,10,3,0.322,67.0
CUST-001047,Bronze,144.72,10,3,0.322,54.3
CUST-006813,Bronze,87.59,10,3,0.322,50.7
CUST-006673,Bronze,110.74,10,3,0.322,48.3
CUST-007784,Bronze,213.92,10,3,0.322,53.8
CUST-005003,Bronze,93.77,10,3,0.322,48.3
CUST-007747,Bronze,155.2,10,3,0.322,49.3
CUST-002568,Bronze,142.73,10,3,0.322,51.6
CUST-002174,Bronze,247.1,10,3,0.322,55.9
CUST-000716,Bronze,240.16,10,3,0.322,55.8
CUST-007070,Bronze,196.9,10,3,0.322,53.3
CUST-005096,Bronze,148.41,10,3,0.322,54.5
CUST-002315,Bronze,280.55,20,6,0.322,59.1
CUST-002009,Bronze,123.67,10,3,0.322,48.5
CUST-006091,Bronze,71.22,10,3,0.322,46.3
CUST-000496,Bronze,200.92,10,3,0.322,50.6
CUST-005180,Bronze,149.65,10,3,0.322,51.0
CUST-001375,Bronze,221.42,10,3,0.322,51.3
CUST-005354,Bronze,187.49,10,3,0.322,57.0
CUST-002206,Bronze,230.96,10,3,0.322,54.2
CUST-005407,Bronze,199.68,10,3,0.322,55.4
CUST-001039,Bronze,113.72,10,3,0.322,53.4
CUST-006666,Bronze,112.39,20,6,0.322,52.6
CUST-002052,Bronze,174.3,20,6,0.322,57.4
CUST-005442,Bronze,87.35,10,3,0.322,46.4
CUST-003407,Bronze,121.36,10,3,0.322,49.2
CUST-007333,Bronze,99.81,20,6,0.322,52.6
CUST-007350,Bronze,140.89,20,6,0.322,54.7
CUST-000493,Bronze,154.65,10,3,0.322,53.5
CUST-003158,Bronze,148.01,10,3,0.322,49.5
CUST-006261,Bronze,178.8,20,6,0.322,56.2
CUST-006284,Bronze,123.72,10,3,0.322,50.3
CUST-006459,Bronze,93.81,10,3,0.322,50.0
CUST-001705,Bronze,147.87,10,3,0.322,50.0
CUST-006420,Bronze,84.39,20,6,0.322,50.1
CUST-000692,Bronze,241.19,10,3,0.322,50.4
CUST-000684,Bronze,200.41,20,6,0.322,60.9
CUST-005536,Bronze,96.09,10,3,0.322,50.6
CUST-003325,Bronze,335.29,10,3,0.322,55.1
CUST-007221,Bronze,145.13,10,3,0.322,52.7
CUST-005528,Bronze,209.49,10,3,0.322,53.2
CUST-000625,Bronze,113.26,10,3,0.322,52.8
CUST-001074,Bronze,131.75,20,6,0.322,56.2
CUST-001826,Bronze,129.79,10,3,0.322,49.1
CUST-005921,Bronze,132.84,10,3,0.322,54.8
CUST-005017,Bronze,124.62,10,3,0.322,48.0
CUST-006755,Bronze,112.0,10,3,0.322,49.1
CUST-000124,Bronze,142.95,20,6,0.322,55.0
CUST-000920,Bronze,186.45,10,3,0.322,51.9
CUST-002566,Bronze,120.41,27,8,0.3214814814814815,74.9
CUST-004537,Bronze,90.75,27,8,0.3214814814814815,55.8
CUST-006911,Bronze,76.59,17,5,0.3211764705882353,53.3
CUST-002240,Bronze,166.95,17,5,0.3211764705882353,57.2
CUST-003201,Bronze,115.48,17,5,0.3211764705882353,50.5
CUST-001722,Bronze,100.84,17,5,0.3211764705882353,53.0
CUST-000009,Bronze,174.6,17,5,0.3211764705882353,53.7
CUST-006847,Bronze,98.59,17,5,0.3211764705882353,51.5
CUST-000316,Bronze,144.16,17,5,0.3211764705882353,57.2
CUST-003051,Bronze,95.52,17,5,0.3211764705882353,49.1
CUST-006327,Bronze,171.3,17,5,0.3211764705882353,57.2
CUST-003236,Bronze,266.2,17,5,0.3211764705882353,59.8
CUST-006952,Bronze,75.06,17,5,0.3211764705882353,53.2
CUST-003310,Bronze,125.52,17,5,0.3211764705882353,56.2
CUST-000763,Bronze,121.62,17,5,0.3211764705882353,54.8
CUST-005778,Bronze,194.98,17,5,0.3211764705882353,57.9
CUST-006568,Bronze,111.01,17,5,0.3211764705882353,55.3
CUST-000591,Bronze,246.3,17,5,0.3211764705882353,57.4
CUST-007401,Bronze,140.82,17,5,0.3211764705882353,53.7
CUST-007670,Bronze,227.37,17,5,0.3211764705882353,55.9
CUST-000775,Bronze,79.62,17,5,0.3211764705882353,53.3
CUST-005948,Bronze,191.69,17,5,0.3211764705882353,59.0
CUST-001502,Bronze,236.16,17,5,0.3211764705882353,55.7
CUST-000492,Bronze,160.65,17,5,0.3211764705882353,53.6
CUST-005640,Bronze,135.19,17,5,0.3211764705882353,55.6
CUST-007458,Bronze,194.99,17,5,0.3211764705882353,55.0
CUST-001601,Bronze,150.68,17,5,0.3211764705882353,52.5
CUST-000354,Bronze,127.68,17,5,0.3211764705882353,52.3
CUST-002846,Bronze,171.58,17,5,0.3211764705882353,58.3
CUST-007806,Bronze,88.91,17,5,0.3211764705882353,51.6
CUST-007781,Bronze,119.61,17,5,0.3211764705882353,55.9
CUST-006629,Bronze,70.37,17,5,0.3211764705882353,53.8
CUST-001697,Bronze,119.31,17,5,0.3211764705882353,53.7
CUST-000449,Bronze,191.09,17,5,0.3211764705882353,55.1
CUST-005316,Bronze,218.41,24,7,0.32083333333333336,60.7
CUST-004717,Bronze,104.9,24,7,0.32083333333333336,56.4
CUST-005622,Bronze,131.47,24,7,0.32083333333333336,58.5
CUST-000135,Bronze,96.74,14,4,0.32,49.8
CUST-000002,Bronze,101.38,14,4,0.32,55.0
CUST-003624,Bronze,125.01,21,6,0.32,57.5
CUST-003623,Bronze,174.98,14,4,0.32,54.6
CUST-002689,Bronze,136.08,14,4,0.32,52.3
CUST-006353,Bronze,141.05,14,4,0.32,50.5
CUST-004760,Bronze,158.42,14,4,0.32,76.7
CUST-004722,Bronze,79.41,14,4,0.32,50.7
CUST-007251,Bronze,178.04,21,6,0.32,56.3
CUST-007263,Bronze,142.44,14,4,0.32,50.8
CUST-005291,Bronze,175.7,14,4,0.32,57.4
CUST-003559,Bronze,148.72,14,4,0.32,55.5
CUST-005788,Bronze,50.62,21,6,0.32,54.6
CUST-005850,Bronze,139.96,21,6,0.32,58.3
CUST-001696,Bronze,117.49,14,4,0.32,53.6
CUST-003689,Bronze,108.97,14,4,0.32,50.4
CUST-007695,Bronze,160.92,14,4,0.32,53.4
CUST-004531,Bronze,132.99,14,4,0.32,53.5
CUST-005282,Bronze,184.49,7,2,0.32,54.3
CUST-002499,Bronze,164.83,14,4,0.32,56.0
CUST-008000,Bronze,114.06,14,4,0.32,55.6
CUST-003439,Bronze,156.4,14,4,0.32,52.9
CUST-004440,Bronze,287.76,14,4,0.32,53.0
CUST-004438,Bronze,90.42,14,4,0.32,50.6
CUST-004447,Bronze,117.59,14,4,0.32,52.4
CUST-006304,Bronze,60.52,7,2,0.32,65.4
CUST-000456,Bronze,101.16,21,6,0.32,52.7
CUST-007347,Bronze,265.04,7,2,0.32,50.9
CUST-004283,Bronze,152.93,14,4,0.32,53.4
CUST-006143,Bronze,91.9,21,6,0.32,52.6
CUST-002800,Bronze,220.43,21,6,0.32,56.6
CUST-007223,Bronze,183.05,21,6,0.32,77.6
CUST-000489,Bronze,216.01,14,4,0.32,56.9
CUST-005454,Bronze,57.18,14,4,0.32,49.6
CUST-000494,Bronze,121.38,14,4,0.32,54.0
CUST-006242,Bronze,244.54,14,4,0.32,60.3
CUST-001702,Bronze,102.34,14,4,0.32,53.8
CUST-006981,Bronze,156.75,14,4,0.32,55.2
CUST-007131,Bronze,133.13,14,4,0.32,51.2
CUST-004056,Bronze,150.59,14,4,0.32,55.0
CUST-002641,Bronze,127.46,14,4,0.32,54.1
CUST-006392,Bronze,88.43,14,4,0.32,52.0
CUST-004758,Bronze,215.38,14,4,0.32,71.0
CUST-000400,Bronze,100.94,14,4,0.32,53.7
CUST-001616,Bronze,107.58,14,4,0.32,49.0
CUST-001804,Bronze,108.14,14,4,0.32,49.6
CUST-004458,Bronze,267.02,14,4,0.32,52.1
CUST-003823,Bronze,82.75,21,6,0.32,55.0
CUST-004140,Bronze,222.34,14,4,0.32,57.0
CUST-004457,Bronze,140.85,14,4,0.32,53.1
CUST-000438,Bronze,141.38,14,4,0.32,51.0
CUST-000443,Bronze,117.48,14,4,0.32,45.1
CUST-000297,Bronze,351.62,14,4,0.32,55.6
CUST-001051,Bronze,133.47,14,4,0.32,75.6
CUST-006968,Bronze,157.41,14,4,0.32,52.7
CUST-004815,Bronze,108.97,14,4,0.32,53.1
CUST-007639,Bronze,109.99,14,4,0.32,49.3
CUST-007622,Bronze,109.81,14,4,0.32,53.4
CUST-002429,Bronze,160.24,7,2,0.32,49.4
CUST-002365,Bronze,129.7,14,4,0.32,54.2
CUST-001078,Bronze,115.37,14,4,0.32,51.6
CUST-007600,Bronze,119.75,14,4,0.32,53.7
CUST-001071,Bronze,145.12,7,2,0.32,47.5
CUST-001181,Bronze,87.14,14,4,0.32,50.7
CUST-004854,Bronze,159.94,14,4,0.32,54.0
CUST-007715,Bronze,184.34,14,4,0.32,55.9
CUST-002457,Bronze,250.27,14,4,0.32,56.6
CUST-007711,Bronze,108.56,14,4,0.32,48.9
CUST-000121,Bronze,200.37,25,7,0.31920000000000004,59.9
CUST-005841,Bronze,243.4,18,5,0.3188888888888889,57.9
CUST-005585,Bronze,119.04,18,5,0.3188888888888889,52.9
CUST-005563,Bronze,151.93,18,5,0.3188888888888889,55.7
CUST-003314,Bronze,177.38,18,5,0.3188888888888889,56.4
CUST-002018,Bronze,168.83,18,5,0.3188888888888889,54.9
CUST-007232,Bronze,184.97,18,5,0.3188888888888889,54.6
CUST-006365,Bronze,223.96,18,5,0.3188888888888889,58.1
CUST-004293,Bronze,82.14,18,5,0.3188888888888889,54.3
CUST-004522,Bronze,178.86,18,5,0.3188888888888889,54.1
CUST-002644,Bronze,249.03,18,5,0.3188888888888889,58.6
CUST-007616,Bronze,458.14,18,5,0.3188888888888889,64.2
CUST-003442,Bronze,101.27,18,5,0.3188888888888889,50.1
CUST-000487,Bronze,92.81,18,5,0.3188888888888889,52.7
CUST-000349,Bronze,126.69,18,5,0.3188888888888889,55.3
CUST-005488,Bronze,117.33,18,5,0.3188888888888889,53.8
CUST-007499,Bronze,230.41,18,5,0.3188888888888889,60.0
CUST-007601,Bronze,111.13,18,5,0.3188888888888889,55.6
CUST-006497,Bronze,144.43,22,6,0.3181818181818182,56.8
CUST-003986,Bronze,115.3,11,3,0.3181818181818182,51.5
CUST-004716,Bronze,147.97,11,3,0.3181818181818182,46.9
CUST-005441,Bronze,80.26,11,3,0.3181818181818182,51.5
CUST-005849,Bronze,108.2,11,3,0.3181818181818182,49.0
CUST-002401,Bronze,95.17,11,3,0.3181818181818182,52.6
CUST-004687,Bronze,116.68,11,3,0.3181818181818182,48.0
CUST-006569,Bronze,149.57,11,3,0.3181818181818182,46.6
CUST-004553,Bronze,144.99,11,3,0.3181818181818182,50.9
CUST-000988,Bronze,195.89,11,3,0.3181818181818182,51.0
CUST-004959,Bronze,148.21,11,3,0.3181818181818182,51.5
CUST-002511,Bronze,299.42,11,3,0.3181818181818182,55.8
CUST-000413,Bronze,95.98,22,6,0.3181818181818182,74.9
CUST-001581,Bronze,189.2,11,3,0.3181818181818182,53.0
CUST-001407,Bronze,212.81,11,3,0.3181818181818182,55.8
CUST-000986,Bronze,106.13,11,3,0.3181818181818182,45.8
CUST-001553,Bronze,93.5,11,3,0.3181818181818182,66.1
CUST-003157,Bronze,186.08,11,3,0.3181818181818182,54.0
CUST-004352,Bronze,93.01,11,3,0.3181818181818182,48.6
CUST-006394,Bronze,119.0,11,3,0.3181818181818182,50.1
CUST-001404,Bronze,166.86,11,3,0.3181818181818182,54.3
CUST-003071,Bronze,188.69,22,6,0.3181818181818182,60.5
CUST-005286,Bronze,246.15,11,3,0.3181818181818182,57.6
CUST-006462,Bronze,135.36,22,6,0.3181818181818182,54.7
CUST-003904,Bronze,124.89,11,3,0.3181818181818182,52.1
CUST-000605,Bronze,213.91,22,6,0.3181818181818182,56.8
CUST-001902,Bronze,162.49,11,3,0.3181818181818182,51.5
CUST-002305,Bronze,202.48,11,3,0.3181818181818182,70.6
CUST-007280,Bronze,250.28,11,3,0.3181818181818182,55.4
CUST-007242,Bronze,71.94,11,3,0.3181818181818182,51.9
CUST-003333,Bronze,124.51,11,3,0.3181818181818182,48.0
CUST-000780,Bronze,102.93,15,4,0.3173333333333333,50.7
CUST-003656,Bronze,207.67,15,4,0.3173333333333333,58.4
CUST-004495,Bronze,170.54,15,4,0.3173333333333333,55.8
CUST-007709,Bronze,110.12,15,4,0.3173333333333333,51.7
CUST-000277,Bronze,159.11,15,4,0.3173333333333333,54.0
CUST-004520,Bronze,174.09,15,4,0.3173333333333333,52.0
CUST-007722,Bronze,302.54,15,4,0.3173333333333333,57.4
CUST-001674,Bronze,141.14,15,4,0.3173333333333333,57.0
CUST-006480,Bronze,208.31,15,4,0.3173333333333333,52.6
CUST-006403,Bronze,176.56,15,4,0.3173333333333333,56.4
CUST-004652,Bronze,158.35,15,4,0.3173333333333333,56.9
CUST-004667,Bronze,121.53,15,4,0.3173333333333333,55.0
CUST-005261,Bronze,70.31,15,4,0.3173333333333333,53.1
CUST-006643,Bronze,142.75,15,4,0.3173333333333333,48.7
CUST-000106,Bronze,212.99,15,4,0.3173333333333333,53.6
CUST-007396,Bronze,229.59,15,4,0.3173333333333333,56.2
CUST-005388,Bronze,120.31,15,4,0.3173333333333333,49.8
CUST-003197,Bronze,284.86,15,4,0.3173333333333333,56.5
CUST-000459,Bronze,157.33,15,4,0.3173333333333333,57.7
CUST-002631,Bronze,123.6,15,4,0.3173333333333333,51.8
CUST-000547,Bronze,196.97,15,4,0.3173333333333333,53.3
CUST-001454,Bronze,84.47,15,4,0.3173333333333333,52.6
CUST-006723,Bronze,253.2,15,4,0.3173333333333333,56.5
CUST-001027,Bronze,147.05,15,4,0.3173333333333333,56.9
CUST-002867,Bronze,206.33,15,4,0.3173333333333333,51.4
CUST-007576,Bronze,106.54,15,4,0.3173333333333333,51.3
CUST-007636,Bronze,181.15,15,4,0.3173333333333333,53.1
CUST-005901,Bronze,132.32,15,4,0.3173333333333333,50.6
CUST-006090,Bronze,105.9,15,4,0.3173333333333333,55.2
CUST-004454,Bronze,136.34,15,4,0.3173333333333333,54.1
CUST-001567,Bronze,156.05,15,4,0.3173333333333333,53.2
CUST-002920,Bronze,103.62,15,4,0.3173333333333333,49.3
CUST-003177,Bronze,122.5,15,4,0.3173333333333333,56.0
CUST-006892,Bronze,116.12,15,4,0.3173333333333333,49.5
CUST-006920,Bronze,185.83,15,4,0.3173333333333333,56.7
CUST-007550,Bronze,92.53,15,4,0.3173333333333333,50.7
CUST-004960,Bronze,200.43,15,4,0.3173333333333333,70.6
CUST-002572,Bronze,150.51,15,4,0.3173333333333333,49.4
CUST-002513,Bronze,128.59,15,4,0.3173333333333333,52.6
CUST-003626,Bronze,168.53,15,4,0.3173333333333333,54.3
CUST-000005,Bronze,182.43,15,4,0.3173333333333333,56.6
CUST-004850,Bronze,138.91,19,5,0.3168421052631579,51.9
CUST-002485,Bronze,109.71,19,5,0.3168421052631579,53.1
CUST-000305,Bronze,100.89,19,5,0.3168421052631579,49.2
CUST-001176,Bronze,146.11,19,5,0.3168421052631579,58.3
CUST-000614,Bronze,133.09,19,5,0.3168421052631579,52.2
CUST-004179,Bronze,76.55,19,5,0.3168421052631579,53.2
CUST-005491,Bronze,104.96,19,5,0.3168421052631579,52.4
CUST-006773,Bronze,264.22,19,5,0.3168421052631579,61.7
CUST-003650,Bronze,122.2,19,5,0.3168421052631579,54.0
CUST-002287,Bronze,130.9,19,5,0.3168421052631579,55.6
CUST-002567,Bronze,147.32,19,5,0.3168421052631579,54.5
CUST-004428,Bronze,225.62,19,5,0.3168421052631579,57.1
CUST-004878,Bronze,128.95,19,5,0.3168421052631579,55.5
CUST-000942,Bronze,114.09,23,6,0.3165217391304348,55.1
CUST-002459,Bronze,171.15,27,7,0.31629629629629635,57.9
CUST-000890,Bronze,120.95,31,8,0.31612903225806455,55.8
CUST-003515,Bronze,230.96,20,5,0.31500000000000006,79.0
CUST-000274,Bronze,165.89,20,5,0.31500000000000006,55.7
CUST-004681,Bronze,238.79,20,5,0.31500000000000006,59.2
CUST-007456,Bronze,167.02,20,5,0.31500000000000006,53.2
CUST-002793,Bronze,133.09,20,5,0.31500000000000006,57.4
CUST-001348,Bronze,83.37,16,4,0.315,54.4
CUST-006593,Bronze,114.03,12,3,0.315,47.5
CUST-001790,Bronze,72.07,12,3,0.315,43.9
CUST-004915,Bronze,318.61,24,6,0.315,58.2
CUST-007699,Bronze,219.91,12,3,0.315,56.0
CUST-003785,Bronze,140.78,16,4,0.315,53.1
CUST-005765,Bronze,123.38,8,2,0.315,46.7
CUST-000029,Bronze,100.24,16,4,0.315,54.0
CUST-006825,Bronze,46.79,16,4,0.315,52.1
CUST-002242,Bronze,101.23,16,4,0.315,52.2
CUST-006578,Bronze,67.3,12,3,0.315,51.3
CUST-000535,Bronze,167.22,8,2,0.315,50.2
CUST-005218,Bronze,70.17,8,2,0.315,48.7
CUST-001531,Bronze,106.63,16,4,0.315,53.1
CUST-001897,Bronze,132.5,16,4,0.315,50.6
CUST-003543,Bronze,193.22,12,3,0.315,54.8
CUST-003676,Bronze,185.1,12,3,0.315,53.3
CUST-006704,Bronze,228.24,12,3,0.315,55.3
CUST-007570,Bronze,137.37,8,2,0.315,49.2
CUST-005508,Bronze,152.76,8,2,0.315,49.1
CUST-002056,Bronze,99.76,16,4,0.315,53.9
CUST-005590,Bronze,106.87,12,3,0.315,48.6
CUST-002667,Bronze,178.39,16,4,0.315,54.7
CUST-007448,Bronze,172.66,8,2,0.315,48.9
CUST-002950,Bronze,174.1,12,3,0.315,51.9
CUST-006097,Bronze,149.18,12,3,0.315,53.2
CUST-001538,Bronze,360.39,12,3,0.315,57.8
CUST-000830,Bronze,327.29,8,2,0.315,56.2
CUST-006980,Bronze,151.19,16,4,0.315,54.7
CUST-003858,Bronze,132.89,16,4,0.315,54.6
CUST-006642,Bronze,160.64,12,3,0.315,52.4
CUST-000378,Bronze,142.29,8,2,0.315,50.6
CUST-001086,Bronze,137.61,24,6,0.315,53.0
CUST-001002,Bronze,172.92,12,3,0.315,51.1
CUST-005400,Bronze,108.89,12,3,0.315,48.6
CUST-007189,Bronze,305.5,12,3,0.315,57.5
CUST-006019,Bronze,112.58,12,3,0.315,46.9
CUST-006017,Bronze,214.47,16,4,0.315,56.6
CUST-002940,Bronze,246.99,12,3,0.315,50.0
CUST-000615,Bronze,107.86,16,4,0.315,53.5
CUST-006428,Bronze,158.11,12,3,0.315,49.9
CUST-001414,Bronze,178.68,16,4,0.315,56.4
CUST-001434,Bronze,171.96,12,3,0.315,52.9
CUST-007254,Bronze,140.69,12,3,0.315,50.5
CUST-001929,Bronze,157.74,8,2,0.315,47.3
CUST-002505,Bronze,97.79,8,2,0.315,46.5
CUST-005929,Bronze,154.48,12,3,0.315,54.8
CUST-002362,Bronze,173.82,12,3,0.315,53.9
CUST-002889,Bronze,194.23,16,4,0.315,57.0
CUST-004000,Bronze,198.22,16,4,0.315,55.3
CUST-001189,Bronze,150.97,16,4,0.315,53.4
CUST-002608,Bronze,158.5,12,3,0.315,72.3
CUST-007112,Bronze,207.98,12,3,0.315,51.6
CUST-002279,Bronze,188.84,16,4,0.315,54.4
CUST-000549,Bronze,127.4,8,2,0.315,49.4
CUST-006517,Bronze,110.29,12,3,0.315,45.1
CUST-006544,Bronze,140.52,12,3,0.315,50.5
CUST-004273,Bronze,156.75,12,3,0.315,51.2
CUST-004723,Bronze,199.81,12,3,0.315,55.1
CUST-005988,Bronze,248.6,16,4,0.315,54.6
CUST-003936,Bronze,235.03,16,4,0.315,55.7
CUST-000762,Bronze,75.59,24,6,0.315,55.4
CUST-006070,Bronze,243.18,16,4,0.315,53.9
CUST-005612,Bronze,316.2,16,4,0.315,56.5
CUST-004746,Bronze,111.56,12,3,0.315,53.5
CUST-006945,Bronze,148.27,16,4,0.315,51.3
CUST-000960,Bronze,151.85,12,3,0.315,54.7
CUST-003206,Bronze,120.89,12,3,0.315,50.0
CUST-001760,Bronze,117.0,12,3,0.315,51.5
CUST-001739,Bronze,141.4,16,4,0.315,52.9
CUST-007948,Bronze,198.06,8,2,0.315,52.7
CUST-000376,Bronze,102.09,16,4,0.315,52.4
CUST-002337,Bronze,158.46,12,3,0.315,55.9
CUST-005231,Bronze,123.39,21,5,0.31333333333333335,52.3
CUST-001316,Bronze,131.87,21,5,0.31333333333333335,52.3
CUST-007129,Bronze,75.21,21,5,0.31333333333333335,50.1
CUST-001499,Bronze,94.19,21,5,0.31333333333333335,48.4
CUST-005531,Bronze,90.89,21,5,0.31333333333333335,52.4
CUST-002163,Bronze,296.22,21,5,0.31333333333333335,57.3
CUST-004814,Bronze,181.75,21,5,0.31333333333333335,55.7
CUST-003347,Bronze,157.97,21,5,0.31333333333333335,58.8
CUST-003817,Bronze,192.04,21,5,0.31333333333333335,58.0
CUST-004345,Bronze,112.8,17,4,0.3129411764705883,51.1
CUST-006900,Bronze,106.47,17,4,0.3129411764705883,49.2
CUST-001572,Bronze,258.12,17,4,0.3129411764705883,60.5
CUST-003761,Bronze,325.19,17,4,0.3129411764705883,55.5
CUST-007650,Bronze,177.48,17,4,0.3129411764705883,52.6
CUST-006080,Bronze,304.97,17,4,0.3129411764705883,55.5
CUST-007126,Bronze,83.65,17,4,0.3129411764705883,49.0
CUST-005548,Bronze,234.85,17,4,0.3129411764705883,57.5
CUST-005760,Bronze,170.63,17,4,0.3129411764705883,53.8
CUST-005728,Bronze,169.71,17,4,0.3129411764705883,56.2
CUST-004350,Bronze,174.16,13,3,0.31230769230769234,52.1
CUST-006325,Bronze,187.72,13,3,0.31230769230769234,54.7
CUST-003715,Bronze,133.41,13,3,0.31230769230769234,53.8
CUST-006205,Bronze,255.71,13,3,0.31230769230769234,54.5
CUST-006581,Bronze,326.31,13,3,0.31230769230769234,53.4
CUST-006471,Bronze,68.64,13,3,0.31230769230769234,44.7
CUST-001222,Bronze,276.35,13,3,0.31230769230769234,52.9
CUST-001281,Bronze,199.59,13,3,0.31230769230769234,51.6
CUST-006027,Bronze,306.17,13,3,0.31230769230769234,55.5
CUST-001250,Bronze,119.84,13,3,0.31230769230769234,52.1
CUST-002017,Bronze,129.65,13,3,0.31230769230769234,48.4
CUST-001967,Bronze,85.69,13,3,0.31230769230769234,48.7
CUST-004421,Bronze,128.01,13,3,0.31230769230769234,49.2
CUST-002112,Bronze,166.09,13,3,0.31230769230769234,51.5
CUST-001015,Bronze,110.54,13,3,0.31230769230769234,45.7
CUST-000969,Bronze,208.78,13,3,0.31230769230769234,49.8
CUST-001031,Bronze,146.06,13,3,0.31230769230769234,46.8
CUST-004085,Bronze,235.98,13,3,0.31230769230769234,56.1
CUST-001034,Bronze,229.91,13,3,0.31230769230769234,52.2
CUST-006677,Bronze,81.49,13,3,0.31230769230769234,50.2
CUST-000702,Bronze,260.29,13,3,0.31230769230769234,58.8
CUST-005100,Bronze,151.1,13,3,0.31230769230769234,54.6
CUST-001126,Bronze,126.94,13,3,0.31230769230769234,52.2
CUST-003698,Bronze,193.85,13,3,0.31230769230769234,53.6
CUST-000622,Bronze,143.77,13,3,0.31230769230769234,50.6
CUST-001214,Bronze,183.31,13,3,0.31230769230769234,50.9
CUST-004472,Bronze,173.42,13,3,0.31230769230769234,50.7
CUST-006085,Bronze,186.11,13,3,0.31230769230769234,55.0
CUST-005078,Bronze,147.36,13,3,0.31230769230769234,49.6
CUST-006821,Bronze,127.86,13,3,0.31230769230769234,49.5
CUST-007991,Bronze,55.53,13,3,0.31230769230769234,44.2
CUST-005741,Bronze,148.17,13,3,0.31230769230769234,49.3
CUST-007693,Bronze,130.42,13,3,0.31230769230769234,52.0
CUST-003245,Bronze,174.22,13,3,0.31230769230769234,50.1
CUST-003207,Bronze,79.84,13,3,0.31230769230769234,51.5
CUST-005909,Bronze,126.2,13,3,0.31230769230769234,50.4
CUST-007803,Bronze,138.73,13,3,0.31230769230769234,48.9
CUST-000030,Bronze,93.74,13,3,0.31230769230769234,48.4
CUST-003682,Bronze,161.34,13,3,0.31230769230769234,52.2
CUST-000560,Bronze,195.24,22,5,0.3118181818181818,54.2
CUST-002755,Bronze,274.65,22,5,0.3118181818181818,55.9
CUST-000469,Bronze,143.69,22,5,0.3118181818181818,51.1
CUST-007105,Bronze,176.71,22,5,0.3118181818181818,56.4
CUST-004615,Bronze,236.94,22,5,0.3118181818181818,55.2
CUST-002225,Bronze,214.8,9,2,0.3111111111111111,53.2
CUST-000899,Bronze,132.81,18,4,0.3111111111111111,52.4
CUST-001794,Bronze,120.43,27,6,0.3111111111111111,57.0
CUST-003358,Bronze,142.73,18,4,0.3111111111111111,53.0
CUST-004503,Bronze,130.12,18,4,0.3111111111111111,54.4
CUST-007822,Bronze,354.68,9,2,0.3111111111111111,55.4
CUST-003360,Bronze,128.64,9,2,0.3111111111111111,49.6
CUST-004818,Bronze,184.27,18,4,0.3111111111111111,52.5
CUST-006948,Bronze,77.53,9,2,0.3111111111111111,36.8
CUST-001299,Bronze,199.05,9,2,0.3111111111111111,47.5
CUST-002263,Bronze,324.69,18,4,0.3111111111111111,53.9
CUST-005515,Bronze,112.64,18,4,0.3111111111111111,53.5
CUST-004053,Bronze,207.57,9,2,0.3111111111111111,49.5
CUST-004394,Bronze,71.66,9,2,0.3111111111111111,43.0
CUST-002759,Bronze,147.59,18,4,0.3111111111111111,53.5
CUST-000552,Bronze,142.39,9,2,0.3111111111111111,48.6
CUST-001931,Bronze,260.96,18,4,0.3111111111111111,53.4
CUST-001367,Bronze,119.16,9,2,0.3111111111111111,48.2
CUST-000315,Bronze,176.6,9,2,0.3111111111111111,53.0
CUST-000536,Bronze,156.97,18,4,0.3111111111111111,55.7
CUST-002251,Bronze,174.25,18,4,0.3111111111111111,56.1
CUST-007156,Bronze,374.66,9,2,0.3111111111111111,51.7
CUST-001661,Bronze,118.55,9,2,0.3111111111111111,42.4
CUST-006844,Bronze,197.34,18,4,0.3111111111111111,57.1
CUST-007595,Bronze,105.61,9,2,0.3111111111111111,48.6
CUST-004300,Bronze,157.33,18,4,0.3111111111111111,55.7
CUST-000014,Bronze,68.7,9,2,0.3111111111111111,43.7
CUST-005299,Bronze,222.3,18,4,0.3111111111111111,53.3
CUST-007183,Bronze,261.34,14,3,0.31,51.0
CUST-000564,Bronze,174.35,14,3,0.31,55.6
CUST-000032,Bronze,252.3,14,3,0.31,75.0
CUST-005136,Bronze,108.72,14,3,0.31,45.6
CUST-003791,Bronze,93.25,14,3,0.31,50.9
CUST-003089,Bronze,162.24,14,3,0.31,47.6
CUST-003013,Bronze,168.82,14,3,0.31,55.1
CUST-005746,Bronze,206.65,14,3,0.31,55.4
CUST-002527,Bronze,261.29,14,3,0.31,55.9
CUST-007630,Bronze,145.94,14,3,0.31,49.1
CUST-005437,Bronze,370.24,14,3,0.31,54.3
CUST-007013,Bronze,79.37,14,3,0.31,47.8
CUST-000040,Bronze,86.67,14,3,0.31,48.7
CUST-000511,Bronze,229.2,14,3,0.31,54.6
CUST-000910,Bronze,119.29,14,3,0.31,52.1
CUST-004057,Bronze,114.92,14,3,0.31,47.9
CUST-007449,Bronze,154.7,14,3,0.31,53.4
CUST-005644,Bronze,215.19,14,3,0.31,55.7
CUST-000792,Bronze,157.59,14,3,0.31,53.3
CUST-007047,Bronze,76.96,14,3,0.31,47.2
CUST-002952,Bronze,138.89,14,3,0.31,53.1
CUST-001561,Bronze,119.26,14,3,0.31,47.4
CUST-000371,Bronze,115.33,14,3,0.31,51.9
CUST-005715,Bronze,128.37,14,3,0.31,48.4
CUST-002618,Bronze,158.66,14,3,0.31,49.9
CUST-006632,Bronze,96.56,14,3,0.31,47.0
CUST-001783,Bronze,126.01,14,3,0.31,45.4
CUST-001328,Bronze,108.88,19,4,0.30947368421052635,49.1
CUST-006884,Bronze,177.09,19,4,0.30947368421052635,54.0
CUST-007748,Bronze,165.62,19,4,0.30947368421052635,55.5
CUST-002758,Bronze,125.29,19,4,0.30947368421052635,54.4
CUST-006712,Bronze,66.05,19,4,0.30947368421052635,51.9
CUST-000049,Bronze,87.75,15,3,0.308,48.1
CUST-007718,Bronze,256.09,15,3,0.308,55.4
CUST-003801,Bronze,138.33,10,2,0.308,46.9
CUST-001770,Bronze,195.44,15,3,0.308,54.6
CUST-007945,Bronze,168.96,20,4,0.308,55.3
CUST-007658,Bronze,181.24,15,3,0.308,55.8
CUST-000015,Bronze,144.4,15,3,0.308,54.3
CUST-006006,Bronze,248.03,10,2,0.308,53.2
CUST-001942,Bronze,154.81,10,2,0.308,45.0
CUST-004485,Bronze,103.62,15,3,0.308,49.1
CUST-004371,Bronze,128.79,10,2,0.308,47.0
CUST-005174,Bronze,202.4,5,1,0.308,51.6
CUST-004264,Bronze,72.77,10,2,0.308,44.8
CUST-001191,Bronze,86.02,15,3,0.308,50.5
CUST-007751,Bronze,127.61,15,3,0.308,52.5
CUST-003555,Bronze,146.12,15,3,0.308,51.1
CUST-002363,Bronze,209.38,15,3,0.308,55.7
CUST-001410,Bronze,186.15,10,2,0.308,49.0
CUST-005117,Bronze,88.44,20,4,0.308,48.1
CUST-004665,Bronze,278.07,15,3,0.308,58.1
CUST-001546,Bronze,280.07,15,3,0.308,57.1
CUST-006098,Bronze,119.59,15,3,0.308,47.8
CUST-001823,Bronze,234.72,15,3,0.308,51.9
CUST-004669,Bronze,239.61,10,2,0.308,52.1
CUST-004664,Bronze,242.83,10,2,0.308,53.9
CUST-004619,Bronze,714.62,10,2,0.308,55.3
CUST-000768,Bronze,71.51,10,2,0.308,41.7
CUST-006583,Bronze,135.77,15,3,0.308,46.9
CUST-007646,Bronze,231.17,10,2,0.308,50.4
CUST-006675,Bronze,100.79,15,3,0.308,46.8
CUST-007568,Bronze,531.45,15,3,0.308,55.7
CUST-001297,Bronze,134.1,10,2,0.308,50.2
CUST-002298,Bronze,223.97,10,2,0.308,50.0
CUST-004750,Bronze,192.94,15,3,0.308,51.9
CUST-007155,Bronze,137.1,10,2,0.308,44.9
CUST-005390,Bronze,158.67,5,1,0.308,44.1
CUST-003265,Bronze,95.92,10,2,0.308,48.0
CUST-006181,Bronze,107.74,10,2,0.308,46.4
CUST-004792,Bronze,199.22,25,5,0.308,55.3
CUST-003047,Bronze,170.92,5,1,0.308,44.2
CUST-002465,Bronze,92.46,10,2,0.308,47.9
CUST-003713,Bronze,217.17,10,2,0.308,48.7
CUST-006571,Bronze,100.29,21,4,0.3066666666666667,51.0
CUST-000239,Bronze,205.17,16,3,0.30625,55.5
CUST-007686,Bronze,139.44,16,3,0.30625,53.1
CUST-006439,Bronze,134.82,16,3,0.30625,46.1
CUST-005236,Bronze,90.57,16,3,0.30625,51.8
CUST-000385,Bronze,111.57,16,3,0.30625,53.7
CUST-000530,Bronze,152.94,16,3,0.30625,49.1
CUST-007787,Bronze,213.35,16,3,0.30625,53.4
CUST-006841,Bronze,153.77,16,3,0.30625,49.8
CUST-003832,Bronze,114.44,16,3,0.30625,50.2
CUST-002627,Bronze,156.71,11,2,0.3054545454545455,51.3
CUST-002032,Bronze,131.9,11,2,0.3054545454545455,48.7
CUST-006833,Bronze,109.74,11,2,0.3054545454545455,46.8
CUST-006896,Bronze,162.81,11,2,0.3054545454545455,48.3
CUST-003362,Bronze,233.94,11,2,0.3054545454545455,53.7
CUST-005846,Bronze,264.74,11,2,0.3054545454545455,50.2
CUST-003921,Bronze,180.06,11,2,0.3054545454545455,51.8
CUST-006145,Bronze,130.6,11,2,0.3054545454545455,44.1
CUST-006460,Bronze,225.79,11,2,0.3054545454545455,54.5
CUST-006445,Bronze,224.32,11,2,0.3054545454545455,53.5
CUST-002377,Bronze,126.2,11,2,0.3054545454545455,47.4
CUST-005502,Bronze,195.96,11,2,0.3054545454545455,50.4
CUST-007036,Bronze,203.18,11,2,0.3054545454545455,45.9
CUST-002161,Bronze,246.98,11,2,0.3054545454545455,49.8
CUST-001876,Bronze,83.86,11,2,0.3054545454545455,45.6
CUST-000797,Bronze,160.84,11,2,0.3054545454545455,45.4
CUST-000699,Bronze,315.17,11,2,0.3054545454545455,49.0
CUST-003516,Bronze,148.77,11,2,0.3054545454545455,46.9
CUST-004462,Bronze,250.57,17,3,0.3047058823529412,53.6
CUST-000355,Bronze,225.48,17,3,0.3047058823529412,52.7
CUST-007136,Bronze,182.95,17,3,0.3047058823529412,47.8
CUST-005083,Bronze,210.47,17,3,0.3047058823529412,51.8
CUST-000744,Bronze,191.97,17,3,0.3047058823529412,52.5
CUST-007072,Bronze,163.71,12,2,0.30333333333333334,53.6
CUST-000408,Bronze,121.39,12,2,0.30333333333333334,47.4
CUST-003078,Bronze,117.33,6,1,0.30333333333333334,41.7
CUST-006434,Bronze,136.87,12,2,0.30333333333333334,52.1
CUST-003846,Bronze,115.06,12,2,0.30333333333333334,47.3
CUST-007363,Bronze,160.79,12,2,0.30333333333333334,49.4
CUST-006211,Bronze,135.49,12,2,0.30333333333333334,48.3
CUST-001542,Bronze,71.3,18,3,0.30333333333333334,46.3
CUST-005471,Bronze,116.87,6,1,0.30333333333333334,42.1
CUST-004902,Bronze,145.39,12,2,0.30333333333333334,48.8
CUST-002551,Bronze,126.64,12,2,0.30333333333333334,51.9
CUST-001624,Bronze,138.42,12,2,0.30333333333333334,48.4
CUST-002176,Bronze,106.93,12,2,0.30333333333333334,48.9
CUST-007198,Bronze,146.98,18,3,0.30333333333333334,51.8
CUST-007814,Bronze,132.74,6,1,0.30333333333333334,49.0
CUST-001738,Bronze,85.38,6,1,0.30333333333333334,44.1
CUST-001425,Bronze,242.35,12,2,0.30333333333333334,51.6
CUST-001075,Bronze,301.74,25,4,0.3024,75.8
CUST-003664,Bronze,111.54,19,3,0.30210526315789477,48.7
CUST-002883,Bronze,205.21,19,3,0.30210526315789477,51.7
CUST-004239,Bronze,207.35,19,3,0.30210526315789477,53.6
CUST-004145,Bronze,96.34,13,2,0.3015384615384616,48.4
CUST-002712,Bronze,197.56,13,2,0.3015384615384616,49.7
CUST-003235,Bronze,125.25,13,2,0.3015384615384616,49.0
CUST-002640,Bronze,159.22,13,2,0.3015384615384616,48.7
CUST-002113,Bronze,123.88,13,2,0.3015384615384616,70.7
CUST-007932,Bronze,185.13,13,2,0.3015384615384616,52.3
CUST-006775,Bronze,283.06,13,2,0.3015384615384616,48.5
CUST-004312,Bronze,145.02,13,2,0.3015384615384616,47.7
CUST-003303,Bronze,186.08,13,2,0.3015384615384616,51.9
CUST-006464,Bronze,123.63,13,2,0.3015384615384616,47.4
CUST-001292,Bronze,138.07,13,2,0.3015384615384616,46.4
CUST-004230,Bronze,114.26,13,2,0.3015384615384616,45.2
CUST-004412,Bronze,213.26,13,2,0.3015384615384616,54.8
CUST-004983,Bronze,151.36,13,2,0.3015384615384616,49.1
CUST-002266,Bronze,91.98,14,2,0.3,49.3
CUST-006337,Bronze,178.56,7,1,0.3,44.9
CUST-003641,Bronze,188.64,7,1,0.3,49.0
CUST-000921,Bronze,241.6,14,2,0.3,52.6
CUST-000883,Bronze,203.76,14,2,0.3,50.9
CUST-005900,Bronze,161.02,14,2,0.3,48.4
CUST-003246,Bronze,183.46,7,1,0.3,46.0
CUST-007122,Bronze,154.62,14,2,0.3,47.0
CUST-002619,Bronze,144.49,7,1,0.3,43.2
CUST-005930,Bronze,225.06,14,2,0.3,48.2
CUST-006963,Bronze,135.2,14,2,0.3,47.3
CUST-002719,Bronze,95.44,14,2,0.3,47.3
CUST-001353,Bronze,115.45,7,1,0.3,41.8
CUST-003957,Bronze,297.87,14,2,0.3,53.5
CUST-002144,Bronze,237.2,14,2,0.3,54.7
CUST-004493,Bronze,70.06,22,3,0.2990909090909091,44.7
CUST-001629,Bronze,151.49,15,2,0.2986666666666667,68.8
CUST-004232,Bronze,129.18,15,2,0.2986666666666667,50.0
CUST-002852,Bronze,51.12,15,2,0.2986666666666667,44.3
CUST-000180,Bronze,173.11,15,2,0.2986666666666667,47.7
CUST-004206,Bronze,115.74,15,2,0.2986666666666667,43.7
CUST-007936,Bronze,131.93,16,2,0.29750000000000004,47.2
CUST-003709,Bronze,212.52,8,1,0.29750000000000004,51.9
CUST-005737,Bronze,190.24,8,1,0.29750000000000004,42.0
CUST-000290,Bronze,107.9,25,3,0.2968,51.5
CUST-000396,Bronze,118.04,17,2,0.2964705882352941,45.3
CUST-006815,Bronze,77.2,17,2,0.2964705882352941,41.6
CUST-000878,Bronze,183.56,9,1,0.29555555555555557,47.0
CUST-000402,Bronze,104.93,18,2,0.29555555555555557,44.8
CUST-005652,Bronze,279.34,9,1,0.29555555555555557,49.3
CUST-003274,Bronze,220.04,18,2,0.29555555555555557,53.0
CUST-001940,Bronze,55.69,18,2,0.29555555555555557,49.6
CUST-000652,Bronze,171.89,9,1,0.29555555555555557,44.6
CUST-000649,Bronze,85.36,9,1,0.29555555555555557,40.4
CUST-001792,Bronze,100.17,9,1,0.29555555555555557,44.4
CUST-003433,Bronze,96.26,9,1,0.29555555555555557,42.2
CUST-001136,Bronze,223.67,10,1,0.29400000000000004,51.2
CUST-007521,Bronze,236.84,10,1,0.29400000000000004,52.5
CUST-001108,Bronze,105.88,10,1,0.29400000000000004,39.6
CUST-004866,Bronze,219.25,11,1,0.2927272727272727,52.1
CUST-002868,Bronze,75.08,11,1,0.2927272727272727,44.6
CUST-004519,Bronze,270.86,11,1,0.2927272727272727,47.1
CUST-000550,Bronze,121.86,11,1,0.2927272727272727,43.0
CUST-007001,Bronze,113.04,11,1,0.2927272727272727,45.5
CUST-003604,Bronze,168.24,11,1,0.2927272727272727,42.5
CUST-004904,Bronze,44.23,11,1,0.2927272727272727,38.0
CUST-007269,Bronze,123.76,23,2,0.2921739130434783,46.1
CUST-007210,Bronze,165.84,12,1,0.2916666666666667,50.1
CUST-006714,Bronze,129.95,12,1,0.2916666666666667,40.5
CUST-001916,Bronze,104.69,12,1,0.2916666666666667,39.1
CUST-003420,Bronze,123.19,12,1,0.2916666666666667,42.4
CUST-007848,Bronze,202.93,14,1,0.29000000000000004,49.6
CUST-002197,Bronze,277.57,14,1,0.29000000000000004,47.2
CUST-003861,Bronze,190.49,14,1,0.29000000000000004,46.3
CUST-005984,Bronze,89.57,14,1,0.29000000000000004,43.0
CUST-006119,Bronze,296.47,14,1,0.29000000000000004,47.5
CUST-001926,Bronze,132.3,6,0,0.28,28.6
CUST-007168,Bronze,108.21,6,0,0.28,27.4
CUST-006840,Bronze,187.28,10,0,0.28,32.8
CUST-005284,Bronze,165.19,10,0,0.28,32.0
CUST-000012,Bronze,165.78,9,0,0.28,29.9
CUST-007762,Bronze,100.16,3,0,0.28,28.0
CUST-004847,Silver,682.03,12,11,0.2625,60.8
CUST-007087,Silver,417.23,10,9,0.261,60.4
CUST-004004,Silver,279.19,14,12,0.2571428571428572,56.4
CUST-001286,Silver,594.83,17,14,0.25411764705882356,64.0
CUST-002103,Silver,871.81,11,9,0.25363636363636366,64.5
CUST-000333,Silver,757.61,10,8,0.252,62.6
CUST-001208,Silver,414.61,10,8,0.252,80.7
CUST-003544,Silver,486.94,10,8,0.252,63.2
CUST-000058,Silver,402.43,14,11,0.2507142857142857,61.5
CUST-000989,Silver,673.51,9,7,0.25,62.2
CUST-006818,Silver,254.43,9,7,0.25,55.9
CUST-004690,Silver,644.64,9,7,0.25,63.9
CUST-000160,Silver,290.55,13,10,0.24923076923076926,59.0
CUST-005702,Silver,337.32,13,10,0.24923076923076926,61.5
CUST-000276,Silver,554.39,12,9,0.24750000000000003,63.4
CUST-006802,Silver,551.0,12,9,0.24750000000000003,63.4
CUST-000479,Silver,355.14,12,9,0.24750000000000003,61.6
CUST-003812,Silver,370.55,12,9,0.24750000000000003,58.9
CUST-007302,Silver,478.81,8,6,0.2475,57.1
CUST-000151,Silver,465.61,8,6,0.2475,59.7
CUST-003714,Silver,404.63,8,6,0.2475,58.2
CUST-003411,Silver,1345.24,4,3,0.2475,60.2
CUST-001322,Silver,291.56,8,6,0.2475,54.3
CUST-003907,Silver,321.55,20,15,0.2475,61.6
CUST-003262,Silver,637.91,8,6,0.2475,59.6
CUST-007459,Silver,406.91,8,6,0.2475,55.9
CUST-007676,Silver,367.62,15,11,0.24600000000000002,61.0
CUST-007152,Silver,768.74,11,8,0.24545454545454548,74.3
CUST-002692,Silver,384.88,11,8,0.24545454545454548,60.1
CUST-004198,Silver,381.61,11,8,0.24545454545454548,59.6
CUST-006508,Silver,363.73,11,8,0.24545454545454548,61.7
CUST-004655,Silver,686.95,11,8,0.24545454545454548,60.2
CUST-006706,Silver,456.54,11,8,0.24545454545454548,62.0
CUST-005961,Silver,518.47,11,8,0.24545454545454548,61.6
CUST-005311,Silver,550.13,7,5,0.24428571428571427,59.7
CUST-003854,Silver,864.23,7,5,0.24428571428571427,61.5
CUST-003272,Silver,257.76,14,10,0.24428571428571427,59.4
CUST-000613,Silver,440.51,14,10,0.24428571428571427,58.6
CUST-007959,Silver,964.98,14,10,0.24428571428571427,84.9
CUST-007331,Silver,522.75,14,10,0.24428571428571427,60.4
CUST-000601,Silver,374.75,14,10,0.24428571428571427,60.2
CUST-006562,Silver,579.95,14,10,0.24428571428571427,63.9
CUST-006302,Silver,282.64,7,5,0.24428571428571427,54.8
CUST-006487,Silver,526.4,14,10,0.24428571428571427,63.2
CUST-000471,Silver,463.56,14,10,0.24428571428571427,58.9
CUST-003865,Silver,700.35,14,10,0.24428571428571427,62.9
CUST-007874,Silver,244.17,14,10,0.24428571428571427,58.4
CUST-000514,Silver,409.34,14,10,0.24428571428571427,60.6
CUST-007567,Silver,297.95,17,12,0.2435294117647059,59.3
CUST-005814,Silver,168.85,17,12,0.2435294117647059,58.0
CUST-004565,Silver,276.07,17,12,0.2435294117647059,75.8
CUST-001892,Silver,581.8,10,7,0.24300000000000002,59.0
CUST-000275,Silver,730.79,10,7,0.24300000000000002,61.8
CUST-006274,Silver,260.04,10,7,0.24300000000000002,59.0
CUST-007625,Silver,795.1,10,7,0.24300000000000002,62.9
CUST-002878,Silver,636.76,10,7,0.24300000000000002,83.3
CUST-000858,Silver,429.99,10,7,0.24300000000000002,58.5
CUST-002090,Silver,480.26,13,9,0.24230769230769234,61.4
CUST-007395,Silver,817.49,13,9,0.24230769230769234,63.5
CUST-004028,Silver,918.39,13,9,0.24230769230769234,65.5
CUST-000629,Silver,482.08,13,9,0.24230769230769234,61.6
CUST-004102,Silver,359.58,13,9,0.24230769230769234,59.2
CUST-000073,Silver,302.16,13,9,0.24230769230769234,59.1
CUST-000047,Silver,243.39,13,9,0.24230769230769234,60.2
CUST-004913,Silver,708.88,13,9,0.24230769230769234,63.3
CUST-005895,Silver,457.27,13,9,0.24230769230769234,62.7
CUST-001493,Silver,540.75,13,9,0.24230769230769234,63.9
CUST-003298,Silver,252.56,16,11,0.241875,56.5
CUST-000415,Silver,265.88,16,11,0.241875,59.6
CUST-004455,Silver,348.57,16,11,0.241875,59.6
CUST-007581,Silver,946.79,16,11,0.241875,63.8
CUST-004616,Silver,476.77,16,11,0.241875,63.4
CUST-002452,Silver,218.52,19,13,0.24157894736842103,57.8
CUST-003633,Silver,573.5,19,13,0.24157894736842103,63.1
CUST-005076,Silver,271.92,19,13,0.24157894736842103,59.9
CUST-001261,Silver,440.49,19,13,0.24157894736842103,61.7
CUST-000149,Silver,403.69,22,15,0.2413636363636364,60.6
CUST-006676,Silver,244.19,9,6,0.24000000000000002,55.6
CUST-001704,Silver,381.6,9,6,0.24000000000000002,59.6
CUST-003511,Silver,420.58,9,6,0.24000000000000002,58.1
CUST-003426,Silver,855.91,9,6,0.24000000000000002,62.5
CUST-000937,Silver,364.46,15,10,0.24000000000000002,58.1
CUST-006865,Silver,759.93,9,6,0.24000000000000002,60.6
CUST-007776,Silver,405.91,9,6,0.24000000000000002,60.3
CUST-004491,Silver,514.16,18,12,0.24000000000000002,62.7
CUST-006477,Silver,582.41,15,10,0.24000000000000002,63.0
CUST-007741,Silver,512.38,9,6,0.24000000000000002,60.5
CUST-002753,Silver,717.66,15,10,0.24000000000000002,62.8
CUST-002031,Silver,633.16,15,10,0.24000000000000002,64.3
CUST-004331,Silver,468.24,9,6,0.24000000000000002,56.9
CUST-003432,Silver,279.16,9,6,0.24000000000000002,54.4
CUST-005252,Silver,339.12,15,10,0.24000000000000002,60.5
CUST-004106,Silver,438.01,15,10,0.24000000000000002,62.7
CUST-000794,Silver,473.17,12,8,0.24,59.0
CUST-001497,Silver,258.24,21,14,0.24,59.6
CUST-004920,Silver,563.76,6,4,0.24,59.5
CUST-006516,Silver,428.45,12,8,0.24,61.8
CUST-000747,Silver,502.34,12,8,0.24,61.0
CUST-002369,Silver,466.66,12,8,0.24,62.0
CUST-001385,Silver,265.01,12,8,0.24,57.4
CUST-000182,Silver,510.18,12,8,0.24,61.4
CUST-002070,Silver,236.35,12,8,0.24,58.1
CUST-006041,Silver,354.08,12,8,0.24,59.3
CUST-003410,Silver,463.66,12,8,0.24,61.7
CUST-006868,Silver,286.02,12,8,0.24,60.4
CUST-001188,Silver,665.45,12,8,0.24,62.4
CUST-000483,Silver,304.24,6,4,0.24,56.7
CUST-000742,Silver,401.19,12,8,0.24,81.4
CUST-000845,Silver,251.87,12,8,0.24,57.5
CUST-002986,Silver,1033.43,24,16,0.24,66.1
CUST-001577,Silver,333.34,12,8,0.24,56.6
CUST-001550,Silver,555.78,20,13,0.23850000000000002,62.0
CUST-002254,Silver,364.74,20,13,0.23850000000000002,62.1
CUST-000809,Silver,391.86,20,13,0.23850000000000002,62.4
CUST-000115,Silver,532.4,20,13,0.23850000000000002,82.7
CUST-002807,Silver,336.83,17,11,0.23823529411764705,61.8
CUST-005903,Silver,686.01,17,11,0.23823529411764705,63.5
CUST-000751,Silver,527.38,17,11,0.23823529411764705,63.5
CUST-005782,Silver,358.91,17,11,0.23823529411764705,59.9
CUST-004476,Silver,463.65,17,11,0.23823529411764705,62.8
CUST-004251,Silver,404.6,17,11,0.23823529411764705,60.6
CUST-006329,Silver,459.59,17,11,0.23823529411764705,60.5
CUST-002093,Silver,769.24,14,9,0.23785714285714285,83.0
CUST-006127,Silver,210.37,14,9,0.23785714285714285,54.9
CUST-007934,Silver,617.6,14,9,0.23785714285714285,64.3
CUST-001527,Silver,429.45,14,9,0.23785714285714285,59.3
CUST-004263,Silver,588.05,14,9,0.23785714285714285,61.0
CUST-003517,Silver,380.22,14,9,0.23785714285714285,57.9
CUST-000157,Silver,501.74,14,9,0.23785714285714285,82.0
CUST-005968,Silver,486.19,14,9,0.23785714285714285,62.3
CUST-001462,Silver,310.96,14,9,0.23785714285714285,58.8
CUST-005753,Silver,276.45,14,9,0.23785714285714285,56.3
CUST-003312,Silver,580.15,14,9,0.23785714285714285,64.2
CUST-005475,Silver,659.65,14,9,0.23785714285714285,62.3
CUST-007352,Silver,857.05,14,9,0.23785714285714285,64.3
CUST-002533,Silver,942.94,14,9,0.23785714285714285,63.9
CUST-005560,Silver,698.27,14,9,0.23785714285714285,63.4
CUST-002002,Silver,240.82,14,9,0.23785714285714285,57.1
CUST-002333,Silver,1089.87,14,9,0.23785714285714285,65.4
CUST-003687,Silver,546.28,11,7,0.2372727272727273,62.5
CUST-002034,Silver,266.4,11,7,0.2372727272727273,58.3
CUST-001510,Silver,489.7,11,7,0.2372727272727273,78.4
CUST-002684,Silver,497.13,11,7,0.2372727272727273,59.3
CUST-003918,Silver,395.39,11,7,0.2372727272727273,74.7
CUST-001837,Silver,547.98,11,7,0.2372727272727273,60.9
CUST-007858,Silver,482.15,11,7,0.2372727272727273,61.2
CUST-006437,Silver,944.86,11,7,0.2372727272727273,65.6
CUST-006901,Silver,679.18,11,7,0.2372727272727273,59.5
CUST-006492,Silver,539.25,11,7,0.2372727272727273,58.6
CUST-005865,Silver,627.91,11,7,0.2372727272727273,59.7
CUST-007063,Silver,310.03,11,7,0.2372727272727273,55.3
CUST-002192,Silver,234.05,11,7,0.2372727272727273,58.8
CUST-001724,Silver,472.74,22,14,0.2372727272727273,61.4
CUST-000672,Silver,342.64,11,7,0.2372727272727273,57.5
CUST-004089,Silver,1077.67,11,7,0.2372727272727273,63.3
CUST-002651,Silver,426.11,11,7,0.2372727272727273,59.5
CUST-000621,Silver,284.5,19,12,0.23684210526315788,58.8
CUST-006827,Silver,335.79,19,12,0.23684210526315788,59.9
CUST-005079,Silver,501.04,19,12,0.23684210526315788,61.6
CUST-006148,Silver,881.35,19,12,0.23684210526315788,64.5
CUST-004054,Silver,453.45,19,12,0.23684210526315788,62.8
CUST-003743,Silver,276.08,8,5,0.23625000000000002,58.7
CUST-001428,Silver,273.25,16,10,0.23625000000000002,58.8
CUST-002789,Silver,801.68,16,10,0.23625000000000002,63.8
CUST-002661,Silver,302.34,16,10,0.23625000000000002,61.3
CUST-006674,Silver,383.35,16,10,0.23625000000000002,62.0
CUST-003270,Silver,576.48,16,10,0.23625000000000002,62.1
CUST-007824,Silver,587.01,16,10,0.23625000000000002,62.2
CUST-004354,Silver,417.56,16,10,0.23625000000000002,61.4
CUST-004170,Silver,466.89,16,10,0.23625000000000002,61.6
CUST-007573,Silver,729.78,16,10,0.23625000000000002,65.1
CUST-007055,Silver,378.85,16,10,0.23625000000000002,60.2
CUST-005812,Silver,452.46,16,10,0.23625000000000002,60.6
CUST-007710,Silver,392.14,16,10,0.23625000000000002,61.8
CUST-006134,Silver,392.25,16,10,0.23625000000000002,81.4
CUST-003022,Silver,461.54,24,15,0.23625,61.2
CUST-004907,Silver,660.97,21,13,0.2357142857142857,64.4
CUST-007376,Silver,523.77,21,13,0.2357142857142857,61.8
CUST-003037,Silver,472.56,21,13,0.2357142857142857,61.4
CUST-007956,Silver,289.81,13,8,0.2353846153846154,59.0
CUST-006985,Silver,360.3,13,8,0.2353846153846154,57.2
CUST-006419,Silver,511.11,13,8,0.2353846153846154,63.4
CUST-006626,Silver,483.98,13,8,0.2353846153846154,61.0
CUST-003735,Silver,417.43,13,8,0.2353846153846154,60.5
CUST-002372,Silver,765.28,13,8,0.2353846153846154,58.7
CUST-007437,Silver,474.54,13,8,0.2353846153846154,61.7
CUST-004825,Silver,388.52,13,8,0.2353846153846154,58.0
CUST-000623,Silver,364.38,13,8,0.2353846153846154,55.6
CUST-007201,Silver,436.43,13,8,0.2353846153846154,60.8
CUST-001447,Silver,300.45,13,8,0.2353846153846154,60.7
CUST-001225,Silver,426.28,13,8,0.2353846153846154,62.5
CUST-001519,Silver,426.51,13,8,0.2353846153846154,58.7
CUST-007607,Silver,351.94,13,8,0.2353846153846154,57.8
CUST-007846,Silver,609.33,13,8,0.2353846153846154,63.3
CUST-001278,Silver,251.15,13,8,0.2353846153846154,58.4
CUST-002334,Silver,737.85,13,8,0.2353846153846154,63.9
CUST-003366,Silver,542.41,13,8,0.2353846153846154,59.6
CUST-000342,Silver,758.51,13,8,0.2353846153846154,61.9
CUST-002307,Silver,217.04,13,8,0.2353846153846154,58.1
CUST-001382,Silver,280.69,13,8,0.2353846153846154,58.7
CUST-006458,Silver,654.42,13,8,0.2353846153846154,63.4
CUST-005106,Silver,393.7,13,8,0.2353846153846154,60.1
CUST-006335,Silver,233.32,18,11,0.23500000000000001,56.8
CUST-006547,Silver,311.48,18,11,0.23500000000000001,61.5
CUST-006560,Silver,297.82,18,11,0.23500000000000001,60.2
CUST-001238,Silver,455.59,18,11,0.23500000000000001,60.5
CUST-001287,Silver,247.39,18,11,0.23500000000000001,56.5
CUST-004168,Silver,659.18,18,11,0.23500000000000001,64.2
CUST-001797,Silver,253.12,18,11,0.23500000000000001,60.2
CUST-001134,Silver,679.71,18,11,0.23500000000000001,64.8
CUST-006168,Silver,1206.8,18,11,0.23500000000000001,66.0
CUST-002996,Silver,590.46,18,11,0.23500000000000001,63.1
CUST-005657,Silver,299.46,18,11,0.23500000000000001,58.9
CUST-002348,Silver,474.92,18,11,0.23500000000000001,62.7
CUST-007113,Silver,703.14,15,9,0.234,62.3
CUST-000927,Silver,630.19,15,9,0.234,83.4
CUST-004478,Silver,364.32,15,9,0.234,59.7
CUST-006217,Silver,591.32,15,9,0.234,62.0
CUST-000267,Silver,532.86,15,9,0.234,63.4
CUST-001330,Silver,421.38,15,9,0.234,61.5
CUST-007548,Silver,278.71,15,9,0.234,58.8
CUST-003471,Silver,581.84,15,9,0.234,64.1
CUST-006478,Silver,520.44,15,9,0.234,63.3
CUST-002653,Silver,388.88,15,9,0.234,61.1
CUST-006430,Silver,483.04,15,9,0.234,61.3
CUST-000901,Silver,477.56,15,9,0.234,63.2
CUST-006263,Silver,548.34,15,9,0.234,61.9
CUST-004063,Silver,368.88,15,9,0.234,61.5
CUST-001105,Silver,328.37,15,9,0.234,61.4
CUST-006641,Silver,484.08,15,9,0.234,60.2
CUST-004745,Silver,488.99,15,9,0.234,63.2
CUST-004629,Silver,478.33,15,9,0.234,62.1
CUST-000932,Silver,456.42,15,9,0.234,60.7
CUST-006513,Silver,698.7,15,9,0.234,64.8
CUST-000007,Silver,930.1,10,6,0.23399999999999999,60.3
CUST-004024,Silver,432.28,20,12,0.23399999999999999,61.7
CUST-001721,Silver,457.36,10,6,0.23399999999999999,59.9
CUST-001775,Silver,240.22,10,6,0.23399999999999999,56.3
CUST-002775,Silver,537.7,10,6,0.23399999999999999,59.9
CUST-007274,Silver,308.04,20,12,0.23399999999999999,59.3
CUST-004977,Silver,320.95,10,6,0.23399999999999999,73.8
CUST-006913,Silver,807.82,20,12,0.23399999999999999,63.5
CUST-007081,Silver,312.81,10,6,0.23399999999999999,79.8
CUST-000816,Silver,423.27,10,6,0.23399999999999999,57.5
CUST-007544,Silver,441.47,10,6,0.23399999999999999,60.7
CUST-005784,Silver,367.58,10,6,0.23399999999999999,58.9
CUST-005015,Silver,561.94,10,6,0.23399999999999999,62.5
CUST-000364,Silver,1002.82,10,6,0.23399999999999999,75.2
CUST-007351,Silver,334.3,10,6,0.23399999999999999,60.8
CUST-000110,Silver,567.87,10,6,0.23399999999999999,56.6
CUST-002726,Silver,419.33,10,6,0.23399999999999999,60.1
CUST-002319,Silver,444.38,10,6,0.23399999999999999,60.7
CUST-005799,Silver,452.88,10,6,0.23399999999999999,57.0
CUST-002723,Silver,420.42,10,6,0.23399999999999999,56.1
CUST-007829,Silver,580.95,10,6,0.23399999999999999,73.3
CUST-005553,Silver,398.5,10,6,0.23399999999999999,59.8
CUST-002335,Silver,282.75,10,6,0.23399999999999999,58.8
CUST-001731,Silver,789.14,10,6,0.23399999999999999,64.3
CUST-001633,Silver,426.52,22,13,0.23318181818181818,62.6
CUST-001965,Silver,681.92,22,13,0.23318181818181818,60.8
CUST-002062,Silver,796.9,17,10,0.23294117647058823,65.1
CUST-001313,Silver,747.92,17,10,0.23294117647058823,62.6
CUST-004596,Silver,291.75,17,10,0.23294117647058823,60.8
CUST-001683,Silver,1047.6,17,10,0.23294117647058823,65.1
CUST-005148,Silver,392.44,17,10,0.23294117647058823,60.1
CUST-004009,Silver,290.38,17,10,0.23294117647058823,61.0
CUST-001799,Silver,558.54,17,10,0.23294117647058823,62.5
CUST-005049,Silver,304.92,17,10,0.23294117647058823,58.7
CUST-006782,Silver,336.75,17,10,0.23294117647058823,59.5
CUST-001682,Silver,496.48,17,10,0.23294117647058823,62.6
CUST-004844,Silver,934.54,17,10,0.23294117647058823,84.9
CUST-007106,Silver,303.98,17,10,0.23294117647058823,59.0
CUST-005008,Silver,763.19,17,10,0.23294117647058823,63.2
CUST-005496,Silver,313.99,17,10,0.23294117647058823,61.2
CUST-000323,Silver,415.34,17,10,0.23294117647058823,60.0
CUST-003521,Silver,421.0,17,10,0.23294117647058823,61.8
CUST-002796,Silver,413.6,17,10,0.23294117647058823,62.0
CUST-001756,Silver,298.47,17,10,0.23294117647058823,80.1
CUST-006231,Silver,333.83,17,10,0.23294117647058823,58.5
CUST-003523,Silver,879.95,17,10,0.23294117647058823,64.7
CUST-007966,Silver,232.96,12,7,0.2325,53.8
CUST-006138,Silver,539.56,12,7,0.2325,63.4
CUST-002975,Silver,679.07,24,14,0.2325,64.4
CUST-006152,Silver,390.33,12,7,0.2325,59.1
CUST-007556,Silver,461.34,12,7,0.2325,60.3
CUST-005650,Silver,504.15,12,7,0.2325,62.3
CUST-000897,Silver,580.27,12,7,0.2325,60.8
CUST-003437,Silver,599.37,12,7,0.2325,59.3
CUST-003476,Silver,427.34,12,7,0.2325,56.2
CUST-000195,Silver,311.78,12,7,0.2325,55.8
CUST-000876,Silver,447.12,12,7,0.2325,58.7
CUST-000437,Silver,375.74,12,7,0.2325,56.6
CUST-003754,Silver,538.55,12,7,0.2325,62.4
CUST-002092,Silver,561.15,12,7,0.2325,61.4
CUST-007853,Silver,545.15,12,7,0.2325,59.3
CUST-000406,Silver,189.29,12,7,0.2325,53.4
CUST-007014,Silver,523.08,12,7,0.2325,61.5
CUST-004234,Silver,214.59,12,7,0.2325,74.6
CUST-000705,Silver,476.0,12,7,0.2325,57.7
CUST-004832,Silver,691.62,12,7,0.2325,60.6
CUST-004416,Silver,366.78,12,7,0.2325,61.8
CUST-004645,Silver,374.14,12,7,0.2325,78.9
CUST-006328,Silver,464.12,12,7,0.2325,61.7
CUST-006346,Silver,1047.48,12,7,0.2325,61.6
CUST-002290,Silver,535.33,12,7,0.2325,59.6
CUST-005592,Silver,445.93,12,7,0.2325,59.3
CUST-000461,Silver,445.01,12,7,0.2325,58.1
CUST-001445,Silver,303.82,12,7,0.2325,60.7
CUST-006180,Silver,783.68,12,7,0.2325,59.0
CUST-001647,Silver,709.55,12,7,0.2325,61.7
CUST-006734,Silver,772.75,12,7,0.2325,63.4
CUST-005294,Silver,438.42,12,7,0.2325,60.6
CUST-001541,Silver,486.59,12,7,0.2325,62.8
CUST-000010,Silver,215.5,12,7,0.2325,56.6
CUST-000612,Silver,419.64,19,11,0.23210526315789473,62.7
CUST-000259,Silver,506.32,19,11,0.23210526315789473,61.6
CUST-000704,Silver,199.2,19,11,0.23210526315789473,56.4
CUST-002843,Silver,382.31,19,11,0.23210526315789473,60.0
CUST-002906,Silver,679.43,19,11,0.23210526315789473,62.8
CUST-004091,Silver,534.05,19,11,0.23210526315789473,62.9
CUST-005857,Silver,982.91,19,11,0.23210526315789473,65.0
CUST-005497,Silver,229.18,19,11,0.23210526315789473,59.1
CUST-002660,Silver,398.69,14,8,0.23142857142857146,59.8
CUST-007174,Silver,1045.0,14,8,0.23142857142857146,63.9
CUST-003789,Silver,403.71,14,8,0.23142857142857146,57.9
CUST-006167,Silver,711.25,14,8,0.23142857142857146,64.9
CUST-007659,Silver,476.43,14,8,0.23142857142857146,62.1
CUST-004656,Silver,205.63,14,8,0.23142857142857146,59.0
CUST-007885,Silver,632.05,14,8,0.23142857142857146,62.2
CUST-006068,Silver,437.77,14,8,0.23142857142857146,61.3
CUST-001110,Silver,1203.55,14,8,0.23142857142857146,63.8
CUST-000714,Silver,463.78,14,8,0.23142857142857146,62.0
CUST-002297,Silver,984.53,14,8,0.23142857142857146,63.5
CUST-004124,Silver,516.4,14,8,0.23142857142857146,61.4
CUST-003112,Silver,451.17,7,4,0.23142857142857146,58.0
CUST-001255,Silver,578.35,14,8,0.23142857142857146,61.8
CUST-000433,Silver,689.45,14,8,0.23142857142857146,62.2
CUST-001234,Silver,454.96,14,8,0.23142857142857146,60.8
CUST-002006,Silver,368.36,14,8,0.23142857142857146,60.5
CUST-003079,Silver,369.4,14,8,0.23142857142857146,58.9
CUST-003482,Silver,400.61,14,8,0.23142857142857146,60.0
CUST-007035,Silver,474.97,14,8,0.23142857142857146,61.1
CUST-000423,Silver,613.39,14,8,0.23142857142857146,62.8
CUST-004988,Silver,621.43,14,8,0.23142857142857146,64.4
CUST-007692,Silver,386.45,14,8,0.23142857142857146,61.8
CUST-005329,Silver,280.95,14,8,0.23142857142857146,60.4
CUST-003293,Silver,488.9,21,12,0.23142857142857146,60.8
CUST-005429,Silver,470.94,14,8,0.23142857142857146,62.0
CUST-001026,Silver,131.8,14,8,0.23142857142857146,51.0
CUST-005601,Silver,437.66,7,4,0.23142857142857146,54.5
CUST-001729,Silver,468.5,21,12,0.23142857142857146,82.3
CUST-003086,Silver,648.32,14,8,0.23142857142857146,79.5
CUST-001350,Silver,523.04,14,8,0.23142857142857146,59.5
CUST-006352,Silver,382.19,14,8,0.23142857142857146,77.2
CUST-007159,Silver,579.53,21,12,0.23142857142857146,62.3
CUST-006368,Silver,218.25,14,8,0.23142857142857146,74.7
CUST-004852,Silver,267.36,14,8,0.23142857142857146,78.5
CUST-001578,Silver,736.65,14,8,0.23142857142857146,63.9
CUST-005168,Silver,529.26,14,8,0.23142857142857146,62.7
CUST-002382,Silver,923.71,14,8,0.23142857142857146,63.6
CUST-001302,Silver,423.23,14,8,0.23142857142857146,60.3
CUST-006925,Silver,840.58,14,8,0.23142857142857146,62.4
CUST-007322,Silver,408.88,14,8,0.23142857142857146,62.0
CUST-006039,Silver,868.4,14,8,0.23142857142857146,63.4
CUST-003002,Silver,489.68,14,8,0.23142857142857146,63.2
CUST-001658,Silver,946.46,14,8,0.23142857142857146,64.7
CUST-001498,Silver,394.29,14,8,0.23142857142857146,62.1
CUST-005672,Silver,335.04,14,8,0.23142857142857146,59.1
CUST-004180,Silver,1317.92,14,8,0.23142857142857146,64.6
CUST-001495,Silver,307.97,14,8,0.23142857142857146,55.8
CUST-001174,Silver,503.51,23,13,0.23086956521739133,63.7
CUST-003755,Silver,639.94,23,13,0.23086956521739133,63.6
CUST-004634,Silver,757.5,23,13,0.23086956521739133,64.1
CUST-007931,Silver,754.18,23,13,0.23086956521739133,65.3
CUST-002676,Silver,770.2,23,13,0.23086956521739133,62.9
CUST-007633,Silver,921.96,23,13,0.23086956521739133,64.9
CUST-003758,Silver,489.73,16,9,0.230625,61.0
CUST-002880,Silver,490.91,16,9,0.230625,62.4
CUST-004247,Silver,354.41,16,9,0.230625,59.3
CUST-003233,Silver,627.67,16,9,0.230625,62.2
CUST-006795,Silver,331.53,16,9,0.230625,61.3
CUST-004989,Silver,477.19,16,9,0.230625,62.8
CUST-003507,Silver,409.2,16,9,0.230625,60.4
CUST-000865,Silver,724.3,16,9,0.230625,64.4
CUST-005085,Silver,452.29,16,9,0.230625,62.1
CUST-001430,Silver,498.42,16,9,0.230625,61.3
CUST-004662,Silver,222.09,16,9,0.230625,57.5
CUST-004387,Silver,1111.07,16,9,0.230625,64.3
CUST-005445,Silver,381.47,16,9,0.230625,62.1
CUST-001245,Silver,562.16,16,9,0.230625,61.3
CUST-003839,Silver,235.43,16,9,0.230625,57.5
CUST-007391,Silver,282.46,16,9,0.230625,73.3
CUST-000450,Silver,1254.69,16,9,0.230625,64.4
CUST-000537,Silver,557.21,16,9,0.230625,61.4
CUST-000662,Silver,575.32,16,9,0.230625,63.6
CUST-000633,Silver,468.43,16,9,0.230625,58.0
CUST-007798,Silver,388.9,16,9,0.230625,62.2
CUST-002436,Silver,474.51,16,9,0.230625,60.8
CUST-004452,Silver,752.68,16,9,0.230625,83.6
CUST-004173,Silver,921.91,16,9,0.230625,64.7
CUST-005138,Silver,619.62,16,9,0.230625,63.4
CUST-005119,Silver,503.36,16,9,0.230625,62.5
CUST-007492,Silver,262.39,16,9,0.230625,58.5
CUST-006790,Silver,562.88,16,9,0.230625,63.6
CUST-004303,Silver,485.63,16,9,0.230625,62.2
CUST-000779,Silver,391.38,16,9,0.230625,60.1
CUST-007133,Silver,442.1,16,9,0.230625,60.4
CUST-006651,Silver,280.98,16,9,0.230625,58.4
CUST-003348,Silver,344.31,16,9,0.230625,61.3
CUST-007427,Silver,565.82,16,9,0.230625,62.9
CUST-005037,Silver,742.22,16,9,0.230625,64.1
CUST-007730,Silver,422.2,16,9,0.230625,60.5
CUST-001907,Silver,633.05,16,9,0.230625,62.2
CUST-000019,Silver,800.82,18,10,0.23000000000000004,63.4
CUST-005938,Silver,500.09,9,5,0.23000000000000004,61.4
CUST-006245,Silver,516.22,9,5,0.23000000000000004,59.4
CUST-003326,Silver,309.38,18,10,0.23000000000000004,56.9
CUST-000095,Silver,396.1,18,10,0.23000000000000004,61.1
CUST-004386,Silver,438.84,9,5,0.23000000000000004,56.2
CUST-005470,Silver,884.56,9,5,0.23000000000000004,63.5
CUST-006204,Silver,580.69,18,10,0.23000000000000004,63.0
CUST-003586,Silver,610.76,9,5,0.23000000000000004,59.3
CUST-005963,Silver,292.49,9,5,0.23000000000000004,59.7
CUST-001155,Silver,251.74,9,5,0.23000000000000004,54.2
CUST-003498,Silver,416.25,9,5,0.23000000000000004,56.6
CUST-003787,Silver,780.45,9,5,0.23000000000000004,63.1
CUST-000107,Silver,525.09,9,5,0.23000000000000004,57.2
CUST-001331,Silver,420.18,18,10,0.23000000000000004,60.7
CUST-000902,Silver,435.48,9,5,0.23000000000000004,61.7
CUST-006197,Silver,398.09,9,5,0.23000000000000004,56.2
CUST-002569,Silver,449.81,9,5,0.23000000000000004,58.4
CUST-004895,Silver,457.97,9,5,0.23000000000000004,59.9
CUST-004010,Silver,278.01,18,10,0.23000000000000004,59.1
CUST-002632,Silver,282.21,9,5,0.23000000000000004,56.9
CUST-002072,Silver,295.16,9,5,0.23000000000000004,53.9
CUST-002597,Silver,435.99,18,10,0.23000000000000004,60.7
CUST-004822,Silver,711.13,18,10,0.23000000000000004,64.9
CUST-004104,Silver,341.17,18,10,0.23000000000000004,60.9
CUST-006835,Silver,617.06,9,5,0.23000000000000004,62.1
CUST-005285,Silver,321.52,18,10,0.23000000000000004,59.3
CUST-003390,Silver,448.74,18,10,0.23000000000000004,62.2
CUST-002921,Silver,406.83,9,5,0.23000000000000004,61.3
CUST-000340,Silver,268.52,9,5,0.23000000000000004,57.5
CUST-002589,Silver,416.46,18,10,0.23000000000000004,62.6
CUST-007502,Silver,424.58,18,10,0.23000000000000004,60.4
CUST-007736,Silver,260.13,9,5,0.23000000000000004,55.5
CUST-005690,Silver,877.79,18,10,0.23000000000000004,64.3
CUST-006338,Silver,455.87,20,11,0.22949999999999998,62.5
CUST-001060,Silver,1056.89,20,11,0.22949999999999998,65.0
CUST-001270,Silver,639.75,20,11,0.22949999999999998,64.6
CUST-007306,Silver,330.18,20,11,0.22949999999999998,59.6
CUST-006044,Silver,533.95,20,11,0.22949999999999998,63.9
CUST-004614,Silver,304.56,20,11,0.22949999999999998,60.4
CUST-003991,Silver,196.89,20,11,0.22949999999999998,58.5
CUST-002961,Silver,413.85,20,11,0.22949999999999998,60.6
CUST-007897,Silver,500.16,22,12,0.2290909090909091,63.6
CUST-002917,Silver,409.87,11,6,0.2290909090909091,60.4
CUST-002128,Silver,181.68,22,12,0.2290909090909091,73.6
CUST-003910,Silver,637.8,11,6,0.2290909090909091,60.1
CUST-003798,Silver,201.57,22,12,0.2290909090909091,57.4
CUST-004712,Silver,455.02,11,6,0.2290909090909091,75.4
CUST-002691,Silver,488.48,11,6,0.2290909090909091,60.9
CUST-007672,Silver,263.86,22,12,0.2290909090909091,58.6
CUST-005941,Silver,264.88,11,6,0.2290909090909091,56.6
CUST-006171,Silver,266.61,22,12,0.2290909090909091,60.5
CUST-007010,Silver,326.62,11,6,0.2290909090909091,60.1
CUST-001029,Silver,195.09,11,6,0.2290909090909091,58.5
CUST-006636,Silver,535.89,11,6,0.2290909090909091,59.6
CUST-002064,Silver,624.88,11,6,0.2290909090909091,58.2
CUST-001146,Silver,734.42,11,6,0.2290909090909091,64.5
CUST-001228,Silver,835.43,11,6,0.2290909090909091,60.3
CUST-003959,Silver,347.67,11,6,0.2290909090909091,57.2
CUST-003083,Silver,630.48,11,6,0.2290909090909091,61.3
CUST-003123,Silver,463.22,11,6,0.2290909090909091,58.8
CUST-001343,Silver,808.09,11,6,0.2290909090909091,63.8
CUST-005038,Silver,295.99,11,6,0.2290909090909091,56.9
CUST-007505,Silver,236.76,11,6,0.2290909090909091,56.1
CUST-000863,Silver,552.73,11,6,0.2290909090909091,61.4
CUST-004903,Silver,424.86,11,6,0.2290909090909091,59.2
CUST-000242,Silver,274.53,11,6,0.2290909090909091,58.2
CUST-007005,Silver,210.62,11,6,0.2290909090909091,56.9
CUST-004096,Silver,386.47,11,6,0.2290909090909091,59.3
CUST-002842,Silver,526.98,11,6,0.2290909090909091,80.5
CUST-000578,Silver,352.71,11,6,0.2290909090909091,55.7
CUST-000240,Silver,666.16,22,12,0.2290909090909091,62.6
CUST-002714,Silver,486.42,24,13,0.22875,62.0
CUST-004881,Silver,901.89,24,13,0.22875,63.2
CUST-004351,Silver,311.8,24,13,0.22875,60.5
CUST-004006,Silver,415.03,24,13,0.22875,62.4
CUST-001494,Silver,757.43,24,13,0.22875,64.3
CUST-000083,Silver,111.42,13,7,0.22846153846153847,51.3
CUST-001733,Silver,713.05,13,7,0.22846153846153847,62.4
CUST-007362,Silver,777.97,13,7,0.22846153846153847,63.0
CUST-000532,Silver,424.26,13,7,0.22846153846153847,55.5
CUST-004641,Silver,673.39,13,7,0.22846153846153847,59.5
CUST-006287,Silver,370.33,13,7,0.22846153846153847,59.8
CUST-001842,Silver,505.21,13,7,0.22846153846153847,60.3
CUST-004274,Silver,460.26,13,7,0.22846153846153847,59.9
CUST-004227,Silver,456.22,13,7,0.22846153846153847,62.5
CUST-002407,Silver,293.01,13,7,0.22846153846153847,73.4
CUST-005360,Silver,404.38,13,7,0.22846153846153847,59.6
CUST-000478,Silver,539.75,13,7,0.22846153846153847,58.6
CUST-003428,Silver,642.44,13,7,0.22846153846153847,64.0
CUST-002038,Silver,371.0,26,14,0.22846153846153847,61.2
CUST-000936,Silver,398.37,13,7,0.22846153846153847,58.2
CUST-005779,Silver,699.84,13,7,0.22846153846153847,60.8
CUST-002374,Silver,297.4,13,7,0.22846153846153847,56.3
CUST-002142,Silver,589.67,13,7,0.22846153846153847,62.1
CUST-005966,Silver,555.66,13,7,0.22846153846153847,60.8
CUST-001478,Silver,646.85,13,7,0.22846153846153847,62.3
CUST-003584,Silver,325.49,13,7,0.22846153846153847,58.2
CUST-006094,Silver,434.95,13,7,0.22846153846153847,60.5
CUST-006108,Silver,451.08,13,7,0.22846153846153847,62.5
CUST-002884,Silver,228.78,13,7,0.22846153846153847,54.5
CUST-007299,Silver,927.89,13,7,0.22846153846153847,65.6
CUST-007680,Silver,301.19,13,7,0.22846153846153847,73.6
CUST-004159,Silver,287.6,13,7,0.22846153846153847,58.5
CUST-003455,Silver,477.29,13,7,0.22846153846153847,61.0
CUST-004224,Silver,557.26,13,7,0.22846153846153847,60.8
CUST-007510,Silver,180.8,13,7,0.22846153846153847,57.3
CUST-001776,Silver,593.72,13,7,0.22846153846153847,63.7
CUST-004119,Silver,550.19,13,7,0.22846153846153847,60.8
CUST-005699,Silver,355.91,13,7,0.22846153846153847,59.6
CUST-006776,Silver,605.24,13,7,0.22846153846153847,59.5
CUST-001690,Silver,660.11,13,7,0.22846153846153847,62.0
CUST-007812,Silver,284.7,15,8,0.228,58.0
CUST-005739,Silver,719.86,15,8,0.228,62.4
CUST-000982,Silver,415.43,15,8,0.228,62.4
CUST-000509,Silver,379.69,15,8,0.228,57.2
CUST-004395,Silver,1418.57,15,8,0.228,66.5
CUST-007864,Silver,868.71,15,8,0.228,65.1
CUST-007917,Silver,720.23,15,8,0.228,62.5
CUST-006057,Silver,206.05,15,8,0.228,58.8
CUST-006158,Silver,436.45,15,8,0.228,62.8
CUST-001423,Silver,527.74,15,8,0.228,60.9
CUST-000703,Silver,700.14,15,8,0.228,63.6
CUST-004838,Silver,539.4,15,8,0.228,59.6
CUST-003291,Silver,316.63,15,8,0.228,61.2
CUST-002432,Silver,342.87,15,8,0.228,59.7
CUST-004942,Silver,343.79,15,8,0.228,59.6
CUST-004972,Silver,944.94,15,8,0.228,64.3
CUST-004914,Silver,756.91,15,8,0.228,58.9
CUST-007593,Silver,733.19,15,8,0.228,62.9
CUST-005610,Silver,569.27,15,8,0.228,63.5
CUST-001396,Silver,550.35,15,8,0.228,62.5
CUST-004908,Silver,413.11,15,8,0.228,60.0
CUST-005781,Silver,586.82,15,8,0.228,58.2
CUST-000957,Silver,366.66,15,8,0.228,60.9
CUST-000248,Silver,284.35,15,8,0.228,59.7
CUST-002970,Silver,834.99,15,8,0.228,64.4
CUST-003958,Silver,403.86,15,8,0.228,58.2
CUST-002172,Silver,296.61,15,8,0.228,60.9
CUST-002030,Silver,875.13,15,8,0.228,64.9
CUST-001960,Silver,323.49,15,8,0.228,60.3
CUST-000168,Silver,436.45,15,8,0.228,60.6
CUST-001698,Silver,397.87,15,8,0.228,61.2
CUST-005589,Silver,772.98,15,8,0.228,62.4
CUST-005274,Silver,408.51,15,8,0.228,60.5
CUST-007799,Silver,430.25,15,8,0.228,61.7
CUST-003953,Silver,322.82,15,8,0.228,58.7
CUST-005665,Silver,643.1,15,8,0.228,64.0
CUST-006398,Silver,518.16,15,8,0.228,60.3
CUST-007761,Silver,262.46,15,8,0.228,59.0
CUST-007976,Silver,758.6,15,8,0.228,63.0
CUST-004574,Silver,309.73,15,8,0.228,56.8
CUST-007992,Silver,437.68,15,8,0.228,60.8
CUST-006249,Silver,442.89,15,8,0.228,60.7
CUST-006595,Silver,235.27,15,8,0.228,58.9
CUST-002895,Silver,315.52,15,8,0.228,59.9
CUST-002943,Silver,438.81,15,8,0.228,60.5
CUST-007334,Silver,883.22,15,8,0.228,63.6
CUST-001587,Silver,195.38,17,9,0.22764705882352942,54.8
CUST-006255,Silver,553.34,17,9,0.22764705882352942,63.9
CUST-002140,Silver,873.81,17,9,0.22764705882352942,80.6
CUST-000177,Silver,466.16,17,9,0.22764705882352942,60.9
CUST-003212,Silver,338.46,17,9,0.22764705882352942,59.0
CUST-006551,Silver,1064.83,17,9,0.22764705882352942,61.1
CUST-001948,Silver,660.36,17,9,0.22764705882352942,62.4
CUST-001290,Silver,657.32,17,9,0.22764705882352942,83.6
CUST-003187,Silver,462.08,17,9,0.22764705882352942,62.9
CUST-007783,Silver,442.16,17,9,0.22764705882352942,60.9
CUST-003225,Silver,416.99,17,9,0.22764705882352942,61.4
CUST-005823,Silver,423.97,17,9,0.22764705882352942,60.3
CUST-001068,Silver,232.45,17,9,0.22764705882352942,57.0
CUST-006705,Silver,755.08,17,9,0.22764705882352942,62.0
CUST-005105,Silver,417.72,17,9,0.22764705882352942,60.6
CUST-002695,Silver,669.65,17,9,0.22764705882352942,64.3
CUST-000300,Silver,545.71,17,9,0.22764705882352942,63.8
CUST-006853,Silver,475.84,17,9,0.22764705882352942,63.0
CUST-007078,Silver,521.95,17,9,0.22764705882352942,63.4
CUST-006136,Silver,784.97,17,9,0.22764705882352942,63.7
CUST-006279,Silver,293.55,17,9,0.22764705882352942,59.5
CUST-003565,Silver,491.42,17,9,0.22764705882352942,59.2
CUST-005178,Silver,549.65,19,10,0.22736842105263158,62.9
CUST-000805,Silver,558.4,19,10,0.22736842105263158,61.9
CUST-003280,Silver,366.93,19,10,0.22736842105263158,62.1
CUST-003046,Silver,791.52,19,10,0.22736842105263158,63.3
CUST-006161,Silver,462.29,19,10,0.22736842105263158,62.9
CUST-001848,Silver,567.39,19,10,0.22736842105263158,61.8
CUST-006078,Silver,559.97,19,10,0.22736842105263158,63.6
CUST-003168,Silver,639.76,19,10,0.22736842105263158,83.5
CUST-007099,Silver,425.09,19,10,0.22736842105263158,62.1
CUST-002562,Silver,559.51,19,10,0.22736842105263158,76.3
CUST-004602,Silver,781.89,19,10,0.22736842105263158,84.0
CUST-002352,Silver,360.58,19,10,0.22736842105263158,62.0
CUST-000772,Silver,358.87,21,11,0.22714285714285717,78.6
CUST-007262,Silver,336.06,21,11,0.22714285714285717,60.7
CUST-001133,Silver,406.67,21,11,0.22714285714285717,60.9
CUST-006112,Silver,265.63,21,11,0.22714285714285717,60.6
CUST-004766,Silver,381.3,21,11,0.22714285714285717,62.3
CUST-007147,Silver,351.45,21,11,0.22714285714285717,59.6
CUST-001194,Silver,575.66,21,11,0.22714285714285717,62.2
CUST-004761,Silver,573.47,23,12,0.22695652173913042,64.1
CUST-000671,Silver,404.05,23,12,0.22695652173913042,60.2
CUST-006699,Silver,422.47,23,12,0.22695652173913042,60.7
CUST-005124,Silver,387.01,23,12,0.22695652173913042,60.6
CUST-005631,Silver,456.08,23,12,0.22695652173913042,61.2
CUST-007291,Silver,733.56,26,13,0.22500000000000003,62.5
CUST-004367,Silver,608.55,14,7,0.225,62.8
CUST-003792,Silver,712.66,12,6,0.225,62.7
CUST-003769,Silver,484.32,14,7,0.225,60.2
CUST-005924,Silver,262.72,16,8,0.225,58.2
CUST-006622,Silver,343.05,12,6,0.225,56.6
CUST-002143,Silver,574.28,16,8,0.225,62.9
CUST-005465,Silver,663.12,12,6,0.225,62.1
CUST-001175,Silver,470.98,14,7,0.225,60.2
CUST-000670,Silver,556.36,14,7,0.225,61.7
CUST-003328,Silver,333.69,10,5,0.225,59.4
CUST-004055,Silver,421.25,8,4,0.225,56.4
CUST-000059,Silver,264.21,16,8,0.225,58.1
CUST-003971,Silver,359.5,12,6,0.225,61.4
CUST-005583,Silver,361.19,12,6,0.225,57.3
CUST-003512,Silver,678.35,14,7,0.225,62.2
CUST-004153,Silver,412.66,20,10,0.225,58.3
CUST-006798,Silver,712.88,16,8,0.225,62.2
CUST-006767,Silver,773.39,14,7,0.225,60.7
CUST-003215,Silver,335.11,20,10,0.225,59.5
CUST-001374,Silver,588.54,12,6,0.225,61.0
CUST-001847,Silver,431.95,14,7,0.225,59.6
CUST-004110,Silver,356.43,4,2,0.225,50.2
CUST-004105,Silver,372.73,22,11,0.225,59.9
CUST-003450,Silver,498.16,16,8,0.225,62.6
CUST-000231,Silver,805.8,6,3,0.225,54.3
CUST-002210,Silver,398.2,14,7,0.225,58.1
CUST-006763,Silver,252.12,12,6,0.225,56.2
CUST-001005,Silver,380.53,10,5,0.225,53.7
CUST-006555,Silver,368.77,14,7,0.225,57.8
CUST-006381,Silver,571.64,14,7,0.225,61.5
CUST-005810,Silver,372.43,8,4,0.225,57.6
CUST-007758,Silver,541.09,16,8,0.225,81.7
CUST-003194,Silver,437.24,14,7,0.225,60.7
CUST-002364,Silver,479.95,14,7,0.225,61.8
CUST-005201,Silver,516.67,10,5,0.225,58.5
CUST-002306,Silver,349.77,14,7,0.225,60.0
CUST-002309,Silver,245.44,14,7,0.225,59.8
CUST-001318,Silver,251.91,12,6,0.225,57.7
CUST-005655,Silver,409.57,10,5,0.225,58.3
CUST-006490,Silver,320.48,14,7,0.225,60.7
CUST-002083,Silver,473.38,8,4,0.225,59.0
CUST-006033,Silver,788.38,14,7,0.225,61.3
CUST-006035,Silver,340.39,14,7,0.225,56.6
CUST-006046,Silver,253.07,12,6,0.225,58.2
CUST-007286,Silver,620.6,16,8,0.225,60.4
CUST-004546,Silver,513.18,14,7,0.225,58.9
CUST-004564,Silver,359.05,10,5,0.225,60.3
CUST-006565,Silver,699.1,10,5,0.225,62.7
CUST-001246,Silver,411.01,24,12,0.225,62.3
CUST-006175,Silver,399.17,12,6,0.225,58.8
CUST-006202,Silver,398.23,22,11,0.225,59.8
CUST-007995,Silver,380.76,12,6,0.225,59.6
CUST-007993,Silver,797.2,12,6,0.225,62.6
CUST-007327,Silver,286.16,20,10,0.225,59.4
CUST-000548,Silver,324.74,12,6,0.225,59.0
CUST-001646,Silver,448.97,20,10,0.225,63.0
CUST-007267,Silver,409.03,6,3,0.225,58.5
CUST-000064,Silver,383.82,14,7,0.225,59.3
CUST-000043,Silver,336.92,8,4,0.225,54.0
CUST-004549,Silver,1207.95,16,8,0.225,64.0
CUST-001632,Silver,1055.87,22,11,0.225,65.7
CUST-007876,Silver,579.76,14,7,0.225,61.7
CUST-003723,Silver,479.48,12,6,0.225,57.1
CUST-004933,Silver,493.09,24,12,0.225,63.6
CUST-002500,Silver,686.16,14,7,0.225,59.5
CUST-002555,Silver,697.11,20,10,0.225,62.9
CUST-004226,Silver,923.63,16,8,0.225,61.1
CUST-000420,Silver,816.86,14,7,0.225,62.6
CUST-004267,Silver,360.24,10,5,0.225,55.9
CUST-003128,Silver,286.68,14,7,0.225,60.8
CUST-007019,Silver,434.46,12,6,0.225,59.3
CUST-006984,Silver,436.04,10,5,0.225,60.6
CUST-004971,Silver,718.2,12,6,0.225,63.8
CUST-004982,Silver,801.82,14,7,0.225,63.1
CUST-006999,Silver,487.26,8,4,0.225,59.2
CUST-007507,Silver,565.04,12,6,0.225,57.3
CUST-006946,Silver,312.49,16,8,0.225,59.0
CUST-002473,Silver,294.95,14,7,0.225,58.2
CUST-003111,Silver,630.32,14,7,0.225,60.4
CUST-005634,Silver,636.67,16,8,0.225,61.6
CUST-005656,Silver,401.35,20,10,0.225,81.2
CUST-001309,Silver,852.83,12,6,0.225,60.4
CUST-005043,Silver,444.69,8,4,0.225,59.4
CUST-003404,Silver,338.65,14,7,0.225,59.2
CUST-003964,Silver,797.86,12,6,0.225,62.8
CUST-006469,Silver,580.52,16,8,0.225,62.6
CUST-000339,Silver,363.33,14,7,0.225,59.7
CUST-006696,Silver,366.13,12,6,0.225,57.5
CUST-001393,Silver,412.1,10,5,0.225,59.2
CUST-007707,Silver,609.72,8,4,0.225,58.3
CUST-005372,Silver,658.91,12,6,0.225,60.6
CUST-005879,Silver,462.0,6,3,0.225,51.1
CUST-005910,Silver,641.42,10,5,0.225,58.3
CUST-005917,Silver,251.46,16,8,0.225,55.4
CUST-004953,Silver,689.3,12,6,0.225,63.2
CUST-004315,Silver,330.84,22,11,0.225,78.4
CUST-001274,Silver,546.98,10,5,0.225,60.2
CUST-006501,Silver,366.51,12,6,0.225,55.5
CUST-001795,Silver,606.63,12,6,0.225,63.2
CUST-001974,Silver,484.73,16,8,0.225,59.3
CUST-007440,Silver,296.35,14,7,0.225,58.9
CUST-000465,Silver,581.12,16,8,0.225,61.3
CUST-004835,Silver,425.83,24,12,0.225,61.8
CUST-007103,Silver,246.09,14,7,0.225,55.6
CUST-007130,Silver,643.66,12,6,0.225,57.6
CUST-006633,Silver,220.74,10,5,0.225,54.1
CUST-000712,Silver,344.29,16,8,0.225,55.5
CUST-001096,Silver,274.38,10,5,0.225,56.1
CUST-007621,Silver,533.95,10,5,0.225,60.5
CUST-002635,Silver,569.65,12,6,0.225,60.0
CUST-003059,Silver,477.79,14,7,0.225,62.6
CUST-003973,Silver,356.05,12,6,0.225,58.6
CUST-007634,Silver,301.36,16,8,0.225,59.7
CUST-005503,Silver,354.81,8,4,0.225,56.8
CUST-003984,Silver,456.93,14,7,0.225,60.8
CUST-003345,Silver,645.82,16,8,0.225,63.3
CUST-005352,Silver,595.62,16,8,0.225,64.1
CUST-002218,Silver,325.15,8,4,0.225,53.3
CUST-005314,Silver,567.19,22,11,0.225,82.8
CUST-005618,Silver,339.92,14,7,0.225,80.5
CUST-007740,Silver,176.96,14,7,0.225,57.2
CUST-000244,Silver,418.36,16,8,0.225,59.5
CUST-004885,Silver,337.82,10,5,0.225,57.4
CUST-005398,Silver,560.29,10,5,0.225,60.3
CUST-000738,Silver,154.99,16,8,0.225,57.6
CUST-004870,Silver,339.36,14,7,0.225,59.5
CUST-004874,Silver,564.93,14,7,0.225,60.6
CUST-006869,Silver,595.22,14,7,0.225,62.1
CUST-000956,Silver,241.11,12,6,0.225,57.1
CUST-000950,Silver,366.71,16,8,0.225,59.4
CUST-007719,Silver,434.38,12,6,0.225,61.2
CUST-004729,Silver,853.61,12,6,0.225,64.7
CUST-004459,Silver,540.18,12,6,0.225,61.0
CUST-004744,Silver,268.93,8,4,0.225,58.5
CUST-000720,Silver,658.71,12,6,0.225,58.1
CUST-003941,Silver,594.31,14,7,0.225,63.1
CUST-004775,Silver,427.71,14,7,0.225,60.6
CUST-004800,Silver,326.4,14,7,0.225,57.3
CUST-001827,Silver,731.48,14,7,0.225,62.9
CUST-000908,Silver,272.74,12,6,0.225,57.3
CUST-006417,Silver,657.27,14,7,0.225,60.0
CUST-005735,Silver,537.85,16,8,0.225,60.7
CUST-006858,Silver,570.51,10,5,0.225,60.9
CUST-006836,Silver,359.33,16,8,0.225,60.7
CUST-005237,Silver,360.75,20,10,0.225,61.6
CUST-005230,Silver,287.38,12,6,0.225,56.5
CUST-003242,Silver,544.33,24,12,0.225,62.0
CUST-000457,Silver,521.59,8,4,0.225,57.0
CUST-003780,Silver,238.82,14,7,0.225,58.7
CUST-005939,Silver,923.68,10,5,0.225,60.7
CUST-003010,Silver,291.17,14,7,0.225,59.5
CUST-001461,Silver,476.77,12,6,0.225,72.4
CUST-006296,Silver,472.01,10,5,0.225,59.8
CUST-003814,Silver,297.72,14,7,0.225,59.6
CUST-003828,Silver,733.49,16,8,0.225,77.4
CUST-006894,Silver,313.02,10,5,0.225,55.4
CUST-006891,Silver,689.81,14,7,0.225,62.5
CUST-006895,Silver,285.6,14,7,0.225,56.5
CUST-005123,Silver,490.33,14,7,0.225,60.8
CUST-004725,Silver,1095.62,14,7,0.225,63.8
CUST-004341,Silver,425.87,12,6,0.225,60.0
CUST-001759,Silver,546.64,20,10,0.225,63.3
CUST-005904,Silver,302.6,8,4,0.225,55.0
CUST-002710,Silver,308.39,24,12,0.225,59.4
CUST-004711,Silver,1084.83,16,8,0.225,64.2
CUST-004646,Silver,647.47,16,8,0.225,61.0
CUST-003025,Silver,605.94,16,8,0.225,83.1
CUST-007204,Silver,322.97,12,6,0.225,60.0
CUST-004605,Silver,386.47,12,6,0.225,57.2
CUST-004612,Silver,239.95,14,7,0.225,59.0
CUST-002809,Silver,379.03,12,6,0.225,61.0
CUST-004413,Silver,223.65,12,6,0.225,54.9
CUST-007851,Silver,498.32,16,8,0.225,61.3
CUST-001638,Silver,698.8,16,8,0.225,60.6
CUST-001640,Silver,715.24,20,10,0.225,62.9
CUST-001525,Silver,203.37,10,5,0.225,53.1
CUST-000620,Silver,300.43,14,7,0.225,56.6
CUST-002814,Silver,320.33,8,4,0.225,57.4
CUST-004618,Silver,300.05,14,7,0.225,59.6
CUST-003643,Silver,709.92,20,10,0.225,64.7
CUST-001570,Silver,645.36,8,4,0.225,58.5
CUST-007368,Silver,743.6,16,8,0.225,64.6
CUST-006049,Silver,217.36,16,8,0.225,59.6
CUST-003600,Silver,620.4,16,8,0.225,64.4
CUST-003702,Silver,396.07,14,7,0.225,57.3
CUST-001530,Silver,252.43,16,8,0.225,59.2
CUST-003710,Silver,940.0,8,4,0.225,61.6
CUST-003685,Silver,414.26,14,7,0.225,60.4
CUST-001537,Silver,446.65,10,5,0.225,60.8
CUST-007984,Silver,531.77,8,4,0.225,56.8
CUST-003707,Silver,576.3,12,6,0.225,61.6
CUST-001327,Silver,444.24,18,9,0.22499999999999998,72.1
CUST-000771,Silver,515.56,18,9,0.22499999999999998,62.1
CUST-002866,Silver,477.81,18,9,0.22499999999999998,62.7
CUST-006178,Silver,358.45,18,9,0.22499999999999998,60.3
CUST-007488,Silver,555.11,18,9,0.22499999999999998,60.9
CUST-006258,Silver,567.95,18,9,0.22499999999999998,61.8
CUST-005685,Silver,492.42,18,9,0.22499999999999998,62.9
CUST-003686,Silver,337.97,18,9,0.22499999999999998,74.0
CUST-002934,Silver,309.55,18,9,0.22499999999999998,60.2
CUST-005911,Silver,551.53,18,9,0.22499999999999998,59.7
CUST-004739,Silver,274.07,18,9,0.22499999999999998,58.2
CUST-005595,Silver,188.23,18,9,0.22499999999999998,57.8
CUST-000916,Silver,223.17,18,9,0.22499999999999998,59.6
CUST-007255,Silver,272.21,18,9,0.22499999999999998,60.5
CUST-002949,Silver,364.73,18,9,0.22499999999999998,61.8
CUST-007181,Silver,159.4,18,9,0.22499999999999998,57.5
CUST-000691,Silver,534.71,18,9,0.22499999999999998,61.4
CUST-006701,Silver,454.41,18,9,0.22499999999999998,60.6
CUST-005504,Silver,366.41,18,9,0.22499999999999998,60.8
CUST-005048,Silver,227.17,18,9,0.22499999999999998,57.4
CUST-003204,Silver,366.4,18,9,0.22499999999999998,56.8
CUST-002015,Silver,393.56,18,9,0.22499999999999998,62.4
CUST-002295,Silver,261.16,18,9,0.22499999999999998,57.2
CUST-000055,Silver,492.68,31,15,0.2235483870967742,62.6
CUST-006367,Silver,577.1,27,13,0.22333333333333336,64.2
CUST-005999,Silver,770.21,23,11,0.22304347826086957,84.3
CUST-006003,Silver,728.18,23,11,0.22304347826086957,60.7
CUST-006630,Silver,361.49,23,11,0.22304347826086957,60.9
CUST-000341,Silver,217.94,23,11,0.22304347826086957,58.8
CUST-005051,Silver,363.02,21,10,0.22285714285714284,61.4
CUST-002587,Silver,323.31,21,10,0.22285714285714284,59.3
CUST-005565,Silver,388.44,21,10,0.22285714285714284,61.4
CUST-006096,Silver,562.55,21,10,0.22285714285714284,63.8
CUST-004360,Silver,582.56,21,10,0.22285714285714284,63.3
CUST-007404,Silver,539.29,21,10,0.22285714285714284,61.6
CUST-005107,Silver,705.33,21,10,0.22285714285714284,64.6
CUST-004338,Silver,805.07,21,10,0.22285714285714284,65.0
CUST-006496,Silver,377.95,21,10,0.22285714285714284,61.9
CUST-004999,Silver,522.99,21,10,0.22285714285714284,62.7
CUST-007982,Silver,336.0,21,10,0.22285714285714284,61.7
CUST-003944,Silver,642.43,21,10,0.22285714285714284,63.6
CUST-004552,Silver,280.18,21,10,0.22285714285714284,59.9
CUST-005804,Silver,879.78,19,9,0.22263157894736843,62.4
CUST-007057,Silver,464.05,19,9,0.22263157894736843,61.6
CUST-000502,Silver,396.68,19,9,0.22263157894736843,62.4
CUST-000500,Silver,1005.13,19,9,0.22263157894736843,65.8
CUST-003412,Silver,375.43,19,9,0.22263157894736843,60.6
CUST-000944,Silver,735.62,19,9,0.22263157894736843,64.5
CUST-005169,Silver,468.96,19,9,0.22263157894736843,60.6
CUST-005547,Silver,835.25,19,9,0.22263157894736843,61.2
CUST-002079,Silver,309.55,19,9,0.22263157894736843,79.8
CUST-000013,Silver,419.32,19,9,0.22263157894736843,62.6
CUST-003590,Silver,382.14,19,9,0.22263157894736843,78.9
CUST-007777,Silver,698.89,19,9,0.22263157894736843,63.7
CUST-001371,Silver,482.76,19,9,0.22263157894736843,60.2
CUST-006384,Silver,375.64,19,9,0.22263157894736843,61.9
CUST-007477,Silver,650.44,19,9,0.22263157894736843,62.4
CUST-007140,Silver,604.13,19,9,0.22263157894736843,62.3
CUST-007116,Silver,321.77,19,9,0.22263157894736843,60.9
CUST-007095,Silver,554.23,19,9,0.22263157894736843,63.4
CUST-002888,Silver,430.66,19,9,0.22263157894736843,59.6
CUST-001409,Silver,488.53,19,9,0.22263157894736843,82.4
CUST-002413,Silver,279.06,19,9,0.22263157894736843,59.8
CUST-002510,Silver,577.25,19,9,0.22263157894736843,61.5
CUST-002232,Silver,594.89,17,8,0.22235294117647061,82.7
CUST-007712,Silver,1076.19,17,8,0.22235294117647061,84.7
CUST-003486,Silver,353.43,17,8,0.22235294117647061,79.7
CUST-005431,Silver,452.45,17,8,0.22235294117647061,59.0
CUST-003691,Silver,377.39,17,8,0.22235294117647061,61.1
CUST-004007,Silver,417.15,17,8,0.22235294117647061,61.1
CUST-000088,Silver,429.49,17,8,0.22235294117647061,62.2
CUST-005761,Silver,636.41,17,8,0.22235294117647061,62.6
CUST-001680,Silver,384.77,17,8,0.22235294117647061,60.7
CUST-006743,Silver,379.11,17,8,0.22235294117647061,59.6
CUST-007345,Silver,291.02,17,8,0.22235294117647061,59.5
CUST-001442,Silver,339.63,17,8,0.22235294117647061,60.9
CUST-003205,Silver,458.45,17,8,0.22235294117647061,61.8
CUST-005492,Silver,458.49,17,8,0.22235294117647061,61.5
CUST-003919,Silver,223.04,17,8,0.22235294117647061,55.8
CUST-006252,Silver,401.56,17,8,0.22235294117647061,60.9
CUST-002668,Silver,390.57,17,8,0.22235294117647061,59.9
CUST-000146,Silver,416.11,17,8,0.22235294117647061,60.1
CUST-005706,Silver,819.4,17,8,0.22235294117647061,59.4
CUST-007016,Silver,597.27,17,8,0.22235294117647061,60.9
CUST-000862,Silver,327.77,17,8,0.22235294117647061,60.0
CUST-003401,Silver,228.04,17,8,0.22235294117647061,57.4
CUST-004846,Silver,279.43,17,8,0.22235294117647061,59.7
CUST-007109,Silver,356.87,17,8,0.22235294117647061,59.3
CUST-001874,Silver,363.77,17,8,0.22235294117647061,55.9
CUST-003928,Silver,712.47,17,8,0.22235294117647061,64.0
CUST-007569,Silver,448.6,17,8,0.22235294117647061,62.9
CUST-004385,Silver,430.67,17,8,0.22235294117647061,58.6
CUST-006243,Silver,408.59,17,8,0.22235294117647061,60.2
CUST-003960,Silver,765.88,17,8,0.22235294117647061,64.4
CUST-004197,Silver,550.28,17,8,0.22235294117647061,59.4
CUST-001464,Silver,508.59,17,8,0.22235294117647061,60.4
CUST-004327,Silver,623.09,17,8,0.22235294117647061,60.4
CUST-007905,Silver,538.68,15,7,0.222,59.8
CUST-002969,Silver,357.8,15,7,0.222,76.3
CUST-000793,Silver,496.45,15,7,0.222,60.9
CUST-004269,Silver,659.96,15,7,0.222,62.3
CUST-000749,Silver,608.39,15,7,0.222,61.1
CUST-007451,Silver,602.16,15,7,0.222,59.7
CUST-001586,Silver,502.93,15,7,0.222,60.0
CUST-002577,Silver,691.56,15,7,0.222,62.3
CUST-002899,Silver,591.28,15,7,0.222,60.6
CUST-001285,Silver,741.2,15,7,0.222,62.9
CUST-000505,Silver,512.16,15,7,0.222,59.4
CUST-002650,Silver,352.93,15,7,0.222,58.4
CUST-002628,Silver,374.49,15,7,0.222,80.9
CUST-007435,Silver,367.17,15,7,0.222,58.6
CUST-005707,Silver,466.86,15,7,0.222,61.6
CUST-004828,Silver,438.24,15,7,0.222,61.7
CUST-006225,Silver,276.0,15,7,0.222,58.6
CUST-002329,Silver,601.34,15,7,0.222,63.1
CUST-000803,Silver,667.84,15,7,0.222,83.5
CUST-007021,Silver,507.34,15,7,0.222,60.1
CUST-006432,Silver,834.23,15,7,0.222,59.6
CUST-004587,Silver,445.99,15,7,0.222,62.4
CUST-000265,Silver,388.68,15,7,0.222,61.6
CUST-004974,Silver,192.75,15,7,0.222,54.7
CUST-001206,Silver,255.72,15,7,0.222,59.3
CUST-005474,Silver,669.65,15,7,0.222,59.1
CUST-001186,Silver,194.9,15,7,0.222,74.0
CUST-001648,Silver,295.34,15,7,0.222,56.2
CUST-003967,Silver,558.87,15,7,0.222,61.8
CUST-007447,Silver,594.65,15,7,0.222,59.7
CUST-003872,Silver,439.74,15,7,0.222,59.5
CUST-006493,Silver,1215.22,15,7,0.222,65.0
CUST-001349,Silver,395.4,15,7,0.222,61.8
CUST-007032,Silver,394.73,15,7,0.222,61.8
CUST-007002,Silver,634.68,15,7,0.222,64.3
CUST-007409,Silver,520.76,15,7,0.222,62.5
CUST-005567,Silver,353.38,15,7,0.222,60.6
CUST-006520,Silver,587.84,15,7,0.222,62.0
CUST-007726,Silver,475.6,15,7,0.222,59.2
CUST-000689,Silver,357.74,15,7,0.222,60.3
CUST-004012,Silver,481.99,15,7,0.222,59.8
CUST-004362,Silver,275.72,15,7,0.222,56.5
CUST-000660,Silver,258.54,15,7,0.222,57.3
CUST-004399,Silver,537.4,15,7,0.222,62.6
CUST-004715,Silver,583.31,15,7,0.222,60.0
CUST-003833,Silver,575.65,15,7,0.222,61.6
CUST-005937,Silver,489.43,15,7,0.222,61.3
CUST-002772,Silver,537.73,15,7,0.222,63.3
CUST-002919,Silver,421.58,15,7,0.222,59.5
CUST-003192,Silver,411.66,15,7,0.222,58.3
CUST-003804,Silver,300.38,15,7,0.222,60.0
CUST-007986,Silver,578.26,15,7,0.222,63.2
CUST-000758,Silver,526.92,15,7,0.222,61.0
CUST-002912,Silver,219.02,15,7,0.222,55.5
CUST-001554,Silver,364.88,15,7,0.222,59.8
CUST-006703,Silver,577.96,15,7,0.222,59.2
CUST-005401,Silver,941.27,13,6,0.22153846153846152,62.9
CUST-007339,Silver,310.67,13,6,0.22153846153846152,53.3
CUST-002871,Silver,318.9,13,6,0.22153846153846152,59.9
CUST-006750,Silver,614.93,13,6,0.22153846153846152,61.8
CUST-002913,Silver,390.8,13,6,0.22153846153846152,59.8
CUST-003045,Silver,401.44,13,6,0.22153846153846152,60.2
CUST-005312,Silver,596.07,13,6,0.22153846153846152,60.8
CUST-003977,Silver,520.51,13,6,0.22153846153846152,63.1
CUST-005103,Silver,358.31,13,6,0.22153846153846152,57.3
CUST-000226,Silver,397.3,13,6,0.22153846153846152,59.5
CUST-003768,Silver,387.88,13,6,0.22153846153846152,60.7
CUST-006451,Silver,302.65,13,6,0.22153846153846152,58.0
CUST-004631,Silver,494.61,13,6,0.22153846153846152,60.6
CUST-004437,Silver,524.13,13,6,0.22153846153846152,63.1
CUST-006875,Silver,605.34,13,6,0.22153846153846152,63.8
CUST-004837,Silver,569.86,13,6,0.22153846153846152,58.5
CUST-005906,Silver,481.64,13,6,0.22153846153846152,60.1
CUST-001758,Silver,498.91,13,6,0.22153846153846152,57.4
CUST-001269,Silver,702.24,13,6,0.22153846153846152,61.7
CUST-006256,Silver,475.39,13,6,0.22153846153846152,57.8
CUST-002410,Silver,304.13,13,6,0.22153846153846152,59.7
CUST-001205,Silver,315.29,13,6,0.22153846153846152,58.9
CUST-002368,Silver,342.44,13,6,0.22153846153846152,60.2
CUST-004781,Silver,402.92,13,6,0.22153846153846152,59.9
CUST-000153,Silver,583.78,13,6,0.22153846153846152,61.5
CUST-002838,Silver,589.41,13,6,0.22153846153846152,60.8
CUST-000445,Silver,290.37,13,6,0.22153846153846152,56.7
CUST-002456,Silver,489.41,13,6,0.22153846153846152,60.7
CUST-003116,Silver,557.09,13,6,0.22153846153846152,59.4
CUST-000302,Silver,655.1,13,6,0.22153846153846152,61.0
CUST-006373,Silver,642.54,13,6,0.22153846153846152,61.4
CUST-001614,Silver,591.44,13,6,0.22153846153846152,61.0
CUST-003477,Silver,309.09,13,6,0.22153846153846152,54.2
CUST-007623,Silver,677.39,13,6,0.22153846153846152,62.1
CUST-003885,Silver,376.78,13,6,0.22153846153846152,60.0
CUST-007559,Silver,457.05,13,6,0.22153846153846152,57.9
CUST-001518,Silver,370.6,13,6,0.22153846153846152,58.0
CUST-006194,Silver,1289.91,13,6,0.22153846153846152,63.9
CUST-006061,Silver,412.43,13,6,0.22153846153846152,58.1
CUST-001160,Silver,627.87,13,6,0.22153846153846152,57.3
CUST-000967,Silver,596.41,13,6,0.22153846153846152,62.7
CUST-001768,Silver,288.29,13,6,0.22153846153846152,56.0
CUST-003389,Silver,355.45,24,11,0.22125000000000003,61.9
CUST-007691,Silver,441.04,24,11,0.22125000000000003,61.8
CUST-005925,Silver,447.66,22,10,0.22090909090909092,60.4
CUST-007097,Silver,466.38,22,10,0.22090909090909092,63.3
CUST-007079,Silver,362.16,11,5,0.22090909090909092,57.7
CUST-003539,Silver,281.93,11,5,0.22090909090909092,56.7
CUST-003152,Silver,403.41,11,5,0.22090909090909092,57.8
CUST-006510,Silver,274.76,11,5,0.22090909090909092,56.0
CUST-001314,Silver,340.01,11,5,0.22090909090909092,57.3
CUST-000079,Silver,530.76,11,5,0.22090909090909092,76.1
CUST-001579,Silver,924.3,11,5,0.22090909090909092,62.6
CUST-005744,Silver,308.92,11,5,0.22090909090909092,58.8
CUST-004275,Silver,535.42,11,5,0.22090909090909092,61.5
CUST-002663,Silver,711.05,11,5,0.22090909090909092,58.7
CUST-001606,Silver,247.11,11,5,0.22090909090909092,55.7
CUST-007850,Silver,526.6,11,5,0.22090909090909092,62.2
CUST-005203,Silver,490.26,11,5,0.22090909090909092,57.0
CUST-000210,Silver,340.49,11,5,0.22090909090909092,56.6
CUST-003406,Silver,554.28,11,5,0.22090909090909092,62.8
CUST-003015,Silver,532.34,11,5,0.22090909090909092,55.3
CUST-004721,Silver,215.77,11,5,0.22090909090909092,53.6
CUST-004548,Silver,592.27,11,5,0.22090909090909092,62.8
CUST-000647,Silver,484.04,11,5,0.22090909090909092,62.2
CUST-003069,Silver,525.6,11,5,0.22090909090909092,57.5
CUST-006688,Silver,896.16,22,10,0.22090909090909092,62.2
CUST-000516,Silver,363.42,11,5,0.22090909090909092,56.8
CUST-007257,Silver,387.16,11,5,0.22090909090909092,56.8
CUST-000251,Silver,330.06,11,5,0.22090909090909092,60.4
CUST-006475,Silver,463.12,22,10,0.22090909090909092,62.1
CUST-007083,Silver,827.11,11,5,0.22090909090909092,60.3
CUST-006050,Silver,466.0,11,5,0.22090909090909092,57.0
CUST-002060,Silver,366.93,11,5,0.22090909090909092,56.9
CUST-004184,Silver,442.77,11,5,0.22090909090909092,54.5
CUST-001854,Silver,470.84,11,5,0.22090909090909092,60.1
CUST-006155,Silver,697.78,11,5,0.22090909090909092,59.7
CUST-002927,Silver,483.5,11,5,0.22090909090909092,58.3
CUST-006124,Silver,479.6,22,10,0.22090909090909092,63.0
CUST-007471,Silver,731.38,11,5,0.22090909090909092,58.8
CUST-001806,Silver,384.19,11,5,0.22090909090909092,59.7
CUST-007044,Silver,962.2,11,5,0.22090909090909092,59.7
CUST-003001,Silver,348.27,11,5,0.22090909090909092,56.6
CUST-000602,Silver,577.78,11,5,0.22090909090909092,76.5
CUST-005335,Silver,351.95,11,5,0.22090909090909092,58.4
CUST-002260,Silver,434.89,22,10,0.22090909090909092,60.9
CUST-002891,Silver,230.53,11,5,0.22090909090909092,58.3
CUST-006765,Silver,430.96,11,5,0.22090909090909092,59.6
CUST-004620,Silver,1132.5,11,5,0.22090909090909092,59.2
CUST-006485,Silver,372.92,11,5,0.22090909090909092,58.1
CUST-000707,Silver,236.86,11,5,0.22090909090909092,57.0
CUST-006331,Silver,671.83,22,10,0.22090909090909092,62.5
CUST-005000,Silver,188.16,11,5,0.22090909090909092,51.2
CUST-003931,Silver,235.95,11,5,0.22090909090909092,56.9
CUST-002136,Silver,670.84,11,5,0.22090909090909092,58.0
CUST-000984,Silver,421.82,11,5,0.22090909090909092,56.0
CUST-003239,Silver,618.76,11,5,0.22090909090909092,58.8
CUST-003683,Silver,455.69,20,9,0.2205,62.0
CUST-002681,Silver,249.41,20,9,0.2205,60.3
CUST-007004,Silver,411.25,20,9,0.2205,62.6
CUST-006282,Silver,439.0,20,9,0.2205,59.5
CUST-004427,Silver,300.67,20,9,0.2205,59.6
CUST-007596,Silver,539.8,20,9,0.2205,62.8
CUST-001424,Silver,342.15,20,9,0.2205,61.5
CUST-003593,Silver,280.29,20,9,0.2205,57.7
CUST-002132,Silver,172.83,20,9,0.2205,57.7
CUST-001485,Silver,222.99,20,9,0.2205,58.6
CUST-003836,Silver,729.34,20,9,0.2205,65.0
CUST-006932,Silver,389.47,20,9,0.2205,60.7
CUST-003095,Silver,198.37,9,4,0.22,49.1
CUST-003400,Silver,854.49,18,8,0.22,65.0
CUST-006102,Silver,1026.71,9,4,0.22,60.0
CUST-000390,Silver,359.53,18,8,0.22,57.7
CUST-000719,Silver,549.89,18,8,0.22,59.6
CUST-006926,Silver,316.74,18,8,0.22,59.2
CUST-001575,Silver,619.02,9,4,0.22,59.7
CUST-002498,Silver,300.92,9,4,0.22,52.7
CUST-003467,Silver,152.56,18,8,0.22,56.9
CUST-000759,Silver,389.74,18,8,0.22,56.1
CUST-001529,Silver,653.08,9,4,0.22,60.3
CUST-002384,Silver,241.83,9,4,0.22,57.7
CUST-000981,Silver,587.05,18,8,0.22,63.7
CUST-000572,Silver,179.11,9,4,0.22,52.5
CUST-000587,Silver,511.01,18,8,0.22,62.8
CUST-002150,Silver,230.55,18,8,0.22,59.8
CUST-000026,Silver,432.09,18,8,0.22,60.2
CUST-001564,Silver,481.52,18,8,0.22,62.2
CUST-000607,Silver,328.27,9,4,0.22,55.3
CUST-004468,Silver,627.41,18,8,0.22,63.9
CUST-000034,Silver,565.14,18,8,0.22,64.0
CUST-002003,Silver,327.45,9,4,0.22,54.3
CUST-007405,Silver,321.24,9,4,0.22,52.6
CUST-001598,Silver,1206.01,9,4,0.22,64.3
CUST-002522,Silver,542.87,18,8,0.22,57.6
CUST-007561,Silver,269.8,9,4,0.22,52.5
CUST-000528,Silver,323.79,9,4,0.22,53.9
CUST-000540,Silver,327.45,18,8,0.22,61.3
CUST-007728,Silver,466.36,9,4,0.22,56.0
CUST-003807,Silver,310.09,9,4,0.22,52.5
CUST-006616,Silver,1166.59,9,4,0.22,83.2
CUST-007123,Silver,408.77,18,8,0.22,62.0
CUST-004398,Silver,634.4,18,8,0.22,64.3
CUST-002391,Silver,283.83,18,8,0.22,60.5
CUST-004692,Silver,439.47,18,8,0.22,61.7
CUST-000238,Silver,527.94,9,4,0.22,58.7
CUST-005878,Silver,484.48,9,4,0.22,59.1
CUST-006876,Silver,406.66,18,8,0.22,60.3
CUST-000460,Silver,394.27,18,8,0.22,80.2
CUST-004727,Silver,270.97,18,8,0.22,60.3
CUST-005722,Silver,608.04,9,4,0.22,57.7
CUST-004816,Silver,447.34,9,4,0.22,58.6
CUST-001851,Silver,517.72,27,12,0.22,62.1
CUST-004087,Silver,238.99,18,8,0.22,57.9
CUST-004083,Silver,494.67,18,8,0.22,60.1
CUST-005758,Silver,257.28,9,4,0.22,54.5
CUST-002563,Silver,450.13,18,8,0.22,63.0
CUST-002291,Silver,319.47,9,4,0.22,76.4
CUST-001615,Silver,479.35,9,4,0.22,58.6
CUST-007460,Silver,407.33,18,8,0.22,59.0
CUST-001922,Silver,684.58,18,8,0.22,61.6
CUST-005916,Silver,522.54,18,8,0.22,62.3
CUST-006334,Silver,373.83,9,4,0.22,53.9
CUST-006969,Silver,360.28,9,4,0.22,51.7
CUST-002461,Silver,760.96,9,4,0.22,61.9
CUST-007494,Silver,543.12,9,4,0.22,59.6
CUST-004255,Silver,327.45,9,4,0.22,52.6
CUST-000268,Silver,434.67,9,4,0.22,58.3
CUST-007839,Silver,363.39,9,4,0.22,51.7
CUST-000194,Silver,624.28,9,4,0.22,61.8
CUST-001211,Silver,1056.03,18,8,0.22,61.9
CUST-005494,Silver,480.44,18,8,0.22,59.1
CUST-004580,Silver,327.47,18,8,0.22,61.0
CUST-001443,Silver,318.02,9,4,0.22,57.2
CUST-002430,Silver,521.7,25,11,0.21960000000000002,61.7
CUST-005848,Silver,305.86,25,11,0.21960000000000002,59.1
CUST-000875,Silver,394.47,25,11,0.21960000000000002,61.8
CUST-002857,Silver,752.89,16,7,0.21937500000000001,62.0
CUST-002262,Silver,234.24,16,7,0.21937500000000001,53.6
CUST-001679,Silver,304.48,16,7,0.21937500000000001,55.0
CUST-000609,Silver,314.07,16,7,0.21937500000000001,60.2
CUST-003070,Silver,317.69,16,7,0.21937500000000001,57.9
CUST-006828,Silver,204.17,16,7,0.21937500000000001,53.5
CUST-000651,Silver,737.96,16,7,0.21937500000000001,60.8
CUST-005159,Silver,339.16,16,7,0.21937500000000001,60.2
CUST-005598,Silver,529.06,16,7,0.21937500000000001,62.6
CUST-000234,Silver,570.59,16,7,0.21937500000000001,59.5
CUST-001978,Silver,463.74,16,7,0.21937500000000001,61.9
CUST-003551,Silver,358.65,16,7,0.21937500000000001,59.5
CUST-005122,Silver,427.58,16,7,0.21937500000000001,60.5
CUST-000958,Silver,428.26,16,7,0.21937500000000001,60.2
CUST-002621,Silver,284.6,16,7,0.21937500000000001,59.7
CUST-005734,Silver,710.59,16,7,0.21937500000000001,62.4
CUST-007587,Silver,459.59,16,7,0.21937500000000001,60.7
CUST-003285,Silver,270.33,16,7,0.21937500000000001,58.6
CUST-006931,Silver,331.74,16,7,0.21937500000000001,61.1
CUST-001172,Silver,378.9,16,7,0.21937500000000001,58.2
CUST-005056,Silver,512.21,16,7,0.21937500000000001,59.4
CUST-002848,Silver,440.92,16,7,0.21937500000000001,60.7
CUST-003576,Silver,369.31,16,7,0.21937500000000001,61.8
CUST-001895,Silver,456.05,16,7,0.21937500000000001,79.8
CUST-000419,Silver,944.49,16,7,0.21937500000000001,62.0
CUST-006214,Silver,373.06,16,7,0.21937500000000001,58.5
CUST-001503,Silver,229.06,16,7,0.21937500000000001,56.7
CUST-000261,Silver,659.42,16,7,0.21937500000000001,63.1
CUST-000976,Silver,285.41,16,7,0.21937500000000001,58.7
CUST-007678,Silver,772.56,16,7,0.21937500000000001,63.7
CUST-007662,Silver,694.06,16,7,0.21937500000000001,63.3
CUST-007121,Silver,429.75,16,7,0.21937500000000001,57.7
CUST-002682,Silver,323.27,16,7,0.21937500000000001,56.7
CUST-003648,Silver,273.61,16,7,0.21937500000000001,57.6
CUST-005254,Silver,300.47,16,7,0.21937500000000001,59.0
CUST-002053,Silver,853.82,16,7,0.21937500000000001,65.0
CUST-002292,Silver,306.32,16,7,0.21937500000000001,60.5
CUST-003562,Silver,222.58,16,7,0.21937500000000001,56.3
CUST-004069,Silver,570.6,16,7,0.21937500000000001,61.9
CUST-004301,Silver,328.19,23,10,0.21913043478260869,60.7
CUST-003220,Silver,495.97,23,10,0.21913043478260869,63.3
CUST-005300,Silver,475.25,23,10,0.21913043478260869,59.0
CUST-007241,Silver,567.9,23,10,0.21913043478260869,63.0
CUST-003795,Silver,597.31,23,10,0.21913043478260869,63.9
CUST-007172,Silver,727.6,23,10,0.21913043478260869,60.4
CUST-002967,Silver,745.01,23,10,0.21913043478260869,62.1
CUST-000278,Silver,577.22,23,10,0.21913043478260869,61.7
CUST-006761,Silver,566.21,23,10,0.21913043478260869,63.7
CUST-003563,Silver,437.67,14,6,0.21857142857142858,58.6
CUST-007085,Silver,1267.22,14,6,0.21857142857142858,62.5
CUST-003585,Silver,762.47,14,6,0.21857142857142858,61.8
CUST-007989,Silver,277.66,14,6,0.21857142857142858,55.7
CUST-002205,Silver,427.58,14,6,0.21857142857142858,59.6
CUST-001611,Silver,496.68,14,6,0.21857142857142858,59.9
CUST-001397,Silver,267.38,14,6,0.21857142857142858,53.9
CUST-005880,Silver,526.54,14,6,0.21857142857142858,59.5
CUST-006319,Silver,425.66,7,3,0.21857142857142858,49.7
CUST-003860,Silver,642.75,7,3,0.21857142857142858,56.9
CUST-006354,Silver,359.37,14,6,0.21857142857142858,76.9
CUST-000173,Silver,328.36,7,3,0.21857142857142858,56.6
CUST-001934,Silver,352.61,14,6,0.21857142857142858,59.0
CUST-006363,Silver,250.32,14,6,0.21857142857142858,55.3
CUST-003694,Silver,217.88,14,6,0.21857142857142858,56.3
CUST-003975,Silver,337.0,14,6,0.21857142857142858,58.4
CUST-005556,Silver,452.6,7,3,0.21857142857142858,59.0
CUST-005278,Silver,720.75,14,6,0.21857142857142858,60.4
CUST-004937,Silver,415.69,14,6,0.21857142857142858,59.4
CUST-005793,Silver,902.11,14,6,0.21857142857142858,63.5
CUST-003896,Silver,576.29,14,6,0.21857142857142858,61.6
CUST-007222,Silver,487.57,14,6,0.21857142857142858,60.9
CUST-007218,Silver,327.87,14,6,0.21857142857142858,57.7
CUST-005486,Silver,399.53,14,6,0.21857142857142858,58.2
CUST-000136,Silver,594.33,14,6,0.21857142857142858,59.6
CUST-004112,Silver,495.87,14,6,0.21857142857142858,60.9
CUST-004261,Silver,865.89,14,6,0.21857142857142858,62.3
CUST-002484,Silver,571.76,14,6,0.21857142857142858,61.2
CUST-002795,Silver,262.68,14,6,0.21857142857142858,56.1
CUST-006888,Silver,392.08,14,6,0.21857142857142858,59.4
CUST-006552,Silver,682.39,14,6,0.21857142857142858,61.3
CUST-002703,Silver,429.07,7,3,0.21857142857142858,52.8
CUST-006248,Silver,283.9,14,6,0.21857142857142858,75.9
CUST-006561,Silver,947.92,14,6,0.21857142857142858,64.7
CUST-000943,Silver,453.96,14,6,0.21857142857142858,61.9
CUST-004196,Silver,441.58,14,6,0.21857142857142858,72.0
CUST-002799,Silver,352.08,14,6,0.21857142857142858,59.0
CUST-002395,Silver,438.28,14,6,0.21857142857142858,58.8
CUST-004684,Silver,987.5,14,6,0.21857142857142858,62.8
CUST-003533,Silver,961.09,14,6,0.21857142857142858,63.7
CUST-004748,Silver,310.47,14,6,0.21857142857142858,58.1
CUST-005578,Silver,378.91,7,3,0.21857142857142858,51.1
CUST-001910,Silver,279.33,14,6,0.21857142857142858,54.6
CUST-004020,Silver,554.98,14,6,0.21857142857142858,60.8
CUST-001298,Silver,316.83,7,3,0.21857142857142858,51.4
CUST-000474,Silver,368.21,14,6,0.21857142857142858,74.4
CUST-007094,Silver,586.71,14,6,0.21857142857142858,61.7
CUST-004834,Silver,213.65,14,6,0.21857142857142858,57.4
CUST-004060,Silver,359.67,7,3,0.21857142857142858,51.6
CUST-005422,Silver,571.33,14,6,0.21857142857142858,63.5
CUST-006756,Silver,907.12,7,3,0.21857142857142858,60.7
CUST-002870,Silver,382.14,14,6,0.21857142857142858,59.9
CUST-004529,Silver,422.83,14,6,0.21857142857142858,60.4
CUST-001521,Silver,520.6,21,9,0.21857142857142856,63.7
CUST-000941,Silver,745.57,21,9,0.21857142857142856,74.2
CUST-001884,Silver,505.85,21,9,0.21857142857142856,61.0
CUST-007020,Silver,595.81,21,9,0.21857142857142856,61.8
CUST-005423,Silver,299.38,21,9,0.21857142857142856,55.9
CUST-003343,Silver,665.92,21,9,0.21857142857142856,61.5
CUST-002317,Silver,354.73,21,9,0.21857142857142856,60.8
CUST-003851,Silver,307.27,21,9,0.21857142857142856,60.1
CUST-006473,Silver,249.43,21,9,0.21857142857142856,59.3
CUST-002245,Silver,642.95,21,9,0.21857142857142856,62.0
CUST-005380,Silver,319.3,21,9,0.21857142857142856,61.5
CUST-002221,Silver,488.26,21,9,0.21857142857142856,60.3
CUST-003378,Silver,274.59,21,9,0.21857142857142856,57.9
CUST-006405,Silver,436.3,21,9,0.21857142857142856,75.2
CUST-005626,Silver,476.74,19,8,0.21789473684210525,60.7
CUST-002685,Silver,240.89,19,8,0.21789473684210525,59.6
CUST-002743,Silver,333.87,19,8,0.21789473684210525,59.3
CUST-004556,Silver,940.66,19,8,0.21789473684210525,64.4
CUST-000859,Silver,917.45,19,8,0.21789473684210525,63.4
CUST-004346,Silver,541.65,19,8,0.21789473684210525,63.3
CUST-002157,Silver,424.95,19,8,0.21789473684210525,60.5
CUST-003636,Silver,304.71,19,8,0.21789473684210525,60.7
CUST-002924,Silver,302.59,19,8,0.21789473684210525,58.3
CUST-004540,Silver,795.79,19,8,0.21789473684210525,62.0
CUST-003036,Silver,629.26,19,8,0.21789473684210525,61.6
CUST-007861,Silver,213.47,19,8,0.21789473684210525,57.5
CUST-001788,Silver,682.63,19,8,0.21789473684210525,64.3
CUST-001701,Silver,435.85,19,8,0.21789473684210525,61.8
CUST-004203,Silver,288.71,19,8,0.21789473684210525,57.0
CUST-000682,Silver,376.32,19,8,0.21789473684210525,59.8
CUST-003721,Silver,546.67,19,8,0.21789473684210525,61.8
CUST-004651,Silver,293.35,19,8,0.21789473684210525,56.5
CUST-003652,Silver,357.57,19,8,0.21789473684210525,59.7
CUST-001072,Silver,656.15,12,5,0.2175,58.4
CUST-000467,Silver,449.61,12,5,0.2175,60.5
CUST-002025,Silver,807.8,12,5,0.2175,61.1
CUST-007563,Silver,447.07,12,5,0.2175,56.3
CUST-000370,Silver,424.64,12,5,0.2175,57.5
CUST-000569,Silver,239.04,12,5,0.2175,57.0
CUST-001230,Silver,212.55,12,5,0.2175,52.0
CUST-002938,Silver,521.22,12,5,0.2175,62.0
CUST-004307,Silver,542.45,12,5,0.2175,56.8
CUST-003987,Silver,380.11,12,5,0.2175,55.4
CUST-004749,Silver,801.97,12,5,0.2175,60.2
CUST-007827,Silver,445.9,12,5,0.2175,58.7
CUST-003568,Silver,585.73,12,5,0.2175,56.8
CUST-003946,Silver,524.75,12,5,0.2175,81.5
CUST-004207,Silver,393.53,12,5,0.2175,58.3
CUST-004705,Silver,306.94,12,5,0.2175,54.1
CUST-004604,Silver,863.01,24,10,0.2175,63.2
CUST-002946,Silver,480.1,12,5,0.2175,61.0
CUST-000534,Silver,220.62,12,5,0.2175,54.7
CUST-004782,Silver,411.37,12,5,0.2175,54.9
CUST-005098,Silver,739.21,12,5,0.2175,60.8
CUST-000140,Silver,771.46,12,5,0.2175,60.9
CUST-007369,Silver,463.17,24,10,0.2175,62.0
CUST-003058,Silver,478.97,12,5,0.2175,59.8
CUST-007763,Silver,626.43,12,5,0.2175,62.3
CUST-000350,Silver,306.17,12,5,0.2175,59.0
CUST-002194,Silver,278.27,12,5,0.2175,77.6
CUST-001406,Silver,488.23,12,5,0.2175,59.9
CUST-001785,Silver,622.74,12,5,0.2175,58.9
CUST-004784,Silver,782.16,12,5,0.2175,62.1
CUST-003394,Silver,223.6,12,5,0.2175,51.1
CUST-006563,Silver,518.76,12,5,0.2175,78.6
CUST-001207,Silver,760.37,12,5,0.2175,57.8
CUST-002532,Silver,690.98,12,5,0.2175,60.5
CUST-005773,Silver,328.04,12,5,0.2175,54.7
CUST-002236,Silver,914.49,12,5,0.2175,60.2
CUST-003297,Silver,282.11,12,5,0.2175,54.6
CUST-002974,Silver,621.55,12,5,0.2175,60.4
CUST-007337,Silver,184.99,12,5,0.2175,54.0
CUST-003878,Silver,420.9,12,5,0.2175,60.2
CUST-001735,Silver,817.02,12,5,0.2175,62.2
CUST-003616,Silver,423.26,12,5,0.2175,57.5
CUST-002121,Silver,390.14,12,5,0.2175,54.6
CUST-007579,Silver,845.64,12,5,0.2175,60.3
CUST-004855,Silver,233.59,12,5,0.2175,53.5
CUST-005446,Silver,455.09,12,5,0.2175,57.0
CUST-006336,Silver,383.91,12,5,0.2175,55.8
CUST-007878,Silver,413.25,12,5,0.2175,59.4
CUST-004508,Silver,537.43,12,5,0.2175,60.6
CUST-000033,Silver,948.83,12,5,0.2175,64.7
CUST-004572,Silver,474.38,17,7,0.21705882352941175,60.7
CUST-007104,Silver,498.13,17,7,0.21705882352941175,62.7
CUST-003081,Silver,482.75,17,7,0.21705882352941175,58.2
CUST-001868,Silver,420.84,17,7,0.21705882352941175,60.1
CUST-004115,Silver,369.92,17,7,0.21705882352941175,60.5
CUST-003068,Silver,334.5,17,7,0.21705882352941175,59.1
CUST-005600,Silver,444.43,17,7,0.21705882352941175,81.4
CUST-007068,Silver,404.35,17,7,0.21705882352941175,59.1
CUST-001358,Silver,319.21,17,7,0.21705882352941175,60.2
CUST-000321,Silver,396.27,17,7,0.21705882352941175,57.8
CUST-005460,Silver,648.4,17,7,0.21705882352941175,63.0
CUST-003914,Silver,402.18,17,7,0.21705882352941175,59.1
CUST-006195,Silver,579.01,17,7,0.21705882352941175,58.9
CUST-003912,Silver,588.34,17,7,0.21705882352941175,61.0
CUST-006025,Silver,654.73,17,7,0.21705882352941175,61.6
CUST-004879,Silver,929.3,17,7,0.21705882352941175,62.6
CUST-004259,Silver,501.42,17,7,0.21705882352941175,58.3
CUST-001459,Silver,388.79,17,7,0.21705882352941175,61.7
CUST-001585,Silver,385.03,17,7,0.21705882352941175,59.5
CUST-003195,Silver,245.95,17,7,0.21705882352941175,56.3
CUST-006730,Silver,684.35,17,7,0.21705882352941175,61.6
CUST-000094,Silver,716.57,17,7,0.21705882352941175,61.8
CUST-007983,Silver,548.89,17,7,0.21705882352941175,58.7
CUST-007469,Silver,490.77,17,7,0.21705882352941175,63.2
CUST-001830,Silver,416.44,17,7,0.21705882352941175,58.0
CUST-002269,Silver,716.69,17,7,0.21705882352941175,64.3
CUST-004617,Silver,273.35,17,7,0.21705882352941175,59.4
CUST-005891,Silver,739.87,17,7,0.21705882352941175,60.5
CUST-003811,Silver,535.14,17,7,0.21705882352941175,57.3
CUST-006907,Silver,1144.54,17,7,0.21705882352941175,65.2
CUST-006898,Silver,534.47,17,7,0.21705882352941175,63.6
CUST-001167,Silver,414.46,17,7,0.21705882352941175,58.0
CUST-004070,Silver,520.51,17,7,0.21705882352941175,62.8
CUST-005301,Silver,795.58,17,7,0.21705882352941175,62.1
CUST-007613,Silver,326.36,17,7,0.21705882352941175,57.3
CUST-001030,Silver,458.03,17,7,0.21705882352941175,57.5
CUST-004916,Silver,362.23,17,7,0.21705882352941175,61.4
CUST-004199,Silver,452.74,17,7,0.21705882352941175,60.2
CUST-006873,Silver,265.69,17,7,0.21705882352941175,54.4
CUST-007645,Silver,733.1,17,7,0.21705882352941175,62.1
CUST-000141,Silver,687.7,17,7,0.21705882352941175,61.4
CUST-000730,Silver,291.0,17,7,0.21705882352941175,57.8
CUST-002427,Silver,562.54,17,7,0.21705882352941175,59.5
CUST-003178,Silver,660.51,17,7,0.21705882352941175,61.9
CUST-000997,Silver,377.98,17,7,0.21705882352941175,60.9
CUST-007871,Silver,393.03,17,7,0.21705882352941175,57.5
CUST-002991,Silver,567.72,17,7,0.21705882352941175,60.8
CUST-002127,Silver,323.54,22,9,0.21681818181818183,60.5
CUST-003388,Silver,532.0,22,9,0.21681818181818183,62.5
CUST-000176,Silver,274.01,22,9,0.21681818181818183,58.3
CUST-001829,Silver,293.97,22,9,0.21681818181818183,56.4
CUST-002987,Silver,335.82,22,9,0.21681818181818183,61.1
CUST-007167,Silver,293.64,22,9,0.21681818181818183,78.9
CUST-003414,Silver,306.53,15,6,0.21600000000000003,57.3
CUST-006179,Silver,442.22,10,4,0.21600000000000003,54.4
CUST-006123,Silver,467.81,10,4,0.21600000000000003,56.5
CUST-007192,Silver,1120.34,15,6,0.21600000000000003,62.1
CUST-003802,Silver,443.96,10,4,0.21600000000000003,54.7
CUST-007332,Silver,487.71,15,6,0.21600000000000003,61.6
CUST-001041,Silver,520.72,15,6,0.21600000000000003,59.4
CUST-000060,Silver,379.22,10,4,0.21600000000000003,56.1
CUST-000757,Silver,411.86,15,6,0.21600000000000003,58.2
CUST-000090,Silver,382.45,20,8,0.21600000000000003,60.0
CUST-001613,Silver,639.72,15,6,0.21600000000000003,61.0
CUST-002769,Silver,377.41,10,4,0.21600000000000003,52.7
CUST-005339,Silver,312.5,15,6,0.21600000000000003,70.5
CUST-002180,Silver,419.19,15,6,0.21600000000000003,60.1
CUST-004637,Silver,636.81,15,6,0.21600000000000003,62.3
CUST-001565,Silver,445.85,20,8,0.21600000000000003,61.4
CUST-000008,Silver,227.92,20,8,0.21600000000000003,57.9
CUST-005829,Silver,921.71,20,8,0.21600000000000003,64.6
CUST-000192,Silver,533.28,10,4,0.21600000000000003,57.7
CUST-003501,Silver,302.24,15,6,0.21600000000000003,52.7
CUST-004861,Silver,736.18,10,4,0.21600000000000003,57.0
CUST-002614,Silver,476.94,15,6,0.21600000000000003,61.1
CUST-006807,Silver,450.26,15,6,0.21600000000000003,59.0
CUST-004415,Silver,249.14,20,8,0.21600000000000003,59.3
CUST-001686,Silver,367.58,10,4,0.21600000000000003,58.0
CUST-001101,Silver,514.92,10,4,0.21600000000000003,61.0
CUST-001861,Silver,403.06,15,6,0.21600000000000003,60.2
CUST-007127,Silver,503.32,20,8,0.21600000000000003,61.8
CUST-000425,Silver,1135.71,10,4,0.21600000000000003,58.1
CUST-007428,Silver,515.34,20,8,0.21600000000000003,60.8
CUST-006461,Silver,771.49,15,6,0.21600000000000003,61.2
CUST-002043,Silver,674.68,20,8,0.21600000000000003,62.0
CUST-001203,Silver,242.81,10,4,0.21600000000000003,57.0
CUST-005981,Silver,881.48,10,4,0.21600000000000003,59.0
CUST-006764,Silver,474.22,15,6,0.21600000000000003,60.0
CUST-002834,Silver,446.71,10,4,0.21600000000000003,54.5
CUST-007382,Silver,410.95,10,4,0.21600000000000003,58.3
CUST-001135,Silver,662.07,10,4,0.21600000000000003,81.4
CUST-001123,Silver,459.13,15,6,0.21600000000000003,60.5
CUST-007160,Silver,290.52,10,4,0.21600000000000003,54.7
CUST-000112,Silver,587.37,10,4,0.21600000000000003,60.8
CUST-006990,Silver,440.01,10,4,0.21600000000000003,54.6
CUST-001351,Silver,445.27,15,6,0.21600000000000003,60.4
CUST-003856,Silver,356.17,15,6,0.21600000000000003,58.2
CUST-000442,Silver,591.24,15,6,0.21600000000000003,62.1
CUST-001357,Silver,603.62,15,6,0.21600000000000003,58.1
CUST-000596,Silver,359.09,10,4,0.21600000000000003,55.7
CUST-005234,Silver,364.49,10,4,0.21600000000000003,55.9
CUST-007527,Silver,356.23,10,4,0.21600000000000003,55.6
CUST-007838,Silver,502.84,20,8,0.21600000000000003,63.5
CUST-003173,Silver,485.18,15,6,0.21600000000000003,59.0
CUST-006313,Silver,556.47,15,6,0.21600000000000003,60.5
CUST-005512,Silver,660.14,15,6,0.21600000000000003,62.1
CUST-006843,Silver,443.97,15,6,0.21600000000000003,62.4
CUST-006476,Silver,394.52,15,6,0.21600000000000003,58.3
CUST-006955,Silver,443.16,15,6,0.21600000000000003,58.9
CUST-005886,Silver,425.87,15,6,0.21600000000000003,60.6
CUST-005002,Silver,808.87,15,6,0.21600000000000003,63.8
CUST-003519,Silver,313.92,15,6,0.21600000000000003,56.2
CUST-004137,Silver,420.35,15,6,0.21600000000000003,61.5
CUST-004141,Silver,405.84,20,8,0.21600000000000003,60.4
CUST-001482,Silver,177.72,20,8,0.21600000000000003,57.4
CUST-003367,Silver,751.24,10,4,0.21600000000000003,56.9
CUST-002343,Silver,514.2,10,4,0.21600000000000003,58.5
CUST-003143,Silver,1067.55,20,8,0.21600000000000003,65.0
CUST-004762,Silver,654.68,20,8,0.21600000000000003,62.3
CUST-001989,Silver,155.16,15,6,0.21600000000000003,49.1
CUST-006540,Silver,618.63,20,8,0.21600000000000003,61.7
CUST-001752,Silver,399.4,20,8,0.21600000000000003,60.4
CUST-006227,Silver,341.59,10,4,0.21600000000000003,55.5
CUST-003327,Silver,477.3,15,6,0.21600000000000003,62.1
CUST-003180,Silver,570.41,15,6,0.21600000000000003,61.3
CUST-000001,Silver,379.77,10,4,0.21600000000000003,57.9
CUST-003880,Silver,487.21,15,6,0.21600000000000003,60.5
CUST-002108,Silver,270.49,15,6,0.21600000000000003,53.8
CUST-002096,Silver,560.41,10,4,0.21600000000000003,56.8
CUST-002111,Silver,464.03,10,4,0.21600000000000003,54.9
CUST-001720,Silver,539.98,15,6,0.21600000000000003,63.3
CUST-001844,Silver,271.4,15,6,0.21600000000000003,58.2
CUST-005780,Silver,509.76,15,6,0.21600000000000003,62.6
CUST-007939,Silver,366.16,15,6,0.21600000000000003,58.0
CUST-004154,Silver,617.87,15,6,0.21600000000000003,57.8
CUST-007875,Silver,563.23,20,8,0.21600000000000003,61.8
CUST-007873,Silver,554.72,10,4,0.21600000000000003,57.9
CUST-007082,Silver,722.02,15,6,0.21600000000000003,62.5
CUST-005374,Silver,373.21,15,6,0.21600000000000003,60.9
CUST-002248,Silver,1053.58,15,6,0.21600000000000003,84.6
CUST-001070,Silver,514.91,15,6,0.21600000000000003,57.4
CUST-004235,Silver,247.01,10,4,0.21600000000000003,57.1
CUST-000764,Silver,616.94,10,4,0.21600000000000003,55.8
CUST-004062,Silver,1072.17,15,6,0.21600000000000003,63.3
CUST-005383,Silver,300.19,10,4,0.21600000000000003,55.2
CUST-004270,Silver,478.37,15,6,0.21600000000000003,60.8
CUST-003133,Silver,393.79,10,4,0.21600000000000003,58.1
CUST-004262,Silver,309.15,10,4,0.21600000000000003,57.1
CUST-001831,Silver,546.96,15,6,0.21600000000000003,59.7
CUST-000301,Silver,644.51,10,4,0.21600000000000003,56.0
CUST-007647,Silver,469.37,15,6,0.21600000000000003,59.9
CUST-005331,Silver,383.78,23,9,0.21521739130434783,61.0
CUST-007466,Silver,446.96,23,9,0.21521739130434783,63.0
CUST-002863,Silver,343.76,23,9,0.21521739130434783,59.8
CUST-003538,Silver,324.13,23,9,0.21521739130434783,61.6
CUST-003989,Silver,834.45,23,9,0.21521739130434783,64.3
CUST-001380,Silver,405.49,23,9,0.21521739130434783,61.5
CUST-002152,Silver,794.26,18,7,0.215,63.1
CUST-003304,Silver,605.3,18,7,0.215,59.0
CUST-003894,Silver,593.96,18,7,0.215,59.7
CUST-000631,Silver,532.87,18,7,0.215,63.5
CUST-003016,Silver,467.25,18,7,0.215,61.0
CUST-003324,Silver,365.13,18,7,0.215,80.8
CUST-002999,Silver,268.32,18,7,0.215,57.2
CUST-000928,Silver,603.21,18,7,0.215,63.5
CUST-002592,Silver,617.94,18,7,0.215,62.2
CUST-005367,Silver,444.39,18,7,0.215,62.7
CUST-003615,Silver,542.87,18,7,0.215,62.3
CUST-002089,Silver,271.8,18,7,0.215,58.1
CUST-000877,Silver,531.2,18,7,0.215,62.2
CUST-005091,Silver,326.24,18,7,0.215,58.1
CUST-003350,Silver,578.77,18,7,0.215,82.6
CUST-006436,Silver,581.77,18,7,0.215,61.6
CUST-003955,Silver,406.85,18,7,0.215,61.6
CUST-006744,Silver,375.68,18,7,0.215,57.6
CUST-007312,Silver,277.39,18,7,0.215,58.3
CUST-000372,Silver,467.32,18,7,0.215,60.5
CUST-006318,Silver,397.4,18,7,0.215,60.2
CUST-004996,Silver,885.26,18,7,0.215,63.4
CUST-005675,Silver,724.54,18,7,0.215,61.6
CUST-006855,Silver,446.72,18,7,0.215,58.7
CUST-004756,Silver,519.55,18,7,0.215,59.2
CUST-007801,Silver,463.29,18,7,0.215,61.0
CUST-005609,Silver,951.97,18,7,0.215,80.8
CUST-000717,Silver,344.49,18,7,0.215,58.5
CUST-003315,Silver,1041.38,18,7,0.215,64.7
CUST-006634,Silver,493.86,18,7,0.215,58.8
CUST-000507,Silver,602.2,18,7,0.215,61.1
CUST-000603,Silver,566.38,18,7,0.215,60.9
CUST-001949,Silver,413.97,18,7,0.215,61.4
CUST-002414,Silver,1140.86,18,7,0.215,65.2
CUST-000990,Silver,804.24,18,7,0.215,64.1
CUST-007380,Silver,270.56,18,7,0.215,58.1
CUST-004541,Silver,487.62,13,5,0.21461538461538462,58.8
CUST-000292,Silver,160.35,13,5,0.21461538461538462,52.8
CUST-001337,Silver,709.07,13,5,0.21461538461538462,60.6
CUST-002208,Silver,440.02,13,5,0.21461538461538462,56.7
CUST-004240,Silver,377.64,26,10,0.21461538461538462,61.9
CUST-000754,Silver,509.81,13,5,0.21461538461538462,59.3
CUST-000755,Silver,597.25,13,5,0.21461538461538462,57.1
CUST-005366,Silver,574.6,13,5,0.21461538461538462,60.5
CUST-004249,Silver,1430.82,13,5,0.21461538461538462,64.7
CUST-003827,Silver,285.15,13,5,0.21461538461538462,59.8
CUST-002349,Silver,549.41,13,5,0.21461538461538462,60.5
CUST-004003,Silver,328.73,13,5,0.21461538461538462,58.4
CUST-001745,Silver,298.99,13,5,0.21461538461538462,57.9
CUST-000955,Silver,389.32,13,5,0.21461538461538462,58.0
CUST-007421,Silver,127.9,13,5,0.21461538461538462,51.8
CUST-001959,Silver,513.92,13,5,0.21461538461538462,60.5
CUST-001212,Silver,470.69,13,5,0.21461538461538462,59.2
CUST-001258,Silver,371.23,13,5,0.21461538461538462,57.8
CUST-002845,Silver,761.56,13,5,0.21461538461538462,59.0
CUST-000103,Silver,732.85,13,5,0.21461538461538462,62.6
CUST-004799,Silver,452.24,13,5,0.21461538461538462,61.8
CUST-003716,Silver,282.93,13,5,0.21461538461538462,56.9
CUST-001663,Silver,608.91,13,5,0.21461538461538462,59.2
CUST-000219,Silver,263.54,13,5,0.21461538461538462,57.1
CUST-000417,Silver,394.08,13,5,0.21461538461538462,56.9
CUST-007770,Silver,799.29,13,5,0.21461538461538462,59.3
CUST-007503,Silver,322.06,13,5,0.21461538461538462,57.0
CUST-003920,Silver,366.3,13,5,0.21461538461538462,55.8
CUST-003849,Silver,185.53,13,5,0.21461538461538462,55.6
CUST-001774,Silver,383.58,13,5,0.21461538461538462,79.0
CUST-004035,Silver,1169.44,13,5,0.21461538461538462,63.2
CUST-004406,Silver,441.5,13,5,0.21461538461538462,56.7
CUST-004407,Silver,404.32,13,5,0.21461538461538462,59.2
CUST-006454,Silver,428.8,13,5,0.21461538461538462,59.6
CUST-003495,Silver,384.42,13,5,0.21461538461538462,60.1
CUST-003783,Silver,278.9,13,5,0.21461538461538462,51.8
CUST-005332,Silver,686.56,13,5,0.21461538461538462,59.3
CUST-004676,Silver,404.95,13,5,0.21461538461538462,55.2
CUST-006722,Silver,391.75,13,5,0.21461538461538462,55.9
CUST-001576,Silver,377.44,13,5,0.21461538461538462,57.6
CUST-004670,Silver,613.93,21,8,0.21428571428571427,62.3
CUST-005194,Silver,157.29,21,8,0.21428571428571427,53.3
CUST-007162,Silver,491.31,21,8,0.21428571428571427,62.2
CUST-005433,Silver,397.82,21,8,0.21428571428571427,60.3
CUST-002664,Silver,323.95,21,8,0.21428571428571427,57.2
CUST-002146,Silver,265.67,21,8,0.21428571428571427,55.2
CUST-005276,Silver,278.11,21,8,0.21428571428571427,59.7
CUST-006358,Silver,1444.15,21,8,0.21428571428571427,66.0
CUST-002738,Silver,455.25,16,6,0.21375,61.9
CUST-002909,Silver,529.91,16,6,0.21375,62.6
CUST-004539,Silver,709.3,16,6,0.21375,60.3
CUST-007987,Silver,729.28,16,6,0.21375,59.0
CUST-003554,Silver,918.29,16,6,0.21375,64.8
CUST-002067,Silver,938.62,8,3,0.21375,59.5
CUST-002387,Silver,715.6,8,3,0.21375,58.9
CUST-000668,Silver,302.09,16,6,0.21375,60.1
CUST-005141,Silver,246.07,16,6,0.21375,55.2
CUST-005149,Silver,311.78,16,6,0.21375,58.8
CUST-003139,Silver,311.17,8,3,0.21375,70.5
CUST-005059,Silver,389.93,16,6,0.21375,56.0
CUST-005404,Silver,258.47,16,6,0.21375,54.5
CUST-005796,Silver,397.55,16,6,0.21375,77.3
CUST-003135,Silver,666.16,16,6,0.21375,61.3
CUST-006685,Silver,659.95,16,6,0.21375,62.5
CUST-005171,Silver,331.9,16,6,0.21375,55.1
CUST-004649,Silver,255.58,8,3,0.21375,54.4
CUST-004400,Silver,345.72,24,9,0.21375,61.4
CUST-002963,Silver,603.5,16,6,0.21375,59.5
CUST-004471,Silver,337.67,16,6,0.21375,58.4
CUST-006783,Silver,429.35,16,6,0.21375,59.8
CUST-002844,Silver,440.77,16,6,0.21375,60.3
CUST-001388,Silver,537.94,16,6,0.21375,61.3
CUST-002014,Silver,371.97,16,6,0.21375,56.5
CUST-000881,Silver,362.04,16,6,0.21375,58.8
CUST-001354,Silver,312.98,16,6,0.21375,55.4
CUST-007519,Silver,691.86,16,6,0.21375,62.6
CUST-003734,Silver,184.77,16,6,0.21375,77.1
CUST-006449,Silver,196.94,16,6,0.21375,76.9
CUST-001911,Silver,570.86,16,6,0.21375,61.5
CUST-004935,Silver,390.99,16,6,0.21375,59.2
CUST-004316,Silver,422.5,8,3,0.21375,54.3
CUST-004980,Silver,489.24,8,3,0.21375,53.3
CUST-007038,Silver,767.38,16,6,0.21375,63.0
CUST-005642,Silver,771.22,16,6,0.21375,62.7
CUST-001947,Silver,759.38,16,6,0.21375,81.9
CUST-004379,Silver,437.61,16,6,0.21375,62.3
CUST-002816,Silver,1339.0,8,3,0.21375,58.3
CUST-007386,Silver,528.67,16,6,0.21375,57.1
CUST-005874,Silver,366.73,8,3,0.21375,53.7
CUST-004741,Silver,215.92,16,6,0.21375,59.1
CUST-002466,Silver,420.17,16,6,0.21375,60.1
CUST-002672,Silver,843.48,16,6,0.21375,62.9
CUST-005074,Silver,320.86,16,6,0.21375,59.9
CUST-001725,Silver,303.2,16,6,0.21375,57.0
CUST-002741,Silver,421.45,8,3,0.21375,58.6
CUST-007624,Silver,353.51,16,6,0.21375,59.6
CUST-004297,Silver,698.04,8,3,0.21375,54.2
CUST-007309,Silver,356.57,16,6,0.21375,59.7
CUST-001044,Silver,356.78,16,6,0.21375,54.9
CUST-003402,Silver,426.17,16,6,0.21375,59.3
CUST-000854,Silver,476.34,8,3,0.21375,58.2
CUST-005661,Silver,293.45,27,10,0.21333333333333332,58.6
CUST-005133,Silver,388.88,19,7,0.2131578947368421,58.1
CUST-007975,Silver,468.87,19,7,0.2131578947368421,61.0
CUST-002914,Silver,721.65,19,7,0.2131578947368421,60.7
CUST-003602,Silver,584.2,19,7,0.2131578947368421,60.6
CUST-002947,Silver,425.09,19,7,0.2131578947368421,61.2
CUST-005535,Silver,618.51,19,7,0.2131578947368421,59.0
CUST-003522,Silver,461.42,19,7,0.2131578947368421,60.5
CUST-004030,Silver,208.86,19,7,0.2131578947368421,57.2
CUST-000785,Silver,143.0,19,7,0.2131578947368421,56.5
CUST-007011,Silver,293.0,19,7,0.2131578947368421,59.5
CUST-001630,Silver,283.74,19,7,0.2131578947368421,57.8
CUST-000470,Silver,510.62,19,7,0.2131578947368421,61.3
CUST-007506,Silver,422.21,19,7,0.2131578947368421,58.5
CUST-002887,Silver,490.52,19,7,0.2131578947368421,80.2
CUST-001052,Silver,666.51,19,7,0.2131578947368421,62.5
CUST-005580,Silver,541.03,19,7,0.2131578947368421,63.6
CUST-001432,Silver,616.18,19,7,0.2131578947368421,59.5
CUST-003647,Silver,494.52,19,7,0.2131578947368421,60.9
CUST-006613,Silver,551.96,19,7,0.2131578947368421,63.4
CUST-006601,Silver,518.51,19,7,0.2131578947368421,61.4
CUST-001268,Silver,416.17,19,7,0.2131578947368421,61.4
CUST-000222,Silver,714.91,19,7,0.2131578947368421,59.2
CUST-004586,Silver,637.36,19,7,0.2131578947368421,62.0
CUST-001209,Silver,253.46,19,7,0.2131578947368421,58.2
CUST-001252,Silver,322.7,19,7,0.2131578947368421,59.0
CUST-002351,Silver,665.97,19,7,0.2131578947368421,64.1
CUST-006851,Silver,384.54,19,7,0.2131578947368421,61.7
CUST-000694,Silver,649.09,11,4,0.2127272727272727,60.3
CUST-001548,Silver,451.15,11,4,0.2127272727272727,59.8
CUST-007240,Silver,426.52,11,4,0.2127272727272727,53.7
CUST-003356,Silver,578.08,11,4,0.2127272727272727,59.8
CUST-000683,Silver,595.39,11,4,0.2127272727272727,57.4
CUST-001332,Silver,515.42,11,4,0.2127272727272727,60.4
CUST-007968,Silver,486.14,11,4,0.2127272727272727,57.4
CUST-004865,Silver,345.88,11,4,0.2127272727272727,54.9
CUST-006372,Silver,824.16,11,4,0.2127272727272727,57.4
CUST-004290,Silver,418.84,11,4,0.2127272727272727,58.3
CUST-002560,Silver,296.83,11,4,0.2127272727272727,54.7
CUST-002929,Silver,1014.31,11,4,0.2127272727272727,59.8
CUST-000027,Silver,537.55,11,4,0.2127272727272727,59.2
CUST-001590,Silver,321.77,22,8,0.2127272727272727,61.4
CUST-004483,Silver,223.12,11,4,0.2127272727272727,56.6
CUST-006443,Silver,674.97,11,4,0.2127272727272727,58.5
CUST-007429,Silver,431.53,11,4,0.2127272727272727,54.4
CUST-001387,Silver,437.81,11,4,0.2127272727272727,56.3
CUST-003926,Silver,577.54,11,4,0.2127272727272727,59.8
CUST-000447,Silver,371.76,11,4,0.2127272727272727,59.8
CUST-001265,Silver,430.59,11,4,0.2127272727272727,54.7
CUST-007737,Silver,634.13,22,8,0.2127272727272727,62.2
CUST-005256,Silver,238.32,11,4,0.2127272727272727,55.5
CUST-002781,Silver,535.91,11,4,0.2127272727272727,61.6
CUST-005313,Silver,463.74,11,4,0.2127272727272727,53.9
CUST-001822,Silver,529.52,11,4,0.2127272727272727,59.5
CUST-002265,Silver,385.92,11,4,0.2127272727272727,57.2
CUST-003800,Silver,714.92,11,4,0.2127272727272727,56.7
CUST-004642,Silver,504.93,11,4,0.2127272727272727,58.5
CUST-002312,Silver,402.67,11,4,0.2127272727272727,58.2
CUST-005265,Silver,857.5,22,8,0.2127272727272727,62.3
CUST-005029,Silver,441.31,11,4,0.2127272727272727,56.7
CUST-005913,Silver,741.75,22,8,0.2127272727272727,64.9
CUST-000130,Silver,508.32,11,4,0.2127272727272727,58.5
CUST-004706,Silver,363.2,11,4,0.2127272727272727,57.7
CUST-002657,Silver,295.7,11,4,0.2127272727272727,55.1
CUST-006793,Silver,308.75,22,8,0.2127272727272727,55.3
CUST-001753,Silver,537.48,11,4,0.2127272727272727,56.6
CUST-006201,Silver,638.65,11,4,0.2127272727272727,56.3
CUST-006778,Silver,500.46,11,4,0.2127272727272727,59.5
CUST-000924,Silver,472.44,11,4,0.2127272727272727,57.0
CUST-001224,Silver,405.56,11,4,0.2127272727272727,59.2
CUST-002078,Silver,208.27,25,9,0.21240000000000003,57.5
CUST-005513,Silver,282.62,14,5,0.21214285714285716,53.3
CUST-002431,Silver,291.14,14,5,0.21214285714285716,57.2
CUST-000761,Silver,499.91,14,5,0.21214285714285716,58.4
CUST-000038,Silver,292.19,14,5,0.21214285714285716,56.1
CUST-002859,Silver,254.34,14,5,0.21214285714285716,53.3
CUST-005296,Silver,494.1,14,5,0.21214285714285716,56.8
CUST-004120,Silver,364.34,14,5,0.21214285714285716,57.4
CUST-002181,Silver,364.61,14,5,0.21214285714285716,59.8
CUST-002731,Silver,586.34,14,5,0.21214285714285716,61.8
CUST-003599,Silver,251.51,14,5,0.21214285714285716,58.2
CUST-007973,Silver,533.26,14,5,0.21214285714285716,54.8
CUST-007179,Silver,271.92,14,5,0.21214285714285716,56.5
CUST-000685,Silver,423.6,14,5,0.21214285714285716,58.3
CUST-002027,Silver,524.39,14,5,0.21214285714285716,57.7
CUST-003029,Silver,312.35,14,5,0.21214285714285716,58.1
CUST-001693,Silver,785.57,14,5,0.21214285714285716,60.7
CUST-003778,Silver,984.92,14,5,0.21214285714285716,62.6
CUST-001326,Silver,328.42,14,5,0.21214285714285716,54.4
CUST-000913,Silver,315.71,14,5,0.21214285714285716,58.0
CUST-005573,Silver,202.65,14,5,0.21214285714285716,52.0
CUST-005577,Silver,560.96,14,5,0.21214285714285716,58.0
CUST-004101,Silver,671.76,14,5,0.21214285714285716,63.2
CUST-005827,Silver,383.44,14,5,0.21214285714285716,58.0
CUST-001664,Silver,529.14,14,5,0.21214285714285716,57.4
CUST-003370,Silver,699.48,14,5,0.21214285714285716,81.6
CUST-001782,Silver,466.33,14,5,0.21214285714285716,58.9
CUST-005266,Silver,514.42,14,5,0.21214285714285716,60.5
CUST-003054,Silver,358.09,14,5,0.21214285714285716,60.7
CUST-003043,Silver,796.2,14,5,0.21214285714285716,60.3
CUST-007371,Silver,353.0,14,5,0.21214285714285716,57.6
CUST-006216,Silver,285.37,14,5,0.21214285714285716,57.7
CUST-001983,Silver,572.29,14,5,0.21214285714285716,60.6
CUST-002293,Silver,678.58,14,5,0.21214285714285716,62.5
CUST-005087,Silver,404.64,14,5,0.21214285714285716,61.3
CUST-002105,Silver,584.34,14,5,0.21214285714285716,59.6
CUST-002804,Silver,477.68,14,5,0.21214285714285716,60.1
CUST-007227,Silver,308.73,14,5,0.21214285714285716,58.1
CUST-003578,Silver,419.93,14,5,0.21214285714285716,55.8
CUST-000179,Silver,521.64,14,5,0.21214285714285716,62.5
CUST-000853,Silver,418.92,14,5,0.21214285714285716,79.4
CUST-005009,Silver,756.06,14,5,0.21214285714285716,63.4
CUST-005712,Silver,799.52,14,5,0.21214285714285716,63.2
CUST-004813,Silver,570.12,14,5,0.21214285714285716,57.9
CUST-004808,Silver,518.89,14,5,0.21214285714285716,60.5
CUST-004563,Silver,527.09,14,5,0.21214285714285716,60.5
CUST-007282,Silver,447.36,14,5,0.21214285714285716,55.5
CUST-001099,Silver,503.08,14,5,0.21214285714285716,57.1
CUST-000325,Silver,456.91,14,5,0.21214285714285716,57.0
CUST-005700,Silver,651.79,14,5,0.21214285714285716,58.1
CUST-004567,Silver,319.97,14,5,0.21214285714285716,58.1
CUST-001772,Silver,334.08,14,5,0.21214285714285716,57.9
CUST-006333,Silver,594.12,14,5,0.21214285714285716,61.0
CUST-007592,Silver,405.48,14,5,0.21214285714285716,58.4
CUST-002926,Silver,310.93,14,5,0.21214285714285716,57.9
CUST-002223,Silver,425.46,14,5,0.21214285714285716,58.9
CUST-007627,Silver,708.13,14,5,0.21214285714285716,60.6
CUST-006165,Silver,245.84,14,5,0.21214285714285716,56.1
CUST-005353,Silver,647.29,17,6,0.21176470588235294,61.3
CUST-005359,Silver,698.97,17,6,0.21176470588235294,61.7
CUST-007340,Silver,565.87,17,6,0.21176470588235294,59.8
CUST-007586,Silver,207.72,17,6,0.21176470588235294,57.9
CUST-003064,Silver,541.06,17,6,0.21176470588235294,61.6
CUST-005957,Silver,456.02,17,6,0.21176470588235294,57.5
CUST-007606,Silver,461.61,17,6,0.21176470588235294,57.6
CUST-003099,Silver,342.25,17,6,0.21176470588235294,60.2
CUST-006930,Silver,477.39,17,6,0.21176470588235294,61.7
CUST-007199,Silver,383.33,17,6,0.21176470588235294,57.3
CUST-004696,Silver,535.45,17,6,0.21176470588235294,58.6
CUST-005463,Silver,368.31,17,6,0.21176470588235294,57.4
CUST-001053,Silver,473.92,17,6,0.21176470588235294,59.2
CUST-000472,Silver,532.3,17,6,0.21176470588235294,63.0
CUST-000718,Silver,390.62,17,6,0.21176470588235294,57.8
CUST-004175,Silver,391.58,17,6,0.21176470588235294,57.9
CUST-005853,Silver,483.52,17,6,0.21176470588235294,57.5
CUST-003583,Silver,701.85,17,6,0.21176470588235294,64.1
CUST-006388,Silver,979.43,17,6,0.21176470588235294,64.8
CUST-005162,Silver,742.47,17,6,0.21176470588235294,63.5
CUST-007688,Silver,282.19,17,6,0.21176470588235294,54.6
CUST-006753,Silver,340.06,17,6,0.21176470588235294,58.2
CUST-002792,Silver,817.43,17,6,0.21176470588235294,60.2
CUST-006682,Silver,527.41,17,6,0.21176470588235294,61.2
CUST-005326,Silver,493.24,17,6,0.21176470588235294,60.9
CUST-006489,Silver,277.08,17,6,0.21176470588235294,58.3
CUST-002199,Silver,472.75,17,6,0.21176470588235294,59.0
CUST-005662,Silver,387.43,17,6,0.21176470588235294,59.5
CUST-006299,Silver,504.33,17,6,0.21176470588235294,57.1
CUST-006904,Silver,376.55,17,6,0.21176470588235294,60.6
CUST-007813,Silver,417.11,17,6,0.21176470588235294,79.4
CUST-006530,Silver,563.2,17,6,0.21176470588235294,59.0
CUST-005774,Silver,602.33,17,6,0.21176470588235294,59.8
CUST-005247,Silver,474.63,20,7,0.21150000000000002,58.5
CUST-001930,Silver,399.62,20,7,0.21150000000000002,57.4
CUST-000594,Silver,255.12,20,7,0.21150000000000002,57.9
CUST-001412,Silver,435.4,20,7,0.21150000000000002,60.3
CUST-001516,Silver,247.36,20,7,0.21150000000000002,58.8
CUST-005202,Silver,609.66,20,7,0.21150000000000002,76.7
CUST-005680,Silver,472.06,20,7,0.21150000000000002,62.0
CUST-002948,Silver,390.23,23,8,0.21130434782608698,58.8
CUST-002507,Silver,855.61,23,8,0.21130434782608698,63.3
CUST-003374,Silver,650.33,23,8,0.21130434782608698,61.8
CUST-002655,Silver,719.81,23,8,0.21130434782608698,62.7
CUST-000657,Silver,827.8,9,3,0.21000000000000002,60.4
CUST-006107,Silver,275.76,18,6,0.21000000000000002,57.6
CUST-002220,Silver,873.69,9,3,0.21000000000000002,57.6
CUST-002267,Silver,478.74,9,3,0.21000000000000002,59.3
CUST-005663,Silver,228.44,21,7,0.21000000000000002,57.4
CUST-001896,Silver,371.46,18,6,0.21000000000000002,60.9
CUST-002463,Silver,593.03,18,6,0.21000000000000002,60.0
CUST-005558,Silver,654.34,9,3,0.21000000000000002,55.6
CUST-004317,Silver,771.68,21,7,0.21000000000000002,59.7
CUST-003956,Silver,701.86,21,7,0.21000000000000002,64.6
CUST-007476,Silver,326.83,21,7,0.21000000000000002,60.5
CUST-003092,Silver,323.88,21,7,0.21000000000000002,76.5
CUST-007562,Silver,575.34,9,3,0.21000000000000002,58.1
CUST-003945,Silver,121.92,9,3,0.21000000000000002,51.0
CUST-006817,Silver,605.0,18,6,0.21000000000000002,62.8
CUST-001717,Silver,365.57,18,6,0.21000000000000002,60.8
CUST-003529,Silver,512.27,21,7,0.21000000000000002,62.4
CUST-006424,Silver,864.84,18,6,0.21000000000000002,62.8
CUST-004215,Silver,462.06,18,6,0.21000000000000002,60.6
CUST-004278,Silver,384.98,9,3,0.21000000000000002,54.2
CUST-001184,Silver,263.25,21,7,0.21000000000000002,56.6
CUST-001183,Silver,372.37,18,6,0.21000000000000002,56.9
CUST-005487,Silver,517.42,18,6,0.21000000000000002,59.4
CUST-004032,Silver,412.6,18,6,0.21000000000000002,60.4
CUST-003221,Silver,739.42,18,6,0.21000000000000002,60.4
CUST-004732,Silver,361.42,9,3,0.21000000000000002,51.4
CUST-006605,Silver,318.91,21,7,0.21000000000000002,61.2
CUST-003286,Silver,270.63,9,3,0.21000000000000002,53.1
CUST-004355,Silver,333.28,9,3,0.21000000000000002,56.6
CUST-004660,Silver,861.95,9,3,0.21000000000000002,59.5
CUST-007602,Silver,256.12,18,6,0.21000000000000002,53.2
CUST-005302,Silver,720.49,9,3,0.21000000000000002,54.9
CUST-005954,Silver,427.58,18,6,0.21000000000000002,60.2
CUST-007287,Silver,416.5,18,6,0.21000000000000002,58.4
CUST-000807,Silver,972.18,21,7,0.21000000000000002,63.4
CUST-003847,Silver,294.15,21,7,0.21000000000000002,58.5
CUST-004911,Silver,515.57,18,6,0.21000000000000002,58.4
CUST-001856,Silver,222.79,9,3,0.21000000000000002,49.2
CUST-000138,Silver,230.11,21,7,0.21000000000000002,77.8
CUST-003580,Silver,419.86,9,3,0.21000000000000002,56.6
CUST-004559,Silver,170.35,18,6,0.21000000000000002,55.1
CUST-000723,Silver,930.77,18,6,0.21000000000000002,61.5
CUST-005863,Silver,466.78,18,6,0.21000000000000002,59.8
CUST-003196,Silver,837.66,9,3,0.21000000000000002,57.0
CUST-002346,Silver,507.87,18,6,0.21000000000000002,60.4
CUST-006426,Silver,619.9,18,6,0.21000000000000002,63.9
CUST-006917,Silver,431.64,18,6,0.21000000000000002,57.1
CUST-001419,Silver,511.99,9,3,0.21000000000000002,51.4
CUST-005219,Silver,449.68,9,3,0.21000000000000002,56.8
CUST-007018,Silver,345.62,12,4,0.21,57.9
CUST-007012,Silver,294.21,12,4,0.21,53.6
CUST-007969,Silver,580.3,12,4,0.21,59.1
CUST-003556,Silver,486.49,15,5,0.21,59.1
CUST-004526,Silver,286.27,15,5,0.21,55.8
CUST-001079,Silver,411.18,12,4,0.21,56.1
CUST-004479,Silver,560.35,15,5,0.21,60.8
CUST-005694,Silver,366.61,15,5,0.21,55.4
CUST-006131,Silver,351.87,15,5,0.21,59.6
CUST-000022,Silver,482.85,12,4,0.21,57.1
CUST-000212,Silver,553.71,15,5,0.21,56.4
CUST-003415,Silver,375.85,12,4,0.21,51.9
CUST-000249,Silver,345.31,15,5,0.21,58.6
CUST-005603,Silver,1890.73,12,4,0.21,63.4
CUST-007202,Silver,329.83,15,5,0.21,58.4
CUST-005974,Silver,628.56,15,5,0.21,59.3
CUST-006663,Silver,241.28,12,4,0.21,57.0
CUST-003289,Silver,413.73,15,5,0.21,59.4
CUST-004116,Silver,621.55,15,5,0.21,56.9
CUST-000331,Silver,709.44,12,4,0.21,61.6
CUST-000324,Silver,479.61,24,8,0.21,59.1
CUST-003290,Silver,347.03,6,2,0.21,52.7
CUST-005673,Silver,433.06,12,4,0.21,59.6
CUST-007008,Silver,397.57,12,4,0.21,55.7
CUST-001956,Silver,308.48,12,4,0.21,55.3
CUST-002481,Silver,320.8,12,4,0.21,57.2
CUST-003377,Silver,363.43,12,4,0.21,57.9
CUST-005062,Silver,603.21,15,5,0.21,59.8
CUST-007821,Silver,713.53,15,5,0.21,60.7
CUST-004742,Silver,217.18,15,5,0.21,53.1
CUST-004285,Silver,398.71,12,4,0.21,57.4
CUST-003982,Silver,378.44,12,4,0.21,55.5
CUST-000360,Silver,462.46,15,5,0.21,59.5
CUST-000416,Silver,424.37,12,4,0.21,58.5
CUST-005922,Silver,610.5,15,5,0.21,61.2
CUST-005416,Silver,426.6,15,5,0.21,55.6
CUST-002774,Silver,178.0,12,4,0.21,52.2
CUST-002283,Silver,227.35,15,5,0.21,56.4
CUST-004397,Silver,556.7,15,5,0.21,60.6
CUST-007178,Silver,466.27,6,2,0.21,52.1
CUST-005082,Silver,381.47,15,5,0.21,60.0
CUST-002409,Silver,418.85,15,5,0.21,60.4
CUST-006922,Silver,223.56,12,4,0.21,69.0
CUST-003313,Silver,187.69,15,5,0.21,57.6
CUST-005894,Silver,584.7,15,5,0.21,60.2
CUST-005240,Silver,282.32,12,4,0.21,58.7
CUST-003462,Silver,303.51,12,4,0.21,55.2
CUST-005748,Silver,492.7,15,5,0.21,59.2
CUST-001365,Silver,663.76,15,5,0.21,73.8
CUST-002585,Silver,419.52,6,2,0.21,56.0
CUST-001839,Silver,369.32,12,4,0.21,55.8
CUST-001159,Silver,475.4,15,5,0.21,58.2
CUST-003240,Silver,519.87,15,5,0.21,60.0
CUST-003818,Silver,277.77,12,4,0.21,53.6
CUST-001631,Silver,360.12,12,4,0.21,58.7
CUST-002069,Silver,679.47,15,5,0.21,61.4
CUST-005143,Silver,551.38,12,4,0.21,55.9
CUST-003018,Silver,719.57,12,4,0.21,58.4
CUST-005199,Silver,390.83,12,4,0.21,58.1
CUST-005884,Silver,243.06,15,5,0.21,56.0
CUST-002742,Silver,509.85,15,5,0.21,60.4
CUST-005862,Silver,324.56,12,4,0.21,54.4
CUST-003890,Silver,362.9,15,5,0.21,56.5
CUST-005041,Silver,142.06,12,4,0.21,52.5
CUST-004589,Silver,582.23,6,2,0.21,55.5
CUST-006951,Silver,418.34,12,4,0.21,56.6
CUST-006967,Silver,709.34,15,5,0.21,61.7
CUST-005684,Silver,289.97,6,2,0.21,51.2
CUST-002453,Silver,369.94,12,4,0.21,53.8
CUST-002446,Silver,409.18,27,9,0.21,81.3
CUST-001304,Silver,451.94,15,5,0.21,55.9
CUST-006959,Silver,321.05,12,4,0.21,56.7
CUST-005403,Silver,534.44,6,2,0.21,49.9
CUST-000590,Silver,326.48,12,4,0.21,57.0
CUST-001446,Silver,401.43,15,5,0.21,57.4
CUST-001528,Silver,692.31,12,4,0.21,57.7
CUST-001532,Silver,858.28,12,4,0.21,57.1
CUST-004073,Silver,549.65,12,4,0.21,59.5
CUST-006771,Silver,378.34,24,8,0.21,61.6
CUST-001043,Silver,269.05,12,4,0.21,56.1
CUST-005132,Silver,383.84,22,7,0.20863636363636362,57.2
CUST-001173,Silver,558.21,22,7,0.20863636363636362,62.8
CUST-007022,Silver,452.34,22,7,0.20863636363636362,62.3
CUST-006062,Silver,275.47,22,7,0.20863636363636362,59.7
CUST-003396,Silver,437.97,19,6,0.20842105263157895,61.3
CUST-007840,Silver,149.45,19,6,0.20842105263157895,54.2
CUST-002700,Silver,359.15,19,6,0.20842105263157895,59.7
CUST-000627,Silver,351.08,19,6,0.20842105263157895,58.6
CUST-003717,Silver,225.79,19,6,0.20842105263157895,55.3
CUST-005283,Silver,520.74,19,6,0.20842105263157895,57.6
CUST-004061,Silver,609.92,19,6,0.20842105263157895,79.3
CUST-000087,Silver,434.8,19,6,0.20842105263157895,60.3
CUST-004643,Silver,372.14,19,6,0.20842105263157895,60.6
CUST-007403,Silver,268.0,19,6,0.20842105263157895,57.1
CUST-004929,Silver,385.96,19,6,0.20842105263157895,59.1
CUST-004694,Silver,256.58,19,6,0.20842105263157895,54.0
CUST-003427,Silver,310.84,19,6,0.20842105263157895,58.2
CUST-005912,Silver,490.5,19,6,0.20842105263157895,60.6
CUST-003970,Silver,674.5,19,6,0.20842105263157895,59.7
CUST-002139,Silver,349.5,19,6,0.20842105263157895,60.2
CUST-007677,Silver,658.54,16,5,0.208125,82.4
CUST-007714,Silver,625.89,16,5,0.208125,56.3
CUST-006455,Silver,344.96,16,5,0.208125,58.6
CUST-006450,Silver,887.1,16,5,0.208125,62.2
CUST-002239,Silver,481.05,16,5,0.208125,61.9
CUST-000104,Silver,288.55,16,5,0.208125,59.9
CUST-004221,Silver,366.9,16,5,0.208125,55.9
CUST-004430,Silver,488.25,16,5,0.208125,62.2
CUST-004809,Silver,545.84,16,5,0.208125,57.1
CUST-000696,Silver,384.9,16,5,0.208125,56.7
CUST-007816,Silver,639.44,16,5,0.208125,61.2
CUST-001996,Silver,198.83,16,5,0.208125,57.0
CUST-007258,Silver,328.9,16,5,0.208125,53.1
CUST-005845,Silver,1255.6,16,5,0.208125,64.9
CUST-005173,Silver,433.2,16,5,0.208125,58.6
CUST-001204,Silver,545.6,16,5,0.208125,78.8
CUST-001617,Silver,495.86,16,5,0.208125,56.8
CUST-002983,Silver,342.44,16,5,0.208125,57.7
CUST-000078,Silver,617.05,16,5,0.208125,60.0
CUST-004376,Silver,392.35,16,5,0.208125,58.9
CUST-007767,Silver,523.79,16,5,0.208125,61.2
CUST-004254,Silver,645.81,16,5,0.208125,55.4
CUST-004194,Silver,600.04,16,5,0.208125,58.0
CUST-001010,Silver,228.4,16,5,0.208125,53.7
CUST-000790,Silver,444.33,16,5,0.208125,61.8
CUST-001533,Silver,273.97,16,5,0.208125,57.3
CUST-003416,Silver,409.02,16,5,0.208125,61.1
CUST-002493,Silver,1160.42,16,5,0.208125,65.1
CUST-001276,Silver,499.09,16,5,0.208125,60.3
CUST-000872,Silver,895.74,16,5,0.208125,64.5
CUST-002817,Silver,308.74,16,5,0.208125,56.9
CUST-004555,Silver,461.86,16,5,0.208125,59.9
CUST-000057,Silver,562.83,16,5,0.208125,57.6
CUST-000801,Silver,388.59,16,5,0.208125,60.0
CUST-000209,Silver,535.3,16,5,0.208125,58.8
CUST-003630,Silver,685.27,29,9,0.20793103448275863,64.4
CUST-007640,Silver,698.26,13,4,0.2076923076923077,60.6
CUST-005292,Silver,664.05,13,4,0.2076923076923077,57.9
CUST-003690,Silver,623.51,13,4,0.2076923076923077,59.8
CUST-002761,Silver,360.64,13,4,0.2076923076923077,59.2
CUST-002226,Silver,359.57,13,4,0.2076923076923077,52.3
CUST-006024,Silver,476.03,13,4,0.2076923076923077,57.0
CUST-004322,Silver,500.52,13,4,0.2076923076923077,56.9
CUST-000938,Silver,452.72,13,4,0.2076923076923077,59.0
CUST-005239,Silver,572.91,13,4,0.2076923076923077,55.8
CUST-000690,Silver,556.6,13,4,0.2076923076923077,59.7
CUST-002612,Silver,756.08,13,4,0.2076923076923077,61.9
CUST-007158,Silver,586.62,13,4,0.2076923076923077,57.4
CUST-000706,Silver,495.9,13,4,0.2076923076923077,58.9
CUST-004862,Silver,198.17,13,4,0.2076923076923077,53.1
CUST-001232,Silver,480.79,13,4,0.2076923076923077,55.1
CUST-000567,Silver,349.32,13,4,0.2076923076923077,57.2
CUST-005027,Silver,205.45,13,4,0.2076923076923077,54.8
CUST-002791,Silver,646.69,13,4,0.2076923076923077,60.1
CUST-004014,Silver,700.27,13,4,0.2076923076923077,60.6
CUST-000966,Silver,371.81,13,4,0.2076923076923077,57.6
CUST-001913,Silver,335.04,13,4,0.2076923076923077,55.6
CUST-005679,Silver,452.99,13,4,0.2076923076923077,55.0
CUST-005607,Silver,478.32,13,4,0.2076923076923077,56.4
CUST-000996,Silver,550.37,13,4,0.2076923076923077,58.9
CUST-000995,Silver,434.94,13,4,0.2076923076923077,54.5
CUST-002754,Silver,465.27,13,4,0.2076923076923077,55.9
CUST-006648,Silver,368.77,13,4,0.2076923076923077,57.8
CUST-006598,Silver,318.27,13,4,0.2076923076923077,58.0
CUST-004932,Silver,493.51,13,4,0.2076923076923077,59.2
CUST-003753,Silver,612.34,23,7,0.20739130434782607,63.4
CUST-003992,Silver,355.36,23,7,0.20739130434782607,76.8
CUST-004561,Silver,550.93,20,6,0.207,61.2
CUST-007372,Silver,406.55,10,3,0.207,54.1
CUST-002051,Silver,409.12,10,3,0.207,54.5
CUST-002688,Silver,437.66,10,3,0.207,56.0
CUST-005844,Silver,957.15,10,3,0.207,60.8
CUST-003021,Silver,410.14,10,3,0.207,53.9
CUST-003105,Silver,708.88,10,3,0.207,54.7
CUST-006254,Silver,951.05,10,3,0.207,56.8
CUST-006005,Silver,384.34,10,3,0.207,54.2
CUST-002437,Silver,224.52,10,3,0.207,51.5
CUST-003965,Silver,467.18,10,3,0.207,58.2
CUST-003899,Silver,441.27,10,3,0.207,54.3
CUST-005527,Silver,257.84,20,6,0.207,57.6
CUST-002068,Silver,538.22,20,6,0.207,59.0
CUST-003972,Silver,465.92,10,3,0.207,52.5
CUST-004319,Silver,441.77,10,3,0.207,56.3
CUST-003429,Silver,411.24,10,3,0.207,53.5
CUST-002284,Silver,322.37,10,3,0.207,51.1
CUST-002744,Silver,460.08,10,3,0.207,52.8
CUST-003736,Silver,419.82,10,3,0.207,53.7
CUST-006054,Silver,377.11,10,3,0.207,50.3
CUST-003564,Silver,477.45,10,3,0.207,57.3
CUST-007520,Silver,278.14,10,3,0.207,50.8
CUST-005669,Silver,549.9,20,6,0.207,59.9
CUST-000521,Silver,533.64,10,3,0.207,53.7
CUST-005907,Silver,535.81,20,6,0.207,58.8
CUST-000906,Silver,384.94,20,6,0.207,59.7
CUST-005151,Silver,601.57,20,6,0.207,59.8
CUST-003319,Silver,359.41,20,6,0.207,58.1
CUST-001450,Silver,751.53,20,6,0.207,60.9
CUST-006415,Silver,565.74,10,3,0.207,53.8
CUST-002274,Silver,308.27,10,3,0.207,55.3
CUST-004701,Silver,810.36,10,3,0.207,53.3
CUST-002133,Silver,439.85,20,6,0.207,61.3
CUST-004389,Silver,317.82,10,3,0.207,51.2
CUST-001710,Silver,787.34,10,3,0.207,54.4
CUST-005877,Silver,498.56,17,5,0.2064705882352941,59.3
CUST-007580,Silver,277.28,17,5,0.2064705882352941,55.8
CUST-005039,Silver,386.86,17,5,0.2064705882352941,58.0
CUST-003966,Silver,450.03,17,5,0.2064705882352941,60.8
CUST-004807,Silver,388.76,17,5,0.2064705882352941,57.1
CUST-001398,Silver,557.21,17,5,0.2064705882352941,60.5
CUST-007654,Silver,330.45,17,5,0.2064705882352941,54.4
CUST-001825,Silver,243.67,17,5,0.2064705882352941,57.1
CUST-005065,Silver,384.7,17,5,0.2064705882352941,80.1
CUST-002282,Silver,598.62,17,5,0.2064705882352941,61.1
CUST-001321,Silver,1084.06,17,5,0.2064705882352941,64.0
CUST-000825,Silver,329.58,17,5,0.2064705882352941,58.4
CUST-006438,Silver,752.67,17,5,0.2064705882352941,62.9
CUST-006511,Silver,683.62,17,5,0.2064705882352941,57.6
CUST-000847,Silver,297.86,17,5,0.2064705882352941,58.1
CUST-006532,Silver,597.77,24,7,0.20625000000000002,60.7
CUST-004659,Silver,480.74,21,6,0.20571428571428574,60.2
CUST-006927,Silver,298.15,21,6,0.20571428571428574,57.7
CUST-002075,Silver,517.04,21,6,0.20571428571428574,76.0
CUST-000826,Silver,292.95,7,2,0.2057142857142857,52.4
CUST-005448,Silver,483.71,14,4,0.2057142857142857,58.3
CUST-002277,Silver,718.06,14,4,0.2057142857142857,60.7
CUST-000436,Silver,468.98,14,4,0.2057142857142857,58.6
CUST-001460,Silver,382.21,14,4,0.2057142857142857,57.9
CUST-002168,Silver,387.06,14,4,0.2057142857142857,56.0
CUST-007238,Silver,321.99,14,4,0.2057142857142857,56.5
CUST-003729,Silver,579.36,14,4,0.2057142857142857,56.1
CUST-001127,Silver,220.38,14,4,0.2057142857142857,50.7
CUST-003581,Silver,236.61,14,4,0.2057142857142857,53.9
CUST-005693,Silver,370.35,14,4,0.2057142857142857,52.9
CUST-000970,Silver,441.66,14,4,0.2057142857142857,58.7
CUST-001645,Silver,834.0,14,4,0.2057142857142857,61.2
CUST-006215,Silver,922.75,14,4,0.2057142857142857,55.4
CUST-007030,Silver,465.72,14,4,0.2057142857142857,54.9
CUST-001714,Silver,338.91,14,4,0.2057142857142857,53.7
CUST-002557,Silver,448.62,14,4,0.2057142857142857,58.7
CUST-000725,Silver,826.21,7,2,0.2057142857142857,54.8
CUST-003895,Silver,336.62,14,4,0.2057142857142857,57.2
CUST-006905,Silver,452.47,14,4,0.2057142857142857,78.0
CUST-005920,Silver,600.99,14,4,0.2057142857142857,81.1
CUST-005881,Silver,278.18,14,4,0.2057142857142857,54.6
CUST-001836,Silver,491.88,14,4,0.2057142857142857,60.2
CUST-004465,Silver,686.53,14,4,0.2057142857142857,57.5
CUST-003609,Silver,665.15,14,4,0.2057142857142857,58.6
CUST-001046,Silver,738.5,14,4,0.2057142857142857,60.6
CUST-002930,Silver,254.24,14,4,0.2057142857142857,56.0
CUST-004842,Silver,553.9,7,2,0.2057142857142857,51.3
CUST-005101,Silver,410.76,14,4,0.2057142857142857,56.2
CUST-004853,Silver,296.43,14,4,0.2057142857142857,56.9
CUST-000458,Silver,362.31,14,4,0.2057142857142857,55.8
CUST-007143,Silver,668.36,14,4,0.2057142857142857,60.4
CUST-003053,Silver,536.9,14,4,0.2057142857142857,59.6
CUST-003102,Silver,420.44,14,4,0.2057142857142857,77.6
CUST-007539,Silver,373.44,14,4,0.2057142857142857,56.1
CUST-006481,Silver,381.5,14,4,0.2057142857142857,55.9
CUST-007869,Silver,888.88,14,4,0.2057142857142857,59.4
CUST-002137,Silver,326.17,14,4,0.2057142857142857,57.2
CUST-004910,Silver,423.28,14,4,0.2057142857142857,60.4
CUST-005479,Silver,339.59,7,2,0.2057142857142857,48.1
CUST-002607,Silver,461.78,18,5,0.205,54.6
CUST-002901,Silver,209.19,18,5,0.205,57.2
CUST-003074,Silver,751.87,18,5,0.205,64.0
CUST-000309,Silver,446.08,18,5,0.205,59.8
CUST-004663,Silver,784.26,18,5,0.205,57.0
CUST-005304,Silver,518.39,18,5,0.205,57.5
CUST-004798,Silver,669.36,18,5,0.205,60.4
CUST-006380,Silver,556.31,18,5,0.205,60.8
CUST-003461,Silver,473.31,18,5,0.205,60.1
CUST-001324,Silver,886.33,18,5,0.205,59.2
CUST-005330,Silver,716.05,18,5,0.205,61.8
CUST-004779,Silver,417.73,18,5,0.205,56.4
CUST-006291,Silver,291.93,22,6,0.20454545454545456,57.8
CUST-000697,Silver,181.81,11,3,0.20454545454545456,53.7
CUST-001619,Silver,552.55,11,3,0.20454545454545456,56.3
CUST-004594,Silver,302.43,11,3,0.20454545454545456,55.2
CUST-006644,Silver,361.08,11,3,0.20454545454545456,49.8
CUST-002553,Silver,569.16,11,3,0.20454545454545456,58.0
CUST-000223,Silver,1125.18,11,3,0.20454545454545456,56.5
CUST-001609,Silver,369.22,11,3,0.20454545454545456,51.1
CUST-003665,Silver,1058.22,11,3,0.20454545454545456,57.2
CUST-004534,Silver,794.95,11,3,0.20454545454545456,55.3
CUST-000221,Silver,874.05,11,3,0.20454545454545456,59.2
CUST-007635,Silver,544.28,11,3,0.20454545454545456,57.4
CUST-002153,Silver,435.36,11,3,0.20454545454545456,52.4
CUST-007554,Silver,417.11,11,3,0.20454545454545456,56.1
CUST-004894,Silver,398.9,11,3,0.20454545454545456,52.1
CUST-003435,Silver,485.0,11,3,0.20454545454545456,53.3
CUST-006376,Silver,599.46,11,3,0.20454545454545456,59.7
CUST-005295,Silver,321.07,11,3,0.20454545454545456,55.4
CUST-002231,Silver,569.69,11,3,0.20454545454545456,55.5
CUST-001317,Silver,609.62,11,3,0.20454545454545456,56.7
CUST-000674,Silver,588.56,11,3,0.20454545454545456,52.2
CUST-002326,Silver,406.02,11,3,0.20454545454545456,57.4
CUST-002662,Silver,866.05,11,3,0.20454545454545456,52.7
CUST-004886,Silver,593.82,11,3,0.20454545454545456,58.2
CUST-003084,Silver,561.43,11,3,0.20454545454545456,56.7
CUST-000169,Silver,321.53,11,3,0.20454545454545456,53.5
CUST-000379,Silver,432.85,11,3,0.20454545454545456,56.2
CUST-000700,Silver,510.02,26,7,0.20423076923076922,62.0
CUST-003044,Silver,613.98,15,4,0.20400000000000001,56.7
CUST-005340,Silver,368.31,15,4,0.20400000000000001,59.8
CUST-007769,Silver,698.17,15,4,0.20400000000000001,54.4
CUST-007125,Silver,464.5,15,4,0.20400000000000001,55.9
CUST-002994,Silver,490.04,15,4,0.20400000000000001,57.2
CUST-002997,Silver,1315.23,15,4,0.20400000000000001,60.5
CUST-006463,Silver,307.0,15,4,0.20400000000000001,58.0
CUST-003771,Silver,126.01,15,4,0.20400000000000001,49.4
CUST-006447,Silver,218.47,15,4,0.20400000000000001,53.5
CUST-000873,Silver,915.68,15,4,0.20400000000000001,63.5
CUST-006800,Silver,303.02,15,4,0.20400000000000001,55.0
CUST-005255,Silver,634.8,15,4,0.20400000000000001,60.5
CUST-006862,Silver,1223.53,15,4,0.20400000000000001,64.3
CUST-000551,Silver,334.96,15,4,0.20400000000000001,55.0
CUST-005153,Silver,275.35,15,4,0.20400000000000001,54.8
CUST-005228,Silver,845.78,15,4,0.20400000000000001,59.5
CUST-005871,Silver,564.69,15,4,0.20400000000000001,57.1
CUST-003101,Silver,239.19,15,4,0.20400000000000001,49.9
CUST-005723,Silver,464.86,15,4,0.20400000000000001,57.3
CUST-003199,Silver,397.37,15,4,0.20400000000000001,58.1
CUST-006757,Silver,438.58,15,4,0.20400000000000001,56.6
CUST-002659,Silver,256.77,15,4,0.20400000000000001,52.3
CUST-004118,Silver,740.1,15,4,0.20400000000000001,56.4
CUST-001033,Silver,759.22,19,5,0.2036842105263158,57.5
CUST-007896,Silver,442.35,19,5,0.2036842105263158,60.7
CUST-006153,Silver,408.22,19,5,0.2036842105263158,60.3
CUST-000260,Silver,311.52,19,5,0.2036842105263158,59.8
CUST-004167,Silver,491.17,19,5,0.2036842105263158,58.4
CUST-006418,Silver,280.87,8,2,0.2025,48.3
CUST-002582,Silver,392.28,12,3,0.2025,57.8
CUST-005990,Silver,668.52,12,3,0.2025,52.8
CUST-006223,Silver,465.49,8,2,0.2025,54.2
CUST-002900,Silver,579.44,24,6,0.2025,61.4
CUST-001651,Silver,496.13,12,3,0.2025,54.2
CUST-003005,Silver,354.95,8,2,0.2025,53.0
CUST-007920,Silver,319.62,16,4,0.2025,59.2
CUST-005408,Silver,235.46,12,3,0.2025,49.5
CUST-007890,Silver,326.68,12,3,0.2025,55.9
CUST-003954,Silver,297.77,16,4,0.2025,57.9
CUST-007090,Silver,795.67,16,4,0.2025,59.0
CUST-004860,Silver,414.73,12,3,0.2025,51.9
CUST-007883,Silver,294.48,8,2,0.2025,52.2
CUST-002222,Silver,340.07,16,4,0.2025,56.7
CUST-002390,Silver,561.71,12,3,0.2025,55.4
CUST-006357,Silver,843.54,8,2,0.2025,57.8
CUST-005166,Silver,342.72,12,3,0.2025,51.4
CUST-004302,Silver,313.67,16,4,0.2025,56.8
CUST-002530,Silver,351.2,16,4,0.2025,57.6
CUST-003241,Silver,382.34,12,3,0.2025,52.1
CUST-004623,Silver,728.12,8,2,0.2025,54.0
CUST-003065,Silver,644.7,8,2,0.2025,52.7
CUST-004592,Silver,511.68,4,1,0.2025,51.5
CUST-002875,Silver,356.53,12,3,0.2025,49.8
CUST-001933,Silver,577.64,8,2,0.2025,56.3
CUST-004967,Silver,477.77,12,3,0.2025,52.8
CUST-003151,Silver,790.12,12,3,0.2025,59.3
CUST-004581,Silver,273.24,24,6,0.2025,57.6
CUST-002823,Silver,287.19,4,1,0.2025,51.1
CUST-006495,Silver,246.13,8,2,0.2025,48.7
CUST-002012,Silver,387.57,8,2,0.2025,46.4
CUST-005682,Silver,423.7,12,3,0.2025,54.1
CUST-002780,Silver,704.18,16,4,0.2025,62.6
CUST-006549,Silver,728.44,16,4,0.2025,56.7
CUST-005110,Silver,384.63,16,4,0.2025,56.2
CUST-000898,Silver,585.39,16,4,0.2025,55.9
CUST-004150,Silver,905.2,16,4,0.2025,59.2
CUST-004927,Silver,345.48,8,2,0.2025,51.1
CUST-001329,Silver,205.71,12,3,0.2025,50.9
CUST-004650,Silver,300.24,16,4,0.2025,54.8
CUST-001834,Silver,338.25,12,3,0.2025,49.7
CUST-005824,Silver,868.91,8,2,0.2025,54.9
CUST-007397,Silver,472.43,16,4,0.2025,57.2
CUST-006314,Silver,945.34,16,4,0.2025,59.6
CUST-007808,Silver,561.18,16,4,0.2025,56.0
CUST-006731,Silver,532.11,20,5,0.20249999999999999,81.6
CUST-001828,Silver,481.63,20,5,0.20249999999999999,57.8
CUST-007766,Silver,402.05,20,5,0.20249999999999999,60.3
CUST-005561,Silver,303.61,20,5,0.20249999999999999,53.8
CUST-006233,Silver,405.53,25,6,0.2016,55.9
CUST-000776,Silver,370.61,21,5,0.20142857142857146,58.9
CUST-005633,Silver,337.92,21,5,0.20142857142857146,55.4
CUST-004504,Silver,462.75,17,4,0.2011764705882353,56.7
CUST-003505,Silver,417.61,17,4,0.2011764705882353,56.4
CUST-007096,Silver,733.71,17,4,0.2011764705882353,58.6
CUST-007891,Silver,365.43,17,4,0.2011764705882353,56.0
CUST-004188,Silver,877.97,17,4,0.2011764705882353,56.3
CUST-002355,Silver,341.93,17,4,0.2011764705882353,58.5
CUST-006709,Silver,321.47,17,4,0.2011764705882353,53.2
CUST-001417,Silver,1027.74,17,4,0.2011764705882353,57.8
CUST-000949,Silver,358.56,17,4,0.2011764705882353,57.6
CUST-007039,Silver,290.26,17,4,0.2011764705882353,56.8
CUST-007843,Silver,487.57,17,4,0.2011764705882353,52.9
CUST-000441,Silver,584.2,17,4,0.2011764705882353,59.7
CUST-003061,Silver,284.0,17,4,0.2011764705882353,58.7
CUST-000046,Silver,401.18,13,3,0.20076923076923076,56.1
CUST-005356,Silver,296.4,13,3,0.20076923076923076,56.4
CUST-002249,Silver,593.53,13,3,0.20076923076923076,58.2
CUST-005067,Silver,780.68,13,3,0.20076923076923076,57.2
CUST-005217,Silver,391.82,13,3,0.20076923076923076,55.9
CUST-005466,Silver,149.47,13,3,0.20076923076923076,51.3
CUST-005427,Silver,222.35,13,3,0.20076923076923076,49.8
CUST-006453,Silver,656.95,13,3,0.20076923076923076,60.6
CUST-002455,Silver,750.25,13,3,0.20076923076923076,58.7
CUST-006809,Silver,493.76,13,3,0.20076923076923076,55.6
CUST-000150,Silver,631.57,13,3,0.20076923076923076,56.4
CUST-006113,Silver,851.54,13,3,0.20076923076923076,57.5
CUST-003763,Silver,427.05,13,3,0.20076923076923076,56.5
CUST-004384,Silver,444.95,26,6,0.20076923076923076,61.4
CUST-004308,Silver,297.48,13,3,0.20076923076923076,52.3
CUST-005821,Silver,345.43,22,5,0.20045454545454547,59.6
CUST-006788,Silver,434.04,18,4,0.2,54.4
CUST-003797,Silver,221.47,9,2,0.2,51.1
CUST-003114,Silver,406.81,9,2,0.2,55.8
CUST-006001,Silver,652.27,9,2,0.2,53.9
CUST-006585,Silver,536.75,9,2,0.2,52.8
CUST-003809,Silver,428.63,9,2,0.2,51.9
CUST-006564,Silver,551.04,18,4,0.2,59.6
CUST-005157,Silver,822.23,18,4,0.2,63.2
CUST-005192,Silver,176.49,9,2,0.2,50.8
CUST-005242,Silver,242.42,9,2,0.2,51.3
CUST-004753,Silver,477.07,9,2,0.2,54.5
CUST-004806,Silver,611.65,18,4,0.2,55.3
CUST-003891,Silver,436.34,9,2,0.2,52.2
CUST-002156,Silver,456.6,9,2,0.2,51.4
CUST-000037,Silver,368.53,18,4,0.2,57.6
CUST-007998,Silver,580.55,9,2,0.2,55.5
CUST-004505,Silver,482.35,23,5,0.19956521739130434,55.7
CUST-007356,Silver,642.99,14,3,0.1992857142857143,57.6
CUST-003619,Silver,343.88,14,3,0.1992857142857143,53.1
CUST-000589,Silver,592.55,14,3,0.1992857142857143,53.8
CUST-006370,Silver,331.78,14,3,0.1992857142857143,55.2
CUST-002622,Silver,350.26,14,3,0.1992857142857143,53.2
CUST-002394,Silver,742.66,14,3,0.1992857142857143,53.4
CUST-007184,Silver,464.15,14,3,0.1992857142857143,58.6
CUST-005489,Silver,675.24,14,3,0.1992857142857143,60.7
CUST-006596,Silver,556.18,14,3,0.1992857142857143,51.9
CUST-003097,Silver,419.65,14,3,0.1992857142857143,56.5
CUST-000978,Silver,314.8,14,3,0.1992857142857143,53.4
CUST-002321,Silver,894.34,14,3,0.1992857142857143,55.8
CUST-004258,Silver,226.65,14,3,0.1992857142857143,53.9
CUST-005940,Silver,266.68,14,3,0.1992857142857143,52.0
CUST-004357,Silver,533.63,14,3,0.1992857142857143,54.0
CUST-003208,Silver,398.09,14,3,0.1992857142857143,56.2
CUST-002480,Silver,577.37,14,3,0.1992857142857143,59.1
CUST-001864,Silver,529.08,14,3,0.1992857142857143,57.7
CUST-000134,Silver,343.62,14,3,0.1992857142857143,56.7
CUST-005953,Silver,390.57,14,3,0.1992857142857143,52.3
CUST-001936,Silver,240.55,14,3,0.1992857142857143,55.2
CUST-006182,Silver,401.83,14,3,0.1992857142857143,51.6
CUST-007491,Silver,193.88,19,4,0.19894736842105262,53.8
CUST-004092,Silver,378.65,10,2,0.198,50.3
CUST-006543,Silver,692.51,10,2,0.198,53.5
CUST-004329,Silver,640.12,10,2,0.198,54.3
CUST-006909,Silver,331.16,10,2,0.198,45.2
CUST-003867,Silver,405.76,5,1,0.198,50.6
CUST-007444,Silver,696.83,10,2,0.198,73.9
CUST-006133,Silver,528.26,5,1,0.198,47.9
CUST-000353,Silver,606.56,10,2,0.198,53.7
CUST-001858,Silver,466.07,10,2,0.198,50.2
CUST-000667,Silver,338.64,10,2,0.198,52.6
CUST-002545,Silver,286.89,10,2,0.198,54.4
CUST-007406,Silver,528.22,10,2,0.198,57.1
CUST-002907,Silver,575.75,10,2,0.198,53.8
CUST-007253,Silver,620.51,10,2,0.198,73.6
CUST-004628,Silver,784.95,10,2,0.198,54.6
CUST-001923,Silver,389.98,20,4,0.198,54.0
CUST-002729,Silver,314.76,10,2,0.198,54.8
CUST-006212,Silver,446.4,20,4,0.198,60.7
CUST-006973,Silver,442.84,15,3,0.19799999999999998,56.9
CUST-000632,Silver,359.71,15,3,0.19799999999999998,57.5
CUST-007511,Silver,401.62,15,3,0.19799999999999998,50.8
CUST-000311,Silver,340.15,15,3,0.19799999999999998,55.2
CUST-003305,Silver,301.21,15,3,0.19799999999999998,53.4
CUST-007880,Silver,652.5,15,3,0.19799999999999998,59.6
CUST-003150,Silver,627.74,15,3,0.19799999999999998,55.4
CUST-003137,Silver,421.18,15,3,0.19799999999999998,54.0
CUST-000062,Silver,491.28,15,3,0.19799999999999998,58.4
CUST-004653,Silver,921.55,15,3,0.19799999999999998,58.1
CUST-006824,Silver,386.92,15,3,0.19799999999999998,50.4
CUST-003144,Silver,513.53,15,3,0.19799999999999998,54.6
CUST-002705,Silver,213.76,15,3,0.19799999999999998,50.7
CUST-002918,Silver,563.96,15,3,0.19799999999999998,54.2
CUST-003035,Silver,282.34,21,4,0.19714285714285712,56.9
CUST-007464,Silver,383.51,21,4,0.19714285714285712,54.5
CUST-006322,Silver,684.82,16,3,0.196875,60.7
CUST-007701,Silver,631.86,16,3,0.196875,58.2
CUST-001500,Silver,601.33,16,3,0.196875,57.7
CUST-002964,Silver,500.63,16,3,0.196875,54.4
CUST-001113,Silver,625.04,16,3,0.196875,58.2
CUST-004654,Silver,1104.3,16,3,0.196875,53.4
CUST-005730,Silver,537.9,16,3,0.196875,53.8
CUST-000357,Silver,687.45,16,3,0.196875,54.4
CUST-000258,Silver,276.52,16,3,0.196875,47.8
CUST-002910,Silver,410.59,16,3,0.196875,56.2
CUST-006224,Silver,745.71,11,2,0.19636363636363638,54.2
CUST-002490,Silver,402.4,11,2,0.19636363636363638,52.6
CUST-006441,Silver,492.52,11,2,0.19636363636363638,48.4
CUST-007834,Silver,505.92,11,2,0.19636363636363638,50.9
CUST-007565,Silver,409.18,11,2,0.19636363636363638,49.7
CUST-003887,Silver,376.32,11,2,0.19636363636363638,52.3
CUST-005196,Silver,363.59,11,2,0.19636363636363638,50.8
CUST-006491,Silver,382.27,11,2,0.19636363636363638,49.2
CUST-005337,Silver,490.13,11,2,0.19636363636363638,53.6
CUST-004339,Silver,227.93,17,3,0.19588235294117648,53.3
CUST-007467,Silver,592.55,17,3,0.19588235294117648,73.4
CUST-003738,Silver,356.65,17,3,0.19588235294117648,56.8
CUST-001291,Silver,364.46,17,3,0.19588235294117648,53.3
CUST-006965,Silver,735.45,12,2,0.19499999999999998,56.4
CUST-003653,Silver,250.5,6,1,0.19499999999999998,45.6
CUST-002603,Silver,632.84,12,2,0.19499999999999998,51.8
CUST-007283,Silver,354.17,18,3,0.19499999999999998,51.6
CUST-004481,Silver,246.72,6,1,0.19499999999999998,36.5
CUST-007903,Silver,483.62,18,3,0.19499999999999998,54.3
CUST-006126,Silver,320.26,6,1,0.19499999999999998,45.3
CUST-001325,Silver,547.73,12,2,0.19499999999999998,54.2
CUST-001216,Silver,367.05,12,2,0.19499999999999998,51.0
CUST-004017,Silver,408.47,12,2,0.19499999999999998,52.6
CUST-004704,Silver,365.31,18,3,0.19499999999999998,55.8
CUST-000542,Silver,511.23,12,2,0.19499999999999998,47.7
CUST-003107,Silver,643.2,12,2,0.19499999999999998,53.7
CUST-003573,Silver,564.76,6,1,0.19499999999999998,46.2
CUST-001359,Silver,457.4,18,3,0.19499999999999998,58.0
CUST-007481,Silver,435.81,18,3,0.19499999999999998,52.5
CUST-006721,Silver,265.07,19,3,0.19421052631578947,54.4
CUST-001599,Silver,404.53,19,3,0.19421052631578947,53.4
CUST-003193,Silver,333.97,19,3,0.19421052631578947,55.3
CUST-007056,Silver,646.1,13,2,0.19384615384615383,57.9
CUST-007819,Silver,769.1,13,2,0.19384615384615383,56.2
CUST-007308,Silver,889.34,13,2,0.19384615384615383,54.8
CUST-003117,Silver,313.29,13,2,0.19384615384615383,48.7
CUST-000072,Silver,307.17,13,2,0.19384615384615383,52.6
CUST-000446,Silver,271.48,13,2,0.19384615384615383,47.8
CUST-002353,Silver,539.75,20,3,0.1935,55.5
CUST-003816,Silver,526.82,20,3,0.1935,59.7
CUST-006548,Silver,428.21,7,1,0.19285714285714287,50.9
CUST-000097,Silver,424.43,14,2,0.19285714285714287,50.5
CUST-006364,Silver,1054.26,14,2,0.19285714285714287,53.5
CUST-007088,Silver,413.14,7,1,0.19285714285714287,50.2
CUST-006500,Silver,568.53,15,2,0.192,76.4
CUST-002617,Silver,675.76,15,2,0.192,52.1
CUST-005791,Silver,597.02,15,2,0.192,49.4
CUST-005945,Silver,439.96,16,2,0.19125,50.4
CUST-004211,Silver,566.14,16,2,0.19125,52.9
CUST-000806,Silver,881.55,16,2,0.19125,57.0
CUST-007951,Silver,363.83,16,2,0.19125,54.3
CUST-001193,Silver,444.1,16,2,0.19125,52.3
CUST-006934,Silver,596.39,17,2,0.19058823529411764,55.6
CUST-005522,Silver,585.57,17,2,0.19058823529411764,55.5
CUST-002358,Silver,311.35,9,1,0.19,44.9
CUST-006387,Silver,300.1,9,1,0.19,45.1
CUST-000731,Silver,439.14,9,1,0.19,50.5
CUST-001985,Silver,900.35,9,1,0.19,55.8
CUST-005447,Silver,583.29,9,1,0.19,40.8
CUST-007248,Silver,609.91,9,1,0.19,48.2
CUST-000122,Silver,429.67,10,1,0.189,48.9
CUST-000091,Silver,395.59,10,1,0.189,44.1
CUST-007414,Silver,449.87,10,1,0.189,51.1
CUST-002186,Silver,585.6,11,1,0.18818181818181817,48.3
CUST-003815,Silver,363.99,11,1,0.18818181818181817,48.1
CUST-001712,Silver,276.54,12,1,0.1875,50.0
CUST-004956,Silver,409.8,12,1,0.1875,47.4
CUST-007733,Silver,200.62,12,1,0.1875,47.2
CUST-007970,Silver,300.85,12,1,0.1875,43.3
CUST-007950,Silver,412.68,14,1,0.18642857142857142,46.7
CUST-003560,Silver,293.51,14,1,0.18642857142857142,46.2
CUST-005873,Silver,422.18,14,1,0.18642857142857142,47.8
CUST-002525,Silver,368.9,15,1,0.186,46.8
CUST-005081,Silver,340.47,15,1,0.186,42.9
CUST-002990,Silver,698.22,11,0,0.18,35.4
CUST-002285,Silver,587.69,7,0,0.18,30.8
CUST-006280,Silver,210.2,9,0,0.18,32.0
CUST-006077,Gold,1307.49,13,11,0.1423076923076923,62.8
CUST-003502,Gold,1189.39,12,10,0.14166666666666666,62.3
CUST-006174,Gold,1521.99,15,12,0.14,63.4
CUST-005482,Gold,2133.61,14,11,0.1392857142857143,65.4
CUST-000892,Gold,1254.23,9,7,0.1388888888888889,62.3
CUST-007914,Gold,1104.07,13,10,0.13846153846153847,62.0
CUST-002418,Gold,988.49,17,13,0.13823529411764707,62.9
CUST-003594,Gold,839.99,17,13,0.13823529411764707,63.1
CUST-007504,Gold,1686.88,8,6,0.1375,61.2
CUST-003136,Gold,662.78,16,12,0.1375,61.6
CUST-005183,Gold,726.54,16,12,0.1375,62.6
CUST-002954,Gold,1142.43,12,9,0.13749999999999998,62.6
CUST-004857,Gold,972.77,12,9,0.13749999999999998,62.1
CUST-000844,Gold,3228.41,12,9,0.13749999999999998,65.0
CUST-000291,Gold,1353.91,12,9,0.13749999999999998,62.6
CUST-007324,Gold,1622.78,15,11,0.13666666666666666,65.6
CUST-000215,Gold,761.19,15,11,0.13666666666666666,63.5
CUST-003988,Gold,2782.01,11,8,0.13636363636363635,64.2
CUST-002932,Gold,1196.32,11,8,0.13636363636363635,64.7
CUST-006533,Gold,1022.88,7,5,0.1357142857142857,59.8
CUST-001764,Gold,1078.6,7,5,0.1357142857142857,63.3
CUST-000812,Gold,1138.24,14,10,0.1357142857142857,62.2
CUST-000855,Gold,952.97,14,10,0.1357142857142857,61.8
CUST-001652,Gold,1130.38,14,10,0.1357142857142857,62.0
CUST-001636,Gold,1225.09,14,10,0.1357142857142857,64.6
CUST-006073,Gold,1014.85,14,10,0.1357142857142857,62.3
CUST-000367,Gold,1604.23,14,10,0.1357142857142857,64.9
CUST-007049,Gold,1788.45,17,12,0.13529411764705881,63.3
CUST-006056,Gold,1999.13,17,12,0.13529411764705881,63.5
CUST-007509,Gold,686.0,17,12,0.13529411764705881,60.2
CUST-006986,Gold,2207.9,10,7,0.135,63.5
CUST-006183,Gold,1140.27,10,7,0.135,59.2
CUST-005507,Gold,734.61,20,14,0.135,62.4
CUST-002383,Gold,641.6,16,11,0.134375,61.8
CUST-004046,Gold,1590.07,16,11,0.134375,63.7
CUST-005246,Gold,991.42,12,8,0.13333333333333333,61.0
CUST-005545,Gold,856.13,18,12,0.13333333333333333,61.5
CUST-002634,Gold,1894.17,12,8,0.13333333333333333,64.7
CUST-001816,Gold,1550.35,9,6,0.13333333333333333,64.6
CUST-004021,Gold,1492.26,12,8,0.13333333333333333,65.1
CUST-005155,Gold,911.95,15,10,0.13333333333333333,61.7
CUST-000687,Gold,1052.57,9,6,0.13333333333333333,60.4
CUST-001392,Gold,1742.78,12,8,0.13333333333333333,61.6
CUST-000748,Gold,1008.47,9,6,0.13333333333333333,55.5
CUST-003024,Gold,1267.73,12,8,0.13333333333333333,64.4
CUST-001455,Gold,1538.83,12,8,0.13333333333333333,61.1
CUST-001130,Gold,1022.37,6,4,0.13333333333333333,54.2
CUST-001089,Gold,833.36,12,8,0.13333333333333333,61.1
CUST-001338,Gold,1685.35,12,8,0.13333333333333333,63.4
CUST-007031,Gold,1317.23,15,10,0.13333333333333333,63.1
CUST-006246,Gold,955.32,15,10,0.13333333333333333,61.9
CUST-006088,Gold,2069.63,9,6,0.13333333333333333,64.8
CUST-003375,Gold,1322.78,9,6,0.13333333333333333,61.5
CUST-004426,Gold,1094.1,20,13,0.1325,83.6
CUST-004985,Gold,1230.14,20,13,0.1325,64.8
CUST-000111,Gold,1325.79,20,13,0.1325,65.1
CUST-007795,Gold,1127.03,20,13,0.1325,83.3
CUST-004867,Gold,1517.48,20,13,0.1325,65.0
CUST-005200,Gold,975.47,17,11,0.1323529411764706,64.3
CUST-005415,Gold,917.49,17,11,0.1323529411764706,63.4
CUST-001067,Gold,484.85,17,11,0.1323529411764706,60.6
CUST-001241,Gold,1641.12,17,11,0.1323529411764706,65.6
CUST-000241,Gold,1164.74,17,11,0.1323529411764706,64.4
CUST-002359,Gold,1652.09,17,11,0.1323529411764706,65.5
CUST-001001,Gold,809.25,14,9,0.13214285714285715,62.3
CUST-007445,Gold,1032.18,14,9,0.13214285714285715,63.1
CUST-005154,Gold,1231.45,14,9,0.13214285714285715,63.7
CUST-000108,Gold,540.42,14,9,0.13214285714285715,62.0
CUST-002923,Gold,1887.49,11,7,0.1318181818181818,64.6
CUST-006854,Gold,932.13,11,7,0.1318181818181818,61.4
CUST-004709,Gold,1671.5,11,7,0.1318181818181818,60.2
CUST-004738,Gold,1277.87,11,7,0.1318181818181818,62.7
CUST-007436,Gold,2172.98,11,7,0.1318181818181818,63.5
CUST-001487,Gold,1561.24,22,14,0.1318181818181818,63.4
CUST-007597,Gold,731.33,22,14,0.1318181818181818,63.3
CUST-002170,Gold,1533.43,11,7,0.1318181818181818,62.0
CUST-001458,Gold,1472.12,11,7,0.1318181818181818,59.0
CUST-003470,Gold,984.81,11,7,0.1318181818181818,62.6
CUST-007729,Gold,966.52,11,7,0.1318181818181818,61.0
CUST-000531,Gold,1220.54,19,12,0.13157894736842105,73.9
CUST-007716,Gold,1560.89,19,12,0.13157894736842105,63.8
CUST-004050,Gold,2667.58,19,12,0.13157894736842105,64.4
CUST-001240,Gold,1279.24,19,12,0.13157894736842105,64.1
CUST-000273,Gold,880.35,19,12,0.13157894736842105,61.9
CUST-006209,Gold,614.42,19,12,0.13157894736842105,62.0
CUST-006433,Gold,987.53,16,10,0.13125,61.6
CUST-003478,Gold,717.84,16,10,0.13125,62.2
CUST-004826,Gold,824.81,16,10,0.13125,61.6
CUST-003699,Gold,988.93,16,10,0.13125,61.0
CUST-004863,Gold,1652.85,16,10,0.13125,65.6
CUST-005514,Gold,1848.96,24,15,0.13125,64.9
CUST-003757,Gold,1143.5,16,10,0.13125,63.6
CUST-001151,Gold,1062.32,8,5,0.13125,61.1
CUST-001972,Gold,1515.08,16,10,0.13125,63.1
CUST-001641,Gold,1239.17,8,5,0.13125,57.7
CUST-001872,Gold,1688.6,13,8,0.13076923076923078,64.0
CUST-004859,Gold,1515.26,13,8,0.13076923076923078,62.1
CUST-006504,Gold,2719.63,13,8,0.13076923076923078,64.2
CUST-007277,Gold,1222.05,13,8,0.13076923076923078,62.7
CUST-007310,Gold,1111.11,13,8,0.13076923076923078,76.9
CUST-003063,Gold,1351.83,13,8,0.13076923076923078,63.6
CUST-002235,Gold,1167.95,13,8,0.13076923076923078,62.6
CUST-003922,Gold,832.83,13,8,0.13076923076923078,60.8
CUST-001644,Gold,677.4,13,8,0.13076923076923078,56.9
CUST-007540,Gold,1562.09,13,8,0.13076923076923078,63.1
CUST-007419,Gold,1878.06,13,8,0.13076923076923078,59.7
CUST-002311,Gold,1362.56,18,11,0.13055555555555556,65.0
CUST-005787,Gold,1898.34,18,11,0.13055555555555556,65.6
CUST-002765,Gold,1439.17,18,11,0.13055555555555556,63.6
CUST-004518,Gold,1153.67,18,11,0.13055555555555556,62.7
CUST-005338,Gold,1221.63,15,9,0.13,64.6
CUST-000074,Gold,1187.93,20,12,0.13,64.4
CUST-000016,Gold,1201.4,10,6,0.13,59.2
CUST-001514,Gold,1368.49,10,6,0.13,58.7
CUST-004973,Gold,1313.97,10,6,0.13,60.2
CUST-004724,Gold,1033.96,10,6,0.13,60.1
CUST-003267,Gold,992.66,10,6,0.13,63.6
CUST-007585,Gold,1026.25,20,12,0.13,62.4
CUST-005018,Gold,433.34,20,12,0.13,59.1
CUST-004320,Gold,1074.62,10,6,0.13,82.9
CUST-004323,Gold,764.99,15,9,0.13,60.1
CUST-007815,Gold,1161.62,15,9,0.13,62.4
CUST-005971,Gold,1121.15,10,6,0.13,63.4
CUST-002100,Gold,1395.25,15,9,0.13,64.0
CUST-001185,Gold,701.72,20,12,0.13,63.1
CUST-006425,Gold,1044.05,15,9,0.13,64.4
CUST-000930,Gold,998.56,10,6,0.13,58.7
CUST-001628,Gold,1065.79,10,6,0.13,82.2
CUST-006199,Gold,2367.44,10,6,0.13,61.0
CUST-003803,Gold,1293.19,10,6,0.13,74.1
CUST-002147,Gold,1432.63,10,6,0.13,62.4
CUST-006695,Gold,1886.31,10,6,0.13,63.8
CUST-006545,Gold,659.64,15,9,0.13,81.9
CUST-001251,Gold,767.66,15,9,0.13,63.3
CUST-000243,Gold,555.51,15,9,0.13,60.1
CUST-003497,Gold,1229.02,22,13,0.12954545454545455,64.5
CUST-002811,Gold,1513.93,22,13,0.12954545454545455,63.3
CUST-001945,Gold,994.43,17,10,0.12941176470588237,63.2
CUST-004995,Gold,2045.28,17,10,0.12941176470588237,65.7
CUST-002708,Gold,1925.99,17,10,0.12941176470588237,65.4
CUST-005928,Gold,1274.56,17,10,0.12941176470588237,64.7
CUST-006456,Gold,1473.19,17,10,0.12941176470588237,65.3
CUST-004509,Gold,3053.38,17,10,0.12941176470588237,65.2
CUST-004470,Gold,1077.13,17,10,0.12941176470588237,64.5
CUST-001568,Gold,958.66,17,10,0.12941176470588237,61.9
CUST-002013,Gold,1042.95,17,10,0.12941176470588237,63.2
CUST-001441,Gold,1656.2,17,10,0.12941176470588237,65.3
CUST-007259,Gold,1090.32,17,10,0.12941176470588237,64.4
CUST-004134,Gold,1030.96,17,10,0.12941176470588237,63.7
CUST-006307,Gold,1241.93,17,10,0.12941176470588237,64.6
CUST-006944,Gold,1675.48,17,10,0.12941176470588237,63.6
CUST-007423,Gold,1201.21,12,7,0.12916666666666668,60.5
CUST-006599,Gold,1053.79,12,7,0.12916666666666668,62.1
CUST-002124,Gold,1889.25,24,14,0.12916666666666668,64.9
CUST-006748,Gold,961.59,12,7,0.12916666666666668,60.9
CUST-006393,Gold,1055.44,12,7,0.12916666666666668,61.4
CUST-006752,Gold,1379.37,12,7,0.12916666666666668,58.9
CUST-003806,Gold,1029.38,12,7,0.12916666666666668,64.1
CUST-006918,Gold,1232.89,24,14,0.12916666666666668,64.3
CUST-002745,Gold,798.06,12,7,0.12916666666666668,80.4
CUST-006029,Gold,654.49,12,7,0.12916666666666668,60.6
CUST-006794,Gold,1570.91,12,7,0.12916666666666668,63.2
CUST-002237,Gold,1053.8,12,7,0.12916666666666668,62.7
CUST-005742,Gold,789.29,12,7,0.12916666666666668,61.2
CUST-003496,Gold,883.17,12,7,0.12916666666666668,60.7
CUST-005099,Gold,876.41,12,7,0.12916666666666668,60.8
CUST-003634,Gold,771.5,12,7,0.12916666666666668,60.2
CUST-001540,Gold,787.29,12,7,0.12916666666666668,62.3
CUST-002340,Gold,1227.59,12,7,0.12916666666666668,63.2
CUST-000828,Gold,1249.8,12,7,0.12916666666666668,64.6
CUST-006297,Gold,972.75,24,14,0.12916666666666668,62.6
CUST-005182,Gold,2180.77,12,7,0.12916666666666668,63.8
CUST-002574,Gold,979.11,12,7,0.12916666666666668,62.6
CUST-005245,Gold,665.5,12,7,0.12916666666666668,60.7
CUST-007402,Gold,1063.14,12,7,0.12916666666666668,61.8
CUST-007529,Gold,2301.78,12,7,0.12916666666666668,63.3
CUST-006007,Gold,1010.92,12,7,0.12916666666666668,62.0
CUST-003766,Gold,1003.82,19,11,0.12894736842105264,63.8
CUST-002010,Gold,1467.43,19,11,0.12894736842105264,65.3
CUST-005378,Gold,2582.92,19,11,0.12894736842105264,66.0
CUST-007793,Gold,720.43,19,11,0.12894736842105264,60.9
CUST-007558,Gold,775.32,19,11,0.12894736842105264,63.5
CUST-005771,Gold,700.32,26,15,0.12884615384615386,62.7
CUST-004831,Gold,690.18,14,8,0.1285714285714286,61.8
CUST-006295,Gold,915.24,7,4,0.1285714285714286,80.7
CUST-005481,Gold,838.21,14,8,0.1285714285714286,61.5
CUST-000337,Gold,2473.86,7,4,0.1285714285714286,62.1
CUST-002790,Gold,1623.14,7,4,0.1285714285714286,57.0
CUST-003733,Gold,1369.12,14,8,0.1285714285714286,62.8
CUST-002379,Gold,1663.61,14,8,0.1285714285714286,63.5
CUST-006726,Gold,995.58,14,8,0.1285714285714286,61.7
CUST-005120,Gold,799.79,14,8,0.1285714285714286,62.0
CUST-007911,Gold,1337.89,14,8,0.1285714285714286,63.6
CUST-002046,Gold,590.55,7,4,0.1285714285714286,54.2
CUST-001552,Gold,914.86,14,8,0.1285714285714286,61.7
CUST-006040,Gold,1032.38,14,8,0.1285714285714286,73.4
CUST-001668,Gold,2207.97,14,8,0.1285714285714286,75.2
CUST-005996,Gold,1464.78,7,4,0.1285714285714286,58.6
CUST-000183,Gold,1236.88,21,12,0.1285714285714286,64.6
CUST-004375,Gold,1252.03,7,4,0.1285714285714286,79.8
CUST-007800,Gold,750.91,14,8,0.1285714285714286,62.8
CUST-001107,Gold,996.9,14,8,0.1285714285714286,73.3
CUST-002839,Gold,481.62,14,8,0.1285714285714286,59.5
CUST-001112,Gold,2212.57,7,4,0.1285714285714286,61.8
CUST-006386,Gold,1532.85,14,8,0.1285714285714286,65.1
CUST-004550,Gold,1538.72,7,4,0.1285714285714286,63.1
CUST-000781,Gold,1316.29,7,4,0.1285714285714286,57.3
CUST-004225,Gold,1000.26,7,4,0.1285714285714286,56.9
CUST-006718,Gold,1098.03,21,12,0.1285714285714286,64.6
CUST-004924,Gold,1743.3,14,8,0.1285714285714286,61.4
CUST-000373,Gold,748.09,14,8,0.1285714285714286,63.3
CUST-001147,Gold,1117.64,14,8,0.1285714285714286,61.2
CUST-000217,Gold,1945.83,7,4,0.1285714285714286,61.6
CUST-007752,Gold,2139.34,14,8,0.1285714285714286,65.8
CUST-005978,Gold,1409.21,14,8,0.1285714285714286,61.1
CUST-002125,Gold,833.28,21,12,0.1285714285714286,60.7
CUST-007498,Gold,1574.07,23,13,0.1282608695652174,65.2
CUST-003940,Gold,2800.4,16,9,0.128125,64.1
CUST-006120,Gold,1740.19,16,9,0.128125,64.7
CUST-001515,Gold,1101.21,16,9,0.128125,63.5
CUST-007745,Gold,493.25,16,9,0.128125,61.1
CUST-000750,Gold,526.65,16,9,0.128125,60.7
CUST-003127,Gold,1300.8,16,9,0.128125,62.9
CUST-006422,Gold,1375.47,16,9,0.128125,61.5
CUST-005724,Gold,1783.44,16,9,0.128125,64.7
CUST-006506,Gold,2029.68,16,9,0.128125,65.1
CUST-007144,Gold,1027.33,16,9,0.128125,79.3
CUST-000145,Gold,1819.4,16,9,0.128125,63.5
CUST-007194,Gold,1685.4,16,9,0.128125,84.6
CUST-005391,Gold,2127.98,16,9,0.128125,63.3
CUST-005088,Gold,1013.95,9,5,0.12777777777777777,59.1
CUST-003579,Gold,1389.55,9,5,0.12777777777777777,56.8
CUST-007941,Gold,920.19,18,10,0.12777777777777777,63.5
CUST-003781,Gold,752.83,9,5,0.12777777777777777,61.2
CUST-005417,Gold,1817.26,18,10,0.12777777777777777,64.1
CUST-003835,Gold,688.32,18,10,0.12777777777777777,63.0
CUST-004049,Gold,1072.2,18,10,0.12777777777777777,64.2
CUST-007551,Gold,1704.23,9,5,0.12777777777777777,61.4
CUST-000389,Gold,739.26,18,10,0.12777777777777777,63.3
CUST-004566,Gold,808.08,18,10,0.12777777777777777,61.6
CUST-005557,Gold,1504.56,9,5,0.12777777777777777,61.7
CUST-007765,Gold,1135.6,9,5,0.12777777777777777,61.0
CUST-004940,Gold,1238.05,18,10,0.12777777777777777,83.9
CUST-005828,Gold,1201.63,18,10,0.12777777777777777,62.2
CUST-006621,Gold,812.87,18,10,0.12777777777777777,62.4
CUST-005462,Gold,1049.82,9,5,0.12777777777777777,60.8
CUST-002762,Gold,1893.92,9,5,0.12777777777777777,62.7
CUST-004797,Gold,1408.36,18,10,0.12777777777777777,64.0
CUST-003693,Gold,1297.9,20,11,0.1275,63.9
CUST-007360,Gold,1127.55,20,11,0.1275,64.0
CUST-007915,Gold,1636.5,20,11,0.1275,65.6
CUST-004027,Gold,1662.65,20,11,0.1275,64.6
CUST-006423,Gold,970.07,20,11,0.1275,63.2
CUST-006272,Gold,956.69,20,11,0.1275,63.0
CUST-002476,Gold,1375.64,11,6,0.12727272727272726,61.9
CUST-000524,Gold,616.51,11,6,0.12727272727272726,55.8
CUST-005608,Gold,1601.09,11,6,0.12727272727272726,62.3
CUST-005762,Gold,1020.95,11,6,0.12727272727272726,76.6
CUST-005544,Gold,881.77,11,6,0.12727272727272726,61.6
CUST-002673,Gold,2487.83,11,6,0.12727272727272726,59.0
CUST-000208,Gold,2448.24,11,6,0.12727272727272726,62.9
CUST-001363,Gold,661.78,11,6,0.12727272727272726,79.6
CUST-000178,Gold,2787.08,11,6,0.12727272727272726,57.8
CUST-001610,Gold,1246.66,11,6,0.12727272727272726,63.3
CUST-004901,Gold,987.22,11,6,0.12727272727272726,61.6
CUST-004530,Gold,850.54,11,6,0.12727272727272726,62.8
CUST-006026,Gold,1308.56,11,6,0.12727272727272726,58.9
CUST-007141,Gold,985.77,11,6,0.12727272727272726,63.0
CUST-001769,Gold,1089.19,11,6,0.12727272727272726,59.4
CUST-001162,Gold,1247.19,11,6,0.12727272727272726,59.7
CUST-001465,Gold,1764.85,11,6,0.12727272727272726,61.4
CUST-001767,Gold,1574.39,11,6,0.12727272727272726,62.6
CUST-002278,Gold,983.13,11,6,0.12727272727272726,63.2
CUST-001451,Gold,1799.03,11,6,0.12727272727272726,58.9
CUST-001612,Gold,2473.4,13,7,0.12692307692307692,63.9
CUST-006058,Gold,820.9,13,7,0.12692307692307692,60.7
CUST-003589,Gold,733.04,13,7,0.12692307692307692,61.0
CUST-005826,Gold,911.49,13,7,0.12692307692307692,62.7
CUST-001812,Gold,1079.76,13,7,0.12692307692307692,61.1
CUST-000798,Gold,1218.38,13,7,0.12692307692307692,63.6
CUST-003276,Gold,2845.34,13,7,0.12692307692307692,61.2
CUST-007317,Gold,2843.65,13,7,0.12692307692307692,62.1
CUST-003164,Gold,1142.17,13,7,0.12692307692307692,64.4
CUST-001807,Gold,1064.86,13,7,0.12692307692307692,62.2
CUST-002214,Gold,1625.83,13,7,0.12692307692307692,62.3
CUST-005111,Gold,2155.81,13,7,0.12692307692307692,59.7
CUST-005705,Gold,757.76,13,7,0.12692307692307692,61.5
CUST-007490,Gold,985.38,13,7,0.12692307692307692,59.6
CUST-006947,Gold,1205.16,13,7,0.12692307692307692,62.2
CUST-002570,Gold,1004.48,13,7,0.12692307692307692,58.7
CUST-006345,Gold,1533.34,28,15,0.12678571428571428,84.5
CUST-003770,Gold,1391.47,28,15,0.12678571428571428,65.3
CUST-000975,Gold,628.88,15,8,0.12666666666666665,61.8
CUST-002320,Gold,1161.29,15,8,0.12666666666666665,62.3
CUST-001403,Gold,966.35,15,8,0.12666666666666665,60.9
CUST-005882,Gold,752.74,15,8,0.12666666666666665,81.8
CUST-003808,Gold,988.06,15,8,0.12666666666666665,63.7
CUST-005838,Gold,1215.02,15,8,0.12666666666666665,63.7
CUST-001744,Gold,1002.5,15,8,0.12666666666666665,63.2
CUST-002059,Gold,934.78,15,8,0.12666666666666665,63.9
CUST-005815,Gold,1455.14,15,8,0.12666666666666665,64.8
CUST-007089,Gold,1151.19,15,8,0.12666666666666665,60.4
CUST-000586,Gold,1537.82,15,8,0.12666666666666665,64.1
CUST-000224,Gold,3161.22,15,8,0.12666666666666665,66.2
CUST-002497,Gold,663.37,15,8,0.12666666666666665,58.8
CUST-007462,Gold,798.47,15,8,0.12666666666666665,62.0
CUST-006524,Gold,1118.17,15,8,0.12666666666666665,62.3
CUST-007373,Gold,1851.86,15,8,0.12666666666666665,64.6
CUST-006515,Gold,1221.73,15,8,0.12666666666666665,62.6
CUST-002521,Gold,653.33,15,8,0.12666666666666665,60.7
CUST-001990,Gold,1589.12,15,8,0.12666666666666665,64.9
CUST-004192,Gold,1033.34,15,8,0.12666666666666665,63.1
CUST-000395,Gold,1621.52,15,8,0.12666666666666665,64.6
CUST-005248,Gold,1433.89,15,8,0.12666666666666665,64.4
CUST-004743,Gold,1228.19,15,8,0.12666666666666665,63.8
CUST-004599,Gold,1346.92,17,9,0.1264705882352941,64.8
CUST-001090,Gold,1117.89,17,9,0.1264705882352941,83.3
CUST-004016,Gold,1867.3,17,9,0.1264705882352941,63.5
CUST-002826,Gold,1751.32,17,9,0.1264705882352941,64.1
CUST-002400,Gold,2135.3,17,9,0.1264705882352941,63.3
CUST-002318,Gold,966.93,17,9,0.1264705882352941,62.9
CUST-001003,Gold,752.53,17,9,0.1264705882352941,63.1
CUST-001625,Gold,759.98,17,9,0.1264705882352941,60.8
CUST-004442,Gold,1829.05,17,9,0.1264705882352941,61.1
CUST-005145,Gold,938.8,17,9,0.1264705882352941,64.0
CUST-007480,Gold,1396.32,17,9,0.1264705882352941,63.1
CUST-002831,Gold,1345.07,17,9,0.1264705882352941,63.5
CUST-001344,Gold,1553.75,17,9,0.1264705882352941,63.8
CUST-005668,Gold,1796.58,17,9,0.1264705882352941,63.6
CUST-005772,Gold,1523.25,19,10,0.12631578947368421,64.4
CUST-006238,Gold,461.61,19,10,0.12631578947368421,60.8
CUST-003075,Gold,1000.93,19,10,0.12631578947368421,64.3
CUST-000510,Gold,920.15,19,10,0.12631578947368421,59.7
CUST-006043,Gold,1951.77,19,10,0.12631578947368421,63.6
CUST-000285,Gold,1342.28,19,10,0.12631578947368421,63.0
CUST-004803,Gold,1375.8,19,10,0.12631578947368421,61.9
CUST-007744,Gold,1084.86,19,10,0.12631578947368421,73.6
CUST-007604,Gold,1505.96,19,10,0.12631578947368421,64.1
CUST-003979,Gold,1571.69,19,10,0.12631578947368421,64.2
CUST-000232,Gold,848.87,19,10,0.12631578947368421,63.2
CUST-004871,Gold,779.38,21,11,0.1261904761904762,61.5
CUST-007888,Gold,946.5,21,11,0.1261904761904762,63.5
CUST-001886,Gold,836.31,21,11,0.1261904761904762,62.6
CUST-003726,Gold,1396.9,23,12,0.12608695652173912,65.1
CUST-007591,Gold,634.78,23,12,0.12608695652173912,62.1
CUST-005983,Gold,1869.34,25,13,0.126,65.6
CUST-004533,Gold,1085.09,25,13,0.126,63.5
CUST-007190,Gold,1640.19,18,9,0.125,63.6
CUST-007164,Gold,888.52,20,10,0.125,61.6
CUST-002740,Gold,875.63,18,9,0.125,61.8
CUST-002699,Gold,1293.84,12,6,0.125,64.4
CUST-006200,Gold,1754.94,14,7,0.125,64.1
CUST-005970,Gold,413.94,26,13,0.125,60.6
CUST-001675,Gold,2574.29,14,7,0.125,64.0
CUST-000184,Gold,1489.52,10,5,0.125,64.1
CUST-004422,Gold,1196.73,18,9,0.125,63.7
CUST-004332,Gold,1307.96,10,5,0.125,58.4
CUST-000463,Gold,1538.69,16,8,0.125,63.2
CUST-001889,Gold,1149.51,18,9,0.125,64.6
CUST-001891,Gold,722.89,10,5,0.125,60.0
CUST-003091,Gold,1367.43,10,5,0.125,61.9
CUST-005258,Gold,1063.64,8,4,0.125,57.6
CUST-001006,Gold,619.01,16,8,0.125,60.4
CUST-003834,Gold,1416.78,14,7,0.125,64.6
CUST-007817,Gold,952.53,18,9,0.125,83.0
CUST-005872,Gold,811.28,20,10,0.125,63.7
CUST-004029,Gold,1177.67,16,8,0.125,63.8
CUST-006323,Gold,1253.62,16,8,0.125,60.6
CUST-005825,Gold,985.88,18,9,0.125,64.1
CUST-001766,Gold,1643.87,14,7,0.125,61.3
CUST-001781,Gold,592.06,20,10,0.125,60.1
CUST-005864,Gold,1584.39,12,6,0.125,62.7
CUST-006830,Gold,1127.02,16,8,0.125,60.3
CUST-000974,Gold,1152.73,12,6,0.125,61.1
CUST-000971,Gold,759.41,10,5,0.125,61.2
CUST-006658,Gold,1056.01,20,10,0.125,62.9
CUST-000317,Gold,850.81,14,7,0.125,60.6
CUST-000105,Gold,1004.25,14,7,0.125,61.5
CUST-002367,Gold,2071.93,10,5,0.125,59.9
CUST-002366,Gold,2042.33,14,7,0.125,63.1
CUST-005238,Gold,472.53,8,4,0.125,55.4
CUST-006186,Gold,441.46,16,8,0.125,55.1
CUST-007828,Gold,2113.81,16,8,0.125,63.4
CUST-000233,Gold,963.53,8,4,0.125,57.9
CUST-003939,Gold,831.37,14,7,0.125,62.5
CUST-003942,Gold,1186.4,10,5,0.125,60.4
CUST-003951,Gold,1494.88,12,6,0.125,62.3
CUST-005980,Gold,1486.94,14,7,0.125,64.5
CUST-000348,Gold,1510.55,14,7,0.125,83.7
CUST-004149,Gold,2456.99,10,5,0.125,63.0
CUST-003250,Gold,971.96,14,7,0.125,63.9
CUST-006618,Gold,1399.14,10,5,0.125,58.0
CUST-004673,Gold,825.17,10,5,0.125,57.4
CUST-000556,Gold,1788.82,16,8,0.125,65.1
CUST-000599,Gold,1458.07,18,9,0.125,61.8
CUST-007755,Gold,1968.1,14,7,0.125,62.7
CUST-007045,Gold,1332.01,22,11,0.125,61.5
CUST-003963,Gold,771.06,16,8,0.125,57.4
CUST-007731,Gold,1595.17,12,6,0.125,62.8
CUST-003409,Gold,3229.59,12,6,0.125,60.0
CUST-002625,Gold,1183.44,12,6,0.125,62.5
CUST-007555,Gold,1084.17,18,9,0.125,63.2
CUST-002077,Gold,1114.41,14,7,0.125,60.0
CUST-001196,Gold,1830.31,12,6,0.125,84.2
CUST-002119,Gold,1607.98,16,8,0.125,63.2
CUST-004129,Gold,1456.8,16,8,0.125,62.7
CUST-004183,Gold,858.36,8,4,0.125,57.1
CUST-002865,Gold,811.98,12,6,0.125,60.6
CUST-002088,Gold,1377.93,18,9,0.125,61.7
CUST-001169,Gold,1337.19,12,6,0.125,62.8
CUST-007231,Gold,1788.86,18,9,0.125,74.8
CUST-000646,Gold,491.64,14,7,0.125,55.6
CUST-002175,Gold,592.34,10,5,0.125,59.3
CUST-005432,Gold,1143.85,10,5,0.125,57.4
CUST-001771,Gold,838.46,20,10,0.125,61.8
CUST-000329,Gold,1198.39,10,5,0.125,60.5
CUST-005394,Gold,1052.87,16,8,0.125,73.5
CUST-003999,Gold,835.68,26,13,0.125,63.8
CUST-007689,Gold,931.79,12,6,0.125,59.7
CUST-000638,Gold,2225.53,18,9,0.125,65.0
CUST-005664,Gold,901.14,12,6,0.125,59.0
CUST-004218,Gold,741.1,18,9,0.125,61.2
CUST-004223,Gold,1489.92,18,9,0.125,63.0
CUST-004252,Gold,738.61,14,7,0.125,58.6
CUST-007303,Gold,1333.38,14,7,0.125,61.9
CUST-004978,Gold,1594.8,16,8,0.125,65.4
CUST-002544,Gold,880.54,14,7,0.125,62.7
CUST-002247,Gold,1497.09,14,7,0.125,64.4
CUST-006989,Gold,2032.81,18,9,0.125,65.1
CUST-004964,Gold,1504.27,12,6,0.125,63.0
CUST-002528,Gold,1362.66,12,6,0.125,58.5
CUST-002246,Gold,3395.03,16,8,0.125,66.3
CUST-005040,Gold,1114.48,18,9,0.125,62.3
CUST-002331,Gold,737.68,12,6,0.125,61.5
CUST-007782,Gold,1607.93,16,8,0.125,62.9
CUST-006791,Gold,1361.09,18,9,0.125,63.1
CUST-005220,Gold,889.4,14,7,0.125,61.4
CUST-006541,Gold,649.83,12,6,0.125,59.6
CUST-000397,Gold,782.07,14,7,0.125,61.2
CUST-000407,Gold,917.27,12,6,0.125,58.7
CUST-005375,Gold,1238.56,12,6,0.125,63.3
CUST-007349,Gold,896.41,14,7,0.125,62.3
CUST-002020,Gold,709.74,22,11,0.125,63.0
CUST-002047,Gold,1519.26,18,9,0.125,64.1
CUST-000430,Gold,945.05,12,6,0.125,61.4
CUST-003126,Gold,1076.4,18,9,0.125,64.5
CUST-001087,Gold,1370.61,12,6,0.125,63.5
CUST-007484,Gold,705.13,8,4,0.125,54.0
CUST-001862,Gold,1047.63,10,5,0.125,60.7
CUST-006749,Gold,1065.45,14,7,0.125,61.5
CUST-005602,Gold,1308.02,14,7,0.125,64.4
CUST-006525,Gold,1513.3,14,7,0.125,63.8
CUST-004477,Gold,1350.06,16,8,0.125,62.7
CUST-004441,Gold,860.59,14,7,0.125,62.4
CUST-007895,Gold,1100.34,10,5,0.125,62.0
CUST-007893,Gold,734.62,10,5,0.125,58.6
CUST-000003,Gold,797.93,16,8,0.125,58.3
CUST-006893,Gold,1482.61,27,13,0.12407407407407407,65.4
CUST-000800,Gold,909.4,25,12,0.124,61.7
CUST-000654,Gold,1409.05,25,12,0.124,63.9
CUST-003026,Gold,903.97,23,11,0.12391304347826088,64.0
CUST-002936,Gold,625.49,23,11,0.12391304347826088,60.4
CUST-006806,Gold,1644.66,23,11,0.12391304347826088,63.6
CUST-002233,Gold,1024.78,23,11,0.12391304347826088,83.2
CUST-006863,Gold,1787.57,23,11,0.12391304347826088,65.8
CUST-004515,Gold,1840.94,21,10,0.12380952380952381,65.4
CUST-006582,Gold,1037.19,21,10,0.12380952380952381,63.2
CUST-005726,Gold,662.84,21,10,0.12380952380952381,58.9
CUST-003582,Gold,1061.11,21,10,0.12380952380952381,83.4
CUST-000006,Gold,1167.94,21,10,0.12380952380952381,63.7
CUST-007228,Gold,868.62,21,10,0.12380952380952381,61.1
CUST-001263,Gold,1496.12,19,9,0.1236842105263158,83.7
CUST-007809,Gold,1316.89,19,9,0.1236842105263158,63.8
CUST-004219,Gold,1645.76,19,9,0.1236842105263158,64.6
CUST-005477,Gold,1507.58,19,9,0.1236842105263158,62.4
CUST-006655,Gold,1148.79,19,9,0.1236842105263158,83.7
CUST-001742,Gold,1275.0,19,9,0.1236842105263158,61.0
CUST-002825,Gold,1092.47,19,9,0.1236842105263158,64.4
CUST-001938,Gold,1398.62,19,9,0.1236842105263158,84.2
CUST-001622,Gold,2116.52,19,9,0.1236842105263158,62.6
CUST-007725,Gold,2105.54,19,9,0.1236842105263158,84.4
CUST-003318,Gold,1029.36,19,9,0.1236842105263158,61.9
CUST-006897,Gold,866.38,19,9,0.1236842105263158,59.7
CUST-001979,Gold,1276.09,17,8,0.12352941176470589,64.4
CUST-000891,Gold,2010.37,17,8,0.12352941176470589,64.6
CUST-005368,Gold,1116.97,17,8,0.12352941176470589,62.3
CUST-004344,Gold,1613.27,17,8,0.12352941176470589,62.9
CUST-004390,Gold,2245.93,17,8,0.12352941176470589,62.0
CUST-001678,Gold,1232.51,17,8,0.12352941176470589,62.0
CUST-007764,Gold,863.81,17,8,0.12352941176470589,61.6
CUST-005732,Gold,785.59,17,8,0.12352941176470589,59.1
CUST-007696,Gold,806.52,17,8,0.12352941176470589,60.3
CUST-006588,Gold,955.17,17,8,0.12352941176470589,63.0
CUST-007292,Gold,718.87,17,8,0.12352941176470589,62.0
CUST-004135,Gold,960.42,17,8,0.12352941176470589,62.9
CUST-007151,Gold,2288.28,17,8,0.12352941176470589,63.7
CUST-005861,Gold,2144.53,17,8,0.12352941176470589,63.8
CUST-002735,Gold,1310.73,17,8,0.12352941176470589,63.8
CUST-001163,Gold,2552.0,17,8,0.12352941176470589,64.4
CUST-006575,Gold,1457.94,17,8,0.12352941176470589,62.3
CUST-002123,Gold,1328.35,17,8,0.12352941176470589,63.0
CUST-001472,Gold,2960.24,17,8,0.12352941176470589,66.1
CUST-000484,Gold,772.42,17,8,0.12352941176470589,61.4
CUST-001653,Gold,448.87,17,8,0.12352941176470589,55.6
CUST-006262,Gold,1854.5,17,8,0.12352941176470589,64.6
CUST-006482,Gold,1011.68,17,8,0.12352941176470589,81.0
CUST-006961,Gold,1063.07,17,8,0.12352941176470589,63.7
CUST-005204,Gold,1544.11,17,8,0.12352941176470589,64.8
CUST-007847,Gold,1796.53,17,8,0.12352941176470589,63.2
CUST-003299,Gold,1336.41,17,8,0.12352941176470589,64.0
CUST-006637,Gold,1748.65,17,8,0.12352941176470589,61.4
CUST-006305,Gold,2472.98,17,8,0.12352941176470589,64.6
CUST-001748,Gold,1182.32,17,8,0.12352941176470589,63.8
CUST-006142,Gold,1245.26,17,8,0.12352941176470589,82.1
CUST-000189,Gold,1197.95,15,7,0.12333333333333334,64.2
CUST-001054,Gold,895.21,15,7,0.12333333333333334,60.6
CUST-004500,Gold,1614.79,15,7,0.12333333333333334,65.3
CUST-001257,Gold,564.53,15,7,0.12333333333333334,59.6
CUST-005539,Gold,855.59,15,7,0.12333333333333334,57.5
CUST-001903,Gold,734.6,15,7,0.12333333333333334,62.7
CUST-001042,Gold,596.69,15,7,0.12333333333333334,56.5
CUST-002822,Gold,727.33,15,7,0.12333333333333334,59.9
CUST-001164,Gold,1183.3,15,7,0.12333333333333334,55.5
CUST-006653,Gold,1577.5,15,7,0.12333333333333334,61.2
CUST-000733,Gold,779.07,15,7,0.12333333333333334,59.9
CUST-002771,Gold,1413.06,15,7,0.12333333333333334,64.6
CUST-001275,Gold,1161.92,15,7,0.12333333333333334,62.0
CUST-001662,Gold,949.15,15,7,0.12333333333333334,59.4
CUST-000639,Gold,1362.44,15,7,0.12333333333333334,62.9
CUST-000917,Gold,1701.84,15,7,0.12333333333333334,60.6
CUST-001573,Gold,557.47,15,7,0.12333333333333334,57.3
CUST-006079,Gold,1250.66,15,7,0.12333333333333334,63.7
CUST-007841,Gold,1949.99,15,7,0.12333333333333334,63.3
CUST-002399,Gold,1603.58,15,7,0.12333333333333334,64.4
CUST-007946,Gold,1213.33,30,14,0.12333333333333334,64.9
CUST-007940,Gold,921.98,15,7,0.12333333333333334,82.7
CUST-003706,Gold,1560.79,15,7,0.12333333333333334,64.5
CUST-004133,Gold,1406.8,15,7,0.12333333333333334,64.9
CUST-007773,Gold,851.02,15,7,0.12333333333333334,63.2
CUST-002873,Gold,1774.95,15,7,0.12333333333333334,62.1
CUST-007091,Gold,1429.63,15,7,0.12333333333333334,63.6
CUST-000666,Gold,968.58,15,7,0.12333333333333334,60.5
CUST-007165,Gold,942.94,15,7,0.12333333333333334,61.5
CUST-007185,Gold,783.39,15,7,0.12333333333333334,58.4
CUST-002687,Gold,2487.83,15,7,0.12333333333333334,63.9
CUST-003545,Gold,792.37,13,6,0.12307692307692308,56.3
CUST-005223,Gold,545.43,13,6,0.12307692307692308,59.5
CUST-006902,Gold,1583.01,13,6,0.12307692307692308,61.9
CUST-006864,Gold,1922.41,13,6,0.12307692307692308,61.1
CUST-003679,Gold,998.2,13,6,0.12307692307692308,61.7
CUST-004994,Gold,770.79,13,6,0.12307692307692308,62.9
CUST-006780,Gold,1114.29,13,6,0.12307692307692308,58.0
CUST-004257,Gold,2328.51,13,6,0.12307692307692308,60.5
CUST-007996,Gold,761.58,13,6,0.12307692307692308,60.8
CUST-003862,Gold,1204.01,13,6,0.12307692307692308,62.7
CUST-007921,Gold,1870.55,13,6,0.12307692307692308,64.6
CUST-007988,Gold,898.86,13,6,0.12307692307692308,81.7
CUST-006983,Gold,739.88,13,6,0.12307692307692308,60.1
CUST-007618,Gold,1165.39,13,6,0.12307692307692308,59.1
CUST-007638,Gold,2127.13,13,6,0.12307692307692308,62.8
CUST-000304,Gold,856.13,13,6,0.12307692307692308,57.0
CUST-002605,Gold,865.87,13,6,0.12307692307692308,57.5
CUST-002764,Gold,1345.46,13,6,0.12307692307692308,61.9
CUST-004688,Gold,847.52,13,6,0.12307692307692308,61.5
CUST-003392,Gold,1872.75,13,6,0.12307692307692308,61.5
CUST-002801,Gold,1638.52,13,6,0.12307692307692308,84.0
CUST-004774,Gold,740.09,13,6,0.12307692307692308,61.0
CUST-005867,Gold,1107.33,13,6,0.12307692307692308,61.3
CUST-001801,Gold,781.17,13,6,0.12307692307692308,62.0
CUST-001873,Gold,1089.59,13,6,0.12307692307692308,79.4
CUST-001635,Gold,870.65,13,6,0.12307692307692308,60.6
CUST-003929,Gold,1204.33,13,6,0.12307692307692308,61.6
CUST-004562,Gold,1175.18,13,6,0.12307692307692308,63.1
CUST-007294,Gold,742.35,13,6,0.12307692307692308,60.0
CUST-002576,Gold,694.43,13,6,0.12307692307692308,58.2
CUST-004013,Gold,1071.57,13,6,0.12307692307692308,61.4
CUST-005405,Gold,1983.9,13,6,0.12307692307692308,63.6
CUST-004968,Gold,2092.38,13,6,0.12307692307692308,63.0
CUST-000198,Gold,1097.84,13,6,0.12307692307692308,60.5
CUST-007501,Gold,1008.61,13,6,0.12307692307692308,61.3
CUST-000884,Gold,1390.8,24,11,0.12291666666666667,65.2
CUST-001150,Gold,1341.33,24,11,0.12291666666666667,62.4
CUST-003719,Gold,1694.54,24,11,0.12291666666666667,64.4
CUST-005532,Gold,813.42,11,5,0.12272727272727274,57.6
CUST-001008,Gold,974.23,11,5,0.12272727272727274,60.9
CUST-000679,Gold,1133.84,22,10,0.12272727272727274,61.6
CUST-006670,Gold,866.39,11,5,0.12272727272727274,62.6
CUST-003751,Gold,1234.71,11,5,0.12272727272727274,59.7
CUST-002324,Gold,948.49,11,5,0.12272727272727274,61.8
CUST-001894,Gold,1081.37,11,5,0.12272727272727274,60.2
CUST-006075,Gold,937.38,11,5,0.12272727272727274,60.8
CUST-000998,Gold,1353.66,11,5,0.12272727272727274,61.9
CUST-002980,Gold,783.63,11,5,0.12272727272727274,58.3
CUST-000784,Gold,1581.49,11,5,0.12272727272727274,64.3
CUST-007564,Gold,776.97,11,5,0.12272727272727274,60.3
CUST-001117,Gold,1325.33,11,5,0.12272727272727274,61.8
CUST-004107,Gold,1263.16,11,5,0.12272727272727274,60.7
CUST-005747,Gold,2454.83,11,5,0.12272727272727274,62.4
CUST-003380,Gold,1146.97,22,10,0.12272727272727274,62.7
CUST-002722,Gold,1441.01,22,10,0.12272727272727274,62.9
CUST-004657,Gold,888.24,11,5,0.12272727272727274,60.7
CUST-002441,Gold,2135.27,11,5,0.12272727272727274,61.9
CUST-000431,Gold,812.54,11,5,0.12272727272727274,57.6
CUST-006239,Gold,1385.74,11,5,0.12272727272727274,61.9
CUST-003779,Gold,1720.12,20,9,0.12250000000000001,63.6
CUST-003739,Gold,1273.78,20,9,0.12250000000000001,83.4
CUST-006149,Gold,904.57,20,9,0.12250000000000001,82.7
CUST-003629,Gold,687.36,20,9,0.12250000000000001,62.9
CUST-003587,Gold,803.01,20,9,0.12250000000000001,61.6
CUST-006652,Gold,743.07,20,9,0.12250000000000001,61.3
CUST-001195,Gold,860.16,20,9,0.12250000000000001,62.5
CUST-002953,Gold,882.7,20,9,0.12250000000000001,60.7
CUST-003475,Gold,908.34,20,9,0.12250000000000001,61.7
CUST-001020,Gold,743.09,20,9,0.12250000000000001,62.7
CUST-002966,Gold,961.27,20,9,0.12250000000000001,60.7
CUST-004189,Gold,1068.4,20,9,0.12250000000000001,63.2
CUST-002256,Gold,2893.53,20,9,0.12250000000000001,62.3
CUST-007285,Gold,2324.03,20,9,0.12250000000000001,64.5
CUST-003363,Gold,879.44,20,9,0.12250000000000001,61.8
CUST-005692,Gold,1337.39,9,4,0.12222222222222223,60.8
CUST-007450,Gold,1091.01,18,8,0.12222222222222223,61.0
CUST-002489,Gold,1089.76,9,4,0.12222222222222223,81.2
CUST-001019,Gold,1406.56,18,8,0.12222222222222223,62.6
CUST-001474,Gold,1260.25,9,4,0.12222222222222223,62.6
CUST-001272,Gold,791.65,9,4,0.12222222222222223,55.3
CUST-003868,Gold,979.55,18,8,0.12222222222222223,61.6
CUST-006193,Gold,863.11,18,8,0.12222222222222223,60.1
CUST-006404,Gold,1230.39,18,8,0.12222222222222223,83.8
CUST-005643,Gold,1007.91,9,4,0.12222222222222223,57.4
CUST-004883,Gold,976.69,18,8,0.12222222222222223,60.1
CUST-003454,Gold,1531.31,18,8,0.12222222222222223,83.2
CUST-003424,Gold,1240.64,18,8,0.12222222222222223,62.8
CUST-006531,Gold,1977.68,18,8,0.12222222222222223,63.6
CUST-000630,Gold,1477.21,9,4,0.12222222222222223,56.7
CUST-006590,Gold,1265.08,18,8,0.12222222222222223,60.4
CUST-005951,Gold,3089.97,9,4,0.12222222222222223,60.2
CUST-006694,Gold,1593.53,9,4,0.12222222222222223,61.2
CUST-000313,Gold,873.41,18,8,0.12222222222222223,63.1
CUST-001755,Gold,1262.44,18,8,0.12222222222222223,60.9
CUST-004789,Gold,1746.61,9,4,0.12222222222222223,61.4
CUST-002683,Gold,1783.26,9,4,0.12222222222222223,61.4
CUST-005419,Gold,1590.95,18,8,0.12222222222222223,63.9
CUST-007642,Gold,471.3,18,8,0.12222222222222223,57.1
CUST-003171,Gold,1274.23,9,4,0.12222222222222223,60.3
CUST-006681,Gold,1031.92,18,8,0.12222222222222223,63.7
CUST-005112,Gold,786.3,18,8,0.12222222222222223,61.9
CUST-002416,Gold,1690.19,18,8,0.12222222222222223,62.4
CUST-003531,Gold,1373.52,9,4,0.12222222222222223,58.8
CUST-006147,Gold,674.5,9,4,0.12222222222222223,56.9
CUST-006472,Gold,1432.66,27,12,0.12222222222222222,80.3
CUST-002336,Gold,2444.1,25,11,0.122,78.5
CUST-000307,Gold,809.81,16,7,0.121875,63.4
CUST-006829,Gold,1521.85,16,7,0.121875,63.1
CUST-005208,Gold,451.05,16,7,0.121875,58.4
CUST-006664,Gold,967.52,16,7,0.121875,61.6
CUST-005856,Gold,784.24,16,7,0.121875,58.3
CUST-001920,Gold,1052.25,16,7,0.121875,61.6
CUST-005320,Gold,1928.84,16,7,0.121875,63.7
CUST-000170,Gold,1088.45,16,7,0.121875,63.8
CUST-007357,Gold,1001.52,16,7,0.121875,61.1
CUST-004431,Gold,940.57,16,7,0.121875,62.8
CUST-002849,Gold,1127.9,16,7,0.121875,62.3
CUST-003384,Gold,1557.03,16,7,0.121875,63.0
CUST-000322,Gold,1874.88,16,7,0.121875,63.0
CUST-001236,Gold,592.41,16,7,0.121875,61.8
CUST-001161,Gold,2094.21,16,7,0.121875,64.4
CUST-002805,Gold,590.86,16,7,0.121875,59.9
CUST-003460,Gold,1687.25,16,7,0.121875,63.4
CUST-000129,Gold,913.74,16,7,0.121875,62.8
CUST-006923,Gold,803.64,16,7,0.121875,57.3
CUST-003514,Gold,1335.09,16,7,0.121875,81.8
CUST-000439,Gold,1723.83,16,7,0.121875,63.1
CUST-000044,Gold,533.37,16,7,0.121875,58.4
CUST-005420,Gold,2233.71,16,7,0.121875,65.8
CUST-006009,Gold,1032.37,23,10,0.1217391304347826,61.7
CUST-002704,Gold,801.7,7,3,0.12142857142857143,75.9
CUST-001574,Gold,1959.78,14,6,0.12142857142857143,65.3
CUST-005163,Gold,1190.77,7,3,0.12142857142857143,54.7
CUST-001849,Gold,1373.13,14,6,0.12142857142857143,59.9
CUST-007664,Gold,1268.89,14,6,0.12142857142857143,59.9
CUST-007170,Gold,868.15,14,6,0.12142857142857143,60.2
CUST-004147,Gold,2561.05,14,6,0.12142857142857143,65.7
CUST-003321,Gold,1114.55,14,6,0.12142857142857143,81.3
CUST-002833,Gold,973.15,14,6,0.12142857142857143,62.0
CUST-000143,Gold,668.75,7,3,0.12142857142857143,53.9
CUST-007355,Gold,1447.56,14,6,0.12142857142857143,59.7
CUST-001049,Gold,1252.95,14,6,0.12142857142857143,64.3
CUST-005042,Gold,1312.61,14,6,0.12142857142857143,61.4
CUST-004921,Gold,1147.04,14,6,0.12142857142857143,58.2
CUST-004948,Gold,1454.27,7,3,0.12142857142857143,60.5
CUST-003447,Gold,813.92,14,6,0.12142857142857143,59.9
CUST-002188,Gold,1331.89,14,6,0.12142857142857143,62.5
CUST-001032,Gold,996.21,14,6,0.12142857142857143,57.4
CUST-002902,Gold,960.05,14,6,0.12142857142857143,61.2
CUST-003172,Gold,1569.27,14,6,0.12142857142857143,62.5
CUST-001081,Gold,1560.74,14,6,0.12142857142857143,62.2
CUST-005785,Gold,1053.14,14,6,0.12142857142857143,61.8
CUST-002289,Gold,1765.05,14,6,0.12142857142857143,63.4
CUST-007632,Gold,1797.01,7,3,0.12142857142857143,59.7
CUST-005064,Gold,1282.69,14,6,0.12142857142857143,79.9
CUST-005184,Gold,521.36,14,6,0.12142857142857143,59.6
CUST-003352,Gold,1137.24,14,6,0.12142857142857143,62.1
CUST-007778,Gold,952.97,14,6,0.12142857142857143,58.5
CUST-006042,Gold,836.29,14,6,0.12142857142857143,58.5
CUST-006236,Gold,779.23,7,3,0.12142857142857143,54.5
CUST-000495,Gold,1050.06,14,6,0.12142857142857143,61.2
CUST-006032,Gold,1362.29,7,3,0.12142857142857143,61.0
CUST-005387,Gold,1163.96,21,9,0.12142857142857141,59.5
CUST-007666,Gold,1693.54,21,9,0.12142857142857141,64.5
CUST-006011,Gold,2002.0,21,9,0.12142857142857141,63.8
CUST-001719,Gold,988.31,21,9,0.12142857142857141,63.7
CUST-004801,Gold,1593.02,21,9,0.12142857142857141,64.6
CUST-002385,Gold,1192.49,21,9,0.12142857142857141,62.7
CUST-005837,Gold,1827.48,19,8,0.12105263157894736,63.7
CUST-001778,Gold,1301.18,19,8,0.12105263157894736,64.9
CUST-003678,Gold,839.21,19,8,0.12105263157894736,62.8
CUST-007643,Gold,669.88,19,8,0.12105263157894736,62.8
CUST-007566,Gold,1132.58,19,8,0.12105263157894736,61.8
CUST-004893,Gold,1341.19,19,8,0.12105263157894736,65.0
CUST-005688,Gold,778.02,19,8,0.12105263157894736,62.9
CUST-002766,Gold,1060.09,19,8,0.12105263157894736,63.6
CUST-004309,Gold,677.88,19,8,0.12105263157894736,60.7
CUST-001473,Gold,1322.63,19,8,0.12105263157894736,63.5
CUST-000125,Gold,1921.84,19,8,0.12105263157894736,60.3
CUST-000409,Gold,1457.77,19,8,0.12105263157894736,62.4
CUST-002860,Gold,1833.11,19,8,0.12105263157894736,64.5
CUST-003831,Gold,2188.09,12,5,0.12083333333333333,61.5
CUST-004378,Gold,1246.1,12,5,0.12083333333333333,57.6
CUST-005053,Gold,772.49,12,5,0.12083333333333333,62.3
CUST-002117,Gold,1007.61,24,10,0.12083333333333333,62.3
CUST-003596,Gold,1079.99,12,5,0.12083333333333333,59.0
CUST-001102,Gold,1408.83,12,5,0.12083333333333333,62.9
CUST-004755,Gold,1525.16,12,5,0.12083333333333333,60.8
CUST-007789,Gold,2445.0,12,5,0.12083333333333333,65.0
CUST-007425,Gold,1244.82,12,5,0.12083333333333333,60.3
CUST-000466,Gold,1593.12,12,5,0.12083333333333333,59.9
CUST-000475,Gold,1020.59,12,5,0.12083333333333333,59.2
CUST-000882,Gold,644.24,12,5,0.12083333333333333,57.7
CUST-000799,Gold,1747.23,12,5,0.12083333333333333,62.4
CUST-003882,Gold,704.48,12,5,0.12083333333333333,59.0
CUST-004905,Gold,1379.17,12,5,0.12083333333333333,60.1
CUST-006728,Gold,486.66,12,5,0.12083333333333333,56.4
CUST-007307,Gold,1274.85,12,5,0.12083333333333333,59.8
CUST-002670,Gold,1092.83,12,5,0.12083333333333333,60.4
CUST-004830,Gold,1027.33,12,5,0.12083333333333333,61.1
CUST-000713,Gold,742.21,12,5,0.12083333333333333,59.2
CUST-002675,Gold,1228.18,12,5,0.12083333333333333,58.4
CUST-004686,Gold,986.2,12,5,0.12083333333333333,57.9
CUST-000688,Gold,1428.3,12,5,0.12083333333333333,74.3
CUST-001539,Gold,1631.59,12,5,0.12083333333333333,58.3
CUST-006940,Gold,702.36,12,5,0.12083333333333333,60.8
CUST-005126,Gold,1116.81,24,10,0.12083333333333333,60.6
CUST-004335,Gold,1827.81,12,5,0.12083333333333333,63.6
CUST-000473,Gold,2736.59,17,7,0.12058823529411763,63.3
CUST-004334,Gold,1500.99,17,7,0.12058823529411763,63.9
CUST-001691,Gold,2417.87,17,7,0.12058823529411763,60.4
CUST-005453,Gold,1293.01,17,7,0.12058823529411763,62.4
CUST-005365,Gold,963.08,17,7,0.12058823529411763,57.9
CUST-004193,Gold,795.09,17,7,0.12058823529411763,59.3
CUST-005034,Gold,1552.66,17,7,0.12058823529411763,63.1
CUST-004163,Gold,1216.83,17,7,0.12058823529411763,63.5
CUST-006717,Gold,576.26,17,7,0.12058823529411763,71.5
CUST-007760,Gold,807.38,17,7,0.12058823529411763,78.5
CUST-000384,Gold,828.56,17,7,0.12058823529411763,58.9
CUST-002350,Gold,910.14,17,7,0.12058823529411763,57.7
CUST-006607,Gold,2067.31,17,7,0.12058823529411763,61.4
CUST-005927,Gold,1800.91,17,7,0.12058823529411763,63.5
CUST-007590,Gold,984.05,17,7,0.12058823529411763,80.9
CUST-006375,Gold,925.31,17,7,0.12058823529411763,61.2
CUST-005077,Gold,659.25,17,7,0.12058823529411763,59.6
CUST-005232,Gold,2693.76,17,7,0.12058823529411763,63.6
CUST-000698,Gold,2017.06,17,7,0.12058823529411763,58.6
CUST-003540,Gold,1708.54,17,7,0.12058823529411763,65.4
CUST-005899,Gold,1127.32,17,7,0.12058823529411763,62.2
CUST-007250,Gold,898.26,17,7,0.12058823529411763,63.7
CUST-002122,Gold,1400.38,17,7,0.12058823529411763,62.7
CUST-001376,Gold,1489.42,17,7,0.12058823529411763,63.0
CUST-003744,Gold,1765.97,17,7,0.12058823529411763,64.2
CUST-006156,Gold,1588.16,17,7,0.12058823529411763,62.3
CUST-006427,Gold,1079.51,17,7,0.12058823529411763,61.6
CUST-007775,Gold,1392.61,22,9,0.12045454545454545,64.3
CUST-003129,Gold,1172.63,22,9,0.12045454545454545,62.7
CUST-000837,Gold,1078.06,22,9,0.12045454545454545,59.7
CUST-001955,Gold,1561.07,22,9,0.12045454545454545,64.2
CUST-003422,Gold,1257.32,22,9,0.12045454545454545,63.9
CUST-002666,Gold,1631.04,22,9,0.12045454545454545,65.1
CUST-001941,Gold,1134.29,27,11,0.12037037037037036,63.7
CUST-005866,Gold,1461.91,27,11,0.12037037037037036,65.3
CUST-002882,Gold,2124.11,15,6,0.12000000000000001,59.3
CUST-005023,Gold,1349.39,15,6,0.12000000000000001,61.8
CUST-005086,Gold,2023.24,15,6,0.12000000000000001,64.7
CUST-003762,Gold,1202.06,15,6,0.12000000000000001,62.6
CUST-000907,Gold,2264.2,15,6,0.12000000000000001,64.1
CUST-007237,Gold,2489.29,15,6,0.12000000000000001,63.2
CUST-002770,Gold,2359.51,15,6,0.12000000000000001,59.9
CUST-003767,Gold,1220.77,15,6,0.12000000000000001,62.2
CUST-005181,Gold,773.2,15,6,0.12000000000000001,62.3
CUST-006106,Gold,1744.01,15,6,0.12000000000000001,62.9
CUST-003730,Gold,1789.9,15,6,0.12000000000000001,61.5
CUST-007353,Gold,1108.81,15,6,0.12000000000000001,61.7
CUST-001280,Gold,885.47,15,6,0.12000000000000001,82.3
CUST-007791,Gold,2251.27,15,6,0.12000000000000001,64.9
CUST-006494,Gold,1876.5,15,6,0.12000000000000001,62.8
CUST-000386,Gold,686.39,15,6,0.12000000000000001,58.0
CUST-004248,Gold,1403.23,15,6,0.12000000000000001,58.9
CUST-000911,Gold,1667.49,15,6,0.12000000000000001,63.3
CUST-000580,Gold,1206.25,15,6,0.12000000000000001,60.7
CUST-005346,Gold,1061.4,15,6,0.12000000000000001,62.2
CUST-003969,Gold,2164.47,15,6,0.12000000000000001,59.5
CUST-001178,Gold,1084.11,15,6,0.12000000000000001,62.9
CUST-000709,Gold,1856.97,15,6,0.12000000000000001,62.4
CUST-002760,Gold,640.27,15,6,0.12000000000000001,58.2
CUST-004675,Gold,1192.58,15,6,0.12000000000000001,60.2
CUST-004869,Gold,1084.47,15,6,0.12000000000000001,62.0
CUST-005754,Gold,3860.71,15,6,0.12000000000000001,63.5
CUST-006389,Gold,1387.17,15,6,0.12000000000000001,61.2
CUST-005950,Gold,1600.66,15,6,0.12000000000000001,62.2
CUST-007076,Gold,1916.36,15,6,0.12000000000000001,64.7
CUST-001914,Gold,848.13,15,6,0.12000000000000001,58.5
CUST-004900,Gold,979.48,15,6,0.12000000000000001,61.3
CUST-003937,Gold,619.98,15,6,0.12000000000000001,61.5
CUST-005389,Gold,1532.31,10,4,0.12,55.3
CUST-003335,Gold,2075.45,10,4,0.12,59.9
CUST-004114,Gold,607.21,10,4,0.12,58.3
CUST-007166,Gold,1163.63,10,4,0.12,60.6
CUST-000973,Gold,3157.17,10,4,0.12,57.4
CUST-003732,Gold,2104.79,10,4,0.12,55.9
CUST-003638,Gold,942.2,20,8,0.12,59.8
CUST-007898,Gold,1534.43,10,4,0.12,63.1
CUST-004166,Gold,2009.16,10,4,0.12,61.5
CUST-000597,Gold,1290.23,10,4,0.12,57.7
CUST-005805,Gold,1396.01,10,4,0.12,60.6
CUST-005813,Gold,2171.91,10,4,0.12,61.8
CUST-005740,Gold,1313.42,10,4,0.12,59.9
CUST-002733,Gold,1924.45,10,4,0.12,61.6
CUST-005976,Gold,1738.02,20,8,0.12,63.5
CUST-001061,Gold,1610.31,10,4,0.12,55.2
CUST-006966,Gold,791.17,20,8,0.12,60.1
CUST-007025,Gold,947.16,25,10,0.12,64.1
CUST-006768,Gold,1663.35,25,10,0.12,63.4
CUST-002514,Gold,1115.05,10,4,0.12,58.3
CUST-006759,Gold,1190.12,10,4,0.12,56.5
CUST-002044,Gold,1152.79,20,8,0.12,62.6
CUST-003393,Gold,699.29,10,4,0.12,58.8
CUST-003622,Gold,806.16,10,4,0.12,61.3
CUST-002286,Gold,1261.44,28,11,0.11964285714285715,64.7
CUST-000288,Gold,2123.53,23,9,0.11956521739130435,63.6
CUST-004610,Gold,1879.2,23,9,0.11956521739130435,64.8
CUST-007134,Gold,588.75,23,9,0.11956521739130435,58.2
CUST-002601,Gold,2596.26,18,7,0.11944444444444444,65.1
CUST-005412,Gold,971.39,18,7,0.11944444444444444,62.9
CUST-004246,Gold,828.4,18,7,0.11944444444444444,63.1
CUST-007196,Gold,645.57,18,7,0.11944444444444444,61.5
CUST-004658,Gold,355.86,18,7,0.11944444444444444,57.9
CUST-006539,Gold,588.87,18,7,0.11944444444444444,59.0
CUST-003039,Gold,795.42,18,7,0.11944444444444444,63.3
CUST-005328,Gold,548.46,18,7,0.11944444444444444,59.3
CUST-003066,Gold,1106.19,18,7,0.11944444444444444,62.0
CUST-003484,Gold,778.68,18,7,0.11944444444444444,60.2
CUST-005962,Gold,1374.04,18,7,0.11944444444444444,63.5
CUST-006679,Gold,1176.2,18,7,0.11944444444444444,61.9
CUST-000452,Gold,865.48,18,7,0.11944444444444444,59.5
CUST-007455,Gold,1915.79,18,7,0.11944444444444444,62.3
CUST-007346,Gold,1673.14,18,7,0.11944444444444444,63.9
CUST-004277,Gold,925.93,18,7,0.11944444444444444,57.2
CUST-002058,Gold,731.44,13,5,0.11923076923076924,58.2
CUST-001013,Gold,1590.9,13,5,0.11923076923076924,58.1
CUST-006766,Gold,1305.04,13,5,0.11923076923076924,74.1
CUST-007410,Gold,1260.8,13,5,0.11923076923076924,61.7
CUST-000451,Gold,1884.28,13,5,0.11923076923076924,57.3
CUST-007750,Gold,728.21,13,5,0.11923076923076924,62.0
CUST-001741,Gold,1562.34,13,5,0.11923076923076924,60.2
CUST-006311,Gold,1354.19,13,5,0.11923076923076924,63.9
CUST-000778,Gold,2048.56,13,5,0.11923076923076924,63.8
CUST-003294,Gold,364.64,13,5,0.11923076923076924,51.0
CUST-001852,Gold,965.98,13,5,0.11923076923076924,58.1
CUST-007472,Gold,1563.53,13,5,0.11923076923076924,58.2
CUST-001288,Gold,539.74,13,5,0.11923076923076924,59.9
CUST-001928,Gold,2376.82,13,5,0.11923076923076924,61.9
CUST-006659,Gold,2082.62,13,5,0.11923076923076924,60.8
CUST-004737,Gold,1013.43,13,5,0.11923076923076924,58.1
CUST-002594,Gold,2787.19,13,5,0.11923076923076924,61.1
CUST-006777,Gold,2637.27,13,5,0.11923076923076924,60.0
CUST-006691,Gold,636.99,26,10,0.11923076923076924,60.5
CUST-007904,Gold,1507.73,13,5,0.11923076923076924,61.9
CUST-000021,Gold,714.57,13,5,0.11923076923076924,58.4
CUST-007124,Gold,1287.88,13,5,0.11923076923076924,62.8
CUST-004222,Gold,811.28,13,5,0.11923076923076924,60.4
CUST-005224,Gold,1022.71,13,5,0.11923076923076924,62.0
CUST-002679,Gold,1650.49,13,5,0.11923076923076924,83.4
CUST-000659,Gold,887.07,21,8,0.11904761904761904,62.6
CUST-000953,Gold,1261.34,21,8,0.11904761904761904,83.8
CUST-004966,Gold,1019.92,21,8,0.11904761904761904,61.8
CUST-002941,Gold,843.71,21,8,0.11904761904761904,61.5
CUST-007954,Gold,1206.76,21,8,0.11904761904761904,59.7
CUST-002167,Gold,1413.53,24,9,0.11875000000000001,63.2
CUST-005150,Gold,881.29,16,6,0.11875,60.6
CUST-001092,Gold,1004.55,16,6,0.11875,63.7
CUST-002637,Gold,1603.1,16,6,0.11875,62.3
CUST-006115,Gold,2353.18,16,6,0.11875,63.8
CUST-006519,Gold,1712.22,16,6,0.11875,61.4
CUST-007384,Gold,1653.06,16,6,0.11875,63.0
CUST-000926,Gold,1190.91,16,6,0.11875,60.9
CUST-007611,Gold,1617.8,8,3,0.11875,56.5
CUST-007461,Gold,1170.29,16,6,0.11875,59.1
CUST-005619,Gold,1181.74,16,6,0.11875,61.9
CUST-003124,Gold,980.93,8,3,0.11875,57.6
CUST-000925,Gold,1261.26,16,6,0.11875,61.5
CUST-000624,Gold,1928.62,8,3,0.11875,59.8
CUST-007772,Gold,489.91,16,6,0.11875,61.1
CUST-003571,Gold,1294.08,8,3,0.11875,55.9
CUST-003654,Gold,1708.98,16,6,0.11875,61.4
CUST-005167,Gold,1474.62,16,6,0.11875,62.1
CUST-002195,Gold,1635.34,16,6,0.11875,63.0
CUST-007407,Gold,825.22,16,6,0.11875,60.4
CUST-007441,Gold,1114.03,8,3,0.11875,58.2
CUST-003028,Gold,794.62,8,3,0.11875,51.6
CUST-005113,Gold,1842.78,16,6,0.11875,59.5
CUST-004155,Gold,706.1,16,6,0.11875,58.6
CUST-003361,Gold,1250.61,16,6,0.11875,62.3
CUST-001995,Gold,425.68,16,6,0.11875,77.7
CUST-007071,Gold,1638.41,16,6,0.11875,64.4
CUST-006023,Gold,737.22,16,6,0.11875,56.1
CUST-000428,Gold,2940.73,16,6,0.11875,63.2
CUST-005842,Gold,810.93,16,6,0.11875,59.0
CUST-000303,Gold,954.29,16,6,0.11875,62.5
CUST-000585,Gold,1003.15,19,7,0.11842105263157894,61.7
CUST-004747,Gold,1657.45,19,7,0.11842105263157894,61.0
CUST-006881,Gold,2788.97,19,7,0.11842105263157894,64.1
CUST-003060,Gold,1571.2,19,7,0.11842105263157894,61.2
CUST-007278,Gold,1256.23,19,7,0.11842105263157894,62.7
CUST-002000,Gold,1261.43,19,7,0.11842105263157894,62.3
CUST-006269,Gold,1689.64,19,7,0.11842105263157894,60.9
CUST-000281,Gold,1277.65,19,7,0.11842105263157894,63.7
CUST-001563,Gold,1254.1,19,7,0.11842105263157894,62.2
CUST-003535,Gold,1594.78,19,7,0.11842105263157894,65.2
CUST-007256,Gold,509.15,19,7,0.11842105263157894,59.0
CUST-001558,Gold,1305.58,19,7,0.11842105263157894,62.7
CUST-003542,Gold,1433.28,19,7,0.11842105263157894,59.1
CUST-002885,Gold,1253.87,19,7,0.11842105263157894,61.8
CUST-004975,Gold,1736.18,19,7,0.11842105263157894,62.5
CUST-005721,Gold,1686.15,19,7,0.11842105263157894,65.3
CUST-004033,Gold,1682.07,19,7,0.11842105263157894,65.0
CUST-006114,Gold,2367.24,22,8,0.11818181818181818,63.2
CUST-003976,Gold,1144.21,11,4,0.11818181818181818,58.6
CUST-003668,Gold,1157.67,22,8,0.11818181818181818,61.2
CUST-005444,Gold,647.17,11,4,0.11818181818181818,54.5
CUST-001121,Gold,678.58,11,4,0.11818181818181818,58.7
CUST-000071,Gold,1482.12,11,4,0.11818181818181818,56.9
CUST-006710,Gold,694.43,11,4,0.11818181818181818,55.5
CUST-000394,Gold,2916.2,11,4,0.11818181818181818,62.1
CUST-004286,Gold,1230.25,11,4,0.11818181818181818,58.8
CUST-003337,Gold,1087.33,11,4,0.11818181818181818,58.2
CUST-007270,Gold,1559.9,11,4,0.11818181818181818,56.9
CUST-004113,Gold,943.45,11,4,0.11818181818181818,61.2
CUST-000295,Gold,1409.45,11,4,0.11818181818181818,61.1
CUST-001841,Gold,1012.93,11,4,0.11818181818181818,61.0
CUST-000404,Gold,1237.63,11,4,0.11818181818181818,60.3
CUST-000403,Gold,1231.37,11,4,0.11818181818181818,60.3
CUST-006021,Gold,2832.2,11,4,0.11818181818181818,58.1
CUST-007336,Gold,699.15,22,8,0.11818181818181818,58.8
CUST-003140,Gold,1740.56,22,8,0.11818181818181818,63.6
CUST-006486,Gold,538.39,22,8,0.11818181818181818,59.5
CUST-006502,Gold,1515.12,11,4,0.11818181818181818,61.1
CUST-002992,Gold,2782.03,11,4,0.11818181818181818,61.7
CUST-007790,Gold,1729.76,11,4,0.11818181818181818,59.3
CUST-003119,Gold,785.98,11,4,0.11818181818181818,60.2
CUST-003947,Gold,1471.78,25,9,0.11800000000000001,63.2
CUST-002686,Gold,940.59,25,9,0.11800000000000001,61.3
CUST-000293,Gold,1153.11,25,9,0.11800000000000001,64.4
CUST-004951,Gold,1882.38,14,5,0.11785714285714285,62.6
CUST-006589,Gold,941.9,14,5,0.11785714285714285,62.9
CUST-007236,Gold,627.4,14,5,0.11785714285714285,56.5
CUST-005019,Gold,1300.87,14,5,0.11785714285714285,60.6
CUST-001692,Gold,471.48,14,5,0.11785714285714285,60.3
CUST-007780,Gold,1200.48,14,5,0.11785714285714285,61.6
CUST-001669,Gold,838.35,14,5,0.11785714285714285,58.5
CUST-005946,Gold,1674.36,14,5,0.11785714285714285,62.1
CUST-001994,Gold,1819.01,14,5,0.11785714285714285,64.1
CUST-006557,Gold,1490.73,14,5,0.11785714285714285,59.1
CUST-000513,Gold,1439.12,14,5,0.11785714285714285,63.8
CUST-003300,Gold,2155.2,14,5,0.11785714285714285,61.0
CUST-000727,Gold,749.84,14,5,0.11785714285714285,55.9
CUST-002104,Gold,1464.94,14,5,0.11785714285714285,59.9
CUST-007929,Gold,932.24,14,5,0.11785714285714285,61.7
CUST-001591,Gold,1048.53,14,5,0.11785714285714285,58.1
CUST-004365,Gold,1051.99,14,5,0.11785714285714285,57.1
CUST-006683,Gold,1156.41,14,5,0.11785714285714285,61.5
CUST-001115,Gold,1195.35,14,5,0.11785714285714285,57.9
CUST-005616,Gold,874.7,14,5,0.11785714285714285,61.6
CUST-000270,Gold,798.61,14,5,0.11785714285714285,56.4
CUST-003606,Gold,1245.55,14,5,0.11785714285714285,60.8
CUST-001688,Gold,1220.28,14,5,0.11785714285714285,59.5
CUST-005370,Gold,1052.86,14,5,0.11785714285714285,56.1
CUST-002177,Gold,1957.86,14,5,0.11785714285714285,62.7
CUST-006505,Gold,1775.09,14,5,0.11785714285714285,58.5
CUST-005355,Gold,1458.65,14,5,0.11785714285714285,59.4
CUST-000017,Gold,1718.26,17,6,0.11764705882352941,63.5
CUST-006628,Gold,1529.84,17,6,0.11764705882352941,64.8
CUST-001301,Gold,1673.96,17,6,0.11764705882352941,61.5
CUST-004501,Gold,1434.85,17,6,0.11764705882352941,57.9
CUST-001835,Gold,931.42,17,6,0.11764705882352941,57.7
CUST-002496,Gold,864.2,17,6,0.11764705882352941,61.6
CUST-002479,Gold,3208.47,17,6,0.11764705882352941,62.9
CUST-000740,Gold,2487.52,17,6,0.11764705882352941,63.0
CUST-000520,Gold,2130.16,17,6,0.11764705882352941,60.9
CUST-007525,Gold,2570.48,17,6,0.11764705882352941,65.7
CUST-005745,Gold,1319.58,17,6,0.11764705882352941,59.8
CUST-004174,Gold,1043.75,17,6,0.11764705882352941,63.2
CUST-004887,Gold,1957.13,17,6,0.11764705882352941,65.3
CUST-005986,Gold,732.65,17,6,0.11764705882352941,56.7
CUST-007825,Gold,1108.55,17,6,0.11764705882352941,63.6
CUST-001479,Gold,1050.13,17,6,0.11764705882352941,59.4
CUST-005128,Gold,2614.75,17,6,0.11764705882352941,63.6
CUST-007584,Gold,841.96,20,7,0.11750000000000001,58.5
CUST-006669,Gold,703.32,20,7,0.11750000000000001,61.5
CUST-007972,Gold,1239.96,20,7,0.11750000000000001,59.8
CUST-007233,Gold,846.33,20,7,0.11750000000000001,59.3
CUST-001656,Gold,569.93,20,7,0.11750000000000001,60.9
CUST-003570,Gold,1779.74,20,7,0.11750000000000001,63.4
CUST-003354,Gold,1918.36,20,7,0.11750000000000001,63.6
CUST-003115,Gold,2408.49,20,7,0.11750000000000001,63.9
CUST-002054,Gold,2947.11,23,8,0.11739130434782609,64.3
CUST-005767,Gold,1264.12,9,3,0.11666666666666667,54.6
CUST-007080,Gold,1644.36,9,3,0.11666666666666667,59.0
CUST-001489,Gold,1177.39,9,3,0.11666666666666667,51.1
CUST-004891,Gold,1858.33,15,5,0.11666666666666667,63.3
CUST-004734,Gold,2254.92,15,5,0.11666666666666667,61.6
CUST-002595,Gold,1963.25,15,5,0.11666666666666667,61.8
CUST-003855,Gold,1597.67,18,6,0.11666666666666667,63.3
CUST-004962,Gold,829.68,18,6,0.11666666666666667,57.4
CUST-000468,Gold,670.68,18,6,0.11666666666666667,59.6
CUST-005750,Gold,1213.22,15,5,0.11666666666666667,58.1
CUST-000383,Gold,1227.56,9,3,0.11666666666666667,54.5
CUST-001600,Gold,1038.12,21,7,0.11666666666666667,62.1
CUST-007108,Gold,699.16,18,6,0.11666666666666667,58.7
CUST-003611,Gold,1036.59,9,3,0.11666666666666667,60.3
CUST-005014,Gold,636.05,9,3,0.11666666666666667,54.0
CUST-004281,Gold,1276.19,15,5,0.11666666666666667,61.8
CUST-007358,Gold,1631.13,18,6,0.11666666666666667,63.0
CUST-007652,Gold,1769.52,9,3,0.11666666666666667,52.9
CUST-007486,Gold,1766.3,15,5,0.11666666666666667,60.5
CUST-007537,Gold,1068.88,21,7,0.11666666666666667,61.9
CUST-001366,Gold,1455.86,15,5,0.11666666666666667,64.1
CUST-006949,Gold,989.43,21,7,0.11666666666666667,61.5
CUST-006537,Gold,1230.2,15,5,0.11666666666666667,58.5
CUST-001284,Gold,484.64,15,5,0.11666666666666667,56.5
CUST-005641,Gold,1494.7,15,5,0.11666666666666667,62.8
CUST-006203,Gold,956.52,21,7,0.11666666666666667,58.8
CUST-002276,Gold,857.3,9,3,0.11666666666666667,57.4
CUST-006072,Gold,907.99,9,3,0.11666666666666667,57.3
CUST-001486,Gold,1389.22,9,3,0.11666666666666667,54.9
CUST-000991,Gold,1042.25,15,5,0.11666666666666667,59.8
CUST-000935,Gold,715.77,18,6,0.11666666666666667,58.9
CUST-002160,Gold,1021.87,9,3,0.11666666666666667,59.2
CUST-006708,Gold,982.63,21,7,0.11666666666666667,63.6
CUST-006693,Gold,987.75,15,5,0.11666666666666667,59.7
CUST-000152,Gold,1106.91,9,3,0.11666666666666667,53.6
CUST-006298,Gold,812.56,9,3,0.11666666666666667,59.6
CUST-007205,Gold,624.77,21,7,0.11666666666666667,61.7
CUST-006738,Gold,684.87,18,6,0.11666666666666667,60.4
CUST-004625,Gold,1581.38,15,5,0.11666666666666667,59.4
CUST-003408,Gold,1845.29,15,5,0.11666666666666667,64.6
CUST-005932,Gold,958.36,21,7,0.11666666666666667,76.4
CUST-007756,Gold,1100.78,18,6,0.11666666666666667,76.8
CUST-001373,Gold,2418.98,21,7,0.11666666666666667,65.0
CUST-001819,Gold,637.93,18,6,0.11666666666666667,59.9
CUST-004123,Gold,614.01,9,3,0.11666666666666667,52.3
CUST-004068,Gold,1216.59,15,5,0.11666666666666667,61.6
CUST-007657,Gold,532.18,15,5,0.11666666666666667,58.6
CUST-007702,Gold,1469.24,18,6,0.11666666666666667,64.7
CUST-005870,Gold,504.05,15,5,0.11666666666666667,60.3
CUST-001431,Gold,729.37,15,5,0.11666666666666667,62.0
CUST-005995,Gold,2962.05,12,4,0.11666666666666665,56.1
CUST-007999,Gold,1210.33,12,4,0.11666666666666665,60.5
CUST-002268,Gold,913.91,24,8,0.11666666666666665,61.9
CUST-002272,Gold,844.97,12,4,0.11666666666666665,57.0
CUST-007408,Gold,1000.58,12,4,0.11666666666666665,60.0
CUST-001490,Gold,1937.98,12,4,0.11666666666666665,61.6
CUST-000675,Gold,1840.84,12,4,0.11666666666666665,59.4
CUST-005197,Gold,1145.33,12,4,0.11666666666666665,61.4
CUST-000164,Gold,1208.92,12,4,0.11666666666666665,56.7
CUST-007118,Gold,981.15,12,4,0.11666666666666665,57.9
CUST-005351,Gold,1556.72,12,4,0.11666666666666665,57.7
CUST-005621,Gold,1238.55,12,4,0.11666666666666665,60.6
CUST-001608,Gold,1807.99,24,8,0.11666666666666665,62.6
CUST-000866,Gold,682.92,12,4,0.11666666666666665,56.4
CUST-001088,Gold,1780.9,12,4,0.11666666666666665,57.7
CUST-002541,Gold,963.7,12,4,0.11666666666666665,59.9
CUST-007316,Gold,1467.47,12,4,0.11666666666666665,63.0
CUST-004066,Gold,1297.37,12,4,0.11666666666666665,58.7
CUST-003281,Gold,2544.61,12,4,0.11666666666666665,62.9
CUST-001800,Gold,1013.45,12,4,0.11666666666666665,60.2
CUST-003911,Gold,1201.95,6,2,0.11666666666666665,53.1
CUST-004917,Gold,1483.19,6,2,0.11666666666666665,56.6
CUST-000555,Gold,1336.04,12,4,0.11666666666666665,59.0
CUST-004040,Gold,714.32,6,2,0.11666666666666665,51.5
CUST-006264,Gold,1805.47,12,4,0.11666666666666665,61.5
CUST-000593,Gold,701.92,6,2,0.11666666666666665,50.4
CUST-004143,Gold,1517.9,25,8,0.11599999999999999,63.3
CUST-000904,Gold,1184.62,22,7,0.1159090909090909,63.5
CUST-003072,Gold,1924.72,22,7,0.1159090909090909,63.4
CUST-007757,Gold,1575.38,22,7,0.1159090909090909,61.2
CUST-005755,Gold,2301.75,22,7,0.1159090909090909,63.6
CUST-006468,Gold,1440.41,22,7,0.1159090909090909,62.0
CUST-003889,Gold,1083.68,22,7,0.1159090909090909,61.9
CUST-001970,Gold,2255.01,22,7,0.1159090909090909,62.9
CUST-006742,Gold,1636.19,22,7,0.1159090909090909,60.3
CUST-005066,Gold,1077.05,19,6,0.11578947368421054,58.2
CUST-005716,Gold,1202.11,19,6,0.11578947368421054,62.0
CUST-001457,Gold,1952.97,19,6,0.11578947368421054,64.3
CUST-006303,Gold,1058.78,19,6,0.11578947368421054,61.0
CUST-007697,Gold,1228.12,19,6,0.11578947368421054,62.2
CUST-003962,Gold,1214.03,19,6,0.11578947368421054,63.6
CUST-002238,Gold,1597.62,19,6,0.11578947368421054,62.2
CUST-005478,Gold,1481.35,19,6,0.11578947368421054,60.6
CUST-002756,Gold,1594.49,19,6,0.11578947368421054,61.4
CUST-005409,Gold,1203.66,19,6,0.11578947368421054,58.2
CUST-007955,Gold,1641.25,16,5,0.115625,62.3
CUST-005574,Gold,1489.25,16,5,0.115625,60.6
CUST-007497,Gold,1258.23,16,5,0.115625,56.3
CUST-005061,Gold,2161.07,16,5,0.115625,60.8
CUST-006964,Gold,766.18,16,5,0.115625,60.1
CUST-006414,Gold,1584.32,16,5,0.115625,59.4
CUST-005189,Gold,1823.0,16,5,0.115625,61.2
CUST-005414,Gold,1045.66,16,5,0.115625,59.2
CUST-002155,Gold,1253.56,16,5,0.115625,59.7
CUST-000664,Gold,1092.07,16,5,0.115625,60.5
CUST-006615,Gold,938.09,16,5,0.115625,73.1
CUST-005028,Gold,971.48,16,5,0.115625,63.0
CUST-000346,Gold,1022.29,16,5,0.115625,59.8
CUST-003774,Gold,1342.04,16,5,0.115625,61.6
CUST-000308,Gold,1874.18,16,5,0.115625,61.8
CUST-001560,Gold,1346.66,16,5,0.115625,63.9
CUST-005350,Gold,863.93,16,5,0.115625,58.6
CUST-003175,Gold,2453.89,13,4,0.11538461538461539,60.1
CUST-003181,Gold,1112.27,13,4,0.11538461538461539,59.4
CUST-005775,Gold,2326.16,13,4,0.11538461538461539,61.1
CUST-007173,Gold,1336.89,26,8,0.11538461538461539,61.6
CUST-007538,Gold,2077.55,13,4,0.11538461538461539,59.9
CUST-007132,Gold,1547.4,13,4,0.11538461538461539,61.1
CUST-001345,Gold,1347.1,13,4,0.11538461538461539,60.4
CUST-000352,Gold,1134.03,13,4,0.11538461538461539,58.3
CUST-005972,Gold,542.48,13,4,0.11538461538461539,53.6
CUST-007925,Gold,1894.2,13,4,0.11538461538461539,58.7
CUST-007866,Gold,868.33,13,4,0.11538461538461539,58.7
CUST-005070,Gold,2105.13,13,4,0.11538461538461539,58.7
CUST-000424,Gold,1567.85,13,4,0.11538461538461539,58.7
CUST-007796,Gold,2086.16,13,4,0.11538461538461539,57.1
CUST-000166,Gold,1419.15,23,7,0.11521739130434783,62.9
CUST-006047,Gold,2108.15,10,3,0.11499999999999999,57.5
CUST-006081,Gold,1318.78,10,3,0.11499999999999999,52.6
CUST-006237,Gold,747.71,10,3,0.11499999999999999,53.3
CUST-001544,Gold,1283.99,10,3,0.11499999999999999,56.9
CUST-001520,Gold,458.86,20,6,0.11499999999999999,70.4
CUST-006929,Gold,2449.99,20,6,0.11499999999999999,63.9
CUST-007610,Gold,1289.12,10,3,0.11499999999999999,58.6
CUST-003311,Gold,1747.43,10,3,0.11499999999999999,59.6
CUST-000923,Gold,1410.88,10,3,0.11499999999999999,54.8
CUST-000052,Gold,956.7,10,3,0.11499999999999999,56.0
CUST-000708,Gold,779.4,10,3,0.11499999999999999,55.0
CUST-004804,Gold,617.69,20,6,0.11499999999999999,59.4
CUST-006278,Gold,3246.22,10,3,0.11499999999999999,57.8
CUST-006412,Gold,923.65,20,6,0.11499999999999999,57.3
CUST-006885,Gold,802.87,10,3,0.11499999999999999,50.9
CUST-002777,Gold,1778.75,17,5,0.11470588235294117,61.0
CUST-004608,Gold,1814.34,17,5,0.11470588235294117,60.0
CUST-004812,Gold,1139.07,17,5,0.11470588235294117,57.4
CUST-000056,Gold,810.22,17,5,0.11470588235294117,60.4
CUST-007960,Gold,727.08,17,5,0.11470588235294117,57.1
CUST-001523,Gold,1617.69,17,5,0.11470588235294117,57.2
CUST-005822,Gold,947.39,17,5,0.11470588235294117,59.9
CUST-001969,Gold,1153.06,17,5,0.11470588235294117,59.5
CUST-004626,Gold,1781.02,17,5,0.11470588235294117,80.7
CUST-005803,Gold,1127.98,17,5,0.11470588235294117,61.2
CUST-002469,Gold,1119.43,17,5,0.11470588235294117,61.7
CUST-003639,Gold,670.78,17,5,0.11470588235294117,55.7
CUST-005063,Gold,1762.39,17,5,0.11470588235294117,57.8
CUST-003848,Gold,735.41,17,5,0.11470588235294117,59.0
CUST-004296,Gold,2234.5,17,5,0.11470588235294117,55.9
CUST-000207,Gold,860.13,17,5,0.11470588235294117,57.2
CUST-002304,Gold,868.36,17,5,0.11470588235294117,60.4
CUST-007705,Gold,1157.45,17,5,0.11470588235294117,62.5
CUST-005570,Gold,1437.3,17,5,0.11470588235294117,58.6
CUST-004532,Gold,647.53,24,7,0.11458333333333333,62.5
CUST-002467,Gold,802.81,14,4,0.1142857142857143,56.0
CUST-004340,Gold,932.24,14,4,0.1142857142857143,59.7
CUST-000746,Gold,921.64,14,4,0.1142857142857143,57.9
CUST-006230,Gold,749.78,14,4,0.1142857142857143,58.9
CUST-002543,Gold,709.43,14,4,0.1142857142857143,54.8
CUST-005714,Gold,768.78,14,4,0.1142857142857143,55.2
CUST-005092,Gold,883.45,14,4,0.1142857142857143,57.5
CUST-005188,Gold,1608.81,14,4,0.1142857142857143,59.3
CUST-004524,Gold,1997.64,14,4,0.1142857142857143,62.6
CUST-007273,Gold,617.13,14,4,0.1142857142857143,58.0
CUST-007617,Gold,1555.43,14,4,0.1142857142857143,59.0
CUST-004573,Gold,735.47,14,4,0.1142857142857143,57.0
CUST-004025,Gold,2131.69,7,2,0.1142857142857143,54.1
CUST-005546,Gold,940.57,14,4,0.1142857142857143,61.2
CUST-007577,Gold,1568.12,14,4,0.1142857142857143,57.2
CUST-000846,Gold,1014.58,7,2,0.1142857142857143,55.5
CUST-004177,Gold,945.35,21,6,0.11428571428571428,58.5
CUST-001637,Gold,1076.88,21,6,0.11428571428571428,59.3
CUST-006228,Gold,1322.55,25,7,0.114,62.3
CUST-003777,Gold,1716.3,18,5,0.11388888888888887,62.5
CUST-001536,Gold,835.88,18,5,0.11388888888888887,56.5
CUST-006241,Gold,1489.67,18,5,0.11388888888888887,60.6
CUST-004131,Gold,761.1,18,5,0.11388888888888887,56.2
CUST-001650,Gold,1619.8,18,5,0.11388888888888887,62.3
CUST-002273,Gold,928.24,18,5,0.11388888888888887,58.6
CUST-000673,Gold,695.97,22,6,0.11363636363636363,60.8
CUST-000203,Gold,1154.71,11,3,0.11363636363636363,54.0
CUST-000980,Gold,2153.87,11,3,0.11363636363636363,57.4
CUST-001526,Gold,2014.41,11,3,0.11363636363636363,60.5
CUST-007886,Gold,1468.34,11,3,0.11363636363636363,59.2
CUST-003182,Gold,2239.81,11,3,0.11363636363636363,59.4
CUST-001361,Gold,1740.85,11,3,0.11363636363636363,57.2
CUST-002475,Gold,1027.19,22,6,0.11363636363636363,61.7
CUST-003418,Gold,728.98,11,3,0.11363636363636363,52.5
CUST-007572,Gold,1440.45,11,3,0.11363636363636363,55.2
CUST-000677,Gold,1141.63,11,3,0.11363636363636363,56.0
CUST-004292,Gold,748.15,15,4,0.11333333333333333,57.1
CUST-006240,Gold,1215.45,15,4,0.11333333333333333,62.2
CUST-002381,Gold,1223.36,15,4,0.11333333333333333,60.8
CUST-002200,Gold,771.93,15,4,0.11333333333333333,59.4
CUST-001435,Gold,1624.9,15,4,0.11333333333333333,61.2
CUST-002495,Gold,1018.62,15,4,0.11333333333333333,58.2
CUST-002856,Gold,538.69,15,4,0.11333333333333333,57.7
CUST-007225,Gold,973.74,15,4,0.11333333333333333,80.9
CUST-007187,Gold,1528.17,15,4,0.11333333333333333,53.9
CUST-007443,Gold,706.81,15,4,0.11333333333333333,56.8
CUST-001626,Gold,1073.74,15,4,0.11333333333333333,60.2
CUST-000850,Gold,1704.78,15,4,0.11333333333333333,61.2
CUST-003103,Gold,1568.0,15,4,0.11333333333333333,61.1
CUST-002794,Gold,944.42,15,4,0.11333333333333333,57.5
CUST-002129,Gold,1178.12,15,4,0.11333333333333333,59.6
CUST-006092,Gold,1313.12,15,4,0.11333333333333333,57.7
CUST-001863,Gold,721.66,19,5,0.1131578947368421,59.9
CUST-006727,Gold,684.15,19,5,0.1131578947368421,61.8
CUST-003048,Gold,1206.51,23,6,0.11304347826086956,63.6
CUST-007953,Gold,1126.18,12,3,0.1125,57.6
CUST-000485,Gold,1563.21,16,4,0.1125,60.9
CUST-004210,Gold,1025.09,12,3,0.1125,54.0
CUST-001695,Gold,1294.61,12,3,0.1125,56.9
CUST-004213,Gold,1000.22,12,3,0.1125,53.3
CUST-002259,Gold,1534.19,12,3,0.1125,56.9
CUST-002539,Gold,1424.74,16,4,0.1125,58.6
CUST-004783,Gold,879.81,12,3,0.1125,55.5
CUST-004896,Gold,833.91,24,6,0.1125,57.9
CUST-003132,Gold,1373.6,12,3,0.1125,59.9
CUST-007792,Gold,809.62,20,5,0.1125,54.4
CUST-004396,Gold,2448.45,12,3,0.1125,57.5
CUST-002564,Gold,1088.32,16,4,0.1125,59.4
CUST-001976,Gold,1507.36,12,3,0.1125,57.6
CUST-002810,Gold,971.15,16,4,0.1125,59.9
CUST-003830,Gold,1495.23,12,3,0.1125,54.9
CUST-003098,Gold,812.04,16,4,0.1125,60.3
CUST-002925,Gold,1015.5,12,3,0.1125,53.9
CUST-000576,Gold,919.06,12,3,0.1125,55.3
CUST-007230,Gold,1107.79,12,3,0.1125,57.5
CUST-000961,Gold,1285.49,16,4,0.1125,59.9
CUST-000205,Gold,969.37,16,4,0.1125,73.3
CUST-004970,Gold,1418.19,16,4,0.1125,58.9
CUST-002048,Gold,2184.12,16,4,0.1125,63.8
CUST-001132,Gold,796.63,8,2,0.1125,50.4
CUST-007533,Gold,2947.95,8,2,0.1125,54.7
CUST-007195,Gold,1192.02,12,3,0.1125,60.7
CUST-002302,Gold,2023.79,12,3,0.1125,55.9
CUST-002299,Gold,1200.27,8,2,0.1125,52.4
CUST-007605,Gold,1678.04,16,4,0.1125,61.3
CUST-001217,Gold,922.91,12,3,0.1125,56.9
CUST-006060,Gold,540.42,16,4,0.1125,55.8
CUST-007935,Gold,1207.71,12,3,0.1125,56.7
CUST-004872,Gold,2072.38,16,4,0.1125,57.9
CUST-003336,Gold,811.77,16,4,0.1125,58.6
CUST-006725,Gold,648.14,12,3,0.1125,56.7
CUST-002050,Gold,1478.72,20,5,0.1125,61.0
CUST-000636,Gold,1315.07,16,4,0.1125,58.7
CUST-002037,Gold,872.24,12,3,0.1125,59.8
CUST-005135,Gold,1898.01,12,3,0.1125,61.8
CUST-007943,Gold,653.81,12,3,0.1125,56.4
CUST-002216,Gold,1343.89,21,5,0.11190476190476191,59.9
CUST-007432,Gold,946.15,17,4,0.11176470588235295,55.8
CUST-005406,Gold,688.08,17,4,0.11176470588235295,58.9
CUST-004731,Gold,1159.34,17,4,0.11176470588235295,56.6
CUST-004051,Gold,1849.89,17,4,0.11176470588235295,59.7
CUST-007901,Gold,1129.47,17,4,0.11176470588235295,57.9
CUST-003549,Gold,822.72,13,3,0.11153846153846153,52.5
CUST-001023,Gold,1737.55,13,3,0.11153846153846153,60.6
CUST-003974,Gold,2555.04,13,3,0.11153846153846153,57.0
CUST-007700,Gold,1503.77,13,3,0.11153846153846153,59.0
CUST-005430,Gold,1444.79,13,3,0.11153846153846153,56.2
CUST-003014,Gold,1048.45,13,3,0.11153846153846153,60.3
CUST-001152,Gold,1130.37,13,3,0.11153846153846153,53.8
CUST-007523,Gold,975.28,13,3,0.11153846153846153,53.5
CUST-003613,Gold,776.61,13,3,0.11153846153846153,59.4
CUST-002516,Gold,1024.07,13,3,0.11153846153846153,58.2
CUST-003661,Gold,1007.76,13,3,0.11153846153846153,59.2
CUST-004899,Gold,850.71,13,3,0.11153846153846153,53.7
CUST-002819,Gold,1135.09,9,2,0.1111111111111111,49.9
CUST-000604,Gold,1245.02,9,2,0.1111111111111111,57.2
CUST-002433,Gold,1313.41,18,4,0.1111111111111111,60.6
CUST-003261,Gold,1723.48,18,4,0.1111111111111111,61.4
CUST-005596,Gold,698.83,18,4,0.1111111111111111,59.8
CUST-005459,Gold,1246.39,18,4,0.1111111111111111,58.1
CUST-001085,Gold,893.93,9,2,0.1111111111111111,51.0
CUST-004185,Gold,957.74,18,4,0.1111111111111111,79.0
CUST-007074,Gold,813.85,9,2,0.1111111111111111,51.0
CUST-003612,Gold,1549.33,18,4,0.1111111111111111,59.3
CUST-004311,Gold,1763.94,18,4,0.1111111111111111,63.4
CUST-002270,Gold,1572.04,9,2,0.1111111111111111,58.8
CUST-004253,Gold,702.54,18,4,0.1111111111111111,60.8
CUST-003981,Gold,1583.23,23,5,0.11086956521739132,60.3
CUST-005046,Gold,1657.92,14,3,0.11071428571428572,54.7
CUST-001062,Gold,883.39,14,3,0.11071428571428572,54.0
CUST-006342,Gold,1223.65,14,3,0.11071428571428572,58.4
CUST-000557,Gold,1629.3,14,3,0.11071428571428572,59.5
CUST-004208,Gold,1429.24,14,3,0.11071428571428572,59.1
CUST-002474,Gold,1246.9,14,3,0.11071428571428572,59.8
CUST-005554,Gold,1342.28,24,5,0.11041666666666666,60.6
CUST-001310,Gold,740.88,15,3,0.11000000000000001,53.3
CUST-006222,Gold,1073.05,15,3,0.11000000000000001,60.4
CUST-007534,Gold,710.22,15,3,0.11000000000000001,56.8
CUST-005727,Gold,664.7,15,3,0.11000000000000001,52.6
CUST-002959,Gold,1285.84,15,3,0.11000000000000001,55.9
CUST-007009,Gold,825.59,10,2,0.11000000000000001,55.0
CUST-000247,Gold,1715.25,10,2,0.11000000000000001,58.0
CUST-005456,Gold,2974.08,10,2,0.11000000000000001,51.7
CUST-003592,Gold,1954.72,15,3,0.11000000000000001,61.0
CUST-006087,Gold,2006.87,15,3,0.11000000000000001,55.9
CUST-006004,Gold,1726.4,10,2,0.11000000000000001,53.0
CUST-005991,Gold,1128.71,10,2,0.11000000000000001,51.9
CUST-000053,Gold,1086.05,10,2,0.11000000000000001,54.3
CUST-003490,Gold,726.18,10,2,0.11000000000000001,51.3
CUST-004884,Gold,1109.6,5,1,0.11000000000000001,52.7
CUST-000644,Gold,1625.76,20,4,0.11000000000000001,59.3
CUST-005711,Gold,958.45,15,3,0.11000000000000001,60.0
CUST-003485,Gold,766.56,26,5,0.10961538461538461,62.2
CUST-006300,Gold,513.44,16,3,0.109375,49.8
CUST-005253,Gold,677.1,16,3,0.109375,54.5
CUST-003627,Gold,912.32,16,3,0.109375,53.7
CUST-003662,Gold,871.45,11,2,0.10909090909090909,54.5
CUST-005342,Gold,1761.16,11,2,0.10909090909090909,54.0
CUST-004328,Gold,1133.98,11,2,0.10909090909090909,48.9
CUST-006294,Gold,1966.7,11,2,0.10909090909090909,52.9
CUST-006871,Gold,1710.25,11,2,0.10909090909090909,57.0
CUST-003309,Gold,1130.13,11,2,0.10909090909090909,52.7
CUST-006260,Gold,1626.68,17,3,0.10882352941176471,59.5
CUST-001703,Gold,999.6,17,3,0.10882352941176471,58.2
CUST-000161,Gold,1119.44,17,3,0.10882352941176471,53.5
CUST-002141,Gold,1136.03,12,2,0.10833333333333334,53.9
CUST-000888,Gold,1898.15,12,2,0.10833333333333334,56.0
CUST-002444,Gold,1341.79,12,2,0.10833333333333334,58.4
CUST-005649,Gold,1465.89,12,2,0.10833333333333334,53.6
CUST-004038,Gold,804.48,12,2,0.10833333333333334,48.7
CUST-001073,Gold,834.81,18,3,0.10833333333333334,55.3
CUST-004090,Gold,2316.4,12,2,0.10833333333333334,52.2
CUST-002853,Gold,878.12,12,2,0.10833333333333334,56.2
CUST-001845,Gold,1268.98,18,3,0.10833333333333334,58.9
CUST-002730,Gold,846.12,13,2,0.1076923076923077,52.8
CUST-005279,Gold,1769.65,13,2,0.1076923076923077,58.0
CUST-001687,Gold,1057.47,14,2,0.10714285714285714,50.8
CUST-003088,Gold,987.6,14,2,0.10714285714285714,52.5
CUST-000054,Gold,1206.77,14,2,0.10714285714285714,52.1
CUST-003657,Gold,2040.14,7,1,0.10714285714285714,56.1
CUST-004200,Gold,1694.07,15,2,0.10666666666666667,58.9
CUST-006402,Gold,682.81,8,1,0.10625000000000001,43.3
CUST-004374,Gold,1821.48,16,2,0.10625000000000001,53.5
CUST-005588,Gold,1516.17,16,2,0.10625000000000001,54.4
CUST-000795,Gold,2614.18,9,1,0.10555555555555557,50.4
CUST-002548,Gold,875.11,18,2,0.10555555555555557,51.2
CUST-003466,Gold,1103.38,9,1,0.10555555555555557,47.9
CUST-005627,Gold,1008.59,9,1,0.10555555555555557,48.4
CUST-001607,Gold,916.7,19,2,0.10526315789473684,51.3
CUST-004802,Gold,1785.75,10,1,0.10500000000000001,49.8
CUST-007749,Gold,1109.79,10,1,0.10500000000000001,47.6
CUST-007400,Gold,989.01,11,1,0.10454545454545455,47.3
CUST-001139,Gold,1967.14,11,1,0.10454545454545455,50.0
CUST-002405,Gold,785.61,12,1,0.10416666666666667,49.2
CUST-001787,Gold,1094.06,12,1,0.10416666666666667,48.3
CUST-004157,Gold,1252.97,15,1,0.10333333333333333,53.0
CUST-006692,Gold,1047.44,18,1,0.10277777777777779,50.5
CUST-007516,Gold,712.84,12,0,0.10000000000000002,35.3
CUST-005636,Platinum,2986.35,13,11,0.07115384615384615,63.1
CUST-007411,Platinum,4488.17,10,8,0.06999999999999999,65.2
CUST-004271,Platinum,2996.2,9,7,0.06944444444444445,61.2
CUST-005468,Platinum,1602.21,9,7,0.06944444444444445,62.1
CUST-007985,Platinum,3606.45,8,6,0.06875,63.2
CUST-005569,Platinum,6112.74,15,11,0.06833333333333333,64.7
CUST-007415,Platinum,5672.07,15,11,0.06833333333333333,66.0
CUST-007651,Platinum,3441.31,11,8,0.06818181818181818,63.3
CUST-007663,Platinum,6855.44,11,8,0.06818181818181818,63.4
CUST-001672,Platinum,3245.14,18,13,0.06805555555555556,64.7
CUST-002081,Platinum,4001.42,14,10,0.06785714285714285,60.1
CUST-006536,Platinum,7226.36,10,7,0.0675,61.7
CUST-000918,Platinum,2291.32,19,13,0.06710526315789474,62.6
CUST-005379,Platinum,4004.65,15,10,0.06666666666666667,63.6
CUST-002115,Platinum,1478.62,15,10,0.06666666666666667,64.2
CUST-002830,Platinum,3575.53,15,10,0.06666666666666667,63.2
CUST-004176,Platinum,3172.37,15,10,0.06666666666666667,65.4
CUST-001415,Platinum,3586.76,9,6,0.06666666666666667,60.3
CUST-001227,Platinum,5896.09,18,12,0.06666666666666667,64.0
CUST-005562,Platinum,4425.2,15,10,0.06666666666666667,65.5
CUST-006529,Platinum,3795.78,12,8,0.06666666666666667,64.5
CUST-005318,Platinum,5264.76,12,8,0.06666666666666667,64.7
CUST-000185,Platinum,1331.31,12,8,0.06666666666666667,61.3
CUST-003532,Platinum,7938.21,9,6,0.06666666666666667,60.8
CUST-001384,Platinum,2275.38,9,6,0.06666666666666667,59.9
CUST-003055,Platinum,2107.23,17,11,0.0661764705882353,64.9
CUST-006870,Platinum,4409.65,14,9,0.06607142857142857,63.2
CUST-002535,Platinum,3268.21,14,9,0.06607142857142857,62.4
CUST-007994,Platinum,1980.56,14,9,0.06607142857142857,64.7
CUST-002526,Platinum,5593.26,11,7,0.0659090909090909,61.0
CUST-006435,Platinum,3571.9,11,7,0.0659090909090909,63.2
CUST-004986,Platinum,4200.61,16,10,0.065625,64.6
CUST-005094,Platinum,1842.53,16,10,0.065625,62.6
CUST-006720,Platinum,3124.3,8,5,0.065625,80.2
CUST-002264,Platinum,2814.16,13,8,0.06538461538461539,62.8
CUST-002434,Platinum,2918.45,13,8,0.06538461538461539,64.7
CUST-003228,Platinum,1648.44,13,8,0.06538461538461539,63.2
CUST-006801,Platinum,1596.17,13,8,0.06538461538461539,63.1
CUST-003845,Platinum,1874.23,13,8,0.06538461538461539,63.6
CUST-005047,Platinum,4107.01,13,8,0.06538461538461539,64.9
CUST-000915,Platinum,2177.26,18,11,0.06527777777777778,63.7
CUST-005485,Platinum,6127.8,15,9,0.065,62.8
CUST-001952,Platinum,2405.46,20,12,0.065,84.1
CUST-005495,Platinum,2901.28,15,9,0.065,64.3
CUST-003588,Platinum,2161.92,15,9,0.065,62.7
CUST-002538,Platinum,2116.07,20,12,0.065,62.9
CUST-002397,Platinum,3329.59,10,6,0.065,62.0
CUST-003351,Platinum,2258.6,15,9,0.065,65.0
CUST-004570,Platinum,2511.14,15,9,0.065,65.1
CUST-000867,Platinum,5924.41,15,9,0.065,84.9
CUST-001483,Platinum,3602.75,15,9,0.065,63.5
CUST-000067,Platinum,3147.38,10,6,0.065,60.7
CUST-003448,Platinum,2130.14,17,10,0.06470588235294118,64.6
CUST-006572,Platinum,1831.05,17,10,0.06470588235294118,63.7
CUST-001143,Platinum,1769.52,24,14,0.06458333333333334,64.7
CUST-001467,Platinum,3522.58,12,7,0.06458333333333334,63.2
CUST-005269,Platinum,4007.21,12,7,0.06458333333333334,61.0
CUST-000175,Platinum,5313.85,12,7,0.06458333333333334,62.5
CUST-006160,Platinum,3123.99,12,7,0.06458333333333334,63.1
CUST-002512,Platinum,6674.74,19,11,0.06447368421052632,64.0
CUST-001765,Platinum,2943.39,14,8,0.0642857142857143,84.0
CUST-001475,Platinum,5090.58,21,12,0.0642857142857143,65.9
CUST-007392,Platinum,4872.15,14,8,0.0642857142857143,62.5
CUST-007027,Platinum,2124.25,14,8,0.0642857142857143,62.5
CUST-007430,Platinum,3540.75,14,8,0.0642857142857143,63.2
CUST-004740,Platinum,6017.89,14,8,0.0642857142857143,63.7
CUST-001504,Platinum,2928.99,14,8,0.0642857142857143,63.2
CUST-004058,Platinum,5240.21,14,8,0.0642857142857143,63.5
CUST-005783,Platinum,2368.55,14,8,0.0642857142857143,64.8
CUST-000393,Platinum,1938.67,14,8,0.0642857142857143,63.9
CUST-006609,Platinum,3196.69,14,8,0.0642857142857143,74.4
CUST-000519,Platinum,4146.92,16,9,0.0640625,64.8
CUST-004590,Platinum,2486.32,16,9,0.0640625,62.9
CUST-002869,Platinum,4549.8,16,9,0.0640625,65.8
CUST-001319,Platinum,3260.24,25,14,0.064,65.3
CUST-001248,Platinum,4490.04,18,10,0.06388888888888888,65.7
CUST-007243,Platinum,3103.37,18,10,0.06388888888888888,63.7
CUST-004076,Platinum,2555.91,18,10,0.06388888888888888,64.7
CUST-003020,Platinum,5051.11,9,5,0.06388888888888888,62.6
CUST-005305,Platinum,3181.54,18,10,0.06388888888888888,64.1
CUST-002971,Platinum,4048.39,20,11,0.06375,63.0
CUST-000570,Platinum,3560.08,20,11,0.06375,64.3
CUST-006355,Platinum,6437.96,20,11,0.06375,64.7
CUST-001589,Platinum,1768.37,11,6,0.06363636363636363,57.8
CUST-000126,Platinum,2600.61,11,6,0.06363636363636363,62.5
CUST-000039,Platinum,2192.58,11,6,0.06363636363636363,64.3
CUST-003978,Platinum,4284.7,22,12,0.06363636363636363,65.7
CUST-002646,Platinum,6740.96,11,6,0.06363636363636363,61.0
CUST-002398,Platinum,3409.01,11,6,0.06363636363636363,62.5
CUST-006954,Platinum,2492.1,22,12,0.06363636363636363,62.7
CUST-000365,Platinum,2590.68,11,6,0.06363636363636363,61.9
CUST-005764,Platinum,4234.53,11,6,0.06363636363636363,62.8
CUST-006614,Platinum,1622.01,11,6,0.06363636363636363,57.2
CUST-007393,Platinum,3719.4,11,6,0.06363636363636363,60.8
CUST-007682,Platinum,3777.73,24,13,0.06354166666666666,84.6
CUST-002665,Platinum,2348.9,24,13,0.06354166666666666,65.1
CUST-005395,Platinum,8285.32,13,7,0.06346153846153846,63.8
CUST-004353,Platinum,2658.21,13,7,0.06346153846153846,62.6
CUST-004839,Platinum,6398.51,13,7,0.06346153846153846,64.4
CUST-004864,Platinum,3533.89,13,7,0.06346153846153846,63.2
CUST-002244,Platinum,2090.15,13,7,0.06346153846153846,62.3
CUST-003574,Platinum,6694.9,13,7,0.06346153846153846,63.7
CUST-000132,Platinum,3407.28,15,8,0.06333333333333332,62.8
CUST-004627,Platinum,4045.08,15,8,0.06333333333333332,63.4
CUST-000818,Platinum,5278.15,15,8,0.06333333333333332,84.6
CUST-005384,Platinum,2816.84,15,8,0.06333333333333332,62.5
CUST-001893,Platinum,5212.85,15,8,0.06333333333333332,63.4
CUST-001747,Platinum,2353.69,15,8,0.06333333333333332,62.2
CUST-002911,Platinum,4261.19,15,8,0.06333333333333332,65.6
CUST-005005,Platinum,2613.33,17,9,0.06323529411764706,61.1
CUST-001798,Platinum,2773.72,17,9,0.06323529411764706,59.8
CUST-003520,Platinum,4143.43,17,9,0.06323529411764706,62.7
CUST-004436,Platinum,1778.0,17,9,0.06323529411764706,63.6
CUST-005919,Platinum,4431.37,19,10,0.06315789473684211,65.0
CUST-002739,Platinum,3456.07,19,10,0.06315789473684211,63.2
CUST-003873,Platinum,5375.61,19,10,0.06315789473684211,63.8
CUST-006758,Platinum,4771.02,19,10,0.06315789473684211,64.7
CUST-002599,Platinum,2512.3,19,10,0.06315789473684211,61.6
CUST-006347,Platinum,2632.65,19,10,0.06315789473684211,63.9
CUST-004042,Platinum,4591.23,21,11,0.0630952380952381,63.8
CUST-004889,Platinum,3920.48,23,12,0.06304347826086956,65.6
CUST-007454,Platinum,5462.54,12,6,0.0625,62.8
CUST-004359,Platinum,5789.47,12,6,0.0625,59.2
CUST-004392,Platinum,2270.22,20,10,0.0625,63.9
CUST-004880,Platinum,3427.39,12,6,0.0625,62.7
CUST-005068,Platinum,3498.87,10,5,0.0625,62.9
CUST-002977,Platinum,4019.63,12,6,0.0625,59.2
CUST-003108,Platinum,3544.66,14,7,0.0625,60.0
CUST-001308,Platinum,3645.41,10,5,0.0625,58.3
CUST-005645,Platinum,3105.51,12,6,0.0625,59.0
CUST-001311,Platinum,4588.64,14,7,0.0625,62.5
CUST-003479,Platinum,3803.22,18,9,0.0625,63.6
CUST-007212,Platinum,3524.1,14,7,0.0625,64.9
CUST-003952,Platinum,2677.19,12,6,0.0625,60.6
CUST-000783,Platinum,2593.52,14,7,0.0625,60.2
CUST-000822,Platinum,5127.21,20,10,0.0625,64.3
CUST-007321,Platinum,6324.85,8,4,0.0625,55.6
CUST-000262,Platinum,3960.7,14,7,0.0625,61.3
CUST-000553,Platinum,2881.84,14,7,0.0625,63.0
CUST-002080,Platinum,4594.5,10,5,0.0625,60.7
CUST-007323,Platinum,2189.33,12,6,0.0625,61.0
CUST-001749,Platinum,4030.95,10,5,0.0625,63.3
CUST-001555,Platinum,2619.17,16,8,0.0625,64.6
CUST-006348,Platinum,2861.9,12,6,0.0625,58.7
CUST-000879,Platinum,3110.77,10,5,0.0625,59.1
CUST-000835,Platinum,2044.02,12,6,0.0625,63.3
CUST-000823,Platinum,2223.46,14,7,0.0625,62.8
CUST-007288,Platinum,7173.16,20,10,0.0625,65.7
CUST-000834,Platinum,6161.3,18,9,0.0625,64.7
CUST-007298,Platinum,2252.15,16,8,0.0625,63.9
CUST-000819,Platinum,3863.58,8,4,0.0625,61.0
CUST-005757,Platinum,4538.98,18,9,0.0625,65.7
CUST-006772,Platinum,1326.9,8,4,0.0625,59.6
CUST-003441,Platinum,6171.24,14,7,0.0625,63.1
CUST-006122,Platinum,2308.86,12,6,0.0625,60.9
CUST-007111,Platinum,2080.19,12,6,0.0625,61.9
CUST-000116,Platinum,2786.9,18,9,0.0625,64.0
CUST-001512,Platinum,2970.6,10,5,0.0625,63.0
CUST-005985,Platinum,1907.38,12,6,0.0625,59.5
CUST-003796,Platinum,2275.67,10,5,0.0625,60.9
CUST-007802,Platinum,3233.22,12,6,0.0625,60.3
CUST-003237,Platinum,4553.07,14,7,0.0625,63.3
CUST-006383,Platinum,1881.62,14,7,0.0625,64.5
CUST-004998,Platinum,4451.54,6,3,0.0625,55.5
CUST-004111,Platinum,3565.99,18,9,0.0625,64.9
CUST-001855,Platinum,4238.82,16,8,0.0625,64.5
CUST-004314,Platinum,4664.94,10,5,0.0625,60.6
CUST-001909,Platinum,4493.26,20,10,0.0625,63.8
CUST-003006,Platinum,3227.17,12,6,0.0625,64.4
CUST-005859,Platinum,5326.11,12,6,0.0625,63.7
CUST-000399,Platinum,4227.21,22,11,0.0625,65.8
CUST-005677,Platinum,2587.47,22,11,0.0625,64.1
CUST-000695,Platinum,4576.92,20,10,0.0625,65.5
CUST-002748,Platinum,5170.45,18,9,0.0625,61.8
CUST-003983,Platinum,2812.91,16,8,0.0625,64.6
CUST-003008,Platinum,5830.0,18,9,0.0625,63.8
CUST-007149,Platinum,2538.44,20,10,0.0625,61.0
CUST-000118,Platinum,3967.55,16,8,0.0625,64.5
CUST-001643,Platinum,4827.25,23,11,0.06195652173913044,61.9
CUST-006016,Platinum,6544.0,23,11,0.06195652173913044,64.2
CUST-007206,Platinum,4291.07,23,11,0.06195652173913044,63.8
CUST-001142,Platinum,3825.27,21,10,0.06190476190476191,83.4
CUST-003451,Platinum,2897.62,21,10,0.06190476190476191,64.1
CUST-004528,Platinum,2448.05,21,10,0.06190476190476191,64.3
CUST-002854,Platinum,5278.58,19,9,0.0618421052631579,65.1
CUST-003838,Platinum,2828.17,19,9,0.0618421052631579,84.0
CUST-006645,Platinum,4322.85,19,9,0.0618421052631579,65.4
CUST-005307,Platinum,4047.15,19,9,0.0618421052631579,64.4
CUST-002098,Platinum,3326.0,17,8,0.061764705882352944,64.9
CUST-000914,Platinum,1655.09,17,8,0.061764705882352944,62.2
CUST-003892,Platinum,4242.99,17,8,0.061764705882352944,65.4
CUST-002556,Platinum,5653.35,17,8,0.061764705882352944,63.2
CUST-000831,Platinum,7589.59,17,8,0.061764705882352944,63.9
CUST-000773,Platinum,2866.22,17,8,0.061764705882352944,63.2
CUST-002296,Platinum,2613.27,17,8,0.061764705882352944,64.9
CUST-005052,Platinum,3191.31,15,7,0.06166666666666667,64.8
CUST-004768,Platinum,4377.52,15,7,0.06166666666666667,60.4
CUST-003094,Platinum,1943.0,15,7,0.06166666666666667,62.3
CUST-000296,Platinum,3657.54,15,7,0.06166666666666667,62.2
CUST-000377,Platinum,2100.52,15,7,0.06166666666666667,58.8
CUST-004473,Platinum,6982.06,15,7,0.06166666666666667,65.0
CUST-005817,Platinum,5927.28,15,7,0.06166666666666667,61.4
CUST-000573,Platinum,2744.98,15,7,0.06166666666666667,64.3
CUST-003385,Platinum,6619.86,15,7,0.06166666666666667,63.3
CUST-004770,Platinum,2986.15,13,6,0.06153846153846154,58.7
CUST-005440,Platinum,5530.81,13,6,0.06153846153846154,63.6
CUST-007420,Platinum,1952.75,13,6,0.06153846153846154,62.5
CUST-001243,Platinum,4021.14,13,6,0.06153846153846154,59.0
CUST-003284,Platinum,2873.97,13,6,0.06153846153846154,62.0
CUST-007603,Platinum,2550.62,13,6,0.06153846153846154,61.8
CUST-006446,Platinum,4126.83,13,6,0.06153846153846154,65.1
CUST-007399,Platinum,5457.4,13,6,0.06153846153846154,59.7
CUST-004383,Platinum,2756.03,13,6,0.06153846153846154,62.9
CUST-005344,Platinum,5064.41,24,11,0.06145833333333334,64.2
CUST-000972,Platinum,2652.76,11,5,0.06136363636363637,60.7
CUST-006859,Platinum,3999.03,11,5,0.06136363636363637,60.8
CUST-007438,Platinum,2667.54,11,5,0.06136363636363637,62.9
CUST-006719,Platinum,6580.66,11,5,0.06136363636363637,58.8
CUST-005212,Platinum,3885.71,11,5,0.06136363636363637,61.3
CUST-001991,Platinum,3495.55,22,10,0.06136363636363637,63.2
CUST-006350,Platinum,3452.57,11,5,0.06136363636363637,62.2
CUST-002626,Platinum,3135.82,20,9,0.061250000000000006,63.3
CUST-001665,Platinum,2632.45,20,9,0.061250000000000006,64.0
CUST-003893,Platinum,1877.19,20,9,0.061250000000000006,64.6
CUST-005533,Platinum,5551.3,20,9,0.061250000000000006,63.7
CUST-004228,Platinum,3480.51,20,9,0.061250000000000006,80.4
CUST-006831,Platinum,3095.57,18,8,0.061111111111111116,63.9
CUST-003494,Platinum,3473.8,9,4,0.061111111111111116,58.9
CUST-000577,Platinum,2139.52,18,8,0.061111111111111116,63.9
CUST-006341,Platinum,3145.23,18,8,0.061111111111111116,65.1
CUST-000824,Platinum,4193.48,18,8,0.061111111111111116,78.0
CUST-007260,Platinum,3431.73,18,8,0.061111111111111116,79.2
CUST-003338,Platinum,3578.06,9,4,0.061111111111111116,54.7
CUST-003256,Platinum,5949.18,18,8,0.061111111111111116,64.7
CUST-004735,Platinum,1242.06,18,8,0.061111111111111116,62.2
CUST-002131,Platinum,3869.92,18,8,0.061111111111111116,63.5
CUST-002049,Platinum,3668.59,9,4,0.061111111111111116,58.6
CUST-003161,Platinum,4044.94,25,11,0.061,63.0
CUST-001063,Platinum,2506.76,16,7,0.0609375,58.8
CUST-001093,Platinum,5222.44,16,7,0.0609375,61.5
CUST-001885,Platinum,2768.33,16,7,0.0609375,61.8
CUST-006037,Platinum,3747.45,16,7,0.0609375,63.9
CUST-002212,Platinum,5701.72,16,7,0.0609375,63.7
CUST-002243,Platinum,6402.86,16,7,0.0609375,65.3
CUST-003202,Platinum,6333.93,16,7,0.0609375,63.4
CUST-004151,Platinum,4690.54,16,7,0.0609375,62.6
CUST-005808,Platinum,5000.49,16,7,0.0609375,62.3
CUST-003674,Platinum,4858.47,23,10,0.0608695652173913,65.5
CUST-002656,Platinum,2397.03,14,6,0.060714285714285714,62.4
CUST-003793,Platinum,3892.32,14,6,0.060714285714285714,62.5
CUST-006546,Platinum,2114.43,14,6,0.060714285714285714,61.6
CUST-000934,Platinum,3374.27,14,6,0.060714285714285714,62.4
CUST-000092,Platinum,3777.24,14,6,0.060714285714285714,61.3
CUST-007913,Platinum,5071.8,14,6,0.060714285714285714,63.6
CUST-000220,Platinum,4513.44,14,6,0.060714285714285714,61.8
CUST-002508,Platinum,2614.62,14,6,0.060714285714285714,64.6
CUST-004242,Platinum,3701.53,14,6,0.060714285714285714,58.8
CUST-003368,Platinum,3336.18,14,6,0.060714285714285714,62.8
CUST-004759,Platinum,5590.12,21,9,0.06071428571428571,63.9
CUST-006779,Platinum,4275.42,21,9,0.06071428571428571,64.1
CUST-005144,Platinum,2786.01,21,9,0.06071428571428571,62.3
CUST-005425,Platinum,3643.05,21,9,0.06071428571428571,64.4
CUST-004923,Platinum,3759.99,21,9,0.06071428571428571,64.7
CUST-005325,Platinum,2402.75,21,9,0.06071428571428571,60.0
CUST-001264,Platinum,4075.83,21,9,0.06071428571428571,63.1
CUST-001524,Platinum,5374.18,21,9,0.06071428571428571,84.9
CUST-006316,Platinum,3847.25,19,8,0.06052631578947368,64.4
CUST-002460,Platinum,4033.96,19,8,0.06052631578947368,84.0
CUST-003530,Platinum,1587.53,12,5,0.06041666666666667,56.3
CUST-006820,Platinum,4185.51,12,5,0.06041666666666667,60.5
CUST-006074,Platinum,10150.19,12,5,0.06041666666666667,60.0
CUST-002087,Platinum,1733.12,12,5,0.06041666666666667,59.1
CUST-004957,Platinum,4577.32,12,5,0.06041666666666667,57.5
CUST-004075,Platinum,3265.97,12,5,0.06041666666666667,62.2
CUST-000310,Platinum,2641.3,12,5,0.06041666666666667,61.8
CUST-004181,Platinum,4518.73,12,5,0.06041666666666667,58.6
CUST-006332,Platinum,4481.6,12,5,0.06041666666666667,59.5
CUST-000162,Platinum,2067.61,12,5,0.06041666666666667,61.6
CUST-007704,Platinum,3282.65,12,5,0.06041666666666667,61.1
CUST-002573,Platinum,4538.89,12,5,0.06041666666666667,64.6
CUST-007383,Platinum,6357.1,12,5,0.06041666666666667,62.7
CUST-005658,Platinum,3587.65,12,5,0.06041666666666667,61.2
CUST-006164,Platinum,5459.48,12,5,0.06041666666666667,64.3
CUST-001986,Platinum,2832.1,12,5,0.06041666666666667,59.2
CUST-007128,Platinum,3470.6,17,7,0.06029411764705882,62.0
CUST-004080,Platinum,2219.48,17,7,0.06029411764705882,60.1
CUST-003364,Platinum,3900.69,17,7,0.06029411764705882,63.1
CUST-003898,Platinum,4655.71,17,7,0.06029411764705882,59.6
CUST-007723,Platinum,4449.94,17,7,0.06029411764705882,84.5
CUST-001399,Platinum,2621.16,17,7,0.06029411764705882,64.0
CUST-005638,Platinum,3020.21,17,7,0.06029411764705882,60.6
CUST-006994,Platinum,4165.1,17,7,0.06029411764705882,62.4
CUST-005439,Platinum,6127.27,17,7,0.06029411764705882,63.2
CUST-003546,Platinum,3807.3,17,7,0.06029411764705882,62.2
CUST-001853,Platinum,1890.95,17,7,0.06029411764705882,63.5
CUST-005251,Platinum,2650.49,22,9,0.060227272727272727,62.6
CUST-002402,Platinum,3188.81,22,9,0.060227272727272727,64.3
CUST-007474,Platinum,3519.85,22,9,0.060227272727272727,63.2
CUST-005371,Platinum,2030.22,15,6,0.060000000000000005,64.2
CUST-004786,Platinum,3589.87,15,6,0.060000000000000005,59.9
CUST-003057,Platinum,3868.36,15,6,0.060000000000000005,62.4
CUST-002310,Platinum,3418.65,15,6,0.060000000000000005,58.2
CUST-000645,Platinum,3602.26,15,6,0.060000000000000005,64.9
CUST-004244,Platinum,5576.74,15,6,0.060000000000000005,59.7
CUST-004981,Platinum,1829.49,15,6,0.060000000000000005,61.4
CUST-005892,Platinum,4655.57,15,6,0.060000000000000005,84.2
CUST-003211,Platinum,5073.71,15,6,0.060000000000000005,62.1
CUST-004997,Platinum,3554.14,15,6,0.060000000000000005,61.0
CUST-007301,Platinum,3686.18,15,6,0.060000000000000005,59.4
CUST-001808,Platinum,3257.08,15,6,0.060000000000000005,62.1
CUST-003829,Platinum,3062.71,15,6,0.060000000000000005,58.5
CUST-006066,Platinum,2706.2,15,6,0.060000000000000005,62.6
CUST-006534,Platinum,4475.77,15,6,0.060000000000000005,60.2
CUST-004928,Platinum,5397.09,15,6,0.060000000000000005,63.6
CUST-006411,Platinum,1568.19,5,2,0.06,51.3
CUST-002886,Platinum,3862.42,10,4,0.06,62.3
CUST-006343,Platinum,1579.71,25,10,0.06,63.1
CUST-000318,Platinum,2143.99,20,8,0.06,63.3
CUST-003301,Platinum,3315.16,10,4,0.06,61.1
CUST-000299,Platinum,1935.65,10,4,0.06,58.2
CUST-004579,Platinum,5164.07,10,4,0.06,62.6
CUST-002840,Platinum,5216.96,10,4,0.06,59.8
CUST-002033,Platinum,4238.45,10,4,0.06,57.6
CUST-002649,Platinum,4563.94,20,8,0.06,63.5
CUST-007805,Platinum,4115.2,20,8,0.06,61.1
CUST-005345,Platinum,3789.87,20,8,0.06,64.4
CUST-003421,Platinum,5003.72,23,9,0.059782608695652176,82.5
CUST-002847,Platinum,5803.33,18,7,0.05972222222222222,64.5
CUST-001820,Platinum,4420.55,18,7,0.05972222222222222,61.8
CUST-002313,Platinum,3137.47,18,7,0.05972222222222222,60.7
CUST-001449,Platinum,1915.94,18,7,0.05972222222222222,60.1
CUST-003004,Platinum,4281.89,18,7,0.05972222222222222,63.0
CUST-002590,Platinum,2982.64,18,7,0.05972222222222222,65.0
CUST-002565,Platinum,2785.29,18,7,0.05972222222222222,62.6
CUST-005552,Platinum,2374.81,13,5,0.05961538461538462,60.0
CUST-004464,Platinum,2552.47,13,5,0.05961538461538462,60.8
CUST-006407,Platinum,5613.52,13,5,0.05961538461538462,58.5
CUST-005832,Platinum,4194.12,13,5,0.05961538461538462,62.4
CUST-006860,Platinum,6763.99,13,5,0.05961538461538462,63.8
CUST-005987,Platinum,3445.29,13,5,0.05961538461538462,62.9
CUST-006366,Platinum,3198.21,13,5,0.05961538461538462,57.1
CUST-000490,Platinum,3354.03,13,5,0.05961538461538462,61.7
CUST-004613,Platinum,5829.48,13,5,0.05961538461538462,58.3
CUST-002428,Platinum,3552.65,13,5,0.05961538461538462,61.2
CUST-003527,Platinum,2325.8,21,8,0.05952380952380952,62.9
CUST-007667,Platinum,5654.32,21,8,0.05952380952380952,59.8
CUST-001699,Platinum,4157.55,21,8,0.05952380952380952,63.2
CUST-003230,Platinum,4223.16,16,6,0.059375,63.5
CUST-007823,Platinum,6395.55,8,3,0.059375,55.9
CUST-006442,Platinum,2746.85,16,6,0.059375,60.9
CUST-000820,Platinum,3483.63,16,6,0.059375,62.5
CUST-003040,Platinum,2931.38,16,6,0.059375,62.2
CUST-007457,Platinum,3649.56,16,6,0.059375,62.7
CUST-002524,Platinum,4396.35,16,6,0.059375,62.5
CUST-000163,Platinum,2374.63,16,6,0.059375,61.8
CUST-001426,Platinum,4300.15,8,3,0.059375,55.6
CUST-003737,Platinum,5391.48,16,6,0.059375,63.1
CUST-002019,Platinum,3906.74,8,3,0.059375,56.5
CUST-001623,Platinum,2828.55,16,6,0.059375,63.6
CUST-007266,Platinum,5160.23,19,7,0.05921052631578947,65.0
CUST-002985,Platinum,1803.0,19,7,0.05921052631578947,61.3
CUST-003621,Platinum,2953.44,19,7,0.05921052631578947,62.7
CUST-000374,Platinum,4719.32,11,4,0.05909090909090909,61.5
CUST-001347,Platinum,3441.78,11,4,0.05909090909090909,62.1
CUST-005792,Platinum,2522.35,11,4,0.05909090909090909,58.8
CUST-006499,Platinum,2528.87,11,4,0.05909090909090909,58.6
CUST-006271,Platinum,3283.55,11,4,0.05909090909090909,63.1
CUST-001543,Platinum,1420.31,22,8,0.05909090909090909,63.8
CUST-007854,Platinum,3528.47,11,4,0.05909090909090909,60.6
CUST-007359,Platinum,5890.33,11,4,0.05909090909090909,57.7
CUST-002767,Platinum,2709.33,11,4,0.05909090909090909,56.6
CUST-001810,Platinum,4516.02,14,5,0.05892857142857143,62.5
CUST-003391,Platinum,3771.21,14,5,0.05892857142857143,58.8
CUST-000421,Platinum,2146.05,14,5,0.05892857142857143,62.2
CUST-007343,Platinum,2113.65,14,5,0.05892857142857143,63.7
CUST-007354,Platinum,4172.75,14,5,0.05892857142857143,61.4
CUST-005839,Platinum,4825.36,14,5,0.05892857142857143,64.6
CUST-000498,Platinum,2502.99,14,5,0.05892857142857143,81.8
CUST-000144,Platinum,2971.51,14,5,0.05892857142857143,64.1
CUST-007015,Platinum,3525.43,14,5,0.05892857142857143,62.0
CUST-002341,Platinum,5399.94,17,6,0.058823529411764705,62.7
CUST-003666,Platinum,4381.75,17,6,0.058823529411764705,62.5
CUST-004205,Platinum,2207.79,17,6,0.058823529411764705,77.3
CUST-002011,Platinum,3798.27,17,6,0.058823529411764705,58.3
CUST-005327,Platinum,3159.21,17,6,0.058823529411764705,64.7
CUST-003260,Platinum,2369.18,17,6,0.058823529411764705,79.9
CUST-006053,Platinum,3615.54,17,6,0.058823529411764705,59.0
CUST-001618,Platinum,8356.64,17,6,0.058823529411764705,62.7
CUST-007135,Platinum,3868.9,17,6,0.058823529411764705,64.4
CUST-002472,Platinum,2559.05,17,6,0.058823529411764705,83.5
CUST-007180,Platinum,3146.09,20,7,0.058750000000000004,64.3
CUST-004486,Platinum,4028.74,20,7,0.058750000000000004,63.4
CUST-000035,Platinum,5000.65,20,7,0.058750000000000004,62.8
CUST-001045,Platinum,3378.63,20,7,0.058750000000000004,64.8
CUST-004909,Platinum,5400.74,23,8,0.058695652173913045,63.3
CUST-006608,Platinum,2168.23,26,9,0.058653846153846154,63.4
CUST-007608,Platinum,3604.15,29,10,0.05862068965517241,63.8
CUST-005541,Platinum,3030.26,18,6,0.058333333333333334,61.0
CUST-000559,Platinum,6743.06,15,5,0.058333333333333334,60.8
CUST-005777,Platinum,4150.74,15,5,0.058333333333333334,59.2
CUST-004125,Platinum,2557.97,21,7,0.058333333333333334,63.9
CUST-007860,Platinum,8200.67,15,5,0.058333333333333334,57.9
CUST-006592,Platinum,4056.19,21,7,0.058333333333333334,62.9
CUST-004445,Platinum,4405.34,15,5,0.058333333333333334,59.9
CUST-006733,Platinum,2974.92,9,3,0.058333333333333334,54.6
CUST-006289,Platinum,3484.45,18,6,0.058333333333333334,58.9
CUST-001011,Platinum,3426.57,18,6,0.058333333333333334,62.8
CUST-003159,Platinum,1982.95,15,5,0.058333333333333334,61.6
CUST-006834,Platinum,4528.29,15,5,0.058333333333333334,59.5
CUST-004702,Platinum,3422.91,15,5,0.058333333333333334,62.2
CUST-006378,Platinum,1909.99,15,5,0.058333333333333334,61.5
CUST-003249,Platinum,5221.34,15,5,0.058333333333333334,60.8
CUST-006933,Platinum,2833.43,15,5,0.058333333333333334,63.5
CUST-001094,Platinum,2823.99,15,5,0.058333333333333334,60.5
CUST-001963,Platinum,2402.87,15,5,0.058333333333333334,60.5
CUST-007431,Platinum,4479.54,15,5,0.058333333333333334,61.1
CUST-002537,Platinum,2945.97,12,4,0.05833333333333333,58.7
CUST-005161,Platinum,3394.59,12,4,0.05833333333333333,55.0
CUST-004164,Platinum,3144.43,12,4,0.05833333333333333,58.6
CUST-002876,Platinum,4780.51,12,4,0.05833333333333333,60.7
CUST-000653,Platinum,4005.54,12,4,0.05833333333333333,61.5
CUST-005467,Platinum,3237.66,12,4,0.05833333333333333,59.0
CUST-002138,Platinum,3952.13,12,4,0.05833333333333333,62.3
CUST-001100,Platinum,4055.2,6,2,0.05833333333333333,53.7
CUST-004719,Platinum,4351.67,12,4,0.05833333333333333,61.1
CUST-004298,Platinum,5025.12,22,7,0.05795454545454545,65.6
CUST-003167,Platinum,8632.89,22,7,0.05795454545454545,61.4
CUST-004506,Platinum,3014.9,22,7,0.05795454545454545,62.4
CUST-000791,Platinum,3358.46,19,6,0.05789473684210527,62.2
CUST-001786,Platinum,1548.47,19,6,0.05789473684210527,61.7
CUST-007442,Platinum,2970.1,19,6,0.05789473684210527,62.7
CUST-000870,Platinum,1834.17,19,6,0.05789473684210527,62.2
CUST-005396,Platinum,2202.03,16,5,0.0578125,61.3
CUST-005847,Platinum,3748.48,16,5,0.0578125,63.3
CUST-000637,Platinum,5799.92,16,5,0.0578125,58.6
CUST-002185,Platinum,4377.84,16,5,0.0578125,62.5
CUST-004424,Platinum,2375.74,16,5,0.0578125,57.8
CUST-004890,Platinum,2309.59,16,5,0.0578125,60.5
CUST-004757,Platinum,3591.69,16,5,0.0578125,59.4
CUST-000269,Platinum,5141.88,13,4,0.057692307692307696,55.8
CUST-000592,Platinum,2565.66,13,4,0.057692307692307696,59.0
CUST-001312,Platinum,1846.32,13,4,0.057692307692307696,60.0
CUST-005129,Platinum,3973.15,13,4,0.057692307692307696,61.3
CUST-000444,Platinum,5722.1,13,4,0.057692307692307696,52.9
CUST-003295,Platinum,4905.68,13,4,0.057692307692307696,61.2
CUST-003541,Platinum,3924.98,13,4,0.057692307692307696,57.3
CUST-006687,Platinum,2568.16,13,4,0.057692307692307696,59.0
CUST-005195,Platinum,2521.35,10,3,0.057499999999999996,56.4
CUST-006015,Platinum,5296.27,10,3,0.057499999999999996,59.8
CUST-007881,Platinum,4136.89,10,3,0.057499999999999996,59.6
CUST-001120,Platinum,4181.44,10,3,0.057499999999999996,61.6
CUST-001918,Platinum,3464.75,20,6,0.057499999999999996,63.2
CUST-005209,Platinum,5507.14,20,6,0.057499999999999996,64.3
CUST-004250,Platinum,4425.2,20,6,0.057499999999999996,65.1
CUST-002066,Platinum,3846.83,10,3,0.057499999999999996,57.1
CUST-002821,Platinum,2390.69,10,3,0.057499999999999996,57.0
CUST-007967,Platinum,4470.8,10,3,0.057499999999999996,57.1
CUST-004182,Platinum,3386.28,17,5,0.057352941176470586,62.4
CUST-000808,Platinum,3096.82,17,5,0.057352941176470586,60.6
CUST-004987,Platinum,4567.82,17,5,0.057352941176470586,61.5
CUST-006805,Platinum,4007.07,17,5,0.057352941176470586,61.5
CUST-003302,Platinum,4168.34,17,5,0.057352941176470586,64.2
CUST-000541,Platinum,5980.74,14,4,0.05714285714285715,59.7
CUST-003722,Platinum,6340.11,14,4,0.05714285714285715,61.7
CUST-001946,Platinum,3311.2,14,4,0.05714285714285715,59.3
CUST-004190,Platinum,3703.58,14,4,0.05714285714285715,57.2
CUST-007500,Platinum,3862.54,14,4,0.05714285714285715,59.3
CUST-006784,Platinum,2494.68,14,4,0.05714285714285715,58.8
CUST-007961,Platinum,3556.14,7,2,0.05714285714285715,55.6
CUST-006207,Platinum,2661.51,14,4,0.05714285714285715,58.6
CUST-002076,Platinum,4848.98,7,2,0.05714285714285715,74.9
CUST-001057,Platinum,2851.16,21,6,0.05714285714285714,60.0
CUST-005084,Platinum,1951.43,21,6,0.05714285714285714,56.4
CUST-005768,Platinum,4016.91,21,6,0.05714285714285714,64.7
CUST-001481,Platinum,5882.41,21,6,0.05714285714285714,63.1
CUST-005012,Platinum,1849.08,25,7,0.057,61.0
CUST-000951,Platinum,3970.62,18,5,0.056944444444444436,64.0
CUST-006992,Platinum,5575.87,18,5,0.056944444444444436,59.8
CUST-006939,Platinum,8927.76,18,5,0.056944444444444436,75.1
CUST-000893,Platinum,2700.49,11,3,0.056818181818181816,58.5
CUST-002752,Platinum,4701.8,22,6,0.056818181818181816,65.2
CUST-006903,Platinum,4138.69,11,3,0.056818181818181816,61.6
CUST-003625,Platinum,4472.77,11,3,0.056818181818181816,57.7
CUST-005392,Platinum,6257.02,11,3,0.056818181818181816,55.8
CUST-002832,Platinum,4715.64,15,4,0.056666666666666664,61.2
CUST-002022,Platinum,2816.51,15,4,0.056666666666666664,60.8
CUST-006470,Platinum,3031.82,15,4,0.056666666666666664,61.0
CUST-006326,Platinum,2377.38,15,4,0.056666666666666664,62.5
CUST-002073,Platinum,3204.01,15,4,0.056666666666666664,60.9
CUST-006914,Platinum,3904.92,15,4,0.056666666666666664,61.3
CUST-001761,Platinum,5598.27,15,4,0.056666666666666664,62.4
CUST-002440,Platinum,3703.46,19,5,0.05657894736842105,60.0
CUST-003718,Platinum,2222.95,19,5,0.05657894736842105,56.9
CUST-003434,Platinum,3727.56,19,5,0.05657894736842105,58.0
CUST-006908,Platinum,3972.27,19,5,0.05657894736842105,62.4
CUST-005759,Platinum,4436.99,19,5,0.05657894736842105,56.5
CUST-004368,Platinum,1689.83,12,3,0.05625,55.8
CUST-003697,Platinum,4710.72,16,4,0.05625,61.3
CUST-000036,Platinum,3634.02,16,4,0.05625,59.2
CUST-006997,Platinum,3462.07,20,5,0.05625,63.2
CUST-006995,Platinum,2939.05,12,3,0.05625,57.3
CUST-000480,Platinum,2611.12,16,4,0.05625,61.9
CUST-002559,Platinum,2741.61,16,4,0.05625,81.1
CUST-003646,Platinum,4788.77,8,2,0.05625,57.1
CUST-003871,Platinum,3945.69,16,4,0.05625,58.9
CUST-007366,Platinum,6199.29,12,3,0.05625,56.1
CUST-002540,Platinum,2107.53,16,4,0.05625,56.4
CUST-002915,Platinum,4341.81,8,2,0.05625,52.8
CUST-006448,Platinum,2307.25,12,3,0.05625,54.9
CUST-007051,Platinum,3242.33,16,4,0.05625,57.1
CUST-001582,Platinum,5178.74,12,3,0.05625,56.8
CUST-000849,Platinum,3586.26,12,3,0.05625,53.4
CUST-003359,Platinum,4550.31,21,5,0.055952380952380955,78.1
CUST-002604,Platinum,4631.75,17,4,0.05588235294117647,61.4
CUST-000680,Platinum,4463.47,17,4,0.05588235294117647,59.1
CUST-005297,Platinum,2482.59,13,3,0.055769230769230765,54.8
CUST-006399,Platinum,4177.22,13,3,0.055769230769230765,56.6
CUST-001124,Platinum,2977.3,13,3,0.055769230769230765,55.8
CUST-005581,Platinum,6650.17,18,4,0.05555555555555555,56.9
CUST-002749,Platinum,5594.98,18,4,0.05555555555555555,55.6
CUST-001671,Platinum,3684.48,23,5,0.05543478260869566,59.2
CUST-000343,Platinum,3462.23,14,3,0.05535714285714286,55.9
CUST-003011,Platinum,9594.32,14,3,0.05535714285714286,53.6
CUST-000994,Platinum,4441.37,14,3,0.05535714285714286,59.0
CUST-001220,Platinum,6182.12,14,3,0.05535714285714286,56.1
CUST-003080,Platinum,1439.12,14,3,0.05535714285714286,55.5
CUST-005114,Platinum,4496.7,19,4,0.05526315789473685,62.5
CUST-005500,Platinum,4368.18,19,4,0.05526315789473685,59.0
CUST-005349,Platinum,3456.37,10,2,0.05500000000000001,50.5
CUST-000711,Platinum,2393.57,10,2,0.05500000000000001,56.1
CUST-003935,Platinum,2238.55,15,3,0.05500000000000001,59.9
CUST-000147,Platinum,3247.22,15,3,0.05500000000000001,53.2
CUST-002536,Platinum,2701.66,15,3,0.05500000000000001,61.1
CUST-000139,Platinum,2582.26,10,2,0.05500000000000001,56.4
CUST-002016,Platinum,2861.2,15,3,0.05500000000000001,55.0
CUST-005800,Platinum,3977.58,15,3,0.05500000000000001,58.9
CUST-006349,Platinum,3752.67,16,3,0.0546875,59.5
CUST-006732,Platinum,5003.59,22,4,0.05454545454545454,56.9
CUST-002549,Platinum,10570.73,11,2,0.05454545454545454,55.3
CUST-007926,Platinum,3419.01,11,2,0.05454545454545454,58.7
CUST-007439,Platinum,3795.0,12,2,0.05416666666666667,52.9
CUST-002082,Platinum,6805.54,6,1,0.05416666666666667,55.1
CUST-006991,Platinum,4636.29,12,2,0.05416666666666667,50.1
CUST-000271,Platinum,5537.76,13,2,0.05384615384615385,57.2
CUST-000885,Platinum,3347.67,13,2,0.05384615384615385,53.3
CUST-004829,Platinum,3568.06,14,2,0.05357142857142857,53.8
CUST-003826,Platinum,3208.59,14,2,0.05357142857142857,53.7
CUST-002958,Platinum,3933.31,14,2,0.05357142857142857,52.9
CUST-000410,Platinum,4320.76,8,1,0.053125000000000006,53.8
CUST-005164,Platinum,3798.11,16,2,0.053125000000000006,56.9
CUST-005249,Platinum,6593.5,8,1,0.053125000000000006,49.9
CUST-002916,Platinum,4803.86,9,1,0.052777777777777785,49.7
CUST-005835,Platinum,1613.14,19,2,0.05263157894736842,55.7
CUST-004451,Platinum,2735.68,10,1,0.052500000000000005,50.3
CUST-007820,Platinum,2613.42,10,1,0.052500000000000005,51.2
CUST-001009,Platinum,3635.51,11,1,0.052272727272727276,49.2
CUST-003332,Platinum,4825.55,15,1,0.051666666666666666,53.9
