customer_id,signup_date,region,tier,lifetime_value,base_churn_prob
CUST-000001,2024-04-12,Europe,Silver,379.77,0.18
CUST-000002,2025-03-11,Europe,Bronze,101.38,0.28
CUST-000003,2026-05-10,Europe,Gold,797.93,0.1
CUST-000004,2024-09-27,Latin America,Bronze,167.84,0.28
CUST-000005,2024-04-16,Europe,Bronze,182.43,0.28
CUST-000006,2024-03-12,Europe,Gold,1167.94,0.1
CUST-000007,2025-12-01,Europe,Silver,930.1,0.18
CUST-000008,2024-01-21,Asia Pacific,Silver,227.92,0.18
CUST-000009,2025-09-06,Latin America,Bronze,174.6,0.28
CUST-000010,2024-05-01,Latin America,Silver,215.5,0.18
CUST-000011,2025-04-11,Asia Pacific,Bronze,143.9,0.28
CUST-000012,2024-08-02,North America,Bronze,165.78,0.28
CUST-000013,2024-11-26,North America,Silver,419.32,0.18
CUST-000014,2025-04-03,North America,Bronze,68.7,0.28
CUST-000015,2024-03-28,Latin America,Bronze,144.4,0.28
CUST-000016,2025-01-07,Asia Pacific,Gold,1201.4,0.1
CUST-000017,2024-04-09,Asia Pacific,Gold,1718.26,0.1
CUST-000018,2026-05-21,North America,Bronze,84.76,0.28
CUST-000019,2025-10-25,Asia Pacific,Silver,800.82,0.18
CUST-000020,2024-05-10,North America,Bronze,54.79,0.28
CUST-000021,2025-10-23,North America,Gold,714.57,0.1
CUST-000022,2024-11-04,Europe,Silver,482.85,0.18
CUST-000023,2026-02-08,Europe,Bronze,169.85,0.28
CUST-000024,2024-12-09,Europe,Bronze,274.63,0.28
CUST-000025,2025-05-06,Latin America,Bronze,162.06,0.28
CUST-000026,2025-02-17,North America,Silver,432.09,0.18
CUST-000027,2026-03-16,Europe,Silver,537.55,0.18
CUST-000028,2025-01-20,Europe,Bronze,58.8,0.28
CUST-000029,2024-07-10,North America,Bronze,100.24,0.28
CUST-000030,2024-10-03,Asia Pacific,Bronze,93.74,0.28
CUST-000031,2024-06-09,Asia Pacific,Bronze,219.51,0.28
CUST-000032,2025-04-04,Asia Pacific,Bronze,252.3,0.28
CUST-000033,2024-11-09,Latin America,Silver,948.83,0.18
CUST-000034,2024-01-22,Asia Pacific,Silver,565.14,0.18
CUST-000035,2024-09-09,North America,Platinum,5000.65,0.05
CUST-000036,2026-01-17,Asia Pacific,Platinum,3634.02,0.05
CUST-000037,2026-05-06,North America,Silver,368.53,0.18
CUST-000038,2025-07-14,North America,Silver,292.19,0.18
CUST-000039,2025-04-19,North America,Platinum,2192.58,0.05
CUST-000040,2024-02-28,Asia Pacific,Bronze,86.67,0.28
CUST-000041,2025-05-25,Asia Pacific,Bronze,200.95,0.28
CUST-000042,2025-11-12,North America,Bronze,127.31,0.28
CUST-000043,2025-04-20,Asia Pacific,Silver,336.92,0.18
CUST-000044,2025-11-30,Latin America,Gold,533.37,0.1
CUST-000045,2026-02-21,North America,Bronze,104.1,0.28
CUST-000046,2024-07-08,North America,Silver,401.18,0.18
CUST-000047,2025-11-17,Asia Pacific,Silver,243.39,0.18
CUST-000048,2025-07-16,North America,Bronze,434.69,0.28
CUST-000049,2026-05-25,Europe,Bronze,87.75,0.28
CUST-000050,2025-07-20,North America,Bronze,237.86,0.28
CUST-000051,2024-08-31,Europe,Bronze,142.94,0.28
CUST-000052,2026-04-11,Asia Pacific,Gold,956.7,0.1
CUST-000053,2025-05-19,Asia Pacific,Gold,1086.05,0.1
CUST-000054,2024-05-10,Asia Pacific,Gold,1206.77,0.1
CUST-000055,2025-04-29,Latin America,Silver,492.68,0.18
CUST-000056,2026-03-29,Asia Pacific,Gold,810.22,0.1
CUST-000057,2025-10-08,Asia Pacific,Silver,562.83,0.18
CUST-000058,2024-01-21,North America,Silver,402.43,0.18
CUST-000059,2026-04-20,Europe,Silver,264.21,0.18
CUST-000060,2024-06-15,North America,Silver,379.22,0.18
CUST-000061,2024-09-30,Asia Pacific,Bronze,264.68,0.28
CUST-000062,2025-01-22,North America,Silver,491.28,0.18
CUST-000063,2025-08-23,Europe,Bronze,150.27,0.28
CUST-000064,2024-11-11,North America,Silver,383.82,0.18
CUST-000065,2024-01-14,Asia Pacific,Bronze,132.03,0.28
CUST-000066,2024-08-29,Latin America,Bronze,163.81,0.28
CUST-000067,2026-02-15,Europe,Platinum,3147.38,0.05
CUST-000068,2024-12-11,Latin America,Bronze,179.88,0.28
CUST-000069,2025-07-18,North America,Bronze,170.71,0.28
CUST-000070,2024-12-05,Europe,Bronze,93.08,0.28
CUST-000071,2024-04-01,Latin America,Gold,1482.12,0.1
CUST-000072,2025-01-01,North America,Silver,307.17,0.18
CUST-000073,2025-03-30,Middle East & Africa,Silver,302.16,0.18
CUST-000074,2025-03-03,North America,Gold,1187.93,0.1
CUST-000075,2025-05-23,North America,Bronze,166.32,0.28
CUST-000076,2026-02-14,Latin America,Bronze,191.83,0.28
CUST-000077,2024-02-04,North America,Bronze,63.31,0.28
CUST-000078,2024-07-24,Middle East & Africa,Silver,617.05,0.18
CUST-000079,2024-03-21,Middle East & Africa,Silver,530.76,0.18
CUST-000080,2025-07-15,North America,Bronze,112.19,0.28
CUST-000081,2026-05-21,Europe,Bronze,136.47,0.28
CUST-000082,2025-01-22,North America,Bronze,162.37,0.28
CUST-000083,2024-01-02,Europe,Silver,111.42,0.18
CUST-000084,2025-01-24,North America,Bronze,90.94,0.28
CUST-000085,2025-07-19,North America,Bronze,238.69,0.28
CUST-000086,2024-04-15,Europe,Bronze,117.88,0.28
CUST-000087,2026-02-10,Europe,Silver,434.8,0.18
CUST-000088,2026-04-01,Middle East & Africa,Silver,429.49,0.18
CUST-000089,2025-04-21,Asia Pacific,Bronze,199.64,0.28
CUST-000090,2025-12-03,Asia Pacific,Silver,382.45,0.18
CUST-000091,2025-02-05,Europe,Silver,395.59,0.18
CUST-000092,2025-12-30,Asia Pacific,Platinum,3777.24,0.05
CUST-000093,2025-07-09,North America,Bronze,210.46,0.28
CUST-000094,2024-06-10,Asia Pacific,Silver,716.57,0.18
CUST-000095,2024-07-20,Middle East & Africa,Silver,396.1,0.18
CUST-000096,2024-09-26,North America,Bronze,123.26,0.28
CUST-000097,2026-05-12,Asia Pacific,Silver,424.43,0.18
CUST-000098,2026-03-26,Asia Pacific,Bronze,255.87,0.28
CUST-000099,2024-09-27,Latin America,Bronze,204.78,0.28
CUST-000100,2025-03-31,Asia Pacific,Bronze,123.81,0.28
CUST-000101,2025-04-06,North America,Bronze,78.65,0.28
CUST-000102,2025-12-27,North America,Bronze,233.56,0.28
CUST-000103,2024-09-08,North America,Silver,732.85,0.18
CUST-000104,2025-12-02,Asia Pacific,Silver,288.55,0.18
CUST-000105,2024-10-22,North America,Gold,1004.25,0.1
CUST-000106,2025-12-25,Latin America,Bronze,212.99,0.28
CUST-000107,2025-12-20,North America,Silver,525.09,0.18
CUST-000108,2026-01-18,North America,Gold,540.42,0.1
CUST-000109,2024-12-03,Europe,Bronze,95.53,0.28
CUST-000110,2026-05-28,Asia Pacific,Silver,567.87,0.18
CUST-000111,2024-02-22,North America,Gold,1325.79,0.1
CUST-000112,2026-03-02,Europe,Silver,587.37,0.18
CUST-000113,2024-08-04,Europe,Bronze,204.97,0.28
CUST-000114,2026-02-02,North America,Bronze,165.23,0.28
CUST-000115,2024-07-06,North America,Silver,532.4,0.18
CUST-000116,2025-01-14,Asia Pacific,Platinum,2786.9,0.05
CUST-000117,2025-05-07,Europe,Bronze,157.01,0.28
CUST-000118,2024-02-10,North America,Platinum,3967.55,0.05
CUST-000119,2024-06-05,Asia Pacific,Bronze,296.79,0.28
CUST-000120,2024-01-15,Middle East & Africa,Bronze,107.86,0.28
CUST-000121,2026-03-23,Europe,Bronze,200.37,0.28
CUST-000122,2024-03-05,Europe,Silver,429.67,0.18
CUST-000123,2026-05-06,Latin America,Bronze,202.05,0.28
CUST-000124,2026-04-18,Middle East & Africa,Bronze,142.95,0.28
CUST-000125,2025-06-04,Asia Pacific,Gold,1921.84,0.1
CUST-000126,2024-12-09,Europe,Platinum,2600.61,0.05
CUST-000127,2024-05-08,Europe,Bronze,158.78,0.28
CUST-000128,2025-10-09,Asia Pacific,Bronze,178.82,0.28
CUST-000129,2025-04-16,North America,Gold,913.74,0.1
CUST-000130,2024-03-03,Europe,Silver,508.32,0.18
CUST-000131,2024-05-18,Asia Pacific,Bronze,224.39,0.28
CUST-000132,2025-05-13,Asia Pacific,Platinum,3407.28,0.05
CUST-000133,2025-08-15,Europe,Bronze,202.52,0.28
CUST-000134,2025-01-26,Asia Pacific,Silver,343.62,0.18
CUST-000135,2025-11-05,North America,Bronze,96.74,0.28
CUST-000136,2025-02-22,Europe,Silver,594.33,0.18
CUST-000137,2024-10-15,Asia Pacific,Bronze,119.94,0.28
CUST-000138,2025-01-13,North America,Silver,230.11,0.18
CUST-000139,2026-02-11,North America,Platinum,2582.26,0.05
CUST-000140,2025-05-04,Middle East & Africa,Silver,771.46,0.18
CUST-000141,2024-08-18,North America,Silver,687.7,0.18
CUST-000142,2024-02-10,North America,Bronze,95.82,0.28
CUST-000143,2024-01-28,Middle East & Africa,Gold,668.75,0.1
CUST-000144,2024-05-14,Asia Pacific,Platinum,2971.51,0.05
CUST-000145,2024-07-19,Asia Pacific,Gold,1819.4,0.1
CUST-000146,2026-04-19,Latin America,Silver,416.11,0.18
CUST-000147,2026-02-18,North America,Platinum,3247.22,0.05
CUST-000148,2024-02-02,Asia Pacific,Bronze,117.33,0.28
CUST-000149,2024-02-17,Europe,Silver,403.69,0.18
CUST-000150,2025-05-17,Asia Pacific,Silver,631.57,0.18
CUST-000151,2025-02-10,Europe,Silver,465.61,0.18
CUST-000152,2025-07-27,Europe,Gold,1106.91,0.1
CUST-000153,2025-12-28,Europe,Silver,583.78,0.18
CUST-000154,2026-03-15,Europe,Bronze,154.36,0.28
CUST-000155,2024-04-08,Asia Pacific,Bronze,219.36,0.28
CUST-000156,2025-11-14,Europe,Bronze,114.28,0.28
CUST-000157,2026-05-21,Europe,Silver,501.74,0.18
CUST-000158,2025-12-26,Europe,Bronze,213.93,0.28
CUST-000159,2025-06-30,Europe,Bronze,279.22,0.28
CUST-000160,2026-01-08,Asia Pacific,Silver,290.55,0.18
CUST-000161,2025-09-04,Asia Pacific,Gold,1119.44,0.1
CUST-000162,2025-04-06,Asia Pacific,Platinum,2067.61,0.05
CUST-000163,2025-10-04,Latin America,Platinum,2374.63,0.05
CUST-000164,2026-02-07,Asia Pacific,Gold,1208.92,0.1
CUST-000165,2024-01-05,Europe,Bronze,66.68,0.28
CUST-000166,2024-08-05,Asia Pacific,Gold,1419.15,0.1
CUST-000167,2025-05-17,Latin America,Bronze,187.45,0.28
CUST-000168,2026-02-05,Europe,Silver,436.45,0.18
CUST-000169,2025-02-01,Asia Pacific,Silver,321.53,0.18
CUST-000170,2026-05-20,Asia Pacific,Gold,1088.45,0.1
CUST-000171,2026-03-05,Europe,Bronze,349.77,0.28
CUST-000172,2025-01-27,North America,Bronze,121.81,0.28
CUST-000173,2024-07-25,Europe,Silver,328.36,0.18
CUST-000174,2024-01-15,Middle East & Africa,Bronze,59.49,0.28
CUST-000175,2026-05-07,Asia Pacific,Platinum,5313.85,0.05
CUST-000176,2025-07-07,Europe,Silver,274.01,0.18
CUST-000177,2025-04-05,Latin America,Silver,466.16,0.18
CUST-000178,2025-11-21,Europe,Gold,2787.08,0.1
CUST-000179,2025-07-28,Europe,Silver,521.64,0.18
CUST-000180,2026-05-13,Asia Pacific,Bronze,173.11,0.28
CUST-000181,2026-01-12,Asia Pacific,Bronze,131.67,0.28
CUST-000182,2024-08-28,North America,Silver,510.18,0.18
CUST-000183,2025-07-17,Europe,Gold,1236.88,0.1
CUST-000184,2024-04-05,Europe,Gold,1489.52,0.1
CUST-000185,2026-01-03,Europe,Platinum,1331.31,0.05
CUST-000186,2025-04-29,Europe,Bronze,174.59,0.28
CUST-000187,2025-02-10,Europe,Bronze,178.4,0.28
CUST-000188,2024-08-18,North America,Bronze,415.54,0.28
CUST-000189,2026-01-18,Europe,Gold,1197.95,0.1
CUST-000190,2025-10-16,North America,Bronze,163.91,0.28
CUST-000191,2024-06-19,Europe,Bronze,175.77,0.28
CUST-000192,2025-06-24,Latin America,Silver,533.28,0.18
CUST-000193,2024-02-05,Asia Pacific,Bronze,91.58,0.28
CUST-000194,2025-06-08,Europe,Silver,624.28,0.18
CUST-000195,2024-06-08,North America,Silver,311.78,0.18
CUST-000196,2026-04-18,North America,Bronze,176.5,0.28
CUST-000197,2025-11-29,Europe,Bronze,106.38,0.28
CUST-000198,2024-08-30,North America,Gold,1097.84,0.1
CUST-000199,2024-03-26,Europe,Bronze,124.27,0.28
CUST-000200,2026-03-06,North America,Bronze,135.78,0.28
CUST-000201,2025-07-31,Asia Pacific,Bronze,145.1,0.28
CUST-000202,2025-11-12,Europe,Bronze,174.09,0.28
CUST-000203,2025-07-10,North America,Gold,1154.71,0.1
CUST-000204,2025-07-27,Asia Pacific,Bronze,212.82,0.28
CUST-000205,2025-10-07,North America,Gold,969.37,0.1
CUST-000206,2026-03-06,North America,Bronze,178.13,0.28
CUST-000207,2024-01-28,Europe,Gold,860.13,0.1
CUST-000208,2025-09-11,Europe,Gold,2448.24,0.1
CUST-000209,2025-07-09,Asia Pacific,Silver,535.3,0.18
CUST-000210,2024-12-05,North America,Silver,340.49,0.18
CUST-000211,2026-03-08,Europe,Bronze,300.2,0.28
CUST-000212,2024-11-26,North America,Silver,553.71,0.18
CUST-000213,2025-10-01,North America,Bronze,113.66,0.28
CUST-000214,2025-05-20,Latin America,Bronze,142.33,0.28
CUST-000215,2024-12-13,Asia Pacific,Gold,761.19,0.1
CUST-000216,2025-04-17,North America,Bronze,95.14,0.28
CUST-000217,2024-08-18,Europe,Gold,1945.83,0.1
CUST-000218,2024-07-08,North America,Bronze,104.72,0.28
CUST-000219,2024-08-12,Latin America,Silver,263.54,0.18
CUST-000220,2025-01-19,North America,Platinum,4513.44,0.05
CUST-000221,2025-01-11,North America,Silver,874.05,0.18
CUST-000222,2024-10-09,Europe,Silver,714.91,0.18
CUST-000223,2025-09-24,Europe,Silver,1125.18,0.18
CUST-000224,2025-09-19,Europe,Gold,3161.22,0.1
CUST-000225,2026-01-14,North America,Bronze,104.64,0.28
CUST-000226,2024-09-15,North America,Silver,397.3,0.18
CUST-000227,2024-12-24,Europe,Bronze,80.03,0.28
CUST-000228,2025-12-10,North America,Bronze,94.21,0.28
CUST-000229,2025-03-31,Latin America,Bronze,230.35,0.28
CUST-000230,2025-02-14,North America,Bronze,167.57,0.28
CUST-000231,2025-10-10,Europe,Silver,805.8,0.18
CUST-000232,2024-11-13,Asia Pacific,Gold,848.87,0.1
CUST-000233,2025-11-07,North America,Gold,963.53,0.1
CUST-000234,2024-08-12,Europe,Silver,570.59,0.18
CUST-000235,2026-03-29,Asia Pacific,Bronze,228.9,0.28
CUST-000236,2024-08-21,North America,Bronze,78.0,0.28
CUST-000237,2025-11-14,Latin America,Bronze,136.24,0.28
CUST-000238,2025-10-25,Europe,Silver,527.94,0.18
CUST-000239,2026-04-06,North America,Bronze,205.17,0.28
CUST-000240,2025-01-08,Europe,Silver,666.16,0.18
CUST-000241,2025-11-02,North America,Gold,1164.74,0.1
CUST-000242,2025-08-30,Asia Pacific,Silver,274.53,0.18
CUST-000243,2025-04-16,Asia Pacific,Gold,555.51,0.1
CUST-000244,2024-08-20,Asia Pacific,Silver,418.36,0.18
CUST-000245,2025-11-22,Middle East & Africa,Bronze,133.63,0.28
CUST-000246,2024-04-22,Asia Pacific,Bronze,109.1,0.28
CUST-000247,2026-04-09,Europe,Gold,1715.25,0.1
CUST-000248,2025-05-11,North America,Silver,284.35,0.18
CUST-000249,2025-03-17,Europe,Silver,345.31,0.18
CUST-000250,2025-07-17,North America,Bronze,239.21,0.28
CUST-000251,2024-09-24,Asia Pacific,Silver,330.06,0.18
CUST-000252,2025-05-24,Europe,Bronze,170.7,0.28
CUST-000253,2026-03-17,North America,Bronze,149.43,0.28
CUST-000254,2025-01-20,North America,Bronze,165.33,0.28
CUST-000255,2025-01-21,Europe,Bronze,213.42,0.28
CUST-000256,2024-04-22,Europe,Bronze,170.84,0.28
CUST-000257,2025-09-04,Europe,Bronze,86.14,0.28
CUST-000258,2025-09-16,Europe,Silver,276.52,0.18
CUST-000259,2024-03-21,Europe,Silver,506.32,0.18
CUST-000260,2025-11-29,Asia Pacific,Silver,311.52,0.18
CUST-000261,2024-04-22,North America,Silver,659.42,0.18
CUST-000262,2024-01-02,North America,Platinum,3960.7,0.05
CUST-000263,2025-10-03,Europe,Bronze,75.51,0.28
CUST-000264,2024-08-07,Europe,Bronze,319.34,0.28
CUST-000265,2025-07-19,North America,Silver,388.68,0.18
CUST-000266,2026-05-04,Europe,Bronze,137.95,0.28
CUST-000267,2026-01-05,North America,Silver,532.86,0.18
CUST-000268,2024-08-12,Europe,Silver,434.67,0.18
CUST-000269,2025-01-19,Europe,Platinum,5141.88,0.05
CUST-000270,2025-02-06,Europe,Gold,798.61,0.1
CUST-000271,2025-09-29,Asia Pacific,Platinum,5537.76,0.05
CUST-000272,2024-05-09,North America,Bronze,196.97,0.28
CUST-000273,2024-02-22,Middle East & Africa,Gold,880.35,0.1
CUST-000274,2025-11-14,Europe,Bronze,165.89,0.28
CUST-000275,2025-12-30,Europe,Silver,730.79,0.18
CUST-000276,2025-11-02,Asia Pacific,Silver,554.39,0.18
CUST-000277,2025-12-10,Asia Pacific,Bronze,159.11,0.28
CUST-000278,2025-02-19,Europe,Silver,577.22,0.18
CUST-000279,2024-09-03,Europe,Bronze,199.0,0.28
CUST-000280,2026-04-15,North America,Bronze,122.53,0.28
CUST-000281,2025-03-14,North America,Gold,1277.65,0.1
CUST-000282,2024-07-21,Europe,Bronze,210.63,0.28
CUST-000283,2024-07-02,North America,Bronze,158.19,0.28
CUST-000284,2024-05-02,Europe,Bronze,112.58,0.28
CUST-000285,2025-02-04,North America,Gold,1342.28,0.1
CUST-000286,2026-02-05,Asia Pacific,Bronze,128.31,0.28
CUST-000287,2024-10-20,Latin America,Bronze,189.34,0.28
CUST-000288,2024-10-06,Latin America,Gold,2123.53,0.1
CUST-000289,2026-04-16,Europe,Bronze,196.66,0.28
CUST-000290,2025-09-01,Asia Pacific,Bronze,107.9,0.28
CUST-000291,2024-07-16,Latin America,Gold,1353.91,0.1
CUST-000292,2025-05-25,Europe,Silver,160.35,0.18
CUST-000293,2026-01-21,North America,Gold,1153.11,0.1
CUST-000294,2024-05-23,Latin America,Bronze,218.48,0.28
CUST-000295,2025-08-31,Europe,Gold,1409.45,0.1
CUST-000296,2024-07-19,Europe,Platinum,3657.54,0.05
CUST-000297,2024-05-03,North America,Bronze,351.62,0.28
CUST-000298,2024-07-05,North America,Bronze,75.85,0.28
CUST-000299,2024-11-21,Asia Pacific,Platinum,1935.65,0.05
CUST-000300,2025-04-08,Europe,Silver,545.71,0.18
CUST-000301,2024-12-14,North America,Silver,644.51,0.18
CUST-000302,2026-02-09,North America,Silver,655.1,0.18
CUST-000303,2025-10-21,Europe,Gold,954.29,0.1
CUST-000304,2026-02-02,Europe,Gold,856.13,0.1
CUST-000305,2025-02-06,North America,Bronze,100.89,0.28
CUST-000306,2024-12-11,Latin America,Bronze,170.64,0.28
CUST-000307,2025-05-25,North America,Gold,809.81,0.1
CUST-000308,2024-05-26,Europe,Gold,1874.18,0.1
CUST-000309,2024-05-27,Asia Pacific,Silver,446.08,0.18
CUST-000310,2026-05-13,North America,Platinum,2641.3,0.05
CUST-000311,2025-12-11,Asia Pacific,Silver,340.15,0.18
CUST-000312,2026-03-30,Asia Pacific,Bronze,81.28,0.28
CUST-000313,2025-05-03,Asia Pacific,Gold,873.41,0.1
CUST-000314,2025-10-01,North America,Bronze,120.24,0.28
CUST-000315,2025-07-04,North America,Bronze,176.6,0.28
CUST-000316,2024-12-03,North America,Bronze,144.16,0.28
CUST-000317,2026-05-21,Europe,Gold,850.81,0.1
CUST-000318,2025-10-02,Asia Pacific,Platinum,2143.99,0.05
CUST-000319,2026-02-17,Asia Pacific,Bronze,136.43,0.28
CUST-000320,2025-04-17,Asia Pacific,Bronze,65.99,0.28
CUST-000321,2024-05-30,Latin America,Silver,396.27,0.18
CUST-000322,2025-02-18,Asia Pacific,Gold,1874.88,0.1
CUST-000323,2024-10-24,North America,Silver,415.34,0.18
CUST-000324,2025-09-02,North America,Silver,479.61,0.18
CUST-000325,2024-09-19,Asia Pacific,Silver,456.91,0.18
CUST-000326,2026-02-02,North America,Bronze,86.19,0.28
CUST-000327,2024-05-23,North America,Bronze,302.97,0.28
CUST-000328,2024-12-11,Europe,Bronze,127.44,0.28
CUST-000329,2025-09-15,Asia Pacific,Gold,1198.39,0.1
CUST-000330,2025-07-25,North America,Bronze,115.4,0.28
CUST-000331,2026-05-30,Asia Pacific,Silver,709.44,0.18
CUST-000332,2024-01-02,Asia Pacific,Bronze,83.69,0.28
CUST-000333,2024-10-30,Europe,Silver,757.61,0.18
CUST-000334,2024-09-10,North America,Bronze,132.81,0.28
CUST-000335,2025-10-13,North America,Bronze,121.17,0.28
CUST-000336,2025-03-28,Asia Pacific,Bronze,116.69,0.28
CUST-000337,2024-02-06,Asia Pacific,Gold,2473.86,0.1
CUST-000338,2024-06-08,Latin America,Bronze,78.94,0.28
CUST-000339,2024-01-09,Europe,Silver,363.33,0.18
CUST-000340,2024-08-20,North America,Silver,268.52,0.18
CUST-000341,2024-04-08,North America,Silver,217.94,0.18
CUST-000342,2025-10-20,Asia Pacific,Silver,758.51,0.18
CUST-000343,2026-03-26,North America,Platinum,3462.23,0.05
CUST-000344,2024-07-26,North America,Bronze,94.28,0.28
CUST-000345,2024-05-10,Europe,Bronze,208.99,0.28
CUST-000346,2025-02-07,North America,Gold,1022.29,0.1
CUST-000347,2024-05-31,North America,Bronze,115.82,0.28
CUST-000348,2024-02-23,Europe,Gold,1510.55,0.1
CUST-000349,2024-04-29,North America,Bronze,126.69,0.28
CUST-000350,2025-11-03,North America,Silver,306.17,0.18
CUST-000351,2025-09-19,Asia Pacific,Bronze,198.1,0.28
CUST-000352,2025-08-09,Asia Pacific,Gold,1134.03,0.1
CUST-000353,2025-09-16,North America,Silver,606.56,0.18
CUST-000354,2025-02-23,Asia Pacific,Bronze,127.68,0.28
CUST-000355,2025-02-25,Europe,Bronze,225.48,0.28
CUST-000356,2024-04-13,Europe,Bronze,150.84,0.28
CUST-000357,2026-05-01,Latin America,Silver,687.45,0.18
CUST-000358,2024-09-10,Asia Pacific,Bronze,226.17,0.28
CUST-000359,2024-08-14,Asia Pacific,Bronze,245.95,0.28
CUST-000360,2024-04-21,North America,Silver,462.46,0.18
CUST-000361,2025-05-24,North America,Bronze,174.81,0.28
CUST-000362,2025-04-17,Latin America,Bronze,136.78,0.28
CUST-000363,2024-04-08,Europe,Bronze,104.75,0.28
CUST-000364,2024-06-01,North America,Silver,1002.82,0.18
CUST-000365,2026-05-10,Asia Pacific,Platinum,2590.68,0.05
CUST-000366,2026-05-27,Asia Pacific,Bronze,215.42,0.28
CUST-000367,2024-12-03,Latin America,Gold,1604.23,0.1
CUST-000368,2025-12-06,North America,Bronze,161.27,0.28
CUST-000369,2026-04-01,Latin America,Bronze,140.98,0.28
CUST-000370,2024-06-11,North America,Silver,424.64,0.18
CUST-000371,2025-12-20,North America,Bronze,115.33,0.28
CUST-000372,2025-11-11,Europe,Silver,467.32,0.18
CUST-000373,2024-06-09,North America,Gold,748.09,0.1
CUST-000374,2025-08-02,North America,Platinum,4719.32,0.05
CUST-000375,2026-03-11,Asia Pacific,Bronze,136.9,0.28
CUST-000376,2025-02-01,North America,Bronze,102.09,0.28
CUST-000377,2024-10-03,North America,Platinum,2100.52,0.05
CUST-000378,2026-03-26,North America,Bronze,142.29,0.28
CUST-000379,2025-05-18,Europe,Silver,432.85,0.18
CUST-000380,2025-01-26,Europe,Bronze,121.93,0.28
CUST-000381,2024-05-14,Asia Pacific,Bronze,183.39,0.28
CUST-000382,2024-07-13,Asia Pacific,Bronze,172.43,0.28
CUST-000383,2025-02-04,Europe,Gold,1227.56,0.1
CUST-000384,2025-10-01,Asia Pacific,Gold,828.56,0.1
CUST-000385,2024-02-02,North America,Bronze,111.57,0.28
CUST-000386,2025-11-18,North America,Gold,686.39,0.1
CUST-000387,2025-04-04,Asia Pacific,Bronze,138.95,0.28
CUST-000388,2025-04-14,Europe,Bronze,187.72,0.28
CUST-000389,2025-01-09,Middle East & Africa,Gold,739.26,0.1
CUST-000390,2024-01-22,Europe,Silver,359.53,0.18
CUST-000391,2026-01-19,Asia Pacific,Bronze,146.86,0.28
CUST-000392,2025-10-31,Europe,Bronze,187.6,0.28
CUST-000393,2024-02-07,Europe,Platinum,1938.67,0.05
CUST-000394,2024-08-17,Europe,Gold,2916.2,0.1
CUST-000395,2024-12-30,Asia Pacific,Gold,1621.52,0.1
CUST-000396,2025-07-16,Europe,Bronze,118.04,0.28
CUST-000397,2025-03-13,Latin America,Gold,782.07,0.1
CUST-000398,2026-02-14,North America,Bronze,168.02,0.28
CUST-000399,2024-10-09,North America,Platinum,4227.21,0.05
CUST-000400,2024-01-27,Europe,Bronze,100.94,0.28
CUST-000401,2024-08-13,Europe,Bronze,96.06,0.28
CUST-000402,2024-10-03,Latin America,Bronze,104.93,0.28
CUST-000403,2026-03-08,North America,Gold,1231.37,0.1
CUST-000404,2025-08-31,Asia Pacific,Gold,1237.63,0.1
CUST-000405,2024-10-10,Europe,Bronze,356.51,0.28
CUST-000406,2026-05-28,Europe,Silver,189.29,0.18
CUST-000407,2025-04-25,Latin America,Gold,917.27,0.1
CUST-000408,2025-03-28,North America,Bronze,121.39,0.28
CUST-000409,2026-04-08,Europe,Gold,1457.77,0.1
CUST-000410,2026-03-26,Middle East & Africa,Platinum,4320.76,0.05
CUST-000411,2025-10-20,Latin America,Bronze,138.49,0.28
CUST-000412,2025-05-30,Europe,Bronze,274.51,0.28
CUST-000413,2025-06-30,Europe,Bronze,95.98,0.28
CUST-000414,2024-07-10,North America,Bronze,113.55,0.28
CUST-000415,2024-02-18,Europe,Silver,265.88,0.18
CUST-000416,2025-05-26,Asia Pacific,Silver,424.37,0.18
CUST-000417,2024-01-17,Asia Pacific,Silver,394.08,0.18
CUST-000418,2024-06-20,North America,Bronze,205.44,0.28
CUST-000419,2024-08-07,North America,Silver,944.49,0.18
CUST-000420,2024-06-06,North America,Silver,816.86,0.18
CUST-000421,2025-04-21,North America,Platinum,2146.05,0.05
CUST-000422,2024-02-15,North America,Bronze,153.24,0.28
CUST-000423,2025-01-07,Europe,Silver,613.39,0.18
CUST-000424,2025-06-01,North America,Gold,1567.85,0.1
CUST-000425,2024-04-08,North America,Silver,1135.71,0.18
CUST-000426,2026-01-14,Europe,Bronze,137.37,0.28
CUST-000427,2024-02-06,North America,Bronze,154.76,0.28
CUST-000428,2024-10-06,North America,Gold,2940.73,0.1
CUST-000429,2024-12-14,North America,Bronze,177.43,0.28
CUST-000430,2025-05-11,North America,Gold,945.05,0.1
CUST-000431,2024-10-28,Europe,Gold,812.54,0.1
CUST-000432,2024-06-29,North America,Bronze,163.08,0.28
CUST-000433,2025-08-29,Asia Pacific,Silver,689.45,0.18
CUST-000434,2024-04-08,Latin America,Bronze,228.64,0.28
CUST-000435,2025-11-30,Asia Pacific,Bronze,105.82,0.28
CUST-000436,2024-04-25,Europe,Silver,468.98,0.18
CUST-000437,2024-07-09,Latin America,Silver,375.74,0.18
CUST-000438,2024-09-09,Asia Pacific,Bronze,141.38,0.28
CUST-000439,2024-06-09,North America,Gold,1723.83,0.1
CUST-000440,2024-09-12,Europe,Bronze,147.03,0.28
CUST-000441,2024-11-18,Latin America,Silver,584.2,0.18
CUST-000442,2024-05-07,North America,Silver,591.24,0.18
CUST-000443,2024-01-18,North America,Bronze,117.48,0.28
CUST-000444,2026-03-03,Asia Pacific,Platinum,5722.1,0.05
CUST-000445,2026-01-04,Asia Pacific,Silver,290.37,0.18
CUST-000446,2025-07-19,North America,Silver,271.48,0.18
CUST-000447,2025-07-23,Europe,Silver,371.76,0.18
CUST-000448,2024-11-18,North America,Bronze,101.56,0.28
CUST-000449,2026-05-21,Asia Pacific,Bronze,191.09,0.28
CUST-000450,2025-11-16,North America,Silver,1254.69,0.18
CUST-000451,2026-03-02,North America,Gold,1884.28,0.1
CUST-000452,2025-09-17,Asia Pacific,Gold,865.48,0.1
CUST-000453,2024-10-14,Europe,Bronze,100.63,0.28
CUST-000454,2026-05-03,Asia Pacific,Bronze,221.77,0.28
CUST-000455,2025-10-24,Europe,Bronze,93.42,0.28
CUST-000456,2025-09-30,North America,Bronze,101.16,0.28
CUST-000457,2024-06-03,Europe,Silver,521.59,0.18
CUST-000458,2025-05-04,North America,Silver,362.31,0.18
CUST-000459,2025-01-20,Europe,Bronze,157.33,0.28
CUST-000460,2026-02-23,North America,Silver,394.27,0.18
CUST-000461,2024-04-13,Asia Pacific,Silver,445.01,0.18
CUST-000462,2025-01-27,Latin America,Bronze,212.81,0.28
CUST-000463,2026-03-21,Middle East & Africa,Gold,1538.69,0.1
CUST-000464,2024-09-02,Europe,Bronze,216.47,0.28
CUST-000465,2024-06-24,North America,Silver,581.12,0.18
CUST-000466,2024-02-08,Europe,Gold,1593.12,0.1
CUST-000467,2025-04-21,Asia Pacific,Silver,449.61,0.18
CUST-000468,2025-11-12,North America,Gold,670.68,0.1
CUST-000469,2026-01-28,Middle East & Africa,Bronze,143.69,0.28
CUST-000470,2025-06-21,North America,Silver,510.62,0.18
CUST-000471,2026-05-16,Middle East & Africa,Silver,463.56,0.18
CUST-000472,2026-03-28,Asia Pacific,Silver,532.3,0.18
CUST-000473,2025-02-11,Asia Pacific,Gold,2736.59,0.1
CUST-000474,2025-06-08,North America,Silver,368.21,0.18
CUST-000475,2026-04-07,North America,Gold,1020.59,0.1
CUST-000476,2025-05-20,Europe,Bronze,243.25,0.28
CUST-000477,2026-04-04,North America,Bronze,157.66,0.28
CUST-000478,2024-02-05,North America,Silver,539.75,0.18
CUST-000479,2025-11-15,Europe,Silver,355.14,0.18
CUST-000480,2024-01-20,Europe,Platinum,2611.12,0.05
CUST-000481,2024-11-16,Europe,Bronze,92.56,0.28
CUST-000482,2026-02-14,Europe,Bronze,160.71,0.28
CUST-000483,2025-05-26,North America,Silver,304.24,0.18
CUST-000484,2025-02-03,Middle East & Africa,Gold,772.42,0.1
CUST-000485,2025-10-15,North America,Gold,1563.21,0.1
CUST-000486,2025-04-15,Europe,Bronze,116.37,0.28
CUST-000487,2024-05-22,Europe,Bronze,92.81,0.28
CUST-000488,2024-04-01,Asia Pacific,Bronze,89.06,0.28
CUST-000489,2024-12-19,North America,Bronze,216.01,0.28
CUST-000490,2026-04-13,Europe,Platinum,3354.03,0.05
CUST-000491,2026-03-10,Europe,Bronze,127.86,0.28
CUST-000492,2025-12-27,North America,Bronze,160.65,0.28
CUST-000493,2026-05-03,Europe,Bronze,154.65,0.28
CUST-000494,2024-02-20,Latin America,Bronze,121.38,0.28
CUST-000495,2025-10-26,Middle East & Africa,Gold,1050.06,0.1
CUST-000496,2025-11-28,North America,Bronze,200.92,0.28
CUST-000497,2025-07-28,North America,Bronze,208.63,0.28
CUST-000498,2024-07-08,North America,Platinum,2502.99,0.05
CUST-000499,2024-05-04,Europe,Bronze,250.26,0.28
CUST-000500,2024-05-29,North America,Silver,1005.13,0.18
CUST-000501,2024-11-09,North America,Bronze,133.5,0.28
CUST-000502,2025-07-23,Middle East & Africa,Silver,396.68,0.18
CUST-000503,2024-12-07,Latin America,Bronze,104.73,0.28
CUST-000504,2024-10-31,North America,Bronze,114.8,0.28
CUST-000505,2025-11-22,North America,Silver,512.16,0.18
CUST-000506,2025-11-12,Europe,Bronze,378.95,0.28
CUST-000507,2026-04-17,North America,Silver,602.2,0.18
CUST-000508,2026-02-21,Europe,Bronze,131.34,0.28
CUST-000509,2024-02-23,Europe,Silver,379.69,0.18
CUST-000510,2025-03-19,Latin America,Gold,920.15,0.1
CUST-000511,2025-09-04,Asia Pacific,Bronze,229.2,0.28
CUST-000512,2024-09-20,Europe,Bronze,136.09,0.28
CUST-000513,2024-02-22,Asia Pacific,Gold,1439.12,0.1
CUST-000514,2025-07-25,North America,Silver,409.34,0.18
CUST-000515,2025-09-11,Europe,Bronze,349.97,0.28
CUST-000516,2024-01-05,Europe,Silver,363.42,0.18
CUST-000517,2024-04-12,North America,Bronze,113.22,0.28
CUST-000518,2024-07-14,North America,Bronze,123.71,0.28
CUST-000519,2026-02-12,North America,Platinum,4146.92,0.05
CUST-000520,2026-05-26,Latin America,Gold,2130.16,0.1
CUST-000521,2024-12-15,North America,Silver,533.64,0.18
CUST-000522,2024-02-16,North America,Bronze,198.99,0.28
CUST-000523,2026-05-16,Europe,Bronze,188.23,0.28
CUST-000524,2026-04-02,Asia Pacific,Gold,616.51,0.1
CUST-000525,2026-03-30,North America,Bronze,149.03,0.28
CUST-000526,2025-10-17,Middle East & Africa,Bronze,132.13,0.28
CUST-000527,2024-09-25,Latin America,Bronze,141.76,0.28
CUST-000528,2025-01-04,Europe,Silver,323.79,0.18
CUST-000529,2025-09-27,Asia Pacific,Bronze,212.29,0.28
CUST-000530,2024-04-15,North America,Bronze,152.94,0.28
CUST-000531,2025-10-31,North America,Gold,1220.54,0.1
CUST-000532,2025-10-20,Asia Pacific,Silver,424.26,0.18
CUST-000533,2025-10-18,North America,Bronze,116.62,0.28
CUST-000534,2024-04-29,North America,Silver,220.62,0.18
CUST-000535,2026-04-10,Europe,Bronze,167.22,0.28
CUST-000536,2026-02-25,North America,Bronze,156.97,0.28
CUST-000537,2025-08-26,Latin America,Silver,557.21,0.18
CUST-000538,2024-02-27,North America,Bronze,154.4,0.28
CUST-000539,2024-12-11,Asia Pacific,Bronze,97.41,0.28
CUST-000540,2026-01-10,Europe,Silver,327.45,0.18
CUST-000541,2025-04-18,Asia Pacific,Platinum,5980.74,0.05
CUST-000542,2024-04-26,North America,Silver,511.23,0.18
CUST-000543,2026-04-09,Europe,Bronze,206.84,0.28
CUST-000544,2026-03-01,Latin America,Bronze,216.63,0.28
CUST-000545,2024-05-06,Europe,Bronze,101.2,0.28
CUST-000546,2025-01-27,Europe,Bronze,130.9,0.28
CUST-000547,2025-10-02,Europe,Bronze,196.97,0.28
CUST-000548,2024-02-27,Asia Pacific,Silver,324.74,0.18
CUST-000549,2025-09-25,Europe,Bronze,127.4,0.28
CUST-000550,2025-05-27,Latin America,Bronze,121.86,0.28
CUST-000551,2026-01-20,North America,Silver,334.96,0.18
CUST-000552,2026-03-12,Europe,Bronze,142.39,0.28
CUST-000553,2024-04-05,Asia Pacific,Platinum,2881.84,0.05
CUST-000554,2025-09-29,Asia Pacific,Bronze,127.9,0.28
CUST-000555,2024-04-27,Latin America,Gold,1336.04,0.1
CUST-000556,2025-07-13,Middle East & Africa,Gold,1788.82,0.1
CUST-000557,2025-08-23,Europe,Gold,1629.3,0.1
CUST-000558,2025-05-02,North America,Bronze,160.97,0.28
CUST-000559,2024-08-24,North America,Platinum,6743.06,0.05
CUST-000560,2024-09-28,Asia Pacific,Bronze,195.24,0.28
CUST-000561,2024-07-07,Latin America,Bronze,206.94,0.28
CUST-000562,2025-12-04,North America,Bronze,140.53,0.28
CUST-000563,2025-03-22,North America,Bronze,128.51,0.28
CUST-000564,2025-08-03,North America,Bronze,174.35,0.28
CUST-000565,2026-02-28,Asia Pacific,Bronze,215.53,0.28
CUST-000566,2026-05-10,North America,Bronze,160.84,0.28
CUST-000567,2024-09-03,Europe,Silver,349.32,0.18
CUST-000568,2024-03-16,Europe,Bronze,89.77,0.28
CUST-000569,2024-06-02,Asia Pacific,Silver,239.04,0.18
CUST-000570,2025-10-17,Asia Pacific,Platinum,3560.08,0.05
CUST-000571,2025-03-10,Europe,Bronze,207.89,0.28
CUST-000572,2024-03-26,North America,Silver,179.11,0.18
CUST-000573,2025-11-27,Europe,Platinum,2744.98,0.05
CUST-000574,2024-10-11,Asia Pacific,Bronze,110.21,0.28
CUST-000575,2024-08-07,Middle East & Africa,Bronze,174.57,0.28
CUST-000576,2024-03-09,North America,Gold,919.06,0.1
CUST-000577,2024-02-16,North America,Platinum,2139.52,0.05
CUST-000578,2024-04-03,North America,Silver,352.71,0.18
CUST-000579,2026-01-19,Europe,Bronze,110.43,0.28
CUST-000580,2025-03-28,Asia Pacific,Gold,1206.25,0.1
CUST-000581,2024-07-22,North America,Bronze,137.65,0.28
CUST-000582,2024-08-05,Europe,Bronze,179.04,0.28
CUST-000583,2025-04-18,North America,Bronze,149.63,0.28
CUST-000584,2025-03-07,North America,Bronze,225.12,0.28
CUST-000585,2024-12-06,Europe,Gold,1003.15,0.1
CUST-000586,2025-07-04,North America,Gold,1537.82,0.1
CUST-000587,2025-09-03,Europe,Silver,511.01,0.18
CUST-000588,2024-10-15,Asia Pacific,Bronze,133.28,0.28
CUST-000589,2024-09-10,Europe,Silver,592.55,0.18
CUST-000590,2026-01-03,North America,Silver,326.48,0.18
CUST-000591,2024-12-22,Middle East & Africa,Bronze,246.3,0.28
CUST-000592,2024-01-23,Europe,Platinum,2565.66,0.05
CUST-000593,2026-01-31,Asia Pacific,Gold,701.92,0.1
CUST-000594,2025-06-05,North America,Silver,255.12,0.18
CUST-000595,2026-01-27,North America,Bronze,155.57,0.28
CUST-000596,2026-04-16,North America,Silver,359.09,0.18
CUST-000597,2024-04-09,North America,Gold,1290.23,0.1
CUST-000598,2026-03-12,Europe,Bronze,96.5,0.28
CUST-000599,2024-06-28,Latin America,Gold,1458.07,0.1
CUST-000600,2024-08-10,Europe,Bronze,161.46,0.28
CUST-000601,2026-01-31,North America,Silver,374.75,0.18
CUST-000602,2025-10-20,Europe,Silver,577.78,0.18
CUST-000603,2025-03-17,North America,Silver,566.38,0.18
CUST-000604,2025-08-30,Europe,Gold,1245.02,0.1
CUST-000605,2026-02-07,Europe,Bronze,213.91,0.28
CUST-000606,2024-11-20,Asia Pacific,Bronze,233.89,0.28
CUST-000607,2025-05-30,Middle East & Africa,Silver,328.27,0.18
CUST-000608,2024-01-16,North America,Bronze,235.95,0.28
CUST-000609,2026-03-02,Europe,Silver,314.07,0.18
CUST-000610,2024-12-01,Latin America,Bronze,204.23,0.28
CUST-000611,2026-01-28,Asia Pacific,Bronze,219.1,0.28
CUST-000612,2024-09-14,Europe,Silver,419.64,0.18
CUST-000613,2025-05-11,Latin America,Silver,440.51,0.18
CUST-000614,2024-06-08,North America,Bronze,133.09,0.28
CUST-000615,2025-04-19,Latin America,Bronze,107.86,0.28
CUST-000616,2026-05-01,North America,Bronze,116.22,0.28
CUST-000617,2025-10-25,Europe,Bronze,182.96,0.28
CUST-000618,2025-11-20,Latin America,Bronze,211.22,0.28
CUST-000619,2025-11-05,North America,Bronze,149.14,0.28
CUST-000620,2025-01-14,Europe,Silver,300.43,0.18
CUST-000621,2025-06-28,North America,Silver,284.5,0.18
CUST-000622,2025-11-21,Middle East & Africa,Bronze,143.77,0.28
CUST-000623,2025-03-02,Asia Pacific,Silver,364.38,0.18
CUST-000624,2025-09-04,Asia Pacific,Gold,1928.62,0.1
CUST-000625,2024-09-24,Europe,Bronze,113.26,0.28
CUST-000626,2026-04-14,Asia Pacific,Bronze,190.49,0.28
CUST-000627,2025-07-30,Europe,Silver,351.08,0.18
CUST-000628,2025-02-20,Europe,Bronze,133.92,0.28
CUST-000629,2024-06-16,Asia Pacific,Silver,482.08,0.18
CUST-000630,2026-04-21,Europe,Gold,1477.21,0.1
CUST-000631,2024-02-12,North America,Silver,532.87,0.18
CUST-000632,2025-07-09,North America,Silver,359.71,0.18
CUST-000633,2024-10-11,North America,Silver,468.43,0.18
CUST-000634,2025-01-31,Latin America,Bronze,129.12,0.28
CUST-000635,2024-01-12,Europe,Bronze,84.62,0.28
CUST-000636,2025-08-29,Asia Pacific,Gold,1315.07,0.1
CUST-000637,2024-10-28,Europe,Platinum,5799.92,0.05
CUST-000638,2024-09-09,North America,Gold,2225.53,0.1
CUST-000639,2025-05-13,North America,Gold,1362.44,0.1
CUST-000640,2026-01-23,Asia Pacific,Bronze,165.9,0.28
CUST-000641,2024-02-04,Europe,Bronze,52.61,0.28
CUST-000642,2025-12-27,Latin America,Bronze,446.56,0.28
CUST-000643,2026-04-28,Asia Pacific,Bronze,265.87,0.28
CUST-000644,2024-03-30,Europe,Gold,1625.76,0.1
CUST-000645,2026-02-14,Europe,Platinum,3602.26,0.05
CUST-000646,2025-08-27,Latin America,Gold,491.64,0.1
CUST-000647,2025-08-24,Asia Pacific,Silver,484.04,0.18
CUST-000648,2025-02-21,North America,Bronze,151.92,0.28
CUST-000649,2024-04-24,Europe,Bronze,85.36,0.28
CUST-000650,2025-09-08,Asia Pacific,Bronze,179.45,0.28
CUST-000651,2024-07-14,Asia Pacific,Silver,737.96,0.18
CUST-000652,2026-04-05,North America,Bronze,171.89,0.28
CUST-000653,2025-05-15,Latin America,Platinum,4005.54,0.05
CUST-000654,2025-09-17,Middle East & Africa,Gold,1409.05,0.1
CUST-000655,2025-05-07,North America,Bronze,131.83,0.28
CUST-000656,2024-03-15,Latin America,Bronze,203.16,0.28
CUST-000657,2025-02-16,North America,Silver,827.8,0.18
CUST-000658,2025-01-10,North America,Bronze,152.5,0.28
CUST-000659,2025-02-23,North America,Gold,887.07,0.1
CUST-000660,2025-12-29,North America,Silver,258.54,0.18
CUST-000661,2024-10-03,Asia Pacific,Bronze,183.28,0.28
CUST-000662,2026-01-30,North America,Silver,575.32,0.18
CUST-000663,2025-11-06,North America,Bronze,173.51,0.28
CUST-000664,2025-01-28,North America,Gold,1092.07,0.1
CUST-000665,2026-05-18,North America,Bronze,167.58,0.28
CUST-000666,2025-04-01,North America,Gold,968.58,0.1
CUST-000667,2024-07-10,Asia Pacific,Silver,338.64,0.18
CUST-000668,2026-01-08,North America,Silver,302.09,0.18
CUST-000669,2025-11-19,Latin America,Bronze,101.12,0.28
CUST-000670,2024-04-08,Asia Pacific,Silver,556.36,0.18
CUST-000671,2025-07-01,North America,Silver,404.05,0.18
CUST-000672,2024-04-05,Latin America,Silver,342.64,0.18
CUST-000673,2025-10-25,North America,Gold,695.97,0.1
CUST-000674,2025-10-24,North America,Silver,588.56,0.18
CUST-000675,2024-07-08,North America,Gold,1840.84,0.1
CUST-000676,2026-01-05,North America,Bronze,99.58,0.28
CUST-000677,2024-02-06,Europe,Gold,1141.63,0.1
CUST-000678,2026-02-18,Asia Pacific,Bronze,103.3,0.28
CUST-000679,2025-01-03,North America,Gold,1133.84,0.1
CUST-000680,2025-11-25,Asia Pacific,Platinum,4463.47,0.05
CUST-000681,2025-06-08,North America,Bronze,286.57,0.28
CUST-000682,2024-10-05,Asia Pacific,Silver,376.32,0.18
CUST-000683,2024-08-04,North America,Silver,595.39,0.18
CUST-000684,2026-05-16,North America,Bronze,200.41,0.28
CUST-000685,2026-05-22,North America,Silver,423.6,0.18
CUST-000686,2026-03-08,North America,Bronze,238.57,0.28
CUST-000687,2024-09-29,Europe,Gold,1052.57,0.1
CUST-000688,2026-05-30,Asia Pacific,Gold,1428.3,0.1
CUST-000689,2024-03-02,North America,Silver,357.74,0.18
CUST-000690,2025-08-18,Asia Pacific,Silver,556.6,0.18
CUST-000691,2026-05-29,Asia Pacific,Silver,534.71,0.18
CUST-000692,2025-12-29,Latin America,Bronze,241.19,0.28
CUST-000693,2024-12-07,North America,Bronze,312.58,0.28
CUST-000694,2025-01-31,Europe,Silver,649.09,0.18
CUST-000695,2025-11-29,Latin America,Platinum,4576.92,0.05
CUST-000696,2024-01-19,Asia Pacific,Silver,384.9,0.18
CUST-000697,2024-06-25,Europe,Silver,181.81,0.18
CUST-000698,2025-09-03,North America,Gold,2017.06,0.1
CUST-000699,2025-01-30,North America,Bronze,315.17,0.28
CUST-000700,2025-03-20,Europe,Silver,510.02,0.18
CUST-000701,2024-08-20,Asia Pacific,Bronze,100.3,0.28
CUST-000702,2024-03-16,North America,Bronze,260.29,0.28
CUST-000703,2024-09-21,Europe,Silver,700.14,0.18
CUST-000704,2025-03-30,Europe,Silver,199.2,0.18
CUST-000705,2026-03-06,Europe,Silver,476.0,0.18
CUST-000706,2025-12-18,Asia Pacific,Silver,495.9,0.18
CUST-000707,2026-01-04,Asia Pacific,Silver,236.86,0.18
CUST-000708,2025-01-18,North America,Gold,779.4,0.1
CUST-000709,2025-07-17,Latin America,Gold,1856.97,0.1
CUST-000710,2026-04-30,North America,Bronze,154.24,0.28
CUST-000711,2025-05-20,North America,Platinum,2393.57,0.05
CUST-000712,2025-01-01,North America,Silver,344.29,0.18
CUST-000713,2024-05-23,North America,Gold,742.21,0.1
CUST-000714,2024-03-09,North America,Silver,463.78,0.18
CUST-000715,2024-04-08,North America,Bronze,202.67,0.28
CUST-000716,2025-01-30,Asia Pacific,Bronze,240.16,0.28
CUST-000717,2024-01-25,North America,Silver,344.49,0.18
CUST-000718,2025-04-13,Asia Pacific,Silver,390.62,0.18
CUST-000719,2025-04-28,North America,Silver,549.89,0.18
CUST-000720,2025-07-18,Latin America,Silver,658.71,0.18
CUST-000721,2024-05-30,Asia Pacific,Bronze,173.98,0.28
CUST-000722,2024-05-23,North America,Bronze,249.05,0.28
CUST-000723,2025-07-22,Asia Pacific,Silver,930.77,0.18
CUST-000724,2024-02-08,Europe,Bronze,78.15,0.28
CUST-000725,2024-04-18,Asia Pacific,Silver,826.21,0.18
CUST-000726,2025-11-23,Europe,Bronze,252.16,0.28
CUST-000727,2024-02-11,Europe,Gold,749.84,0.1
CUST-000728,2024-07-04,Asia Pacific,Bronze,180.58,0.28
CUST-000729,2025-02-01,Europe,Bronze,193.45,0.28
CUST-000730,2024-08-10,North America,Silver,291.0,0.18
CUST-000731,2025-09-25,Asia Pacific,Silver,439.14,0.18
CUST-000732,2024-05-12,Europe,Bronze,159.68,0.28
CUST-000733,2024-06-11,Europe,Gold,779.07,0.1
CUST-000734,2024-08-02,North America,Bronze,130.98,0.28
CUST-000735,2026-01-02,Europe,Bronze,262.72,0.28
CUST-000736,2024-08-22,Middle East & Africa,Bronze,294.11,0.28
CUST-000737,2026-04-22,North America,Bronze,96.47,0.28
CUST-000738,2025-10-19,Europe,Silver,154.99,0.18
CUST-000739,2026-01-20,Asia Pacific,Bronze,246.06,0.28
CUST-000740,2025-08-10,Asia Pacific,Gold,2487.52,0.1
CUST-000741,2024-01-09,Europe,Bronze,213.01,0.28
CUST-000742,2024-03-14,North America,Silver,401.19,0.18
CUST-000743,2025-05-06,Latin America,Bronze,97.24,0.28
CUST-000744,2024-09-09,Asia Pacific,Bronze,191.97,0.28
CUST-000745,2024-08-17,North America,Bronze,228.72,0.28
CUST-000746,2025-06-02,North America,Gold,921.64,0.1
CUST-000747,2024-06-22,Europe,Silver,502.34,0.18
CUST-000748,2025-10-14,North America,Gold,1008.47,0.1
CUST-000749,2024-06-16,North America,Silver,608.39,0.18
CUST-000750,2024-06-18,Latin America,Gold,526.65,0.1
CUST-000751,2025-01-27,North America,Silver,527.38,0.18
CUST-000752,2026-03-05,Asia Pacific,Bronze,129.57,0.28
CUST-000753,2025-09-25,North America,Bronze,312.14,0.28
CUST-000754,2024-07-12,Asia Pacific,Silver,509.81,0.18
CUST-000755,2025-05-31,Asia Pacific,Silver,597.25,0.18
CUST-000756,2024-01-29,North America,Bronze,102.86,0.28
CUST-000757,2024-06-13,Europe,Silver,411.86,0.18
CUST-000758,2025-02-25,North America,Silver,526.92,0.18
CUST-000759,2024-12-04,Latin America,Silver,389.74,0.18
CUST-000760,2025-10-09,Latin America,Bronze,136.15,0.28
CUST-000761,2025-05-10,Europe,Silver,499.91,0.18
CUST-000762,2024-12-30,Europe,Bronze,75.59,0.28
CUST-000763,2026-04-12,North America,Bronze,121.62,0.28
CUST-000764,2024-12-07,Asia Pacific,Silver,616.94,0.18
CUST-000765,2025-05-14,Europe,Bronze,128.15,0.28
CUST-000766,2025-10-18,North America,Bronze,381.94,0.28
CUST-000767,2025-05-25,Europe,Bronze,155.54,0.28
CUST-000768,2024-11-22,North America,Bronze,71.51,0.28
CUST-000769,2024-08-04,Asia Pacific,Bronze,179.14,0.28
CUST-000770,2024-10-27,North America,Bronze,98.32,0.28
CUST-000771,2024-05-11,Europe,Silver,515.56,0.18
CUST-000772,2026-03-14,North America,Silver,358.87,0.18
CUST-000773,2024-03-10,North America,Platinum,2866.22,0.05
CUST-000774,2024-09-08,Europe,Bronze,226.94,0.28
CUST-000775,2025-02-18,Middle East & Africa,Bronze,79.62,0.28
CUST-000776,2026-02-25,Asia Pacific,Silver,370.61,0.18
CUST-000777,2025-03-20,North America,Bronze,118.13,0.28
CUST-000778,2026-05-25,North America,Gold,2048.56,0.1
CUST-000779,2024-06-30,Latin America,Silver,391.38,0.18
CUST-000780,2024-06-15,Europe,Bronze,102.93,0.28
CUST-000781,2024-03-31,North America,Gold,1316.29,0.1
CUST-000782,2025-12-14,Latin America,Bronze,104.89,0.28
CUST-000783,2026-05-07,Asia Pacific,Platinum,2593.52,0.05
CUST-000784,2025-06-14,Middle East & Africa,Gold,1581.49,0.1
CUST-000785,2024-02-08,Latin America,Silver,143.0,0.18
CUST-000786,2024-05-05,Latin America,Bronze,102.01,0.28
CUST-000787,2025-03-26,North America,Bronze,114.43,0.28
CUST-000788,2024-06-21,North America,Bronze,278.3,0.28
CUST-000789,2025-10-14,Europe,Bronze,179.25,0.28
CUST-000790,2026-01-23,Europe,Silver,444.33,0.18
CUST-000791,2024-08-07,Europe,Platinum,3358.46,0.05
CUST-000792,2025-09-29,Europe,Bronze,157.59,0.28
CUST-000793,2024-02-27,Europe,Silver,496.45,0.18
CUST-000794,2025-10-21,Europe,Silver,473.17,0.18
CUST-000795,2025-04-20,North America,Gold,2614.18,0.1
CUST-000796,2025-03-31,North America,Bronze,125.83,0.28
CUST-000797,2026-04-08,Europe,Bronze,160.84,0.28
CUST-000798,2024-12-26,Asia Pacific,Gold,1218.38,0.1
CUST-000799,2024-01-01,North America,Gold,1747.23,0.1
CUST-000800,2025-01-21,Europe,Gold,909.4,0.1
CUST-000801,2024-12-13,Asia Pacific,Silver,388.59,0.18
CUST-000802,2024-07-08,Europe,Bronze,81.94,0.28
CUST-000803,2025-05-19,North America,Silver,667.84,0.18
CUST-000804,2024-07-09,Europe,Bronze,81.57,0.28
CUST-000805,2025-05-22,North America,Silver,558.4,0.18
CUST-000806,2025-01-03,Latin America,Silver,881.55,0.18
CUST-000807,2025-02-12,North America,Silver,972.18,0.18
CUST-000808,2026-04-03,Asia Pacific,Platinum,3096.82,0.05
CUST-000809,2024-04-26,North America,Silver,391.86,0.18
CUST-000810,2024-05-13,Europe,Bronze,145.62,0.28
CUST-000811,2024-02-27,Europe,Bronze,215.06,0.28
CUST-000812,2025-07-09,North America,Gold,1138.24,0.1
CUST-000813,2025-11-15,Europe,Bronze,134.44,0.28
CUST-000814,2025-11-02,North America,Bronze,230.38,0.28
CUST-000815,2024-06-21,North America,Bronze,152.64,0.28
CUST-000816,2026-04-08,Europe,Silver,423.27,0.18
CUST-000817,2026-03-25,North America,Bronze,105.66,0.28
CUST-000818,2024-05-28,Latin America,Platinum,5278.15,0.05
CUST-000819,2024-03-20,Europe,Platinum,3863.58,0.05
CUST-000820,2024-07-31,Europe,Platinum,3483.63,0.05
CUST-000821,2024-07-21,North America,Bronze,71.23,0.28
CUST-000822,2026-02-02,Europe,Platinum,5127.21,0.05
CUST-000823,2024-08-16,Asia Pacific,Platinum,2223.46,0.05
CUST-000824,2025-11-06,North America,Platinum,4193.48,0.05
CUST-000825,2024-08-14,Asia Pacific,Silver,329.58,0.18
CUST-000826,2025-10-20,North America,Silver,292.95,0.18
CUST-000827,2025-06-15,Asia Pacific,Bronze,217.43,0.28
CUST-000828,2025-03-16,North America,Gold,1249.8,0.1
CUST-000829,2025-02-05,Latin America,Bronze,152.48,0.28
CUST-000830,2024-02-16,Europe,Bronze,327.29,0.28
CUST-000831,2024-08-20,North America,Platinum,7589.59,0.05
CUST-000832,2024-10-31,North America,Bronze,135.89,0.28
CUST-000833,2025-06-09,Europe,Bronze,88.92,0.28
CUST-000834,2024-05-22,Middle East & Africa,Platinum,6161.3,0.05
CUST-000835,2025-02-18,North America,Platinum,2044.02,0.05
CUST-000836,2025-05-27,North America,Bronze,181.4,0.28
CUST-000837,2025-01-07,Europe,Gold,1078.06,0.1
CUST-000838,2025-07-19,Europe,Bronze,154.63,0.28
CUST-000839,2024-09-15,Europe,Bronze,244.97,0.28
CUST-000840,2025-10-17,Asia Pacific,Bronze,109.5,0.28
CUST-000841,2025-04-15,North America,Bronze,117.61,0.28
CUST-000842,2024-01-12,Latin America,Bronze,203.13,0.28
CUST-000843,2024-11-25,Europe,Bronze,306.79,0.28
CUST-000844,2026-01-05,North America,Gold,3228.41,0.1
CUST-000845,2026-02-22,Asia Pacific,Silver,251.87,0.18
CUST-000846,2024-12-23,Europe,Gold,1014.58,0.1
CUST-000847,2025-02-11,North America,Silver,297.86,0.18
CUST-000848,2025-10-29,Europe,Bronze,210.45,0.28
CUST-000849,2025-01-07,North America,Platinum,3586.26,0.05
CUST-000850,2024-01-08,Europe,Gold,1704.78,0.1
CUST-000851,2024-05-01,Latin America,Bronze,128.07,0.28
CUST-000852,2024-12-13,North America,Bronze,198.43,0.28
CUST-000853,2025-11-06,Europe,Silver,418.92,0.18
CUST-000854,2024-03-30,Asia Pacific,Silver,476.34,0.18
CUST-000855,2025-10-09,Middle East & Africa,Gold,952.97,0.1
CUST-000856,2025-11-28,Europe,Bronze,258.44,0.28
CUST-000857,2024-11-11,Europe,Bronze,90.52,0.28
CUST-000858,2024-06-26,Europe,Silver,429.99,0.18
CUST-000859,2025-06-23,Latin America,Silver,917.45,0.18
CUST-000860,2026-01-01,Latin America,Bronze,249.89,0.28
CUST-000861,2026-05-18,North America,Bronze,107.06,0.28
CUST-000862,2024-02-10,Europe,Silver,327.77,0.18
CUST-000863,2026-01-09,Europe,Silver,552.73,0.18
CUST-000864,2025-12-04,Asia Pacific,Bronze,194.53,0.28
CUST-000865,2025-05-16,Europe,Silver,724.3,0.18
CUST-000866,2024-05-24,Asia Pacific,Gold,682.92,0.1
CUST-000867,2024-07-19,Middle East & Africa,Platinum,5924.41,0.05
CUST-000868,2025-12-24,North America,Bronze,104.59,0.28
CUST-000869,2025-04-05,North America,Bronze,255.83,0.28
CUST-000870,2026-01-01,Europe,Platinum,1834.17,0.05
CUST-000871,2026-01-21,North America,Bronze,96.07,0.28
CUST-000872,2025-07-11,North America,Silver,895.74,0.18
CUST-000873,2025-06-30,North America,Silver,915.68,0.18
CUST-000874,2024-09-09,Asia Pacific,Bronze,156.14,0.28
CUST-000875,2025-01-24,Latin America,Silver,394.47,0.18
CUST-000876,2025-08-16,Europe,Silver,447.12,0.18
CUST-000877,2024-09-12,Europe,Silver,531.2,0.18
CUST-000878,2025-12-09,North America,Bronze,183.56,0.28
CUST-000879,2026-03-25,Asia Pacific,Platinum,3110.77,0.05
CUST-000880,2025-03-25,Asia Pacific,Bronze,69.16,0.28
CUST-000881,2024-01-10,Europe,Silver,362.04,0.18
CUST-000882,2026-04-03,North America,Gold,644.24,0.1
CUST-000883,2026-03-08,North America,Bronze,203.76,0.28
CUST-000884,2024-08-29,North America,Gold,1390.8,0.1
CUST-000885,2024-09-07,Europe,Platinum,3347.67,0.05
CUST-000886,2026-05-26,Asia Pacific,Bronze,135.68,0.28
CUST-000887,2024-01-05,Latin America,Bronze,329.34,0.28
CUST-000888,2024-04-28,Europe,Gold,1898.15,0.1
CUST-000889,2026-03-11,Asia Pacific,Bronze,162.84,0.28
CUST-000890,2025-01-08,Latin America,Bronze,120.95,0.28
CUST-000891,2024-03-05,North America,Gold,2010.37,0.1
CUST-000892,2024-05-25,Europe,Gold,1254.23,0.1
CUST-000893,2024-08-11,Latin America,Platinum,2700.49,0.05
CUST-000894,2024-08-26,North America,Bronze,118.44,0.28
CUST-000895,2024-06-25,Latin America,Bronze,195.46,0.28
CUST-000896,2026-02-17,Middle East & Africa,Bronze,219.55,0.28
CUST-000897,2026-05-02,Asia Pacific,Silver,580.27,0.18
CUST-000898,2024-10-08,Asia Pacific,Silver,585.39,0.18
CUST-000899,2024-03-03,Asia Pacific,Bronze,132.81,0.28
CUST-000900,2024-08-04,Asia Pacific,Bronze,120.66,0.28
CUST-000901,2026-05-03,North America,Silver,477.56,0.18
CUST-000902,2026-04-06,North America,Silver,435.48,0.18
CUST-000903,2026-03-05,North America,Bronze,100.52,0.28
CUST-000904,2025-11-19,Asia Pacific,Gold,1184.62,0.1
CUST-000905,2025-04-05,North America,Bronze,197.67,0.28
CUST-000906,2025-09-01,North America,Silver,384.94,0.18
CUST-000907,2024-04-14,North America,Gold,2264.2,0.1
CUST-000908,2024-04-08,Asia Pacific,Silver,272.74,0.18
CUST-000909,2025-05-25,Middle East & Africa,Bronze,107.88,0.28
CUST-000910,2025-01-19,Middle East & Africa,Bronze,119.29,0.28
CUST-000911,2025-02-08,Europe,Gold,1667.49,0.1
CUST-000912,2026-04-02,Latin America,Bronze,163.3,0.28
CUST-000913,2025-06-01,Asia Pacific,Silver,315.71,0.18
CUST-000914,2025-04-20,Europe,Platinum,1655.09,0.05
CUST-000915,2025-12-09,Europe,Platinum,2177.26,0.05
CUST-000916,2026-05-12,North America,Silver,223.17,0.18
CUST-000917,2025-10-06,Latin America,Gold,1701.84,0.1
CUST-000918,2026-05-19,Europe,Platinum,2291.32,0.05
CUST-000919,2026-02-09,Europe,Bronze,196.93,0.28
CUST-000920,2025-03-12,Asia Pacific,Bronze,186.45,0.28
CUST-000921,2024-01-23,North America,Bronze,241.6,0.28
CUST-000922,2025-07-18,North America,Bronze,112.7,0.28
CUST-000923,2025-11-07,Europe,Gold,1410.88,0.1
CUST-000924,2025-12-14,North America,Silver,472.44,0.18
CUST-000925,2025-04-02,Asia Pacific,Gold,1261.26,0.1
CUST-000926,2024-03-23,Europe,Gold,1190.91,0.1
CUST-000927,2024-05-24,Europe,Silver,630.19,0.18
CUST-000928,2024-03-25,Europe,Silver,603.21,0.18
CUST-000929,2024-03-18,Europe,Bronze,149.85,0.28
CUST-000930,2025-04-01,Europe,Gold,998.56,0.1
CUST-000931,2026-05-27,Asia Pacific,Bronze,119.21,0.28
CUST-000932,2024-01-01,Asia Pacific,Silver,456.42,0.18
CUST-000933,2024-02-20,Asia Pacific,Bronze,163.92,0.28
CUST-000934,2025-11-15,Latin America,Platinum,3374.27,0.05
CUST-000935,2025-12-17,North America,Gold,715.77,0.1
CUST-000936,2026-02-10,Europe,Silver,398.37,0.18
CUST-000937,2025-03-21,Latin America,Silver,364.46,0.18
CUST-000938,2025-03-24,Europe,Silver,452.72,0.18
CUST-000939,2026-05-30,North America,Bronze,413.68,0.28
CUST-000940,2025-05-02,Europe,Bronze,178.16,0.28
CUST-000941,2026-03-10,North America,Silver,745.57,0.18
CUST-000942,2024-02-03,North America,Bronze,114.09,0.28
CUST-000943,2024-12-13,Middle East & Africa,Silver,453.96,0.18
CUST-000944,2024-04-04,Europe,Silver,735.62,0.18
CUST-000945,2024-03-12,North America,Bronze,79.72,0.28
CUST-000946,2025-07-04,Middle East & Africa,Bronze,136.63,0.28
CUST-000947,2024-06-02,Middle East & Africa,Bronze,192.27,0.28
CUST-000948,2024-09-06,Europe,Bronze,145.71,0.28
CUST-000949,2025-11-04,North America,Silver,358.56,0.18
CUST-000950,2025-03-13,Asia Pacific,Silver,366.71,0.18
CUST-000951,2024-04-27,Asia Pacific,Platinum,3970.62,0.05
CUST-000952,2026-02-09,Asia Pacific,Bronze,80.03,0.28
CUST-000953,2024-11-01,Latin America,Gold,1261.34,0.1
CUST-000954,2024-09-24,Asia Pacific,Bronze,200.53,0.28
CUST-000955,2024-02-23,North America,Silver,389.32,0.18
CUST-000956,2024-08-23,Asia Pacific,Silver,241.11,0.18
CUST-000957,2025-01-23,North America,Silver,366.66,0.18
CUST-000958,2026-01-03,Asia Pacific,Silver,428.26,0.18
CUST-000959,2026-02-01,Europe,Bronze,97.52,0.28
CUST-000960,2026-04-04,North America,Bronze,151.85,0.28
CUST-000961,2025-02-04,Europe,Gold,1285.49,0.1
CUST-000962,2025-09-15,North America,Bronze,242.66,0.28
CUST-000963,2026-02-05,North America,Bronze,140.42,0.28
CUST-000964,2024-10-29,Europe,Bronze,156.86,0.28
CUST-000965,2024-07-25,North America,Bronze,120.33,0.28
CUST-000966,2024-08-16,Asia Pacific,Silver,371.81,0.18
CUST-000967,2026-05-02,North America,Silver,596.41,0.18
CUST-000968,2025-07-31,Asia Pacific,Bronze,136.57,0.28
CUST-000969,2024-03-15,Asia Pacific,Bronze,208.78,0.28
CUST-000970,2025-03-10,Asia Pacific,Silver,441.66,0.18
CUST-000971,2024-04-12,Europe,Gold,759.41,0.1
CUST-000972,2025-02-25,Middle East & Africa,Platinum,2652.76,0.05
CUST-000973,2025-12-04,North America,Gold,3157.17,0.1
CUST-000974,2026-02-02,North America,Gold,1152.73,0.1
CUST-000975,2026-01-07,Europe,Gold,628.88,0.1
CUST-000976,2026-03-16,North America,Silver,285.41,0.18
CUST-000977,2024-11-01,Middle East & Africa,Bronze,112.79,0.28
CUST-000978,2024-04-07,North America,Silver,314.8,0.18
CUST-000979,2026-04-29,Asia Pacific,Bronze,96.64,0.28
CUST-000980,2026-03-08,Asia Pacific,Gold,2153.87,0.1
CUST-000981,2024-11-30,North America,Silver,587.05,0.18
CUST-000982,2026-05-08,Europe,Silver,415.43,0.18
CUST-000983,2025-03-10,North America,Bronze,118.6,0.28
CUST-000984,2025-03-22,Europe,Silver,421.82,0.18
CUST-000985,2024-11-03,North America,Bronze,305.8,0.28
CUST-000986,2024-09-05,Latin America,Bronze,106.13,0.28
CUST-000987,2024-06-14,Middle East & Africa,Bronze,79.82,0.28
CUST-000988,2025-04-25,North America,Bronze,195.89,0.28
CUST-000989,2024-11-30,North America,Silver,673.51,0.18
CUST-000990,2025-06-25,Asia Pacific,Silver,804.24,0.18
CUST-000991,2026-01-28,North America,Gold,1042.25,0.1
CUST-000992,2024-04-15,Latin America,Bronze,130.83,0.28
CUST-000993,2025-07-16,Europe,Bronze,335.48,0.28
CUST-000994,2024-03-21,Europe,Platinum,4441.37,0.05
CUST-000995,2024-05-12,Asia Pacific,Silver,434.94,0.18
CUST-000996,2026-03-07,Europe,Silver,550.37,0.18
CUST-000997,2024-05-17,Latin America,Silver,377.98,0.18
CUST-000998,2024-07-02,Latin America,Gold,1353.66,0.1
CUST-000999,2025-02-04,North America,Bronze,168.11,0.28
CUST-001000,2024-11-25,North America,Bronze,209.41,0.28
CUST-001001,2026-02-23,Middle East & Africa,Gold,809.25,0.1
CUST-001002,2025-05-22,Latin America,Bronze,172.92,0.28
CUST-001003,2026-05-01,North America,Gold,752.53,0.1
CUST-001004,2024-03-09,Asia Pacific,Bronze,317.62,0.28
CUST-001005,2025-06-29,Europe,Silver,380.53,0.18
CUST-001006,2026-02-12,North America,Gold,619.01,0.1
CUST-001007,2024-02-22,Latin America,Bronze,455.58,0.28
CUST-001008,2025-03-25,North America,Gold,974.23,0.1
CUST-001009,2024-07-23,Latin America,Platinum,3635.51,0.05
CUST-001010,2024-05-05,North America,Silver,228.4,0.18
CUST-001011,2026-01-16,Europe,Platinum,3426.57,0.05
CUST-001012,2024-02-12,North America,Bronze,292.87,0.28
CUST-001013,2026-01-21,Europe,Gold,1590.9,0.1
CUST-001014,2024-04-20,Asia Pacific,Bronze,75.97,0.28
CUST-001015,2026-01-30,North America,Bronze,110.54,0.28
CUST-001016,2025-10-24,Europe,Bronze,216.57,0.28
CUST-001017,2024-07-01,Europe,Bronze,193.5,0.28
CUST-001018,2026-04-27,North America,Bronze,123.5,0.28
CUST-001019,2024-04-04,Asia Pacific,Gold,1406.56,0.1
CUST-001020,2025-01-08,North America,Gold,743.09,0.1
CUST-001021,2025-06-03,Europe,Bronze,88.93,0.28
CUST-001022,2024-12-25,Europe,Bronze,55.33,0.28
CUST-001023,2025-11-26,Europe,Gold,1737.55,0.1
CUST-001024,2024-10-07,North America,Bronze,143.82,0.28
CUST-001025,2024-07-13,Europe,Bronze,150.25,0.28
CUST-001026,2026-05-13,Europe,Silver,131.8,0.18
CUST-001027,2024-07-13,Asia Pacific,Bronze,147.05,0.28
CUST-001028,2025-10-28,Asia Pacific,Bronze,186.99,0.28
CUST-001029,2024-04-02,Europe,Silver,195.09,0.18
CUST-001030,2025-11-02,North America,Silver,458.03,0.18
CUST-001031,2024-03-01,North America,Bronze,146.06,0.28
CUST-001032,2025-09-25,North America,Gold,996.21,0.1
CUST-001033,2024-02-20,North America,Silver,759.22,0.18
CUST-001034,2025-02-06,Europe,Bronze,229.91,0.28
CUST-001035,2026-02-27,North America,Bronze,565.5,0.28
CUST-001036,2024-01-05,North America,Bronze,92.34,0.28
CUST-001037,2025-04-10,North America,Bronze,178.05,0.28
CUST-001038,2025-08-26,North America,Bronze,273.3,0.28
CUST-001039,2025-11-12,North America,Bronze,113.72,0.28
CUST-001040,2026-04-08,North America,Bronze,295.05,0.28
CUST-001041,2025-06-17,Europe,Silver,520.72,0.18
CUST-001042,2025-02-08,Europe,Gold,596.69,0.1
CUST-001043,2026-04-17,North America,Silver,269.05,0.18
CUST-001044,2025-05-27,Europe,Silver,356.78,0.18
CUST-001045,2025-10-06,North America,Platinum,3378.63,0.05
CUST-001046,2024-08-20,North America,Silver,738.5,0.18
CUST-001047,2025-06-07,North America,Bronze,144.72,0.28
CUST-001048,2024-12-11,Europe,Bronze,242.34,0.28
CUST-001049,2024-02-15,Asia Pacific,Gold,1252.95,0.1
CUST-001050,2025-06-29,North America,Bronze,150.74,0.28
CUST-001051,2024-03-18,North America,Bronze,133.47,0.28
CUST-001052,2025-12-30,Latin America,Silver,666.51,0.18
CUST-001053,2026-03-23,North America,Silver,473.92,0.18
CUST-001054,2024-03-13,North America,Gold,895.21,0.1
CUST-001055,2026-03-04,Latin America,Bronze,171.31,0.28
CUST-001056,2024-09-05,Asia Pacific,Bronze,124.92,0.28
CUST-001057,2024-02-16,Europe,Platinum,2851.16,0.05
CUST-001058,2024-04-30,Europe,Bronze,240.73,0.28
CUST-001059,2024-08-01,North America,Bronze,140.74,0.28
CUST-001060,2024-08-26,North America,Silver,1056.89,0.18
CUST-001061,2024-02-25,Europe,Gold,1610.31,0.1
CUST-001062,2024-12-15,North America,Gold,883.39,0.1
CUST-001063,2024-04-16,Europe,Platinum,2506.76,0.05
CUST-001064,2026-04-10,Latin America,Bronze,91.32,0.28
CUST-001065,2024-02-17,Middle East & Africa,Bronze,191.14,0.28
CUST-001066,2025-07-26,North America,Bronze,106.48,0.28
CUST-001067,2024-12-02,Europe,Gold,484.85,0.1
CUST-001068,2024-01-26,Europe,Silver,232.45,0.18
CUST-001069,2026-03-14,Latin America,Bronze,96.45,0.28
CUST-001070,2024-09-13,North America,Silver,514.91,0.18
CUST-001071,2024-01-08,North America,Bronze,145.12,0.28
CUST-001072,2025-09-16,North America,Silver,656.15,0.18
CUST-001073,2026-05-16,North America,Gold,834.81,0.1
CUST-001074,2024-09-09,North America,Bronze,131.75,0.28
CUST-001075,2025-11-22,Asia Pacific,Bronze,301.74,0.28
CUST-001076,2025-12-19,Asia Pacific,Bronze,130.86,0.28
CUST-001077,2024-10-29,North America,Bronze,164.09,0.28
CUST-001078,2025-09-30,Europe,Bronze,115.37,0.28
CUST-001079,2024-02-25,North America,Silver,411.18,0.18
CUST-001080,2025-12-26,Latin America,Bronze,181.41,0.28
CUST-001081,2025-06-09,Latin America,Gold,1560.74,0.1
CUST-001082,2025-04-18,Middle East & Africa,Bronze,157.26,0.28
CUST-001083,2024-01-28,Latin America,Bronze,135.19,0.28
CUST-001084,2024-03-18,North America,Bronze,158.02,0.28
CUST-001085,2024-08-03,North America,Gold,893.93,0.1
CUST-001086,2025-01-20,Europe,Bronze,137.61,0.28
CUST-001087,2024-12-30,Latin America,Gold,1370.61,0.1
CUST-001088,2025-10-27,North America,Gold,1780.9,0.1
CUST-001089,2025-06-09,North America,Gold,833.36,0.1
CUST-001090,2025-11-29,Asia Pacific,Gold,1117.89,0.1
CUST-001091,2024-11-07,North America,Bronze,100.34,0.28
CUST-001092,2024-01-07,Europe,Gold,1004.55,0.1
CUST-001093,2024-01-03,Asia Pacific,Platinum,5222.44,0.05
CUST-001094,2025-09-14,North America,Platinum,2823.99,0.05
CUST-001095,2026-01-19,North America,Bronze,144.35,0.28
CUST-001096,2024-12-28,Asia Pacific,Silver,274.38,0.18
CUST-001097,2026-01-20,Europe,Bronze,119.84,0.28
CUST-001098,2025-05-22,Middle East & Africa,Bronze,80.74,0.28
CUST-001099,2024-09-30,North America,Silver,503.08,0.18
CUST-001100,2025-05-20,North America,Platinum,4055.2,0.05
CUST-001101,2026-03-16,Asia Pacific,Silver,514.92,0.18
CUST-001102,2026-01-08,Europe,Gold,1408.83,0.1
CUST-001103,2024-01-15,North America,Bronze,171.76,0.28
CUST-001104,2024-07-10,Asia Pacific,Bronze,81.46,0.28
CUST-001105,2025-09-22,North America,Silver,328.37,0.18
CUST-001106,2025-04-29,North America,Bronze,61.14,0.28
CUST-001107,2024-01-28,North America,Gold,996.9,0.1
CUST-001108,2025-12-14,Europe,Bronze,105.88,0.28
CUST-001109,2024-02-08,Europe,Bronze,147.7,0.28
CUST-001110,2024-09-29,Europe,Silver,1203.55,0.18
CUST-001111,2024-08-18,Asia Pacific,Bronze,205.11,0.28
CUST-001112,2024-03-26,Latin America,Gold,2212.57,0.1
CUST-001113,2025-04-18,North America,Silver,625.04,0.18
CUST-001114,2024-05-05,North America,Bronze,144.11,0.28
CUST-001115,2026-03-22,North America,Gold,1195.35,0.1
CUST-001116,2025-06-20,North America,Bronze,211.98,0.28
CUST-001117,2024-05-24,Asia Pacific,Gold,1325.33,0.1
CUST-001118,2025-06-08,Asia Pacific,Bronze,133.68,0.28
CUST-001119,2024-07-30,Asia Pacific,Bronze,265.4,0.28
CUST-001120,2024-01-25,North America,Platinum,4181.44,0.05
CUST-001121,2025-08-02,North America,Gold,678.58,0.1
CUST-001122,2025-01-28,Europe,Bronze,139.56,0.28
CUST-001123,2024-03-07,North America,Silver,459.13,0.18
CUST-001124,2024-08-20,Europe,Platinum,2977.3,0.05
CUST-001125,2024-04-18,Middle East & Africa,Bronze,128.58,0.28
CUST-001126,2024-05-25,Europe,Bronze,126.94,0.28
CUST-001127,2024-04-20,Asia Pacific,Silver,220.38,0.18
CUST-001128,2024-08-15,Europe,Bronze,68.42,0.28
CUST-001129,2024-04-20,North America,Bronze,115.5,0.28
CUST-001130,2025-04-14,Europe,Gold,1022.37,0.1
CUST-001131,2024-02-03,North America,Bronze,87.79,0.28
CUST-001132,2025-09-14,North America,Gold,796.63,0.1
CUST-001133,2026-02-14,Europe,Silver,406.67,0.18
CUST-001134,2025-01-03,Latin America,Silver,679.71,0.18
CUST-001135,2026-01-17,North America,Silver,662.07,0.18
CUST-001136,2025-08-17,Europe,Bronze,223.67,0.28
CUST-001137,2025-07-07,Latin America,Bronze,100.13,0.28
CUST-001138,2025-02-28,Asia Pacific,Bronze,137.24,0.28
CUST-001139,2025-09-04,Asia Pacific,Gold,1967.14,0.1
CUST-001140,2025-06-01,North America,Bronze,74.05,0.28
CUST-001141,2025-11-22,Latin America,Bronze,124.82,0.28
CUST-001142,2024-10-08,North America,Platinum,3825.27,0.05
CUST-001143,2024-11-15,Europe,Platinum,1769.52,0.05
CUST-001144,2026-01-07,North America,Bronze,178.07,0.28
CUST-001145,2025-03-18,Europe,Bronze,278.5,0.28
CUST-001146,2024-11-10,North America,Silver,734.42,0.18
CUST-001147,2026-05-26,Europe,Gold,1117.64,0.1
CUST-001148,2026-01-10,North America,Bronze,207.76,0.28
CUST-001149,2025-01-11,North America,Bronze,75.5,0.28
CUST-001150,2024-10-15,Europe,Gold,1341.33,0.1
CUST-001151,2025-03-12,Latin America,Gold,1062.32,0.1
CUST-001152,2025-10-23,Middle East & Africa,Gold,1130.37,0.1
CUST-001153,2024-10-03,North America,Bronze,156.36,0.28
CUST-001154,2025-12-10,Asia Pacific,Bronze,175.16,0.28
CUST-001155,2025-08-04,Asia Pacific,Silver,251.74,0.18
CUST-001156,2025-05-17,North America,Bronze,101.34,0.28
CUST-001157,2025-09-15,North America,Bronze,135.39,0.28
CUST-001158,2025-05-30,Asia Pacific,Bronze,73.64,0.28
CUST-001159,2024-12-15,Latin America,Silver,475.4,0.18
CUST-001160,2026-04-22,Europe,Silver,627.87,0.18
CUST-001161,2025-03-21,Europe,Gold,2094.21,0.1
CUST-001162,2026-04-09,Europe,Gold,1247.19,0.1
CUST-001163,2024-12-15,North America,Gold,2552.0,0.1
CUST-001164,2025-08-29,Asia Pacific,Gold,1183.3,0.1
CUST-001165,2025-10-25,Asia Pacific,Bronze,90.73,0.28
CUST-001166,2026-04-02,North America,Bronze,146.68,0.28
CUST-001167,2024-05-16,Latin America,Silver,414.46,0.18
CUST-001168,2026-01-28,North America,Bronze,184.4,0.28
CUST-001169,2024-08-30,Middle East & Africa,Gold,1337.19,0.1
CUST-001170,2025-06-26,Europe,Bronze,162.45,0.28
CUST-001171,2024-02-09,North America,Bronze,220.83,0.28
CUST-001172,2024-08-16,Europe,Silver,378.9,0.18
CUST-001173,2025-07-01,Europe,Silver,558.21,0.18
CUST-001174,2024-08-10,North America,Silver,503.51,0.18
CUST-001175,2024-01-06,Europe,Silver,470.98,0.18
CUST-001176,2024-11-17,Europe,Bronze,146.11,0.28
CUST-001177,2025-04-12,Asia Pacific,Bronze,90.21,0.28
CUST-001178,2026-01-01,North America,Gold,1084.11,0.1
CUST-001179,2024-03-15,Europe,Bronze,139.03,0.28
CUST-001180,2024-01-04,North America,Bronze,112.34,0.28
CUST-001181,2026-04-26,Asia Pacific,Bronze,87.14,0.28
CUST-001182,2025-10-07,North America,Bronze,120.06,0.28
CUST-001183,2024-04-27,Latin America,Silver,372.37,0.18
CUST-001184,2026-05-30,Asia Pacific,Silver,263.25,0.18
CUST-001185,2025-08-28,Europe,Gold,701.72,0.1
CUST-001186,2025-05-18,Europe,Silver,194.9,0.18
CUST-001187,2025-07-27,North America,Bronze,168.79,0.28
CUST-001188,2025-03-16,North America,Silver,665.45,0.18
CUST-001189,2024-07-12,Latin America,Bronze,150.97,0.28
CUST-001190,2026-04-26,Latin America,Bronze,127.6,0.28
CUST-001191,2025-12-15,North America,Bronze,86.02,0.28
CUST-001192,2025-01-26,Europe,Bronze,62.1,0.28
CUST-001193,2024-01-26,Asia Pacific,Silver,444.1,0.18
CUST-001194,2025-03-10,Europe,Silver,575.66,0.18
CUST-001195,2024-06-21,North America,Gold,860.16,0.1
CUST-001196,2024-10-26,North America,Gold,1830.31,0.1
CUST-001197,2025-10-06,North America,Bronze,113.87,0.28
CUST-001198,2024-11-21,Asia Pacific,Bronze,231.51,0.28
CUST-001199,2025-02-13,Europe,Bronze,109.76,0.28
CUST-001200,2024-04-27,Europe,Bronze,51.7,0.28
CUST-001201,2026-04-15,Latin America,Bronze,192.71,0.28
CUST-001202,2026-02-25,Europe,Bronze,103.7,0.28
CUST-001203,2025-12-24,Latin America,Silver,242.81,0.18
CUST-001204,2024-08-12,Europe,Silver,545.6,0.18
CUST-001205,2025-06-15,North America,Silver,315.29,0.18
CUST-001206,2024-04-22,Latin America,Silver,255.72,0.18
CUST-001207,2024-05-19,Europe,Silver,760.37,0.18
CUST-001208,2025-07-12,North America,Silver,414.61,0.18
CUST-001209,2024-01-01,North America,Silver,253.46,0.18
CUST-001210,2024-03-30,North America,Bronze,124.63,0.28
CUST-001211,2025-10-15,Europe,Silver,1056.03,0.18
CUST-001212,2024-11-15,Latin America,Silver,470.69,0.18
CUST-001213,2025-07-03,Latin America,Bronze,116.04,0.28
CUST-001214,2026-03-15,Latin America,Bronze,183.31,0.28
CUST-001215,2024-05-18,North America,Bronze,125.07,0.28
CUST-001216,2025-05-25,Europe,Silver,367.05,0.18
CUST-001217,2026-05-17,North America,Gold,922.91,0.1
CUST-001218,2026-04-24,Latin America,Bronze,211.08,0.28
CUST-001219,2024-09-15,Europe,Bronze,162.15,0.28
CUST-001220,2025-11-03,Europe,Platinum,6182.12,0.05
CUST-001221,2025-11-20,Asia Pacific,Bronze,169.59,0.28
CUST-001222,2024-01-10,Europe,Bronze,276.35,0.28
CUST-001223,2024-09-17,North America,Bronze,194.55,0.28
CUST-001224,2025-10-11,Middle East & Africa,Silver,405.56,0.18
CUST-001225,2024-06-20,Middle East & Africa,Silver,426.28,0.18
CUST-001226,2024-01-13,North America,Bronze,311.62,0.28
CUST-001227,2024-06-16,Europe,Platinum,5896.09,0.05
CUST-001228,2025-10-03,Middle East & Africa,Silver,835.43,0.18
CUST-001229,2025-08-18,North America,Bronze,100.25,0.28
CUST-001230,2024-11-16,Europe,Silver,212.55,0.18
CUST-001231,2024-11-14,North America,Bronze,107.06,0.28
CUST-001232,2025-09-04,Europe,Silver,480.79,0.18
CUST-001233,2024-11-24,North America,Bronze,115.86,0.28
CUST-001234,2026-02-23,Europe,Silver,454.96,0.18
CUST-001235,2026-02-15,North America,Bronze,125.23,0.28
CUST-001236,2025-07-03,Europe,Gold,592.41,0.1
CUST-001237,2025-02-22,Middle East & Africa,Bronze,178.07,0.28
CUST-001238,2025-08-28,Asia Pacific,Silver,455.59,0.18
CUST-001239,2024-04-04,Asia Pacific,Bronze,255.28,0.28
CUST-001240,2026-03-27,Europe,Gold,1279.24,0.1
CUST-001241,2025-08-03,North America,Gold,1641.12,0.1
CUST-001242,2024-11-13,North America,Bronze,108.09,0.28
CUST-001243,2024-08-23,Latin America,Platinum,4021.14,0.05
CUST-001244,2024-11-29,Europe,Bronze,207.28,0.28
CUST-001245,2025-01-10,North America,Silver,562.16,0.18
CUST-001246,2025-04-03,Asia Pacific,Silver,411.01,0.18
CUST-001247,2024-05-16,North America,Bronze,172.57,0.28
CUST-001248,2025-08-10,North America,Platinum,4490.04,0.05
CUST-001249,2025-06-30,Middle East & Africa,Bronze,242.55,0.28
CUST-001250,2025-05-27,Latin America,Bronze,119.84,0.28
CUST-001251,2024-10-22,Europe,Gold,767.66,0.1
CUST-001252,2024-11-15,Middle East & Africa,Silver,322.7,0.18
CUST-001253,2025-07-25,Asia Pacific,Bronze,158.98,0.28
CUST-001254,2026-04-11,Asia Pacific,Bronze,150.26,0.28
CUST-001255,2024-12-14,North America,Silver,578.35,0.18
CUST-001256,2026-04-19,North America,Bronze,209.13,0.28
CUST-001257,2026-02-17,Europe,Gold,564.53,0.1
CUST-001258,2026-05-22,Latin America,Silver,371.23,0.18
CUST-001259,2024-08-16,Europe,Bronze,163.29,0.28
CUST-001260,2024-09-26,North America,Bronze,234.32,0.28
CUST-001261,2026-04-07,North America,Silver,440.49,0.18
CUST-001262,2026-03-08,Asia Pacific,Bronze,259.0,0.28
CUST-001263,2024-10-17,North America,Gold,1496.12,0.1
CUST-001264,2025-12-25,Europe,Platinum,4075.83,0.05
CUST-001265,2024-06-13,North America,Silver,430.59,0.18
CUST-001266,2024-01-05,North America,Bronze,148.53,0.28
CUST-001267,2026-04-30,Asia Pacific,Bronze,171.22,0.28
CUST-001268,2025-01-13,Asia Pacific,Silver,416.17,0.18
CUST-001269,2024-03-18,North America,Silver,702.24,0.18
CUST-001270,2025-02-13,North America,Silver,639.75,0.18
CUST-001271,2025-07-27,Asia Pacific,Bronze,242.22,0.28
CUST-001272,2024-05-11,North America,Gold,791.65,0.1
CUST-001273,2025-08-23,Europe,Bronze,97.66,0.28
CUST-001274,2026-01-18,Middle East & Africa,Silver,546.98,0.18
CUST-001275,2024-02-11,North America,Gold,1161.92,0.1
CUST-001276,2024-03-29,Latin America,Silver,499.09,0.18
CUST-001277,2025-02-05,North America,Bronze,95.93,0.28
CUST-001278,2024-10-22,Europe,Silver,251.15,0.18
CUST-001279,2026-04-19,Europe,Bronze,164.62,0.28
CUST-001280,2024-10-21,Middle East & Africa,Gold,885.47,0.1
CUST-001281,2025-09-07,North America,Bronze,199.59,0.28
CUST-001282,2025-06-09,Europe,Bronze,117.27,0.28
CUST-001283,2026-03-10,Middle East & Africa,Bronze,105.18,0.28
CUST-001284,2025-11-21,Europe,Gold,484.64,0.1
CUST-001285,2025-09-28,Europe,Silver,741.2,0.18
CUST-001286,2025-02-25,North America,Silver,594.83,0.18
CUST-001287,2026-05-14,Asia Pacific,Silver,247.39,0.18
CUST-001288,2024-01-23,North America,Gold,539.74,0.1
CUST-001289,2025-07-28,North America,Bronze,118.13,0.28
CUST-001290,2024-05-22,Europe,Silver,657.32,0.18
CUST-001291,2025-10-26,North America,Silver,364.46,0.18
CUST-001292,2024-05-24,Middle East & Africa,Bronze,138.07,0.28
CUST-001293,2024-08-12,Latin America,Bronze,222.93,0.28
CUST-001294,2025-05-17,Asia Pacific,Bronze,101.02,0.28
CUST-001295,2026-03-31,Asia Pacific,Bronze,114.18,0.28
CUST-001296,2025-09-07,Asia Pacific,Bronze,163.77,0.28
CUST-001297,2024-04-13,North America,Bronze,134.1,0.28
CUST-001298,2024-02-08,Asia Pacific,Silver,316.83,0.18
CUST-001299,2024-07-16,North America,Bronze,199.05,0.28
CUST-001300,2025-10-07,North America,Bronze,184.52,0.28
CUST-001301,2025-08-01,Asia Pacific,Gold,1673.96,0.1
CUST-001302,2025-01-25,Europe,Silver,423.23,0.18
CUST-001303,2024-06-27,Latin America,Bronze,74.16,0.28
CUST-001304,2025-07-07,North America,Silver,451.94,0.18
CUST-001305,2025-03-23,Europe,Bronze,93.87,0.28
CUST-001306,2025-05-14,North America,Bronze,66.68,0.28
CUST-001307,2024-01-15,Europe,Bronze,134.39,0.28
CUST-001308,2025-09-14,Asia Pacific,Platinum,3645.41,0.05
CUST-001309,2025-10-30,Europe,Silver,852.83,0.18
CUST-001310,2024-10-15,North America,Gold,740.88,0.1
CUST-001311,2025-04-22,North America,Platinum,4588.64,0.05
CUST-001312,2024-08-18,North America,Platinum,1846.32,0.05
CUST-001313,2025-02-23,Europe,Silver,747.92,0.18
CUST-001314,2024-06-05,Latin America,Silver,340.01,0.18
CUST-001315,2025-07-03,North America,Bronze,131.2,0.28
CUST-001316,2025-03-16,Asia Pacific,Bronze,131.87,0.28
CUST-001317,2024-04-06,Latin America,Silver,609.62,0.18
CUST-001318,2025-02-14,Europe,Silver,251.91,0.18
CUST-001319,2024-10-15,Asia Pacific,Platinum,3260.24,0.05
CUST-001320,2024-09-10,Asia Pacific,Bronze,116.06,0.28
CUST-001321,2024-07-14,North America,Silver,1084.06,0.18
CUST-001322,2025-08-20,North America,Silver,291.56,0.18
CUST-001323,2026-04-13,North America,Bronze,53.4,0.28
CUST-001324,2025-06-05,Middle East & Africa,Silver,886.33,0.18
CUST-001325,2025-05-31,Latin America,Silver,547.73,0.18
CUST-001326,2025-09-26,Asia Pacific,Silver,328.42,0.18
CUST-001327,2026-04-21,North America,Silver,444.24,0.18
CUST-001328,2026-05-14,Europe,Bronze,108.88,0.28
CUST-001329,2024-04-27,North America,Silver,205.71,0.18
CUST-001330,2026-03-16,North America,Silver,421.38,0.18
CUST-001331,2024-06-07,Europe,Silver,420.18,0.18
CUST-001332,2026-03-25,Middle East & Africa,Silver,515.42,0.18
CUST-001333,2024-08-15,Latin America,Bronze,101.64,0.28
CUST-001334,2026-05-26,Asia Pacific,Bronze,110.03,0.28
CUST-001335,2024-08-03,North America,Bronze,129.03,0.28
CUST-001336,2025-11-26,North America,Bronze,101.32,0.28
CUST-001337,2024-01-15,North America,Silver,709.07,0.18
CUST-001338,2024-06-05,Asia Pacific,Gold,1685.35,0.1
CUST-001339,2025-10-09,Asia Pacific,Bronze,122.03,0.28
CUST-001340,2024-09-17,Europe,Bronze,185.76,0.28
CUST-001341,2024-06-05,Europe,Bronze,91.41,0.28
CUST-001342,2024-02-16,North America,Bronze,124.72,0.28
CUST-001343,2024-11-19,North America,Silver,808.09,0.18
CUST-001344,2026-04-23,Europe,Gold,1553.75,0.1
CUST-001345,2025-11-15,North America,Gold,1347.1,0.1
CUST-001346,2024-05-09,Europe,Bronze,129.96,0.28
CUST-001347,2025-02-14,Latin America,Platinum,3441.78,0.05
CUST-001348,2024-04-04,Europe,Bronze,83.37,0.28
CUST-001349,2025-09-18,North America,Silver,395.4,0.18
CUST-001350,2026-01-24,North America,Silver,523.04,0.18
CUST-001351,2024-10-18,Europe,Silver,445.27,0.18
CUST-001352,2026-03-04,Europe,Bronze,148.42,0.28
CUST-001353,2026-03-21,Europe,Bronze,115.45,0.28
CUST-001354,2024-10-09,Europe,Silver,312.98,0.18
CUST-001355,2024-03-09,Europe,Bronze,100.58,0.28
CUST-001356,2025-10-21,Asia Pacific,Bronze,135.62,0.28
CUST-001357,2024-01-11,North America,Silver,603.62,0.18
CUST-001358,2024-09-10,Asia Pacific,Silver,319.21,0.18
CUST-001359,2026-04-21,North America,Silver,457.4,0.18
CUST-001360,2026-05-21,North America,Bronze,150.93,0.28
CUST-001361,2025-07-03,Europe,Gold,1740.85,0.1
CUST-001362,2024-05-13,Europe,Bronze,150.81,0.28
CUST-001363,2025-12-12,Latin America,Gold,661.78,0.1
CUST-001364,2024-01-23,Asia Pacific,Bronze,350.93,0.28
CUST-001365,2026-03-25,Latin America,Silver,663.76,0.18
CUST-001366,2024-12-11,Latin America,Gold,1455.86,0.1
CUST-001367,2024-10-28,Europe,Bronze,119.16,0.28
CUST-001368,2024-12-28,Europe,Bronze,132.03,0.28
CUST-001369,2025-01-30,Europe,Bronze,84.92,0.28
CUST-001370,2024-08-05,Middle East & Africa,Bronze,131.25,0.28
CUST-001371,2024-05-20,Asia Pacific,Silver,482.76,0.18
CUST-001372,2025-09-07,North America,Bronze,148.49,0.28
CUST-001373,2024-07-28,Asia Pacific,Gold,2418.98,0.1
CUST-001374,2025-09-14,North America,Silver,588.54,0.18
CUST-001375,2025-09-07,Europe,Bronze,221.42,0.28
CUST-001376,2026-04-07,North America,Gold,1489.42,0.1
CUST-001377,2025-11-13,Asia Pacific,Bronze,160.08,0.28
CUST-001378,2025-04-04,Latin America,Bronze,179.93,0.28
CUST-001379,2024-12-21,North America,Bronze,67.83,0.28
CUST-001380,2024-11-19,North America,Silver,405.49,0.18
CUST-001381,2024-05-12,North America,Bronze,85.76,0.28
CUST-001382,2026-03-15,Asia Pacific,Silver,280.69,0.18
CUST-001383,2026-04-19,North America,Bronze,241.79,0.28
CUST-001384,2024-05-06,North America,Platinum,2275.38,0.05
CUST-001385,2024-04-15,North America,Silver,265.01,0.18
CUST-001386,2025-08-26,Europe,Bronze,175.29,0.28
CUST-001387,2026-03-09,North America,Silver,437.81,0.18
CUST-001388,2025-01-12,Asia Pacific,Silver,537.94,0.18
CUST-001389,2024-02-20,North America,Bronze,302.78,0.28
CUST-001390,2024-01-29,Asia Pacific,Bronze,188.62,0.28
CUST-001391,2025-04-06,North America,Bronze,80.67,0.28
CUST-001392,2024-10-22,Europe,Gold,1742.78,0.1
CUST-001393,2024-10-23,North America,Silver,412.1,0.18
CUST-001394,2025-12-26,Asia Pacific,Bronze,160.42,0.28
CUST-001395,2026-02-17,Latin America,Bronze,77.42,0.28
CUST-001396,2025-02-10,Latin America,Silver,550.35,0.18
CUST-001397,2026-02-07,Europe,Silver,267.38,0.18
CUST-001398,2026-03-24,Europe,Silver,557.21,0.18
CUST-001399,2025-09-04,Asia Pacific,Platinum,2621.16,0.05
CUST-001400,2025-02-08,Asia Pacific,Bronze,200.24,0.28
CUST-001401,2024-12-11,North America,Bronze,89.35,0.28
CUST-001402,2025-09-13,Asia Pacific,Bronze,80.34,0.28
CUST-001403,2025-02-23,Europe,Gold,966.35,0.1
CUST-001404,2024-06-30,North America,Bronze,166.86,0.28
CUST-001405,2026-04-04,North America,Bronze,94.88,0.28
CUST-001406,2024-01-01,North America,Silver,488.23,0.18
CUST-001407,2026-04-10,Europe,Bronze,212.81,0.28
CUST-001408,2025-07-20,North America,Bronze,88.34,0.28
CUST-001409,2025-01-05,North America,Silver,488.53,0.18
CUST-001410,2025-10-22,North America,Bronze,186.15,0.28
CUST-001411,2025-03-06,Europe,Bronze,138.86,0.28
CUST-001412,2024-11-04,Asia Pacific,Silver,435.4,0.18
CUST-001413,2024-05-16,North America,Bronze,85.38,0.28
CUST-001414,2024-07-20,North America,Bronze,178.68,0.28
CUST-001415,2025-03-11,North America,Platinum,3586.76,0.05
CUST-001416,2024-11-08,Latin America,Bronze,159.32,0.28
CUST-001417,2024-04-26,Europe,Silver,1027.74,0.18
CUST-001418,2025-10-27,Europe,Bronze,138.1,0.28
CUST-001419,2026-03-13,North America,Silver,511.99,0.18
CUST-001420,2025-07-28,Asia Pacific,Bronze,251.11,0.28
CUST-001421,2024-08-31,Europe,Bronze,147.13,0.28
CUST-001422,2025-06-20,North America,Bronze,112.62,0.28
CUST-001423,2025-08-24,North America,Silver,527.74,0.18
CUST-001424,2024-03-15,Europe,Silver,342.15,0.18
CUST-001425,2026-03-16,Asia Pacific,Bronze,242.35,0.28
CUST-001426,2025-01-20,Latin America,Platinum,4300.15,0.05
CUST-001427,2024-07-28,Europe,Bronze,106.29,0.28
CUST-001428,2025-04-19,Asia Pacific,Silver,273.25,0.18
CUST-001429,2025-02-21,North America,Bronze,159.68,0.28
CUST-001430,2024-12-12,Europe,Silver,498.42,0.18
CUST-001431,2025-06-12,Asia Pacific,Gold,729.37,0.1
CUST-001432,2025-10-01,North America,Silver,616.18,0.18
CUST-001433,2026-05-25,Latin America,Bronze,195.73,0.28
CUST-001434,2026-02-01,North America,Bronze,171.96,0.28
CUST-001435,2024-06-27,North America,Gold,1624.9,0.1
CUST-001436,2024-06-30,Europe,Bronze,100.96,0.28
CUST-001437,2025-10-25,Europe,Bronze,103.34,0.28
CUST-001438,2024-01-25,Asia Pacific,Bronze,135.2,0.28
CUST-001439,2024-06-28,North America,Bronze,116.38,0.28
CUST-001440,2025-12-10,Asia Pacific,Bronze,183.37,0.28
CUST-001441,2025-05-15,Europe,Gold,1656.2,0.1
CUST-001442,2026-05-05,Europe,Silver,339.63,0.18
CUST-001443,2024-06-09,Middle East & Africa,Silver,318.02,0.18
CUST-001444,2024-06-25,Asia Pacific,Bronze,211.15,0.28
CUST-001445,2024-10-11,North America,Silver,303.82,0.18
CUST-001446,2024-03-03,Asia Pacific,Silver,401.43,0.18
CUST-001447,2025-10-23,North America,Silver,300.45,0.18
CUST-001448,2025-10-27,North America,Bronze,118.38,0.28
CUST-001449,2024-06-04,Europe,Platinum,1915.94,0.05
CUST-001450,2025-04-13,Middle East & Africa,Silver,751.53,0.18
CUST-001451,2024-02-18,North America,Gold,1799.03,0.1
CUST-001452,2026-04-28,Asia Pacific,Bronze,108.62,0.28
CUST-001453,2024-03-24,North America,Bronze,180.52,0.28
CUST-001454,2024-12-26,Asia Pacific,Bronze,84.47,0.28
CUST-001455,2025-11-19,Europe,Gold,1538.83,0.1
CUST-001456,2024-05-27,Asia Pacific,Bronze,105.32,0.28
CUST-001457,2025-09-21,North America,Gold,1952.97,0.1
CUST-001458,2024-12-07,Asia Pacific,Gold,1472.12,0.1
CUST-001459,2025-04-20,Middle East & Africa,Silver,388.79,0.18
CUST-001460,2024-03-03,Asia Pacific,Silver,382.21,0.18
CUST-001461,2025-12-01,Europe,Silver,476.77,0.18
CUST-001462,2024-12-25,Latin America,Silver,310.96,0.18
CUST-001463,2025-07-14,North America,Bronze,235.24,0.28
CUST-001464,2024-11-22,Asia Pacific,Silver,508.59,0.18
CUST-001465,2026-02-07,Latin America,Gold,1764.85,0.1
CUST-001466,2026-01-05,North America,Bronze,56.31,0.28
CUST-001467,2024-05-20,Europe,Platinum,3522.58,0.05
CUST-001468,2024-08-02,North America,Bronze,165.65,0.28
CUST-001469,2025-03-10,Europe,Bronze,149.79,0.28
CUST-001470,2025-12-23,Europe,Bronze,151.36,0.28
CUST-001471,2024-11-13,North America,Bronze,131.92,0.28
CUST-001472,2024-02-01,Europe,Gold,2960.24,0.1
CUST-001473,2025-10-31,North America,Gold,1322.63,0.1
CUST-001474,2024-10-11,Europe,Gold,1260.25,0.1
CUST-001475,2024-10-31,North America,Platinum,5090.58,0.05
CUST-001476,2025-03-04,Latin America,Bronze,119.94,0.28
CUST-001477,2025-04-21,North America,Bronze,89.61,0.28
CUST-001478,2024-10-12,Latin America,Silver,646.85,0.18
CUST-001479,2024-05-23,Europe,Gold,1050.13,0.1
CUST-001480,2025-02-27,North America,Bronze,258.51,0.28
CUST-001481,2024-01-19,Asia Pacific,Platinum,5882.41,0.05
CUST-001482,2024-01-18,Europe,Silver,177.72,0.18
CUST-001483,2026-02-07,Europe,Platinum,3602.75,0.05
CUST-001484,2025-08-12,North America,Bronze,230.74,0.28
CUST-001485,2025-01-05,Europe,Silver,222.99,0.18
CUST-001486,2024-06-23,North America,Gold,1389.22,0.1
CUST-001487,2024-07-12,North America,Gold,1561.24,0.1
CUST-001488,2025-05-16,Europe,Bronze,146.75,0.28
CUST-001489,2024-04-22,North America,Gold,1177.39,0.1
CUST-001490,2024-04-23,North America,Gold,1937.98,0.1
CUST-001491,2024-08-09,North America,Bronze,82.5,0.28
CUST-001492,2025-11-08,North America,Bronze,209.16,0.28
CUST-001493,2026-04-10,North America,Silver,540.75,0.18
CUST-001494,2025-10-05,Middle East & Africa,Silver,757.43,0.18
CUST-001495,2024-09-20,North America,Silver,307.97,0.18
CUST-001496,2024-02-24,Europe,Bronze,270.78,0.28
CUST-001497,2026-05-20,North America,Silver,258.24,0.18
CUST-001498,2025-10-04,Latin America,Silver,394.29,0.18
CUST-001499,2026-03-10,North America,Bronze,94.19,0.28
CUST-001500,2026-02-16,Middle East & Africa,Silver,601.33,0.18
CUST-001501,2025-04-02,Europe,Bronze,110.59,0.28
CUST-001502,2026-05-27,North America,Bronze,236.16,0.28
CUST-001503,2024-06-10,Latin America,Silver,229.06,0.18
CUST-001504,2025-01-14,Europe,Platinum,2928.99,0.05
CUST-001505,2024-03-27,North America,Bronze,306.44,0.28
CUST-001506,2024-02-24,Asia Pacific,Bronze,110.65,0.28
CUST-001507,2025-04-20,Latin America,Bronze,229.15,0.28
CUST-001508,2026-03-10,Europe,Bronze,198.18,0.28
CUST-001509,2024-06-26,North America,Bronze,88.91,0.28
CUST-001510,2025-01-25,Asia Pacific,Silver,489.7,0.18
CUST-001511,2024-12-14,Asia Pacific,Bronze,276.47,0.28
CUST-001512,2024-01-08,Latin America,Platinum,2970.6,0.05
CUST-001513,2026-04-12,Asia Pacific,Bronze,113.82,0.28
CUST-001514,2024-11-08,North America,Gold,1368.49,0.1
CUST-001515,2026-01-28,Latin America,Gold,1101.21,0.1
CUST-001516,2026-04-14,North America,Silver,247.36,0.18
CUST-001517,2025-03-18,North America,Bronze,137.26,0.28
CUST-001518,2026-02-05,Europe,Silver,370.6,0.18
CUST-001519,2024-11-23,Europe,Silver,426.51,0.18
CUST-001520,2024-02-23,North America,Gold,458.86,0.1
CUST-001521,2026-01-30,Asia Pacific,Silver,520.6,0.18
CUST-001522,2024-08-26,Europe,Bronze,78.03,0.28
CUST-001523,2024-08-16,Europe,Gold,1617.69,0.1
CUST-001524,2025-08-01,Asia Pacific,Platinum,5374.18,0.05
CUST-001525,2024-02-20,Europe,Silver,203.37,0.18
CUST-001526,2025-08-31,North America,Gold,2014.41,0.1
CUST-001527,2025-08-26,North America,Silver,429.45,0.18
CUST-001528,2024-09-20,Middle East & Africa,Silver,692.31,0.18
CUST-001529,2025-02-21,North America,Silver,653.08,0.18
CUST-001530,2026-03-13,Europe,Silver,252.43,0.18
CUST-001531,2024-04-05,Europe,Bronze,106.63,0.28
CUST-001532,2024-03-28,Europe,Silver,858.28,0.18
CUST-001533,2024-03-18,North America,Silver,273.97,0.18
CUST-001534,2024-10-14,Europe,Bronze,173.3,0.28
CUST-001535,2024-04-29,Europe,Bronze,110.86,0.28
CUST-001536,2026-03-24,Middle East & Africa,Gold,835.88,0.1
CUST-001537,2025-05-05,North America,Silver,446.65,0.18
CUST-001538,2025-03-27,Europe,Bronze,360.39,0.28
CUST-001539,2025-05-14,Europe,Gold,1631.59,0.1
CUST-001540,2024-06-13,Europe,Gold,787.29,0.1
CUST-001541,2024-06-30,Asia Pacific,Silver,486.59,0.18
CUST-001542,2025-04-13,North America,Bronze,71.3,0.28
CUST-001543,2026-01-04,North America,Platinum,1420.31,0.05
CUST-001544,2026-04-02,Asia Pacific,Gold,1283.99,0.1
CUST-001545,2024-01-07,Europe,Bronze,199.66,0.28
CUST-001546,2024-11-25,Europe,Bronze,280.07,0.28
CUST-001547,2026-02-13,North America,Bronze,174.13,0.28
CUST-001548,2025-11-03,North America,Silver,451.15,0.18
CUST-001549,2024-05-30,North America,Bronze,130.98,0.28
CUST-001550,2024-03-25,North America,Silver,555.78,0.18
CUST-001551,2024-05-26,Europe,Bronze,92.23,0.28
CUST-001552,2025-09-15,Latin America,Gold,914.86,0.1
CUST-001553,2025-01-15,North America,Bronze,93.5,0.28
CUST-001554,2025-07-01,North America,Silver,364.88,0.18
CUST-001555,2024-10-11,North America,Platinum,2619.17,0.05
CUST-001556,2025-11-30,Europe,Bronze,109.25,0.28
CUST-001557,2024-03-22,North America,Bronze,116.13,0.28
CUST-001558,2025-05-28,Latin America,Gold,1305.58,0.1
CUST-001559,2026-03-25,Asia Pacific,Bronze,249.19,0.28
CUST-001560,2025-12-09,Middle East & Africa,Gold,1346.66,0.1
CUST-001561,2025-06-06,Latin America,Bronze,119.26,0.28
CUST-001562,2026-01-15,Europe,Bronze,178.72,0.28
CUST-001563,2025-01-20,Europe,Gold,1254.1,0.1
CUST-001564,2025-12-07,North America,Silver,481.52,0.18
CUST-001565,2025-04-15,Europe,Silver,445.85,0.18
CUST-001566,2024-04-28,Latin America,Bronze,299.15,0.28
CUST-001567,2025-01-30,North America,Bronze,156.05,0.28
CUST-001568,2025-06-15,Latin America,Gold,958.66,0.1
CUST-001569,2024-09-17,North America,Bronze,109.92,0.28
CUST-001570,2026-03-15,Latin America,Silver,645.36,0.18
CUST-001571,2024-09-12,Latin America,Bronze,93.32,0.28
CUST-001572,2026-01-03,Asia Pacific,Bronze,258.12,0.28
CUST-001573,2024-08-13,Asia Pacific,Gold,557.47,0.1
CUST-001574,2024-02-22,Europe,Gold,1959.78,0.1
CUST-001575,2026-05-16,Asia Pacific,Silver,619.02,0.18
CUST-001576,2025-05-14,Middle East & Africa,Silver,377.44,0.18
CUST-001577,2025-05-20,Asia Pacific,Silver,333.34,0.18
CUST-001578,2026-05-03,Europe,Silver,736.65,0.18
CUST-001579,2024-12-29,Europe,Silver,924.3,0.18
CUST-001580,2024-10-06,Asia Pacific,Bronze,117.35,0.28
CUST-001581,2025-08-15,Europe,Bronze,189.2,0.28
CUST-001582,2025-12-14,Asia Pacific,Platinum,5178.74,0.05
CUST-001583,2024-06-06,Europe,Bronze,190.91,0.28
CUST-001584,2025-09-23,North America,Bronze,153.29,0.28
CUST-001585,2024-02-28,Europe,Silver,385.03,0.18
CUST-001586,2025-12-27,Europe,Silver,502.93,0.18
CUST-001587,2024-05-07,North America,Silver,195.38,0.18
CUST-001588,2026-01-05,North America,Bronze,256.45,0.28
CUST-001589,2025-12-21,Europe,Platinum,1768.37,0.05
CUST-001590,2024-04-24,North America,Silver,321.77,0.18
CUST-001591,2024-07-27,North America,Gold,1048.53,0.1
CUST-001592,2025-06-09,Asia Pacific,Bronze,100.6,0.28
CUST-001593,2025-06-04,Middle East & Africa,Bronze,95.52,0.28
CUST-001594,2025-07-05,Asia Pacific,Bronze,263.6,0.28
CUST-001595,2024-08-24,Middle East & Africa,Bronze,307.72,0.28
CUST-001596,2024-10-07,Asia Pacific,Bronze,278.67,0.28
CUST-001597,2024-12-24,North America,Bronze,209.52,0.28
CUST-001598,2024-07-19,Asia Pacific,Silver,1206.01,0.18
CUST-001599,2026-01-27,Asia Pacific,Silver,404.53,0.18
CUST-001600,2024-10-04,Europe,Gold,1038.12,0.1
CUST-001601,2024-08-22,North America,Bronze,150.68,0.28
CUST-001602,2025-05-08,Asia Pacific,Bronze,265.67,0.28
CUST-001603,2024-01-04,North America,Bronze,189.62,0.28
CUST-001604,2025-10-27,Europe,Bronze,299.35,0.28
CUST-001605,2025-03-17,North America,Bronze,153.97,0.28
CUST-001606,2024-01-29,Europe,Silver,247.11,0.18
CUST-001607,2024-04-18,Europe,Gold,916.7,0.1
CUST-001608,2025-09-01,North America,Gold,1807.99,0.1
CUST-001609,2025-12-27,Europe,Silver,369.22,0.18
CUST-001610,2026-03-15,Europe,Gold,1246.66,0.1
CUST-001611,2024-03-15,Asia Pacific,Silver,496.68,0.18
CUST-001612,2026-04-17,Latin America,Gold,2473.4,0.1
CUST-001613,2024-05-25,Europe,Silver,639.72,0.18
CUST-001614,2024-05-07,Asia Pacific,Silver,591.44,0.18
CUST-001615,2026-05-02,North America,Silver,479.35,0.18
CUST-001616,2024-02-11,North America,Bronze,107.58,0.28
CUST-001617,2024-12-21,North America,Silver,495.86,0.18
CUST-001618,2024-02-10,Europe,Platinum,8356.64,0.05
CUST-001619,2024-02-03,North America,Silver,552.55,0.18
CUST-001620,2024-01-17,North America,Bronze,120.31,0.28
CUST-001621,2025-11-07,Asia Pacific,Bronze,126.87,0.28
CUST-001622,2024-06-01,Asia Pacific,Gold,2116.52,0.1
CUST-001623,2025-01-12,Europe,Platinum,2828.55,0.05
CUST-001624,2025-08-10,North America,Bronze,138.42,0.28
CUST-001625,2025-08-21,Europe,Gold,759.98,0.1
CUST-001626,2025-09-20,Europe,Gold,1073.74,0.1
CUST-001627,2026-05-23,Asia Pacific,Bronze,181.24,0.28
CUST-001628,2024-12-07,North America,Gold,1065.79,0.1
CUST-001629,2024-01-27,Asia Pacific,Bronze,151.49,0.28
CUST-001630,2026-04-04,Latin America,Silver,283.74,0.18
CUST-001631,2024-10-13,North America,Silver,360.12,0.18
CUST-001632,2025-10-07,Middle East & Africa,Silver,1055.87,0.18
CUST-001633,2025-12-31,Europe,Silver,426.52,0.18
CUST-001634,2024-06-16,North America,Bronze,173.44,0.28
CUST-001635,2025-09-01,Europe,Gold,870.65,0.1
CUST-001636,2024-09-24,North America,Gold,1225.09,0.1
CUST-001637,2026-01-18,North America,Gold,1076.88,0.1
CUST-001638,2026-03-31,Europe,Silver,698.8,0.18
CUST-001639,2025-03-30,Asia Pacific,Bronze,228.55,0.28
CUST-001640,2025-11-15,Latin America,Silver,715.24,0.18
CUST-001641,2025-02-04,Asia Pacific,Gold,1239.17,0.1
CUST-001642,2025-04-20,North America,Bronze,339.19,0.28
CUST-001643,2025-12-02,Asia Pacific,Platinum,4827.25,0.05
CUST-001644,2025-09-25,Europe,Gold,677.4,0.1
CUST-001645,2025-07-11,Asia Pacific,Silver,834.0,0.18
CUST-001646,2025-07-29,Asia Pacific,Silver,448.97,0.18
CUST-001647,2024-05-09,Latin America,Silver,709.55,0.18
CUST-001648,2026-04-01,Europe,Silver,295.34,0.18
CUST-001649,2024-12-28,Asia Pacific,Bronze,145.79,0.28
CUST-001650,2025-12-05,North America,Gold,1619.8,0.1
CUST-001651,2026-03-29,Middle East & Africa,Silver,496.13,0.18
CUST-001652,2025-11-23,North America,Gold,1130.38,0.1
CUST-001653,2024-10-18,North America,Gold,448.87,0.1
CUST-001654,2025-01-05,North America,Bronze,111.57,0.28
CUST-001655,2026-03-04,Asia Pacific,Bronze,101.47,0.28
CUST-001656,2024-01-29,Europe,Gold,569.93,0.1
CUST-001657,2024-05-28,Europe,Bronze,112.94,0.28
CUST-001658,2026-02-17,Middle East & Africa,Silver,946.46,0.18
CUST-001659,2024-10-22,Latin America,Bronze,238.34,0.28
CUST-001660,2024-01-11,North America,Bronze,107.4,0.28
CUST-001661,2025-05-26,North America,Bronze,118.55,0.28
CUST-001662,2025-11-06,Asia Pacific,Gold,949.15,0.1
CUST-001663,2024-04-22,Latin America,Silver,608.91,0.18
CUST-001664,2024-07-05,Europe,Silver,529.14,0.18
CUST-001665,2026-03-17,Europe,Platinum,2632.45,0.05
CUST-001666,2026-01-13,North America,Bronze,118.15,0.28
CUST-001667,2024-08-14,Asia Pacific,Bronze,231.17,0.28
CUST-001668,2024-11-05,Europe,Gold,2207.97,0.1
CUST-001669,2024-04-07,Europe,Gold,838.35,0.1
CUST-001670,2024-02-24,North America,Bronze,143.14,0.28
CUST-001671,2025-09-14,Latin America,Platinum,3684.48,0.05
CUST-001672,2025-10-25,Europe,Platinum,3245.14,0.05
CUST-001673,2026-01-27,North America,Bronze,235.74,0.28
CUST-001674,2025-02-09,Europe,Bronze,141.14,0.28
CUST-001675,2024-03-09,Asia Pacific,Gold,2574.29,0.1
CUST-001676,2024-11-07,Europe,Bronze,242.51,0.28
CUST-001677,2024-10-15,Asia Pacific,Bronze,113.99,0.28
CUST-001678,2026-01-31,Europe,Gold,1232.51,0.1
CUST-001679,2025-07-01,Latin America,Silver,304.48,0.18
CUST-001680,2026-01-20,North America,Silver,384.77,0.18
CUST-001681,2024-05-27,North America,Bronze,212.49,0.28
CUST-001682,2025-04-11,North America,Silver,496.48,0.18
CUST-001683,2026-01-08,Asia Pacific,Silver,1047.6,0.18
CUST-001684,2024-08-31,Europe,Bronze,92.01,0.28
CUST-001685,2025-05-05,Latin America,Bronze,148.04,0.28
CUST-001686,2026-04-28,Asia Pacific,Silver,367.58,0.18
CUST-001687,2025-05-21,Europe,Gold,1057.47,0.1
CUST-001688,2024-12-30,Middle East & Africa,Gold,1220.28,0.1
CUST-001689,2025-04-26,North America,Bronze,114.42,0.28
CUST-001690,2024-07-19,Asia Pacific,Silver,660.11,0.18
CUST-001691,2024-06-02,Europe,Gold,2417.87,0.1
CUST-001692,2025-03-25,Europe,Gold,471.48,0.1
CUST-001693,2025-05-15,Asia Pacific,Silver,785.57,0.18
CUST-001694,2024-03-13,Europe,Bronze,410.49,0.28
CUST-001695,2025-12-13,North America,Gold,1294.61,0.1
CUST-001696,2024-10-22,Europe,Bronze,117.49,0.28
CUST-001697,2024-01-17,Europe,Bronze,119.31,0.28
CUST-001698,2025-10-02,Asia Pacific,Silver,397.87,0.18
CUST-001699,2024-08-04,Europe,Platinum,4157.55,0.05
CUST-001700,2024-03-01,Latin America,Bronze,126.43,0.28
CUST-001701,2025-09-07,Europe,Silver,435.85,0.18
CUST-001702,2024-02-11,Europe,Bronze,102.34,0.28
CUST-001703,2024-01-25,Asia Pacific,Gold,999.6,0.1
CUST-001704,2024-02-08,Europe,Silver,381.6,0.18
CUST-001705,2026-03-13,Middle East & Africa,Bronze,147.87,0.28
CUST-001706,2024-05-10,Asia Pacific,Bronze,83.81,0.28
CUST-001707,2025-05-12,Europe,Bronze,131.46,0.28
CUST-001708,2024-08-16,North America,Bronze,137.67,0.28
CUST-001709,2024-04-17,Europe,Bronze,161.51,0.28
CUST-001710,2024-06-20,North America,Silver,787.34,0.18
CUST-001711,2025-03-10,Asia Pacific,Bronze,144.04,0.28
CUST-001712,2025-04-22,North America,Silver,276.54,0.18
CUST-001713,2024-04-11,North America,Bronze,158.14,0.28
CUST-001714,2026-05-15,North America,Silver,338.91,0.18
CUST-001715,2025-06-07,North America,Bronze,111.81,0.28
CUST-001716,2024-10-01,North America,Bronze,133.26,0.28
CUST-001717,2025-09-04,Latin America,Silver,365.57,0.18
CUST-001718,2024-02-13,Asia Pacific,Bronze,97.97,0.28
CUST-001719,2026-03-27,Asia Pacific,Gold,988.31,0.1
CUST-001720,2024-01-17,Asia Pacific,Silver,539.98,0.18
CUST-001721,2024-11-25,North America,Silver,457.36,0.18
CUST-001722,2025-07-22,Latin America,Bronze,100.84,0.28
CUST-001723,2026-04-02,North America,Bronze,106.32,0.28
CUST-001724,2025-05-11,North America,Silver,472.74,0.18
CUST-001725,2026-03-25,Europe,Silver,303.2,0.18
CUST-001726,2024-01-12,North America,Bronze,104.79,0.28
CUST-001727,2024-11-13,Asia Pacific,Bronze,119.37,0.28
CUST-001728,2025-08-14,Europe,Bronze,101.69,0.28
CUST-001729,2024-08-03,Asia Pacific,Silver,468.5,0.18
CUST-001730,2024-12-04,Europe,Bronze,132.63,0.28
CUST-001731,2026-02-14,North America,Silver,789.14,0.18
CUST-001732,2025-10-22,Asia Pacific,Bronze,94.25,0.28
CUST-001733,2024-03-21,North America,Silver,713.05,0.18
CUST-001734,2025-12-27,Europe,Bronze,164.94,0.28
CUST-001735,2025-04-29,North America,Silver,817.02,0.18
CUST-001736,2025-01-08,Europe,Bronze,257.95,0.28
CUST-001737,2025-12-10,Asia Pacific,Bronze,126.44,0.28
CUST-001738,2024-07-18,Europe,Bronze,85.38,0.28
CUST-001739,2025-06-20,Middle East & Africa,Bronze,141.4,0.28
CUST-001740,2025-04-10,Latin America,Bronze,68.03,0.28
CUST-001741,2024-03-29,Asia Pacific,Gold,1562.34,0.1
CUST-001742,2024-09-24,Asia Pacific,Gold,1275.0,0.1
CUST-001743,2025-10-16,North America,Bronze,118.04,0.28
CUST-001744,2025-07-24,Asia Pacific,Gold,1002.5,0.1
CUST-001745,2025-05-03,North America,Silver,298.99,0.18
CUST-001746,2026-05-26,North America,Bronze,148.09,0.28
CUST-001747,2025-06-21,Middle East & Africa,Platinum,2353.69,0.05
CUST-001748,2024-02-16,Europe,Gold,1182.32,0.1
CUST-001749,2024-10-14,Europe,Platinum,4030.95,0.05
CUST-001750,2026-02-16,North America,Bronze,194.54,0.28
CUST-001751,2024-01-16,Europe,Bronze,179.26,0.28
CUST-001752,2025-12-11,North America,Silver,399.4,0.18
CUST-001753,2025-02-04,North America,Silver,537.48,0.18
CUST-001754,2026-03-04,North America,Bronze,158.33,0.28
CUST-001755,2024-03-26,Europe,Gold,1262.44,0.1
CUST-001756,2024-09-06,Europe,Silver,298.47,0.18
CUST-001757,2025-01-25,North America,Bronze,91.04,0.28
CUST-001758,2026-02-20,Asia Pacific,Silver,498.91,0.18
CUST-001759,2024-11-30,North America,Silver,546.64,0.18
CUST-001760,2025-09-20,Asia Pacific,Bronze,117.0,0.28
CUST-001761,2025-06-02,Middle East & Africa,Platinum,5598.27,0.05
CUST-001762,2024-05-16,Asia Pacific,Bronze,363.58,0.28
CUST-001763,2025-11-18,Latin America,Bronze,302.49,0.28
CUST-001764,2026-04-19,Latin America,Gold,1078.6,0.1
CUST-001765,2025-05-12,Europe,Platinum,2943.39,0.05
CUST-001766,2026-04-06,Asia Pacific,Gold,1643.87,0.1
CUST-001767,2025-12-27,Latin America,Gold,1574.39,0.1
CUST-001768,2025-04-21,Europe,Silver,288.29,0.18
CUST-001769,2025-08-16,North America,Gold,1089.19,0.1
CUST-001770,2024-08-10,Latin America,Bronze,195.44,0.28
CUST-001771,2025-01-06,Asia Pacific,Gold,838.46,0.1
CUST-001772,2025-02-05,North America,Silver,334.08,0.18
CUST-001773,2025-03-18,Europe,Bronze,118.29,0.28
CUST-001774,2025-05-04,Asia Pacific,Silver,383.58,0.18
CUST-001775,2025-09-06,Europe,Silver,240.22,0.18
CUST-001776,2024-09-29,Europe,Silver,593.72,0.18
CUST-001777,2025-06-09,Asia Pacific,Bronze,111.83,0.28
CUST-001778,2024-06-07,Europe,Gold,1301.18,0.1
CUST-001779,2024-05-31,Europe,Bronze,155.82,0.28
CUST-001780,2025-09-11,Asia Pacific,Bronze,100.08,0.28
CUST-001781,2024-07-06,Asia Pacific,Gold,592.06,0.1
CUST-001782,2026-03-23,Europe,Silver,466.33,0.18
CUST-001783,2024-04-07,Europe,Bronze,126.01,0.28
CUST-001784,2024-05-10,Europe,Bronze,179.98,0.28
CUST-001785,2026-03-15,Middle East & Africa,Silver,622.74,0.18
CUST-001786,2024-06-19,North America,Platinum,1548.47,0.05
CUST-001787,2024-07-01,North America,Gold,1094.06,0.1
CUST-001788,2024-12-29,Europe,Silver,682.63,0.18
CUST-001789,2024-02-08,Asia Pacific,Bronze,266.55,0.28
CUST-001790,2025-06-10,North America,Bronze,72.07,0.28
CUST-001791,2025-05-11,North America,Bronze,237.8,0.28
CUST-001792,2025-05-30,North America,Bronze,100.17,0.28
CUST-001793,2024-12-14,Asia Pacific,Bronze,198.94,0.28
CUST-001794,2025-01-31,North America,Bronze,120.43,0.28
CUST-001795,2025-12-22,Europe,Silver,606.63,0.18
CUST-001796,2024-06-09,Europe,Bronze,129.79,0.28
CUST-001797,2024-01-16,Latin America,Silver,253.12,0.18
CUST-001798,2025-05-07,Europe,Platinum,2773.72,0.05
CUST-001799,2025-03-01,North America,Silver,558.54,0.18
CUST-001800,2024-04-17,Europe,Gold,1013.45,0.1
CUST-001801,2025-03-25,Middle East & Africa,Gold,781.17,0.1
CUST-001802,2024-11-06,Europe,Bronze,90.2,0.28
CUST-001803,2026-01-08,Middle East & Africa,Bronze,108.52,0.28
CUST-001804,2024-06-18,Asia Pacific,Bronze,108.14,0.28
CUST-001805,2025-06-29,North America,Bronze,188.73,0.28
CUST-001806,2025-02-17,Asia Pacific,Silver,384.19,0.18
CUST-001807,2024-09-07,North America,Gold,1064.86,0.1
CUST-001808,2026-01-28,Europe,Platinum,3257.08,0.05
CUST-001809,2026-02-19,North America,Bronze,186.17,0.28
CUST-001810,2024-05-20,North America,Platinum,4516.02,0.05
CUST-001811,2024-09-30,Latin America,Bronze,121.5,0.28
CUST-001812,2025-02-19,North America,Gold,1079.76,0.1
CUST-001813,2025-08-30,Latin America,Bronze,193.96,0.28
CUST-001814,2026-01-08,North America,Bronze,113.56,0.28
CUST-001815,2024-02-08,North America,Bronze,120.5,0.28
CUST-001816,2026-03-24,Latin America,Gold,1550.35,0.1
CUST-001817,2024-01-29,Europe,Bronze,119.23,0.28
CUST-001818,2025-04-21,Asia Pacific,Bronze,165.61,0.28
CUST-001819,2024-11-13,North America,Gold,637.93,0.1
CUST-001820,2024-09-01,Europe,Platinum,4420.55,0.05
CUST-001821,2026-01-17,Asia Pacific,Bronze,138.42,0.28
CUST-001822,2025-11-27,Europe,Silver,529.52,0.18
CUST-001823,2024-09-28,Europe,Bronze,234.72,0.28
CUST-001824,2025-03-15,Middle East & Africa,Bronze,131.26,0.28
CUST-001825,2026-01-17,Asia Pacific,Silver,243.67,0.18
CUST-001826,2024-08-26,Latin America,Bronze,129.79,0.28
CUST-001827,2025-01-11,Asia Pacific,Silver,731.48,0.18
CUST-001828,2024-09-22,Asia Pacific,Silver,481.63,0.18
CUST-001829,2024-12-24,North America,Silver,293.97,0.18
CUST-001830,2024-12-05,Europe,Silver,416.44,0.18
CUST-001831,2025-01-23,Latin America,Silver,546.96,0.18
CUST-001832,2025-07-30,North America,Bronze,142.66,0.28
CUST-001833,2025-11-19,North America,Bronze,141.11,0.28
CUST-001834,2024-01-03,North America,Silver,338.25,0.18
CUST-001835,2025-03-04,North America,Gold,931.42,0.1
CUST-001836,2024-05-21,Latin America,Silver,491.88,0.18
CUST-001837,2025-01-10,Latin America,Silver,547.98,0.18
CUST-001838,2025-10-31,Europe,Bronze,139.95,0.28
CUST-001839,2024-11-19,North America,Silver,369.32,0.18
CUST-001840,2024-05-25,Asia Pacific,Bronze,202.99,0.28
CUST-001841,2024-10-19,Europe,Gold,1012.93,0.1
CUST-001842,2025-10-26,Middle East & Africa,Silver,505.21,0.18
CUST-001843,2025-03-07,Europe,Bronze,185.65,0.28
CUST-001844,2025-12-05,North America,Silver,271.4,0.18
CUST-001845,2025-08-07,Europe,Gold,1268.98,0.1
CUST-001846,2025-02-02,Middle East & Africa,Bronze,50.99,0.28
CUST-001847,2026-03-27,Asia Pacific,Silver,431.95,0.18
CUST-001848,2024-12-09,Asia Pacific,Silver,567.39,0.18
CUST-001849,2024-05-19,North America,Gold,1373.13,0.1
CUST-001850,2024-07-05,Asia Pacific,Bronze,206.57,0.28
CUST-001851,2026-03-15,Asia Pacific,Silver,517.72,0.18
CUST-001852,2024-03-01,North America,Gold,965.98,0.1
CUST-001853,2025-01-14,Europe,Platinum,1890.95,0.05
CUST-001854,2025-12-10,North America,Silver,470.84,0.18
CUST-001855,2026-03-17,North America,Platinum,4238.82,0.05
CUST-001856,2025-03-15,North America,Silver,222.79,0.18
CUST-001857,2024-11-14,North America,Bronze,176.3,0.28
CUST-001858,2024-10-28,Europe,Silver,466.07,0.18
CUST-001859,2024-12-09,North America,Bronze,129.64,0.28
CUST-001860,2024-01-11,North America,Bronze,178.85,0.28
CUST-001861,2024-03-02,Latin America,Silver,403.06,0.18
CUST-001862,2026-04-24,Europe,Gold,1047.63,0.1
CUST-001863,2024-08-13,Europe,Gold,721.66,0.1
CUST-001864,2024-06-01,Europe,Silver,529.08,0.18
CUST-001865,2025-12-11,Asia Pacific,Bronze,88.96,0.28
CUST-001866,2025-07-17,North America,Bronze,114.09,0.28
CUST-001867,2026-02-10,Asia Pacific,Bronze,180.0,0.28
CUST-001868,2025-07-24,North America,Silver,420.84,0.18
CUST-001869,2025-08-06,Asia Pacific,Bronze,297.16,0.28
CUST-001870,2025-10-21,North America,Bronze,190.14,0.28
CUST-001871,2026-05-10,Asia Pacific,Bronze,202.59,0.28
CUST-001872,2025-07-28,Europe,Gold,1688.6,0.1
CUST-001873,2024-11-05,Europe,Gold,1089.59,0.1
CUST-001874,2024-08-30,North America,Silver,363.77,0.18
CUST-001875,2025-05-07,Europe,Bronze,92.3,0.28
CUST-001876,2024-12-31,Middle East & Africa,Bronze,83.86,0.28
CUST-001877,2024-11-25,Asia Pacific,Bronze,237.36,0.28
CUST-001878,2024-04-16,North America,Bronze,116.95,0.28
CUST-001879,2024-08-13,Europe,Bronze,214.48,0.28
CUST-001880,2026-04-04,Latin America,Bronze,83.25,0.28
CUST-001881,2024-08-05,Europe,Bronze,139.43,0.28
CUST-001882,2026-01-22,Asia Pacific,Bronze,249.07,0.28
CUST-001883,2025-05-20,Latin America,Bronze,166.85,0.28
CUST-001884,2024-09-15,Latin America,Silver,505.85,0.18
CUST-001885,2026-02-12,Europe,Platinum,2768.33,0.05
CUST-001886,2025-05-31,Europe,Gold,836.31,0.1
CUST-001887,2026-02-11,North America,Bronze,147.33,0.28
CUST-001888,2024-02-23,Asia Pacific,Bronze,95.62,0.28
CUST-001889,2024-02-16,North America,Gold,1149.51,0.1
CUST-001890,2025-12-27,North America,Bronze,222.1,0.28
CUST-001891,2025-11-19,Europe,Gold,722.89,0.1
CUST-001892,2025-06-04,North America,Silver,581.8,0.18
CUST-001893,2024-04-08,Asia Pacific,Platinum,5212.85,0.05
CUST-001894,2024-01-20,Europe,Gold,1081.37,0.1
CUST-001895,2026-01-22,Europe,Silver,456.05,0.18
CUST-001896,2025-07-26,Europe,Silver,371.46,0.18
CUST-001897,2025-05-04,Latin America,Bronze,132.5,0.28
CUST-001898,2025-02-22,North America,Bronze,208.07,0.28
CUST-001899,2025-11-20,Asia Pacific,Bronze,200.46,0.28
CUST-001900,2026-04-29,Latin America,Bronze,175.56,0.28
CUST-001901,2024-03-02,Europe,Bronze,191.29,0.28
CUST-001902,2024-05-24,Europe,Bronze,162.49,0.28
CUST-001903,2024-08-03,Latin America,Gold,734.6,0.1
CUST-001904,2024-01-03,North America,Bronze,229.58,0.28
CUST-001905,2024-06-08,Europe,Bronze,104.92,0.28
CUST-001906,2026-01-08,Europe,Bronze,144.11,0.28
CUST-001907,2026-02-19,North America,Silver,633.05,0.18
CUST-001908,2024-04-29,Asia Pacific,Bronze,85.64,0.28
CUST-001909,2024-03-29,Latin America,Platinum,4493.26,0.05
CUST-001910,2024-11-24,Asia Pacific,Silver,279.33,0.18
CUST-001911,2025-08-02,North America,Silver,570.86,0.18
CUST-001912,2024-12-22,North America,Bronze,242.67,0.28
CUST-001913,2025-09-01,Europe,Silver,335.04,0.18
CUST-001914,2024-09-23,North America,Gold,848.13,0.1
CUST-001915,2025-09-08,Asia Pacific,Bronze,154.63,0.28
CUST-001916,2024-11-18,Europe,Bronze,104.69,0.28
CUST-001917,2025-09-26,Asia Pacific,Bronze,62.79,0.28
CUST-001918,2025-06-24,Europe,Platinum,3464.75,0.05
CUST-001919,2025-10-10,Europe,Bronze,171.52,0.28
CUST-001920,2024-07-13,North America,Gold,1052.25,0.1
CUST-001921,2026-01-07,North America,Bronze,156.94,0.28
CUST-001922,2024-11-27,Europe,Silver,684.58,0.18
CUST-001923,2024-06-18,Asia Pacific,Silver,389.98,0.18
CUST-001924,2025-06-04,Asia Pacific,Bronze,137.0,0.28
CUST-001925,2025-04-07,Asia Pacific,Bronze,148.82,0.28
CUST-001926,2024-02-09,Middle East & Africa,Bronze,132.3,0.28
CUST-001927,2025-06-20,North America,Bronze,132.31,0.28
CUST-001928,2024-09-17,North America,Gold,2376.82,0.1
CUST-001929,2025-01-29,North America,Bronze,157.74,0.28
CUST-001930,2024-08-13,Asia Pacific,Silver,399.62,0.18
CUST-001931,2024-05-03,Europe,Bronze,260.96,0.28
CUST-001932,2024-02-07,Asia Pacific,Bronze,231.55,0.28
CUST-001933,2024-11-23,Europe,Silver,577.64,0.18
CUST-001934,2024-09-07,Latin America,Silver,352.61,0.18
CUST-001935,2024-06-24,Latin America,Bronze,447.46,0.28
CUST-001936,2025-08-24,North America,Silver,240.55,0.18
CUST-001937,2025-03-29,Europe,Bronze,73.56,0.28
CUST-001938,2024-02-06,Europe,Gold,1398.62,0.1
CUST-001939,2024-11-11,North America,Bronze,130.04,0.28
CUST-001940,2025-11-18,Europe,Bronze,55.69,0.28
CUST-001941,2026-03-06,Asia Pacific,Gold,1134.29,0.1
CUST-001942,2025-08-15,North America,Bronze,154.81,0.28
CUST-001943,2024-04-23,Europe,Bronze,140.24,0.28
CUST-001944,2024-02-09,Asia Pacific,Bronze,169.27,0.28
CUST-001945,2024-10-27,North America,Gold,994.43,0.1
CUST-001946,2024-08-11,Europe,Platinum,3311.2,0.05
CUST-001947,2024-11-13,North America,Silver,759.38,0.18
CUST-001948,2024-12-14,Asia Pacific,Silver,660.36,0.18
CUST-001949,2024-04-24,North America,Silver,413.97,0.18
CUST-001950,2025-11-28,Latin America,Bronze,186.78,0.28
CUST-001951,2024-11-18,Europe,Bronze,212.74,0.28
CUST-001952,2025-07-21,North America,Platinum,2405.46,0.05
CUST-001953,2024-02-09,Europe,Bronze,171.19,0.28
CUST-001954,2026-05-15,Europe,Bronze,159.68,0.28
CUST-001955,2024-02-09,Europe,Gold,1561.07,0.1
CUST-001956,2026-05-08,Europe,Silver,308.48,0.18
CUST-001957,2026-01-18,Europe,Bronze,147.96,0.28
CUST-001958,2024-10-15,North America,Bronze,110.93,0.28
CUST-001959,2024-09-18,North America,Silver,513.92,0.18
CUST-001960,2024-08-03,Asia Pacific,Silver,323.49,0.18
CUST-001961,2024-05-26,Europe,Bronze,120.6,0.28
CUST-001962,2024-12-01,Europe,Bronze,157.54,0.28
CUST-001963,2024-06-16,Asia Pacific,Platinum,2402.87,0.05
CUST-001964,2024-04-01,Europe,Bronze,78.6,0.28
CUST-001965,2024-12-18,Asia Pacific,Silver,681.92,0.18
CUST-001966,2025-07-24,North America,Bronze,115.96,0.28
CUST-001967,2025-07-24,North America,Bronze,85.69,0.28
CUST-001968,2026-03-26,Latin America,Bronze,96.27,0.28
CUST-001969,2025-11-11,Europe,Gold,1153.06,0.1
CUST-001970,2026-02-19,Asia Pacific,Gold,2255.01,0.1
CUST-001971,2024-12-28,North America,Bronze,141.85,0.28
CUST-001972,2025-07-10,Europe,Gold,1515.08,0.1
CUST-001973,2024-12-10,Latin America,Bronze,128.63,0.28
CUST-001974,2025-11-23,North America,Silver,484.73,0.18
CUST-001975,2024-06-18,Asia Pacific,Bronze,138.1,0.28
CUST-001976,2024-12-21,Europe,Gold,1507.36,0.1
CUST-001977,2024-07-09,Europe,Bronze,95.35,0.28
CUST-001978,2025-10-28,Europe,Silver,463.74,0.18
CUST-001979,2025-02-25,Latin America,Gold,1276.09,0.1
CUST-001980,2025-11-30,North America,Bronze,175.74,0.28
CUST-001981,2024-01-07,North America,Bronze,87.56,0.28
CUST-001982,2024-05-12,Latin America,Bronze,124.0,0.28
CUST-001983,2026-01-16,Asia Pacific,Silver,572.29,0.18
CUST-001984,2025-07-10,North America,Bronze,164.18,0.28
CUST-001985,2026-04-05,Europe,Silver,900.35,0.18
CUST-001986,2026-01-30,Europe,Platinum,2832.1,0.05
CUST-001987,2024-01-31,Europe,Bronze,67.75,0.28
CUST-001988,2025-06-18,North America,Bronze,124.47,0.28
CUST-001989,2025-03-01,Asia Pacific,Silver,155.16,0.18
CUST-001990,2025-01-28,North America,Gold,1589.12,0.1
CUST-001991,2025-11-02,Asia Pacific,Platinum,3495.55,0.05
CUST-001992,2024-12-28,Asia Pacific,Bronze,175.91,0.28
CUST-001993,2025-03-12,Europe,Bronze,187.48,0.28
CUST-001994,2025-10-31,North America,Gold,1819.01,0.1
CUST-001995,2025-07-04,North America,Gold,425.68,0.1
CUST-001996,2024-03-22,Europe,Silver,198.83,0.18
CUST-001997,2024-12-21,Asia Pacific,Bronze,110.88,0.28
CUST-001998,2024-09-14,Europe,Bronze,132.83,0.28
CUST-001999,2025-12-18,Europe,Bronze,162.47,0.28
CUST-002000,2025-08-11,Europe,Gold,1261.43,0.1
CUST-002001,2025-06-07,North America,Bronze,160.92,0.28
CUST-002002,2024-10-21,North America,Silver,240.82,0.18
CUST-002003,2024-08-11,North America,Silver,327.45,0.18
CUST-002004,2025-06-08,North America,Bronze,131.85,0.28
CUST-002005,2024-02-15,Europe,Bronze,141.23,0.28
CUST-002006,2025-10-28,Latin America,Silver,368.36,0.18
CUST-002007,2024-04-22,Asia Pacific,Bronze,166.06,0.28
CUST-002008,2024-08-20,North America,Bronze,95.03,0.28
CUST-002009,2024-01-17,North America,Bronze,123.67,0.28
CUST-002010,2024-12-25,North America,Gold,1467.43,0.1
CUST-002011,2024-08-10,North America,Platinum,3798.27,0.05
CUST-002012,2026-05-15,Europe,Silver,387.57,0.18
CUST-002013,2025-11-30,Europe,Gold,1042.95,0.1
CUST-002014,2025-03-23,North America,Silver,371.97,0.18
CUST-002015,2026-05-05,North America,Silver,393.56,0.18
CUST-002016,2024-12-30,North America,Platinum,2861.2,0.05
CUST-002017,2025-11-05,North America,Bronze,129.65,0.28
CUST-002018,2024-11-21,Asia Pacific,Bronze,168.83,0.28
CUST-002019,2025-04-11,North America,Platinum,3906.74,0.05
CUST-002020,2025-02-17,Europe,Gold,709.74,0.1
CUST-002021,2025-03-30,Europe,Bronze,307.15,0.28
CUST-002022,2025-08-08,Latin America,Platinum,2816.51,0.05
CUST-002023,2024-08-20,Latin America,Bronze,180.94,0.28
CUST-002024,2024-08-11,Asia Pacific,Bronze,97.71,0.28
CUST-002025,2026-04-10,North America,Silver,807.8,0.18
CUST-002026,2025-02-15,Europe,Bronze,186.03,0.28
CUST-002027,2025-07-25,Asia Pacific,Silver,524.39,0.18
CUST-002028,2024-11-30,North America,Bronze,139.64,0.28
CUST-002029,2024-08-09,Europe,Bronze,71.85,0.28
CUST-002030,2024-02-06,Latin America,Silver,875.13,0.18
CUST-002031,2024-10-04,Europe,Silver,633.16,0.18
CUST-002032,2024-07-14,North America,Bronze,131.9,0.28
CUST-002033,2026-05-13,North America,Platinum,4238.45,0.05
CUST-002034,2025-04-28,Europe,Silver,266.4,0.18
CUST-002035,2024-08-29,North America,Bronze,69.97,0.28
CUST-002036,2024-11-19,Asia Pacific,Bronze,150.99,0.28
CUST-002037,2025-12-31,Asia Pacific,Gold,872.24,0.1
CUST-002038,2024-07-10,North America,Silver,371.0,0.18
CUST-002039,2024-01-17,Latin America,Bronze,146.87,0.28
CUST-002040,2025-06-07,Europe,Bronze,93.29,0.28
CUST-002041,2025-02-04,North America,Bronze,145.26,0.28
CUST-002042,2025-12-05,Asia Pacific,Bronze,96.45,0.28
CUST-002043,2024-01-22,Asia Pacific,Silver,674.68,0.18
CUST-002044,2025-04-18,Europe,Gold,1152.79,0.1
CUST-002045,2024-04-29,Latin America,Bronze,185.24,0.28
CUST-002046,2024-07-28,Asia Pacific,Gold,590.55,0.1
CUST-002047,2024-11-01,Latin America,Gold,1519.26,0.1
CUST-002048,2024-09-26,Europe,Gold,2184.12,0.1
CUST-002049,2025-12-04,Asia Pacific,Platinum,3668.59,0.05
CUST-002050,2025-11-17,Middle East & Africa,Gold,1478.72,0.1
CUST-002051,2024-10-11,Asia Pacific,Silver,409.12,0.18
CUST-002052,2025-12-16,North America,Bronze,174.3,0.28
CUST-002053,2025-11-06,Europe,Silver,853.82,0.18
CUST-002054,2026-02-01,Europe,Gold,2947.11,0.1
CUST-002055,2024-08-14,North America,Bronze,170.29,0.28
CUST-002056,2025-01-15,Middle East & Africa,Bronze,99.76,0.28
CUST-002057,2025-04-04,North America,Bronze,192.47,0.28
CUST-002058,2024-01-07,North America,Gold,731.44,0.1
CUST-002059,2024-01-29,Latin America,Gold,934.78,0.1
CUST-002060,2024-02-02,Europe,Silver,366.93,0.18
CUST-002061,2025-10-07,North America,Bronze,339.37,0.28
CUST-002062,2026-05-28,Europe,Silver,796.9,0.18
CUST-002063,2024-03-19,Europe,Bronze,244.52,0.28
CUST-002064,2025-04-03,North America,Silver,624.88,0.18
CUST-002065,2025-07-23,Middle East & Africa,Bronze,104.3,0.28
CUST-002066,2025-06-21,Europe,Platinum,3846.83,0.05
CUST-002067,2025-04-26,Europe,Silver,938.62,0.18
CUST-002068,2025-03-05,Europe,Silver,538.22,0.18
CUST-002069,2026-01-07,Europe,Silver,679.47,0.18
CUST-002070,2024-10-11,North America,Silver,236.35,0.18
CUST-002071,2025-05-30,North America,Bronze,200.21,0.28
CUST-002072,2024-04-08,Europe,Silver,295.16,0.18
CUST-002073,2025-01-31,Asia Pacific,Platinum,3204.01,0.05
CUST-002074,2025-05-03,North America,Bronze,264.93,0.28
CUST-002075,2024-02-08,Europe,Silver,517.04,0.18
CUST-002076,2024-09-27,Asia Pacific,Platinum,4848.98,0.05
CUST-002077,2026-03-07,North America,Gold,1114.41,0.1
CUST-002078,2024-06-05,North America,Silver,208.27,0.18
CUST-002079,2024-03-15,North America,Silver,309.55,0.18
CUST-002080,2026-03-10,Europe,Platinum,4594.5,0.05
CUST-002081,2024-05-09,North America,Platinum,4001.42,0.05
CUST-002082,2025-11-17,Europe,Platinum,6805.54,0.05
CUST-002083,2024-03-24,Europe,Silver,473.38,0.18
CUST-002084,2024-01-22,Europe,Bronze,104.95,0.28
CUST-002085,2025-04-03,North America,Bronze,148.46,0.28
CUST-002086,2025-06-22,Europe,Bronze,223.58,0.28
CUST-002087,2025-12-07,Asia Pacific,Platinum,1733.12,0.05
CUST-002088,2026-04-28,Latin America,Gold,1377.93,0.1
CUST-002089,2025-01-16,Latin America,Silver,271.8,0.18
CUST-002090,2026-01-17,Europe,Silver,480.26,0.18
CUST-002091,2025-03-15,Europe,Bronze,200.58,0.28
CUST-002092,2025-08-26,North America,Silver,561.15,0.18
CUST-002093,2024-01-21,North America,Silver,769.24,0.18
CUST-002094,2024-10-29,North America,Bronze,165.82,0.28
CUST-002095,2026-05-18,Asia Pacific,Bronze,184.21,0.28
CUST-002096,2024-03-24,North America,Silver,560.41,0.18
CUST-002097,2026-02-12,North America,Bronze,101.77,0.28
CUST-002098,2025-10-20,Middle East & Africa,Platinum,3326.0,0.05
CUST-002099,2025-03-28,North America,Bronze,56.09,0.28
CUST-002100,2025-01-21,North America,Gold,1395.25,0.1
CUST-002101,2025-05-21,North America,Bronze,49.9,0.28
CUST-002102,2024-09-13,Europe,Bronze,210.67,0.28
CUST-002103,2025-07-23,Europe,Silver,871.81,0.18
CUST-002104,2025-06-10,Europe,Gold,1464.94,0.1
CUST-002105,2024-06-10,Europe,Silver,584.34,0.18
CUST-002106,2024-06-11,Asia Pacific,Bronze,242.88,0.28
CUST-002107,2026-04-11,Asia Pacific,Bronze,126.05,0.28
CUST-002108,2026-03-03,Middle East & Africa,Silver,270.49,0.18
CUST-002109,2026-03-02,Asia Pacific,Bronze,144.93,0.28
CUST-002110,2025-06-07,Europe,Bronze,110.55,0.28
CUST-002111,2026-02-24,North America,Silver,464.03,0.18
CUST-002112,2024-09-27,North America,Bronze,166.09,0.28
CUST-002113,2025-05-06,North America,Bronze,123.88,0.28
CUST-002114,2024-07-26,Asia Pacific,Bronze,112.75,0.28
CUST-002115,2025-06-22,Asia Pacific,Platinum,1478.62,0.05
CUST-002116,2025-08-06,Europe,Bronze,140.21,0.28
CUST-002117,2024-02-29,North America,Gold,1007.61,0.1
CUST-002118,2025-03-05,Europe,Bronze,129.58,0.28
CUST-002119,2025-10-18,Latin America,Gold,1607.98,0.1
CUST-002120,2025-08-27,Europe,Bronze,329.23,0.28
CUST-002121,2024-11-04,Asia Pacific,Silver,390.14,0.18
CUST-002122,2025-06-03,Asia Pacific,Gold,1400.38,0.1
CUST-002123,2025-08-13,Latin America,Gold,1328.35,0.1
CUST-002124,2024-01-27,Asia Pacific,Gold,1889.25,0.1
CUST-002125,2025-11-16,Asia Pacific,Gold,833.28,0.1
CUST-002126,2025-07-15,North America,Bronze,102.94,0.28
CUST-002127,2024-07-17,North America,Silver,323.54,0.18
CUST-002128,2025-01-21,Europe,Silver,181.68,0.18
CUST-002129,2024-12-14,North America,Gold,1178.12,0.1
CUST-002130,2025-11-23,Middle East & Africa,Bronze,98.45,0.28
CUST-002131,2025-06-19,North America,Platinum,3869.92,0.05
CUST-002132,2026-04-07,Latin America,Silver,172.83,0.18
CUST-002133,2025-01-12,Europe,Silver,439.85,0.18
CUST-002134,2025-07-11,North America,Bronze,135.39,0.28
CUST-002135,2025-06-10,Latin America,Bronze,120.62,0.28
CUST-002136,2024-06-01,Europe,Silver,670.84,0.18
CUST-002137,2026-01-03,Europe,Silver,326.17,0.18
CUST-002138,2024-07-24,North America,Platinum,3952.13,0.05
CUST-002139,2025-03-30,Asia Pacific,Silver,349.5,0.18
CUST-002140,2024-09-29,North America,Silver,873.81,0.18
CUST-002141,2024-08-23,Europe,Gold,1136.03,0.1
CUST-002142,2026-05-01,Europe,Silver,589.67,0.18
CUST-002143,2026-01-09,Asia Pacific,Silver,574.28,0.18
CUST-002144,2025-06-04,Asia Pacific,Bronze,237.2,0.28
CUST-002145,2025-11-08,Europe,Bronze,159.03,0.28
CUST-002146,2026-04-10,North America,Silver,265.67,0.18
CUST-002147,2025-12-26,Asia Pacific,Gold,1432.63,0.1
CUST-002148,2025-05-15,North America,Bronze,167.59,0.28
CUST-002149,2024-04-26,Europe,Bronze,44.53,0.28
CUST-002150,2025-01-20,Europe,Silver,230.55,0.18
CUST-002151,2024-12-09,Latin America,Bronze,198.94,0.28
CUST-002152,2025-08-06,Europe,Silver,794.26,0.18
CUST-002153,2025-01-29,Europe,Silver,435.36,0.18
CUST-002154,2024-03-04,Asia Pacific,Bronze,207.33,0.28
CUST-002155,2025-12-17,Europe,Gold,1253.56,0.1
CUST-002156,2025-12-21,North America,Silver,456.6,0.18
CUST-002157,2024-03-12,Europe,Silver,424.95,0.18
CUST-002158,2026-02-27,Asia Pacific,Bronze,154.92,0.28
CUST-002159,2024-09-30,Middle East & Africa,Bronze,175.21,0.28
CUST-002160,2024-11-15,Europe,Gold,1021.87,0.1
CUST-002161,2024-12-03,Europe,Bronze,246.98,0.28
CUST-002162,2024-12-31,North America,Bronze,100.54,0.28
CUST-002163,2025-05-09,Latin America,Bronze,296.22,0.28
CUST-002164,2025-08-29,Asia Pacific,Bronze,137.61,0.28
CUST-002165,2024-06-14,North America,Bronze,146.91,0.28
CUST-002166,2025-06-27,North America,Bronze,116.7,0.28
CUST-002167,2024-01-11,Asia Pacific,Gold,1413.53,0.1
CUST-002168,2024-10-27,North America,Silver,387.06,0.18
CUST-002169,2025-12-29,North America,Bronze,124.02,0.28
CUST-002170,2026-03-11,North America,Gold,1533.43,0.1
CUST-002171,2024-04-11,North America,Bronze,238.68,0.28
CUST-002172,2025-02-28,Europe,Silver,296.61,0.18
CUST-002173,2025-01-26,Asia Pacific,Bronze,208.69,0.28
CUST-002174,2026-02-17,North America,Bronze,247.1,0.28
CUST-002175,2024-08-01,North America,Gold,592.34,0.1
CUST-002176,2025-11-21,North America,Bronze,106.93,0.28
CUST-002177,2024-03-28,Europe,Gold,1957.86,0.1
CUST-002178,2025-07-06,North America,Bronze,174.15,0.28
CUST-002179,2025-02-04,Europe,Bronze,297.18,0.28
CUST-002180,2025-08-10,Asia Pacific,Silver,419.19,0.18
CUST-002181,2024-02-15,North America,Silver,364.61,0.18
CUST-002182,2025-11-02,North America,Bronze,258.57,0.28
CUST-002183,2025-04-07,North America,Bronze,107.38,0.28
CUST-002184,2025-08-14,Europe,Bronze,136.05,0.28
CUST-002185,2024-11-05,Latin America,Platinum,4377.84,0.05
CUST-002186,2024-03-26,North America,Silver,585.6,0.18
CUST-002187,2024-04-01,Latin America,Bronze,109.02,0.28
CUST-002188,2025-10-21,North America,Gold,1331.89,0.1
CUST-002189,2025-11-03,Asia Pacific,Bronze,133.52,0.28
CUST-002190,2025-12-14,Europe,Bronze,76.52,0.28
CUST-002191,2024-08-29,Asia Pacific,Bronze,124.74,0.28
CUST-002192,2026-05-14,Europe,Silver,234.05,0.18
CUST-002193,2024-01-02,Europe,Bronze,115.22,0.28
CUST-002194,2024-08-12,Asia Pacific,Silver,278.27,0.18
CUST-002195,2026-03-11,Asia Pacific,Gold,1635.34,0.1
CUST-002196,2026-01-14,Europe,Bronze,169.15,0.28
CUST-002197,2025-08-11,North America,Bronze,277.57,0.28
CUST-002198,2024-04-25,North America,Bronze,103.74,0.28
CUST-002199,2025-10-27,Asia Pacific,Silver,472.75,0.18
CUST-002200,2024-04-12,Europe,Gold,771.93,0.1
CUST-002201,2024-07-12,Europe,Bronze,116.51,0.28
CUST-002202,2024-06-14,Asia Pacific,Bronze,127.85,0.28
CUST-002203,2026-05-20,Latin America,Bronze,330.33,0.28
CUST-002204,2024-03-30,Europe,Bronze,173.5,0.28
CUST-002205,2025-11-16,Asia Pacific,Silver,427.58,0.18
CUST-002206,2024-05-01,Asia Pacific,Bronze,230.96,0.28
CUST-002207,2024-05-22,Europe,Bronze,196.34,0.28
CUST-002208,2024-04-15,North America,Silver,440.02,0.18
CUST-002209,2025-03-03,Asia Pacific,Bronze,196.51,0.28
CUST-002210,2024-10-31,Europe,Silver,398.2,0.18
CUST-002211,2026-05-21,Latin America,Bronze,495.17,0.28
CUST-002212,2024-11-12,North America,Platinum,5701.72,0.05
CUST-002213,2025-09-26,North America,Bronze,127.48,0.28
CUST-002214,2024-01-09,Latin America,Gold,1625.83,0.1
CUST-002215,2026-02-12,Europe,Bronze,186.83,0.28
CUST-002216,2024-03-13,Europe,Gold,1343.89,0.1
CUST-002217,2024-12-24,Asia Pacific,Bronze,184.3,0.28
CUST-002218,2024-08-10,Asia Pacific,Silver,325.15,0.18
CUST-002219,2025-02-19,Europe,Bronze,126.04,0.28
CUST-002220,2025-07-06,North America,Silver,873.69,0.18
CUST-002221,2025-01-04,Asia Pacific,Silver,488.26,0.18
CUST-002222,2025-12-16,Latin America,Silver,340.07,0.18
CUST-002223,2024-09-20,North America,Silver,425.46,0.18
CUST-002224,2026-04-19,Latin America,Bronze,121.14,0.28
CUST-002225,2025-11-20,Latin America,Bronze,214.8,0.28
CUST-002226,2026-05-09,Europe,Silver,359.57,0.18
CUST-002227,2024-11-13,Asia Pacific,Bronze,152.67,0.28
CUST-002228,2024-03-24,Europe,Bronze,115.08,0.28
CUST-002229,2024-11-13,North America,Bronze,362.78,0.28
CUST-002230,2024-04-20,Asia Pacific,Bronze,192.93,0.28
CUST-002231,2024-09-07,Latin America,Silver,569.69,0.18
CUST-002232,2025-01-17,Asia Pacific,Silver,594.89,0.18
CUST-002233,2024-01-07,Europe,Gold,1024.78,0.1
CUST-002234,2025-04-03,North America,Bronze,275.65,0.28
CUST-002235,2024-03-24,North America,Gold,1167.95,0.1
CUST-002236,2024-07-26,Europe,Silver,914.49,0.18
CUST-002237,2025-01-24,North America,Gold,1053.8,0.1
CUST-002238,2024-11-09,Europe,Gold,1597.62,0.1
CUST-002239,2024-01-22,Europe,Silver,481.05,0.18
CUST-002240,2025-02-13,Asia Pacific,Bronze,166.95,0.28
CUST-002241,2025-05-29,North America,Bronze,76.91,0.28
CUST-002242,2024-05-06,Europe,Bronze,101.23,0.28
CUST-002243,2026-03-19,Europe,Platinum,6402.86,0.05
CUST-002244,2025-11-30,North America,Platinum,2090.15,0.05
CUST-002245,2026-05-23,North America,Silver,642.95,0.18
CUST-002246,2024-01-14,North America,Gold,3395.03,0.1
CUST-002247,2024-01-12,Latin America,Gold,1497.09,0.1
CUST-002248,2024-03-27,North America,Silver,1053.58,0.18
CUST-002249,2025-06-07,Asia Pacific,Silver,593.53,0.18
CUST-002250,2025-06-20,Middle East & Africa,Bronze,166.63,0.28
CUST-002251,2024-10-27,Asia Pacific,Bronze,174.25,0.28
CUST-002252,2024-08-30,North America,Bronze,139.73,0.28
CUST-002253,2024-05-01,Latin America,Bronze,138.02,0.28
CUST-002254,2024-05-26,North America,Silver,364.74,0.18
CUST-002255,2025-07-20,Europe,Bronze,177.67,0.28
CUST-002256,2026-01-19,Latin America,Gold,2893.53,0.1
CUST-002257,2024-12-21,Europe,Bronze,265.18,0.28
CUST-002258,2025-11-15,Europe,Bronze,162.81,0.28
CUST-002259,2026-01-02,North America,Gold,1534.19,0.1
CUST-002260,2025-09-22,Europe,Silver,434.89,0.18
CUST-002261,2024-11-04,Europe,Bronze,264.86,0.28
CUST-002262,2025-11-25,North America,Silver,234.24,0.18
CUST-002263,2024-10-14,Middle East & Africa,Bronze,324.69,0.28
CUST-002264,2024-11-02,Latin America,Platinum,2814.16,0.05
CUST-002265,2026-03-22,Latin America,Silver,385.92,0.18
CUST-002266,2025-08-16,Europe,Bronze,91.98,0.28
CUST-002267,2025-12-23,Asia Pacific,Silver,478.74,0.18
CUST-002268,2025-10-23,Latin America,Gold,913.91,0.1
CUST-002269,2025-07-02,Latin America,Silver,716.69,0.18
CUST-002270,2024-12-17,Europe,Gold,1572.04,0.1
CUST-002271,2024-11-07,North America,Bronze,113.66,0.28
CUST-002272,2026-05-22,North America,Gold,844.97,0.1
CUST-002273,2024-02-28,Europe,Gold,928.24,0.1
CUST-002274,2025-10-04,Europe,Silver,308.27,0.18
CUST-002275,2025-12-14,Asia Pacific,Bronze,134.13,0.28
CUST-002276,2026-01-24,North America,Gold,857.3,0.1
CUST-002277,2024-02-04,North America,Silver,718.06,0.18
CUST-002278,2025-03-20,Europe,Gold,983.13,0.1
CUST-002279,2024-04-02,Europe,Bronze,188.84,0.28
CUST-002280,2024-07-25,North America,Bronze,189.46,0.28
CUST-002281,2024-12-18,Asia Pacific,Bronze,71.48,0.28
CUST-002282,2024-11-27,Europe,Silver,598.62,0.18
CUST-002283,2026-03-27,Asia Pacific,Silver,227.35,0.18
CUST-002284,2026-05-11,Europe,Silver,322.37,0.18
CUST-002285,2025-12-25,North America,Silver,587.69,0.18
CUST-002286,2024-06-07,Europe,Gold,1261.44,0.1
CUST-002287,2024-01-24,Latin America,Bronze,130.9,0.28
CUST-002288,2025-02-07,North America,Bronze,73.51,0.28
CUST-002289,2026-03-15,Asia Pacific,Gold,1765.05,0.1
CUST-002290,2025-05-30,Europe,Silver,535.33,0.18
CUST-002291,2026-01-01,Latin America,Silver,319.47,0.18
CUST-002292,2024-12-29,Asia Pacific,Silver,306.32,0.18
CUST-002293,2025-01-16,North America,Silver,678.58,0.18
CUST-002294,2025-06-15,Asia Pacific,Bronze,169.15,0.28
CUST-002295,2024-05-31,North America,Silver,261.16,0.18
CUST-002296,2025-07-15,Latin America,Platinum,2613.27,0.05
CUST-002297,2025-11-19,Europe,Silver,984.53,0.18
CUST-002298,2025-08-30,Europe,Bronze,223.97,0.28
CUST-002299,2025-09-08,Asia Pacific,Gold,1200.27,0.1
CUST-002300,2025-02-23,Asia Pacific,Bronze,151.35,0.28
CUST-002301,2024-09-06,North America,Bronze,62.83,0.28
CUST-002302,2024-04-26,Asia Pacific,Gold,2023.79,0.1
CUST-002303,2026-05-15,Europe,Bronze,125.22,0.28
CUST-002304,2025-05-26,Europe,Gold,868.36,0.1
CUST-002305,2026-01-09,Asia Pacific,Bronze,202.48,0.28
CUST-002306,2025-07-31,Europe,Silver,349.77,0.18
CUST-002307,2024-11-30,North America,Silver,217.04,0.18
CUST-002308,2025-02-21,Asia Pacific,Bronze,176.72,0.28
CUST-002309,2026-02-12,North America,Silver,245.44,0.18
CUST-002310,2024-10-21,Asia Pacific,Platinum,3418.65,0.05
CUST-002311,2026-01-24,North America,Gold,1362.56,0.1
CUST-002312,2025-01-05,North America,Silver,402.67,0.18
CUST-002313,2024-07-04,North America,Platinum,3137.47,0.05
CUST-002314,2024-09-02,Europe,Bronze,278.94,0.28
CUST-002315,2025-09-28,Asia Pacific,Bronze,280.55,0.28
CUST-002316,2024-09-24,North America,Bronze,103.92,0.28
CUST-002317,2025-10-04,North America,Silver,354.73,0.18
CUST-002318,2024-08-24,Latin America,Gold,966.93,0.1
CUST-002319,2025-06-13,North America,Silver,444.38,0.18
CUST-002320,2025-07-05,Latin America,Gold,1161.29,0.1
CUST-002321,2024-01-21,North America,Silver,894.34,0.18
CUST-002322,2026-01-06,Asia Pacific,Bronze,139.27,0.28
CUST-002323,2026-05-16,North America,Bronze,99.34,0.28
CUST-002324,2026-03-04,Latin America,Gold,948.49,0.1
CUST-002325,2025-06-03,Asia Pacific,Bronze,174.16,0.28
CUST-002326,2024-04-09,Europe,Silver,406.02,0.18
CUST-002327,2026-01-21,North America,Bronze,170.05,0.28
CUST-002328,2025-04-22,Asia Pacific,Bronze,136.04,0.28
CUST-002329,2025-08-21,Europe,Silver,601.34,0.18
CUST-002330,2024-10-24,North America,Bronze,144.8,0.28
CUST-002331,2025-06-09,North America,Gold,737.68,0.1
CUST-002332,2024-11-29,Asia Pacific,Bronze,130.57,0.28
CUST-002333,2024-01-02,North America,Silver,1089.87,0.18
CUST-002334,2025-01-09,Europe,Silver,737.85,0.18
CUST-002335,2024-10-19,Europe,Silver,282.75,0.18
CUST-002336,2026-04-16,Latin America,Gold,2444.1,0.1
CUST-002337,2025-07-06,Latin America,Bronze,158.46,0.28
CUST-002338,2024-11-13,Middle East & Africa,Bronze,123.38,0.28
CUST-002339,2025-05-16,North America,Bronze,134.02,0.28
CUST-002340,2026-04-07,Latin America,Gold,1227.59,0.1
CUST-002341,2025-01-15,North America,Platinum,5399.94,0.05
CUST-002342,2025-09-14,Europe,Bronze,161.85,0.28
CUST-002343,2024-01-14,Europe,Silver,514.2,0.18
CUST-002344,2025-05-18,North America,Bronze,243.51,0.28
CUST-002345,2024-08-18,Latin America,Bronze,127.87,0.28
CUST-002346,2024-03-24,North America,Silver,507.87,0.18
CUST-002347,2024-05-09,Asia Pacific,Bronze,178.79,0.28
CUST-002348,2026-01-12,Asia Pacific,Silver,474.92,0.18
CUST-002349,2026-04-17,Asia Pacific,Silver,549.41,0.18
CUST-002350,2024-05-24,North America,Gold,910.14,0.1
CUST-002351,2026-05-06,Europe,Silver,665.97,0.18
CUST-002352,2024-01-28,Asia Pacific,Silver,360.58,0.18
CUST-002353,2024-03-06,North America,Silver,539.75,0.18
CUST-002354,2024-06-11,Europe,Bronze,163.17,0.28
CUST-002355,2024-08-16,North America,Silver,341.93,0.18
CUST-002356,2024-09-17,Europe,Bronze,287.04,0.28
CUST-002357,2025-03-24,Latin America,Bronze,298.05,0.28
CUST-002358,2025-02-27,Europe,Silver,311.35,0.18
CUST-002359,2025-04-04,Europe,Gold,1652.09,0.1
CUST-002360,2025-11-06,Europe,Bronze,142.82,0.28
CUST-002361,2024-10-27,Europe,Bronze,114.56,0.28
CUST-002362,2024-10-29,North America,Bronze,173.82,0.28
CUST-002363,2024-10-13,North America,Bronze,209.38,0.28
CUST-002364,2025-01-29,Europe,Silver,479.95,0.18
CUST-002365,2024-01-10,Europe,Bronze,129.7,0.28
CUST-002366,2025-12-07,Europe,Gold,2042.33,0.1
CUST-002367,2025-09-21,North America,Gold,2071.93,0.1
CUST-002368,2024-09-26,Europe,Silver,342.44,0.18
CUST-002369,2025-08-14,North America,Silver,466.66,0.18
CUST-002370,2025-08-27,Latin America,Bronze,79.76,0.28
CUST-002371,2026-02-16,Europe,Bronze,209.51,0.28
CUST-002372,2026-04-23,North America,Silver,765.28,0.18
CUST-002373,2026-05-11,North America,Bronze,175.29,0.28
CUST-002374,2024-12-26,Middle East & Africa,Silver,297.4,0.18
CUST-002375,2024-09-13,North America,Bronze,286.22,0.28
CUST-002376,2024-05-12,Asia Pacific,Bronze,337.92,0.28
CUST-002377,2024-10-02,North America,Bronze,126.2,0.28
CUST-002378,2026-02-14,Latin America,Bronze,179.26,0.28
CUST-002379,2025-11-13,Latin America,Gold,1663.61,0.1
CUST-002380,2025-05-27,Europe,Bronze,205.53,0.28
CUST-002381,2024-11-08,North America,Gold,1223.36,0.1
CUST-002382,2025-07-29,North America,Silver,923.71,0.18
CUST-002383,2024-10-10,Europe,Gold,641.6,0.1
CUST-002384,2024-04-30,Europe,Silver,241.83,0.18
CUST-002385,2024-04-16,North America,Gold,1192.49,0.1
CUST-002386,2025-11-17,North America,Bronze,301.29,0.28
CUST-002387,2024-07-22,Europe,Silver,715.6,0.18
CUST-002388,2024-06-13,Europe,Bronze,82.54,0.28
CUST-002389,2024-10-31,North America,Bronze,467.79,0.28
CUST-002390,2025-05-11,North America,Silver,561.71,0.18
CUST-002391,2025-09-23,Middle East & Africa,Silver,283.83,0.18
CUST-002392,2025-07-09,Europe,Bronze,144.57,0.28
CUST-002393,2026-04-03,Asia Pacific,Bronze,220.85,0.28
CUST-002394,2024-06-04,Europe,Silver,742.66,0.18
CUST-002395,2025-01-01,North America,Silver,438.28,0.18
CUST-002396,2025-12-19,North America,Bronze,184.84,0.28
CUST-002397,2025-09-11,North America,Platinum,3329.59,0.05
CUST-002398,2024-09-07,Asia Pacific,Platinum,3409.01,0.05
CUST-002399,2024-11-29,Asia Pacific,Gold,1603.58,0.1
CUST-002400,2025-10-03,North America,Gold,2135.3,0.1
CUST-002401,2025-05-25,Middle East & Africa,Bronze,95.17,0.28
CUST-002402,2024-10-19,North America,Platinum,3188.81,0.05
CUST-002403,2024-01-20,Middle East & Africa,Bronze,117.9,0.28
CUST-002404,2024-10-08,Middle East & Africa,Bronze,100.23,0.28
CUST-002405,2026-03-07,North America,Gold,785.61,0.1
CUST-002406,2024-01-01,North America,Bronze,151.5,0.28
CUST-002407,2024-04-28,Europe,Silver,293.01,0.18
CUST-002408,2024-02-04,Asia Pacific,Bronze,96.36,0.28
CUST-002409,2024-07-16,Europe,Silver,418.85,0.18
CUST-002410,2025-04-29,Middle East & Africa,Silver,304.13,0.18
CUST-002411,2026-01-26,Asia Pacific,Bronze,183.84,0.28
CUST-002412,2024-02-28,North America,Bronze,123.84,0.28
CUST-002413,2026-04-16,North America,Silver,279.06,0.18
CUST-002414,2024-06-09,Asia Pacific,Silver,1140.86,0.18
CUST-002415,2025-11-21,North America,Bronze,63.91,0.28
CUST-002416,2024-07-24,Asia Pacific,Gold,1690.19,0.1
CUST-002417,2024-01-12,North America,Bronze,172.27,0.28
CUST-002418,2025-05-04,North America,Gold,988.49,0.1
CUST-002419,2024-10-02,North America,Bronze,104.33,0.28
CUST-002420,2025-11-23,Asia Pacific,Bronze,299.47,0.28
CUST-002421,2024-08-29,North America,Bronze,350.79,0.28
CUST-002422,2024-08-03,Asia Pacific,Bronze,133.42,0.28
CUST-002423,2024-09-07,Europe,Bronze,125.88,0.28
CUST-002424,2026-03-21,Asia Pacific,Bronze,235.6,0.28
CUST-002425,2024-05-05,Europe,Bronze,135.94,0.28
CUST-002426,2024-08-04,North America,Bronze,189.43,0.28
CUST-002427,2024-11-01,Asia Pacific,Silver,562.54,0.18
CUST-002428,2026-03-07,North America,Platinum,3552.65,0.05
CUST-002429,2024-07-03,Europe,Bronze,160.24,0.28
CUST-002430,2024-02-08,North America,Silver,521.7,0.18
CUST-002431,2024-08-10,Asia Pacific,Silver,291.14,0.18
CUST-002432,2024-07-02,Latin America,Silver,342.87,0.18
CUST-002433,2025-05-09,Europe,Gold,1313.41,0.1
CUST-002434,2025-03-02,Europe,Platinum,2918.45,0.05
CUST-002435,2024-06-26,Asia Pacific,Bronze,455.58,0.28
CUST-002436,2025-03-03,North America,Silver,474.51,0.18
CUST-002437,2024-10-20,Latin America,Silver,224.52,0.18
CUST-002438,2026-05-01,North America,Bronze,48.67,0.28
CUST-002439,2024-05-30,Middle East & Africa,Bronze,208.32,0.28
CUST-002440,2025-01-18,Asia Pacific,Platinum,3703.46,0.05
CUST-002441,2025-09-29,Asia Pacific,Gold,2135.27,0.1
CUST-002442,2026-03-23,Asia Pacific,Bronze,115.94,0.28
CUST-002443,2024-11-03,Europe,Bronze,142.94,0.28
CUST-002444,2024-12-01,Europe,Gold,1341.79,0.1
CUST-002445,2026-01-15,North America,Bronze,140.98,0.28
CUST-002446,2025-01-09,Europe,Silver,409.18,0.18
CUST-002447,2024-01-08,Europe,Bronze,200.51,0.28
CUST-002448,2024-12-06,Latin America,Bronze,107.46,0.28
CUST-002449,2024-05-08,Europe,Bronze,185.84,0.28
CUST-002450,2026-02-14,North America,Bronze,311.7,0.28
CUST-002451,2025-10-30,North America,Bronze,290.82,0.28
CUST-002452,2024-12-17,Asia Pacific,Silver,218.52,0.18
CUST-002453,2024-12-23,North America,Silver,369.94,0.18
CUST-002454,2025-05-31,North America,Bronze,168.49,0.28
CUST-002455,2025-05-09,Asia Pacific,Silver,750.25,0.18
CUST-002456,2024-03-26,Europe,Silver,489.41,0.18
CUST-002457,2024-06-23,Europe,Bronze,250.27,0.28
CUST-002458,2026-03-12,North America,Bronze,114.76,0.28
CUST-002459,2024-07-11,Asia Pacific,Bronze,171.15,0.28
CUST-002460,2024-11-06,North America,Platinum,4033.96,0.05
CUST-002461,2024-04-28,Asia Pacific,Silver,760.96,0.18
CUST-002462,2024-08-05,North America,Bronze,215.74,0.28
CUST-002463,2025-03-02,Latin America,Silver,593.03,0.18
CUST-002464,2025-02-17,Europe,Bronze,210.69,0.28
CUST-002465,2024-04-23,Europe,Bronze,92.46,0.28
CUST-002466,2024-05-24,Europe,Silver,420.17,0.18
CUST-002467,2025-06-21,Europe,Gold,802.81,0.1
CUST-002468,2025-10-09,North America,Bronze,115.51,0.28
CUST-002469,2024-10-29,Asia Pacific,Gold,1119.43,0.1
CUST-002470,2026-01-13,North America,Bronze,60.83,0.28
CUST-002471,2026-05-30,Latin America,Bronze,141.96,0.28
CUST-002472,2025-08-10,Asia Pacific,Platinum,2559.05,0.05
CUST-002473,2026-04-19,North America,Silver,294.95,0.18
CUST-002474,2024-12-10,Asia Pacific,Gold,1246.9,0.1
CUST-002475,2026-03-24,Europe,Gold,1027.19,0.1
CUST-002476,2026-03-11,North America,Gold,1375.64,0.1
CUST-002477,2024-01-01,Middle East & Africa,Bronze,115.71,0.28
CUST-002478,2024-05-26,Asia Pacific,Bronze,139.83,0.28
CUST-002479,2024-10-13,Europe,Gold,3208.47,0.1
CUST-002480,2025-10-15,Europe,Silver,577.37,0.18
CUST-002481,2024-02-22,North America,Silver,320.8,0.18
CUST-002482,2024-10-30,Middle East & Africa,Bronze,246.26,0.28
CUST-002483,2024-03-09,North America,Bronze,278.66,0.28
CUST-002484,2024-12-26,North America,Silver,571.76,0.18
CUST-002485,2025-08-24,Europe,Bronze,109.71,0.28
CUST-002486,2024-08-07,Europe,Bronze,226.75,0.28
CUST-002487,2025-12-04,Europe,Bronze,119.07,0.28
CUST-002488,2025-07-28,North America,Bronze,257.49,0.28
CUST-002489,2025-08-07,North America,Gold,1089.76,0.1
CUST-002490,2024-06-09,North America,Silver,402.4,0.18
CUST-002491,2025-11-11,Latin America,Bronze,184.98,0.28
CUST-002492,2024-03-29,North America,Bronze,263.68,0.28
CUST-002493,2025-11-18,Asia Pacific,Silver,1160.42,0.18
CUST-002494,2026-02-19,Asia Pacific,Bronze,151.63,0.28
CUST-002495,2025-08-07,Asia Pacific,Gold,1018.62,0.1
CUST-002496,2026-01-26,Latin America,Gold,864.2,0.1
CUST-002497,2025-08-11,North America,Gold,663.37,0.1
CUST-002498,2024-06-07,North America,Silver,300.92,0.18
CUST-002499,2025-05-03,Europe,Bronze,164.83,0.28
CUST-002500,2024-11-19,North America,Silver,686.16,0.18
CUST-002501,2025-09-01,Asia Pacific,Bronze,104.49,0.28
CUST-002502,2025-01-15,Europe,Bronze,205.51,0.28
CUST-002503,2024-04-11,Latin America,Bronze,106.26,0.28
CUST-002504,2025-05-08,North America,Bronze,111.55,0.28
CUST-002505,2025-10-05,Latin America,Bronze,97.79,0.28
CUST-002506,2025-09-05,North America,Bronze,255.54,0.28
CUST-002507,2024-01-19,Europe,Silver,855.61,0.18
CUST-002508,2025-03-29,Europe,Platinum,2614.62,0.05
CUST-002509,2025-04-26,Asia Pacific,Bronze,108.52,0.28
CUST-002510,2025-08-16,Europe,Silver,577.25,0.18
CUST-002511,2025-01-31,Latin America,Bronze,299.42,0.28
CUST-002512,2024-10-05,Latin America,Platinum,6674.74,0.05
CUST-002513,2026-04-30,Latin America,Bronze,128.59,0.28
CUST-002514,2024-12-30,North America,Gold,1115.05,0.1
CUST-002515,2024-11-26,Latin America,Bronze,91.65,0.28
CUST-002516,2025-10-02,Asia Pacific,Gold,1024.07,0.1
CUST-002517,2024-12-09,North America,Bronze,155.91,0.28
CUST-002518,2026-04-01,North America,Bronze,87.42,0.28
CUST-002519,2025-03-30,North America,Bronze,120.62,0.28
CUST-002520,2025-08-23,North America,Bronze,163.94,0.28
CUST-002521,2025-12-25,Europe,Gold,653.33,0.1
CUST-002522,2025-10-16,Middle East & Africa,Silver,542.87,0.18
CUST-002523,2024-03-05,Europe,Bronze,225.61,0.28
CUST-002524,2024-03-16,Europe,Platinum,4396.35,0.05
CUST-002525,2025-12-11,Middle East & Africa,Silver,368.9,0.18
CUST-002526,2024-05-22,North America,Platinum,5593.26,0.05
CUST-002527,2026-04-07,Latin America,Bronze,261.29,0.28
CUST-002528,2025-08-27,Europe,Gold,1362.66,0.1
CUST-002529,2025-04-17,Europe,Bronze,159.21,0.28
CUST-002530,2025-02-20,North America,Silver,351.2,0.18
CUST-002531,2024-10-31,Europe,Bronze,127.48,0.28
CUST-002532,2026-01-05,North America,Silver,690.98,0.18
CUST-002533,2025-05-11,Asia Pacific,Silver,942.94,0.18
CUST-002534,2024-10-17,North America,Bronze,127.06,0.28
CUST-002535,2024-04-11,Latin America,Platinum,3268.21,0.05
CUST-002536,2024-09-23,Europe,Platinum,2701.66,0.05
CUST-002537,2026-05-16,North America,Platinum,2945.97,0.05
CUST-002538,2025-09-13,Asia Pacific,Platinum,2116.07,0.05
CUST-002539,2026-04-21,North America,Gold,1424.74,0.1
CUST-002540,2026-02-15,Asia Pacific,Platinum,2107.53,0.05
CUST-002541,2024-01-03,Middle East & Africa,Gold,963.7,0.1
CUST-002542,2024-03-25,Asia Pacific,Bronze,146.38,0.28
CUST-002543,2026-03-04,North America,Gold,709.43,0.1
CUST-002544,2024-11-23,Europe,Gold,880.54,0.1
CUST-002545,2026-03-26,Asia Pacific,Silver,286.89,0.18
CUST-002546,2025-03-25,Asia Pacific,Bronze,232.87,0.28
CUST-002547,2025-03-29,North America,Bronze,265.21,0.28
CUST-002548,2025-09-20,Europe,Gold,875.11,0.1
CUST-002549,2024-08-08,Europe,Platinum,10570.73,0.05
CUST-002550,2024-06-02,North America,Bronze,103.24,0.28
CUST-002551,2025-10-26,North America,Bronze,126.64,0.28
CUST-002552,2024-01-12,Europe,Bronze,182.69,0.28
CUST-002553,2024-05-12,Asia Pacific,Silver,569.16,0.18
CUST-002554,2024-10-30,Latin America,Bronze,132.03,0.28
CUST-002555,2024-10-19,Europe,Silver,697.11,0.18
CUST-002556,2024-10-26,Europe,Platinum,5653.35,0.05
CUST-002557,2026-01-09,North America,Silver,448.62,0.18
CUST-002558,2026-02-21,Middle East & Africa,Bronze,141.26,0.28
CUST-002559,2024-02-12,Middle East & Africa,Platinum,2741.61,0.05
CUST-002560,2024-12-08,Latin America,Silver,296.83,0.18
CUST-002561,2024-11-21,Asia Pacific,Bronze,108.9,0.28
CUST-002562,2026-03-24,North America,Silver,559.51,0.18
CUST-002563,2025-05-12,Asia Pacific,Silver,450.13,0.18
CUST-002564,2024-12-29,Europe,Gold,1088.32,0.1
CUST-002565,2025-03-02,North America,Platinum,2785.29,0.05
CUST-002566,2024-01-21,Asia Pacific,Bronze,120.41,0.28
CUST-002567,2025-02-10,North America,Bronze,147.32,0.28
CUST-002568,2025-09-10,North America,Bronze,142.73,0.28
CUST-002569,2024-12-01,Europe,Silver,449.81,0.18
CUST-002570,2026-03-25,Europe,Gold,1004.48,0.1
CUST-002571,2024-04-26,Latin America,Bronze,114.7,0.28
CUST-002572,2024-05-03,North America,Bronze,150.51,0.28
CUST-002573,2025-02-02,North America,Platinum,4538.89,0.05
CUST-002574,2026-03-03,North America,Gold,979.11,0.1
CUST-002575,2026-03-14,North America,Bronze,57.73,0.28
CUST-002576,2025-12-15,North America,Gold,694.43,0.1
CUST-002577,2024-02-20,Asia Pacific,Silver,691.56,0.18
CUST-002578,2026-02-21,Europe,Bronze,223.21,0.28
CUST-002579,2024-11-19,Asia Pacific,Bronze,194.29,0.28
CUST-002580,2026-02-27,Middle East & Africa,Bronze,184.14,0.28
CUST-002581,2024-05-20,Asia Pacific,Bronze,225.36,0.28
CUST-002582,2025-04-14,North America,Silver,392.28,0.18
CUST-002583,2026-02-25,North America,Bronze,158.57,0.28
CUST-002584,2026-03-12,Latin America,Bronze,110.16,0.28
CUST-002585,2024-11-29,Europe,Silver,419.52,0.18
CUST-002586,2025-01-07,Asia Pacific,Bronze,320.26,0.28
CUST-002587,2025-07-17,Latin America,Silver,323.31,0.18
CUST-002588,2025-05-08,Latin America,Bronze,94.12,0.28
CUST-002589,2025-06-22,Latin America,Silver,416.46,0.18
CUST-002590,2025-10-30,Europe,Platinum,2982.64,0.05
CUST-002591,2026-01-20,North America,Bronze,166.84,0.28
CUST-002592,2024-06-04,Middle East & Africa,Silver,617.94,0.18
CUST-002593,2024-10-17,Europe,Bronze,129.13,0.28
CUST-002594,2025-10-09,North America,Gold,2787.19,0.1
CUST-002595,2024-05-23,Europe,Gold,1963.25,0.1
CUST-002596,2024-04-15,Europe,Bronze,110.52,0.28
CUST-002597,2025-02-23,Latin America,Silver,435.99,0.18
CUST-002598,2025-10-31,Asia Pacific,Bronze,185.3,0.28
CUST-002599,2025-10-19,North America,Platinum,2512.3,0.05
CUST-002600,2024-01-02,Middle East & Africa,Bronze,65.68,0.28
CUST-002601,2025-08-11,Asia Pacific,Gold,2596.26,0.1
CUST-002602,2025-10-05,Europe,Bronze,96.34,0.28
CUST-002603,2024-03-30,North America,Silver,632.84,0.18
CUST-002604,2024-12-10,Europe,Platinum,4631.75,0.05
CUST-002605,2024-12-15,Asia Pacific,Gold,865.87,0.1
CUST-002606,2025-04-03,North America,Bronze,328.52,0.28
CUST-002607,2024-09-19,North America,Silver,461.78,0.18
CUST-002608,2024-12-16,Asia Pacific,Bronze,158.5,0.28
CUST-002609,2024-04-17,Europe,Bronze,81.07,0.28
CUST-002610,2025-08-08,Europe,Bronze,64.45,0.28
CUST-002611,2024-02-08,North America,Bronze,136.13,0.28
CUST-002612,2024-06-07,Europe,Silver,756.08,0.18
CUST-002613,2025-08-05,Asia Pacific,Bronze,71.23,0.28
CUST-002614,2024-11-07,North America,Silver,476.94,0.18
CUST-002615,2024-08-28,North America,Bronze,154.98,0.28
CUST-002616,2025-03-20,Asia Pacific,Bronze,246.42,0.28
CUST-002617,2024-10-24,Middle East & Africa,Silver,675.76,0.18
CUST-002618,2024-02-05,Europe,Bronze,158.66,0.28
CUST-002619,2024-03-24,North America,Bronze,144.49,0.28
CUST-002620,2025-03-27,North America,Bronze,112.47,0.28
CUST-002621,2026-02-13,Latin America,Silver,284.6,0.18
CUST-002622,2026-04-01,North America,Silver,350.26,0.18
CUST-002623,2025-01-19,Europe,Bronze,96.34,0.28
CUST-002624,2024-06-20,Europe,Bronze,143.82,0.28
CUST-002625,2025-01-10,North America,Gold,1183.44,0.1
CUST-002626,2025-11-15,Asia Pacific,Platinum,3135.82,0.05
CUST-002627,2024-12-27,Asia Pacific,Bronze,156.71,0.28
CUST-002628,2025-07-12,Asia Pacific,Silver,374.49,0.18
CUST-002629,2024-05-20,North America,Bronze,210.04,0.28
CUST-002630,2024-04-27,North America,Bronze,164.37,0.28
CUST-002631,2024-10-03,Europe,Bronze,123.6,0.28
CUST-002632,2025-12-26,Europe,Silver,282.21,0.18
CUST-002633,2024-08-07,North America,Bronze,145.18,0.28
CUST-002634,2024-01-26,North America,Gold,1894.17,0.1
CUST-002635,2025-06-04,North America,Silver,569.65,0.18
CUST-002636,2026-02-21,Middle East & Africa,Bronze,203.14,0.28
CUST-002637,2024-01-10,Asia Pacific,Gold,1603.1,0.1
CUST-002638,2025-01-12,Latin America,Bronze,243.93,0.28
CUST-002639,2025-09-24,North America,Bronze,211.77,0.28
CUST-002640,2025-09-28,Middle East & Africa,Bronze,159.22,0.28
CUST-002641,2025-11-12,North America,Bronze,127.46,0.28
CUST-002642,2025-08-06,Europe,Bronze,212.94,0.28
CUST-002643,2024-05-31,Asia Pacific,Bronze,57.0,0.28
CUST-002644,2025-12-20,North America,Bronze,249.03,0.28
CUST-002645,2024-02-18,Europe,Bronze,197.68,0.28
CUST-002646,2024-06-02,North America,Platinum,6740.96,0.05
CUST-002647,2026-05-08,North America,Bronze,95.85,0.28
CUST-002648,2024-10-19,Europe,Bronze,238.76,0.28
CUST-002649,2025-08-02,Asia Pacific,Platinum,4563.94,0.05
CUST-002650,2024-02-19,Asia Pacific,Silver,352.93,0.18
CUST-002651,2025-10-25,Europe,Silver,426.11,0.18
CUST-002652,2025-06-14,Europe,Bronze,138.12,0.28
CUST-002653,2025-09-03,North America,Silver,388.88,0.18
CUST-002654,2024-02-29,North America,Bronze,87.46,0.28
CUST-002655,2024-06-15,Middle East & Africa,Silver,719.81,0.18
CUST-002656,2024-07-20,North America,Platinum,2397.03,0.05
CUST-002657,2026-05-06,Asia Pacific,Silver,295.7,0.18
CUST-002658,2024-05-25,North America,Bronze,242.33,0.28
CUST-002659,2025-11-06,Asia Pacific,Silver,256.77,0.18
CUST-002660,2025-03-14,Asia Pacific,Silver,398.69,0.18
CUST-002661,2024-08-29,North America,Silver,302.34,0.18
CUST-002662,2025-08-03,North America,Silver,866.05,0.18
CUST-002663,2025-11-17,Asia Pacific,Silver,711.05,0.18
CUST-002664,2025-07-14,Europe,Silver,323.95,0.18
CUST-002665,2025-04-27,North America,Platinum,2348.9,0.05
CUST-002666,2024-04-17,Asia Pacific,Gold,1631.04,0.1
CUST-002667,2024-08-13,North America,Bronze,178.39,0.28
CUST-002668,2025-11-03,Latin America,Silver,390.57,0.18
CUST-002669,2025-09-22,Europe,Bronze,125.46,0.28
CUST-002670,2025-10-22,North America,Gold,1092.83,0.1
CUST-002671,2025-10-23,Asia Pacific,Bronze,215.17,0.28
CUST-002672,2025-03-07,Europe,Silver,843.48,0.18
CUST-002673,2026-03-15,North America,Gold,2487.83,0.1
CUST-002674,2025-10-16,Europe,Bronze,111.82,0.28
CUST-002675,2025-02-22,North America,Gold,1228.18,0.1
CUST-002676,2025-03-30,North America,Silver,770.2,0.18
CUST-002677,2024-06-08,North America,Bronze,105.89,0.28
CUST-002678,2025-06-06,Europe,Bronze,114.18,0.28
CUST-002679,2025-10-11,North America,Gold,1650.49,0.1
CUST-002680,2025-08-12,Asia Pacific,Bronze,124.36,0.28
CUST-002681,2024-03-17,Asia Pacific,Silver,249.41,0.18
CUST-002682,2025-05-23,Europe,Silver,323.27,0.18
CUST-002683,2025-03-16,Asia Pacific,Gold,1783.26,0.1
CUST-002684,2024-09-10,Asia Pacific,Silver,497.13,0.18
CUST-002685,2026-02-08,Europe,Silver,240.89,0.18
CUST-002686,2024-11-15,Europe,Gold,940.59,0.1
CUST-002687,2026-03-13,North America,Gold,2487.83,0.1
CUST-002688,2024-09-19,Latin America,Silver,437.66,0.18
CUST-002689,2025-08-19,North America,Bronze,136.08,0.28
CUST-002690,2025-10-19,North America,Bronze,150.49,0.28
CUST-002691,2026-04-14,Asia Pacific,Silver,488.48,0.18
CUST-002692,2025-07-07,North America,Silver,384.88,0.18
CUST-002693,2025-01-08,North America,Bronze,256.43,0.28
CUST-002694,2025-09-28,Europe,Bronze,124.24,0.28
CUST-002695,2024-06-15,Europe,Silver,669.65,0.18
CUST-002696,2026-01-22,Asia Pacific,Bronze,310.94,0.28
CUST-002697,2025-04-03,Asia Pacific,Bronze,174.47,0.28
CUST-002698,2024-10-06,North America,Bronze,98.65,0.28
CUST-002699,2025-11-30,North America,Gold,1293.84,0.1
CUST-002700,2024-10-28,Asia Pacific,Silver,359.15,0.18
CUST-002701,2025-06-14,North America,Bronze,214.83,0.28
CUST-002702,2025-08-02,Europe,Bronze,162.96,0.28
CUST-002703,2024-08-05,North America,Silver,429.07,0.18
CUST-002704,2024-04-11,Europe,Gold,801.7,0.1
CUST-002705,2025-07-07,Europe,Silver,213.76,0.18
CUST-002706,2024-10-14,Europe,Bronze,108.42,0.28
CUST-002707,2024-06-15,Europe,Bronze,194.62,0.28
CUST-002708,2025-09-12,Europe,Gold,1925.99,0.1
CUST-002709,2024-02-05,North America,Bronze,132.5,0.28
CUST-002710,2026-01-13,North America,Silver,308.39,0.18
CUST-002711,2026-01-10,North America,Bronze,161.83,0.28
CUST-002712,2024-12-18,Europe,Bronze,197.56,0.28
CUST-002713,2025-11-06,Europe,Bronze,204.69,0.28
CUST-002714,2024-03-13,Europe,Silver,486.42,0.18
CUST-002715,2025-10-09,North America,Bronze,343.35,0.28
CUST-002716,2024-12-18,Asia Pacific,Bronze,249.18,0.28
CUST-002717,2024-03-10,Latin America,Bronze,91.98,0.28
CUST-002718,2025-02-28,North America,Bronze,83.4,0.28
CUST-002719,2025-12-08,North America,Bronze,95.44,0.28
CUST-002720,2026-02-19,North America,Bronze,239.36,0.28
CUST-002721,2025-07-14,Europe,Bronze,75.71,0.28
CUST-002722,2026-04-07,Europe,Gold,1441.01,0.1
CUST-002723,2025-10-03,North America,Silver,420.42,0.18
CUST-002724,2025-05-31,Asia Pacific,Bronze,91.17,0.28
CUST-002725,2025-03-03,North America,Bronze,165.7,0.28
CUST-002726,2025-06-22,Europe,Silver,419.33,0.18
CUST-002727,2024-06-08,Europe,Bronze,207.14,0.28
CUST-002728,2024-05-28,Asia Pacific,Bronze,78.24,0.28
CUST-002729,2026-02-14,North America,Silver,314.76,0.18
CUST-002730,2024-08-17,Latin America,Gold,846.12,0.1
CUST-002731,2025-12-12,Asia Pacific,Silver,586.34,0.18
CUST-002732,2025-07-15,North America,Bronze,136.4,0.28
CUST-002733,2024-03-07,North America,Gold,1924.45,0.1
CUST-002734,2026-03-22,Europe,Bronze,127.88,0.28
CUST-002735,2025-01-15,Asia Pacific,Gold,1310.73,0.1
CUST-002736,2024-02-27,Asia Pacific,Bronze,271.6,0.28
CUST-002737,2024-09-15,Europe,Bronze,73.81,0.28
CUST-002738,2024-12-07,Latin America,Silver,455.25,0.18
CUST-002739,2026-04-17,North America,Platinum,3456.07,0.05
CUST-002740,2024-05-09,North America,Gold,875.63,0.1
CUST-002741,2025-12-27,Latin America,Silver,421.45,0.18
CUST-002742,2024-06-20,Asia Pacific,Silver,509.85,0.18
CUST-002743,2026-02-08,Europe,Silver,333.87,0.18
CUST-002744,2025-09-05,Asia Pacific,Silver,460.08,0.18
CUST-002745,2024-07-27,Middle East & Africa,Gold,798.06,0.1
CUST-002746,2026-03-13,Asia Pacific,Bronze,138.23,0.28
CUST-002747,2024-12-19,Asia Pacific,Bronze,217.48,0.28
CUST-002748,2025-04-15,Asia Pacific,Platinum,5170.45,0.05
CUST-002749,2026-03-08,North America,Platinum,5594.98,0.05
CUST-002750,2024-04-25,Asia Pacific,Bronze,144.02,0.28
CUST-002751,2024-09-20,North America,Bronze,131.62,0.28
CUST-002752,2025-10-23,Latin America,Platinum,4701.8,0.05
CUST-002753,2026-03-22,Europe,Silver,717.66,0.18
CUST-002754,2025-03-17,Asia Pacific,Silver,465.27,0.18
CUST-002755,2025-07-01,Europe,Bronze,274.65,0.28
CUST-002756,2025-03-28,North America,Gold,1594.49,0.1
CUST-002757,2026-04-24,North America,Bronze,119.37,0.28
CUST-002758,2025-04-21,Middle East & Africa,Bronze,125.29,0.28
CUST-002759,2024-10-13,Middle East & Africa,Bronze,147.59,0.28
CUST-002760,2024-10-29,North America,Gold,640.27,0.1
CUST-002761,2024-11-06,Middle East & Africa,Silver,360.64,0.18
CUST-002762,2024-07-26,Asia Pacific,Gold,1893.92,0.1
CUST-002763,2025-09-09,Europe,Bronze,256.9,0.28
CUST-002764,2025-03-21,North America,Gold,1345.46,0.1
CUST-002765,2025-10-31,Latin America,Gold,1439.17,0.1
CUST-002766,2025-09-24,Europe,Gold,1060.09,0.1
CUST-002767,2024-02-24,Latin America,Platinum,2709.33,0.05
CUST-002768,2024-01-12,Asia Pacific,Bronze,188.44,0.28
CUST-002769,2025-10-18,Asia Pacific,Silver,377.41,0.18
CUST-002770,2025-02-03,Asia Pacific,Gold,2359.51,0.1
CUST-002771,2025-10-09,North America,Gold,1413.06,0.1
CUST-002772,2025-05-29,North America,Silver,537.73,0.18
CUST-002773,2025-10-17,North America,Bronze,98.18,0.28
CUST-002774,2025-06-25,North America,Silver,178.0,0.18
CUST-002775,2024-08-24,Europe,Silver,537.7,0.18
CUST-002776,2024-10-05,Asia Pacific,Bronze,122.96,0.28
CUST-002777,2024-12-13,Latin America,Gold,1778.75,0.1
CUST-002778,2025-09-18,North America,Bronze,104.12,0.28
CUST-002779,2024-04-13,Europe,Bronze,121.29,0.28
CUST-002780,2025-09-21,North America,Silver,704.18,0.18
CUST-002781,2025-05-31,North America,Silver,535.91,0.18
CUST-002782,2026-05-21,North America,Bronze,100.49,0.28
CUST-002783,2024-09-04,Asia Pacific,Bronze,152.05,0.28
CUST-002784,2024-12-29,North America,Bronze,321.22,0.28
CUST-002785,2024-11-16,Asia Pacific,Bronze,158.87,0.28
CUST-002786,2025-09-24,North America,Bronze,141.38,0.28
CUST-002787,2024-10-12,Latin America,Bronze,214.59,0.28
CUST-002788,2024-05-28,Asia Pacific,Bronze,172.7,0.28
CUST-002789,2024-03-24,Middle East & Africa,Silver,801.68,0.18
CUST-002790,2025-02-09,Latin America,Gold,1623.14,0.1
CUST-002791,2025-03-31,Latin America,Silver,646.69,0.18
CUST-002792,2026-01-12,Latin America,Silver,817.43,0.18
CUST-002793,2026-03-10,Asia Pacific,Bronze,133.09,0.28
CUST-002794,2024-06-09,North America,Gold,944.42,0.1
CUST-002795,2026-02-22,North America,Silver,262.68,0.18
CUST-002796,2025-04-04,North America,Silver,413.6,0.18
CUST-002797,2025-07-03,Europe,Bronze,88.87,0.28
CUST-002798,2025-05-14,Europe,Bronze,173.61,0.28
CUST-002799,2026-01-07,Latin America,Silver,352.08,0.18
CUST-002800,2025-05-23,Middle East & Africa,Bronze,220.43,0.28
CUST-002801,2025-10-15,Europe,Gold,1638.52,0.1
CUST-002802,2026-03-14,Europe,Bronze,128.35,0.28
CUST-002803,2025-04-25,Middle East & Africa,Bronze,221.66,0.28
CUST-002804,2025-10-24,North America,Silver,477.68,0.18
CUST-002805,2024-04-23,Asia Pacific,Gold,590.86,0.1
CUST-002806,2026-01-18,North America,Bronze,101.01,0.28
CUST-002807,2025-07-31,Asia Pacific,Silver,336.83,0.18
CUST-002808,2024-12-26,North America,Bronze,150.62,0.28
CUST-002809,2024-12-06,Latin America,Silver,379.03,0.18
CUST-002810,2026-02-08,Europe,Gold,971.15,0.1
CUST-002811,2026-01-30,North America,Gold,1513.93,0.1
CUST-002812,2025-03-24,North America,Bronze,205.49,0.28
CUST-002813,2026-04-22,Europe,Bronze,117.12,0.28
CUST-002814,2026-04-14,Middle East & Africa,Silver,320.33,0.18
CUST-002815,2024-06-28,Asia Pacific,Bronze,248.72,0.28
CUST-002816,2025-12-02,Europe,Silver,1339.0,0.18
CUST-002817,2025-02-10,North America,Silver,308.74,0.18
CUST-002818,2025-10-27,Europe,Bronze,214.24,0.28
CUST-002819,2024-07-14,Asia Pacific,Gold,1135.09,0.1
CUST-002820,2025-04-10,Asia Pacific,Bronze,196.57,0.28
CUST-002821,2024-11-06,North America,Platinum,2390.69,0.05
CUST-002822,2024-09-18,Asia Pacific,Gold,727.33,0.1
CUST-002823,2025-02-22,Asia Pacific,Silver,287.19,0.18
CUST-002824,2025-02-09,Middle East & Africa,Bronze,119.7,0.28
CUST-002825,2024-05-22,Latin America,Gold,1092.47,0.1
CUST-002826,2024-12-07,Asia Pacific,Gold,1751.32,0.1
CUST-002827,2024-11-11,Asia Pacific,Bronze,107.47,0.28
CUST-002828,2024-04-10,North America,Bronze,116.22,0.28
CUST-002829,2024-08-31,Asia Pacific,Bronze,344.76,0.28
CUST-002830,2025-05-04,Europe,Platinum,3575.53,0.05
CUST-002831,2024-01-12,North America,Gold,1345.07,0.1
CUST-002832,2024-08-26,Europe,Platinum,4715.64,0.05
CUST-002833,2025-07-14,Asia Pacific,Gold,973.15,0.1
CUST-002834,2024-02-11,North America,Silver,446.71,0.18
CUST-002835,2025-11-08,Europe,Bronze,131.85,0.28
CUST-002836,2025-08-16,Europe,Bronze,145.1,0.28
CUST-002837,2025-03-04,North America,Bronze,210.17,0.28
CUST-002838,2026-03-13,North America,Silver,589.41,0.18
CUST-002839,2024-06-06,Asia Pacific,Gold,481.62,0.1
CUST-002840,2024-08-03,Asia Pacific,Platinum,5216.96,0.05
CUST-002841,2025-10-31,North America,Bronze,130.63,0.28
CUST-002842,2025-04-06,Latin America,Silver,526.98,0.18
CUST-002843,2024-05-13,Asia Pacific,Silver,382.31,0.18
CUST-002844,2024-03-07,Europe,Silver,440.77,0.18
CUST-002845,2026-04-27,Asia Pacific,Silver,761.56,0.18
CUST-002846,2024-01-07,Middle East & Africa,Bronze,171.58,0.28
CUST-002847,2025-06-09,Europe,Platinum,5803.33,0.05
CUST-002848,2024-03-13,North America,Silver,440.92,0.18
CUST-002849,2025-02-02,Latin America,Gold,1127.9,0.1
CUST-002850,2025-02-08,Europe,Bronze,150.73,0.28
CUST-002851,2025-11-05,North America,Bronze,90.27,0.28
CUST-002852,2025-07-31,Europe,Bronze,51.12,0.28
CUST-002853,2026-05-08,Europe,Gold,878.12,0.1
CUST-002854,2024-05-09,Latin America,Platinum,5278.58,0.05
CUST-002855,2025-04-10,Europe,Bronze,264.77,0.28
CUST-002856,2024-07-24,North America,Gold,538.69,0.1
CUST-002857,2026-02-26,Asia Pacific,Silver,752.89,0.18
CUST-002858,2026-02-06,Europe,Bronze,118.36,0.28
CUST-002859,2024-09-22,North America,Silver,254.34,0.18
CUST-002860,2025-06-20,Europe,Gold,1833.11,0.1
CUST-002861,2026-03-03,Asia Pacific,Bronze,122.54,0.28
CUST-002862,2024-09-09,North America,Bronze,427.03,0.28
CUST-002863,2026-04-01,Europe,Silver,343.76,0.18
CUST-002864,2024-10-15,North America,Bronze,134.3,0.28
CUST-002865,2024-06-12,North America,Gold,811.98,0.1
CUST-002866,2024-04-04,Europe,Silver,477.81,0.18
CUST-002867,2026-02-20,North America,Bronze,206.33,0.28
CUST-002868,2026-04-12,Asia Pacific,Bronze,75.08,0.28
CUST-002869,2024-04-19,North America,Platinum,4549.8,0.05
CUST-002870,2024-12-01,Asia Pacific,Silver,382.14,0.18
CUST-002871,2026-04-01,North America,Silver,318.9,0.18
CUST-002872,2024-08-25,Middle East & Africa,Bronze,85.64,0.28
CUST-002873,2025-01-15,Europe,Gold,1774.95,0.1
CUST-002874,2025-03-11,Asia Pacific,Bronze,168.23,0.28
CUST-002875,2025-04-27,North America,Silver,356.53,0.18
CUST-002876,2024-01-25,Europe,Platinum,4780.51,0.05
CUST-002877,2025-10-14,North America,Bronze,185.41,0.28
CUST-002878,2024-04-26,Latin America,Silver,636.76,0.18
CUST-002879,2025-04-26,Europe,Bronze,289.13,0.28
CUST-002880,2025-01-26,Europe,Silver,490.91,0.18
CUST-002881,2025-06-20,Asia Pacific,Bronze,324.92,0.28
CUST-002882,2024-03-19,Europe,Gold,2124.11,0.1
CUST-002883,2025-08-02,Asia Pacific,Bronze,205.21,0.28
CUST-002884,2024-06-21,Asia Pacific,Silver,228.78,0.18
CUST-002885,2024-01-12,Asia Pacific,Gold,1253.87,0.1
CUST-002886,2026-03-10,Europe,Platinum,3862.42,0.05
CUST-002887,2024-05-07,Europe,Silver,490.52,0.18
CUST-002888,2025-08-30,North America,Silver,430.66,0.18
CUST-002889,2024-04-01,Asia Pacific,Bronze,194.23,0.28
CUST-002890,2025-10-14,Europe,Bronze,204.85,0.28
CUST-002891,2025-06-26,Europe,Silver,230.53,0.18
CUST-002892,2026-04-25,Latin America,Bronze,257.9,0.28
CUST-002893,2025-06-15,North America,Bronze,83.1,0.28
CUST-002894,2025-10-19,Latin America,Bronze,127.52,0.28
CUST-002895,2026-04-07,Middle East & Africa,Silver,315.52,0.18
CUST-002896,2025-03-22,Latin America,Bronze,112.38,0.28
CUST-002897,2025-01-24,Asia Pacific,Bronze,231.65,0.28
CUST-002898,2025-11-02,Europe,Bronze,157.48,0.28
CUST-002899,2026-05-10,North America,Silver,591.28,0.18
CUST-002900,2024-02-12,Asia Pacific,Silver,579.44,0.18
CUST-002901,2024-09-10,North America,Silver,209.19,0.18
CUST-002902,2024-05-09,North America,Gold,960.05,0.1
CUST-002903,2024-02-29,Asia Pacific,Bronze,202.36,0.28
CUST-002904,2025-10-24,North America,Bronze,195.07,0.28
CUST-002905,2025-04-11,Latin America,Bronze,74.29,0.28
CUST-002906,2024-10-13,Asia Pacific,Silver,679.43,0.18
CUST-002907,2025-05-31,Asia Pacific,Silver,575.75,0.18
CUST-002908,2025-04-11,Asia Pacific,Bronze,102.06,0.28
CUST-002909,2026-02-16,Latin America,Silver,529.91,0.18
CUST-002910,2024-12-10,Asia Pacific,Silver,410.59,0.18
CUST-002911,2025-10-03,Europe,Platinum,4261.19,0.05
CUST-002912,2025-01-16,North America,Silver,219.02,0.18
CUST-002913,2026-02-17,Latin America,Silver,390.8,0.18
CUST-002914,2025-11-20,Asia Pacific,Silver,721.65,0.18
CUST-002915,2024-09-09,Europe,Platinum,4341.81,0.05
CUST-002916,2024-02-25,North America,Platinum,4803.86,0.05
CUST-002917,2025-04-07,Europe,Silver,409.87,0.18
CUST-002918,2025-04-01,North America,Silver,563.96,0.18
CUST-002919,2024-03-23,Latin America,Silver,421.58,0.18
CUST-002920,2024-04-08,Middle East & Africa,Bronze,103.62,0.28
CUST-002921,2024-05-28,North America,Silver,406.83,0.18
CUST-002922,2024-11-24,Asia Pacific,Bronze,268.34,0.28
CUST-002923,2024-06-04,North America,Gold,1887.49,0.1
CUST-002924,2024-07-08,Asia Pacific,Silver,302.59,0.18
CUST-002925,2025-05-08,North America,Gold,1015.5,0.1
CUST-002926,2024-09-19,Asia Pacific,Silver,310.93,0.18
CUST-002927,2024-03-20,Europe,Silver,483.5,0.18
CUST-002928,2025-02-03,North America,Bronze,223.53,0.28
CUST-002929,2026-02-02,Europe,Silver,1014.31,0.18
CUST-002930,2025-08-31,North America,Silver,254.24,0.18
CUST-002931,2024-09-16,Europe,Bronze,211.45,0.28
CUST-002932,2026-02-10,North America,Gold,1196.32,0.1
CUST-002933,2025-09-06,Europe,Bronze,129.51,0.28
CUST-002934,2025-07-05,Latin America,Silver,309.55,0.18
CUST-002935,2026-02-23,Asia Pacific,Bronze,305.69,0.28
CUST-002936,2024-04-10,Latin America,Gold,625.49,0.1
CUST-002937,2024-12-24,Latin America,Bronze,123.31,0.28
CUST-002938,2025-01-14,North America,Silver,521.22,0.18
CUST-002939,2026-03-30,North America,Bronze,179.82,0.28
CUST-002940,2024-08-08,Europe,Bronze,246.99,0.28
CUST-002941,2026-03-30,Latin America,Gold,843.71,0.1
CUST-002942,2025-02-23,Middle East & Africa,Bronze,192.56,0.28
CUST-002943,2024-05-03,North America,Silver,438.81,0.18
CUST-002944,2025-02-25,Europe,Bronze,152.43,0.28
CUST-002945,2024-08-18,North America,Bronze,124.81,0.28
CUST-002946,2025-11-20,Asia Pacific,Silver,480.1,0.18
CUST-002947,2024-03-03,Europe,Silver,425.09,0.18
CUST-002948,2025-04-29,North America,Silver,390.23,0.18
CUST-002949,2025-09-19,Europe,Silver,364.73,0.18
CUST-002950,2025-12-03,Asia Pacific,Bronze,174.1,0.28
CUST-002951,2025-07-27,Asia Pacific,Bronze,88.08,0.28
CUST-002952,2026-02-06,North America,Bronze,138.89,0.28
CUST-002953,2025-04-27,Latin America,Gold,882.7,0.1
CUST-002954,2025-06-02,Europe,Gold,1142.43,0.1
CUST-002955,2024-06-03,Asia Pacific,Bronze,143.53,0.28
CUST-002956,2024-04-01,Asia Pacific,Bronze,212.17,0.28
CUST-002957,2025-06-09,North America,Bronze,195.24,0.28
CUST-002958,2025-03-30,North America,Platinum,3933.31,0.05
CUST-002959,2026-01-10,Asia Pacific,Gold,1285.84,0.1
CUST-002960,2025-08-20,North America,Bronze,138.97,0.28
CUST-002961,2025-10-06,Asia Pacific,Silver,413.85,0.18
CUST-002962,2025-05-24,Asia Pacific,Bronze,74.55,0.28
CUST-002963,2024-07-01,Asia Pacific,Silver,603.5,0.18
CUST-002964,2025-01-20,North America,Silver,500.63,0.18
CUST-002965,2025-07-27,North America,Bronze,242.45,0.28
CUST-002966,2025-12-31,Asia Pacific,Gold,961.27,0.1
CUST-002967,2025-02-08,North America,Silver,745.01,0.18
CUST-002968,2024-09-02,Asia Pacific,Bronze,138.92,0.28
CUST-002969,2026-01-11,Asia Pacific,Silver,357.8,0.18
CUST-002970,2025-08-13,Europe,Silver,834.99,0.18
CUST-002971,2025-10-22,Asia Pacific,Platinum,4048.39,0.05
CUST-002972,2025-10-11,North America,Bronze,292.67,0.28
CUST-002973,2025-04-15,North America,Bronze,160.59,0.28
CUST-002974,2026-04-05,Middle East & Africa,Silver,621.55,0.18
CUST-002975,2025-02-26,Middle East & Africa,Silver,679.07,0.18
CUST-002976,2024-03-05,Europe,Bronze,134.03,0.28
CUST-002977,2024-01-13,Latin America,Platinum,4019.63,0.05
CUST-002978,2024-07-31,Europe,Bronze,159.54,0.28
CUST-002979,2024-08-29,North America,Bronze,209.26,0.28
CUST-002980,2025-05-07,North America,Gold,783.63,0.1
CUST-002981,2024-07-31,Latin America,Bronze,190.77,0.28
CUST-002982,2025-11-23,North America,Bronze,216.77,0.28
CUST-002983,2024-12-03,Europe,Silver,342.44,0.18
CUST-002984,2024-06-21,Europe,Bronze,105.43,0.28
CUST-002985,2025-11-02,Asia Pacific,Platinum,1803.0,0.05
CUST-002986,2024-06-12,Europe,Silver,1033.43,0.18
CUST-002987,2025-04-09,North America,Silver,335.82,0.18
CUST-002988,2025-05-11,North America,Bronze,264.49,0.28
CUST-002989,2025-11-30,Europe,Bronze,138.03,0.28
CUST-002990,2025-01-29,Asia Pacific,Silver,698.22,0.18
CUST-002991,2025-12-03,Europe,Silver,567.72,0.18
CUST-002992,2024-11-03,Asia Pacific,Gold,2782.03,0.1
CUST-002993,2026-02-06,North America,Bronze,267.46,0.28
CUST-002994,2024-07-01,Latin America,Silver,490.04,0.18
CUST-002995,2025-09-20,Europe,Bronze,169.79,0.28
CUST-002996,2026-03-04,North America,Silver,590.46,0.18
CUST-002997,2025-05-24,Europe,Silver,1315.23,0.18
CUST-002998,2025-12-08,Asia Pacific,Bronze,154.12,0.28
CUST-002999,2025-06-29,Latin America,Silver,268.32,0.18
CUST-003000,2025-07-17,North America,Bronze,165.43,0.28
CUST-003001,2025-09-15,Asia Pacific,Silver,348.27,0.18
CUST-003002,2026-02-02,North America,Silver,489.68,0.18
CUST-003003,2025-08-16,North America,Bronze,237.72,0.28
CUST-003004,2026-01-13,Europe,Platinum,4281.89,0.05
CUST-003005,2024-08-14,Asia Pacific,Silver,354.95,0.18
CUST-003006,2026-01-14,Asia Pacific,Platinum,3227.17,0.05
CUST-003007,2026-01-02,North America,Bronze,97.92,0.28
CUST-003008,2025-03-11,North America,Platinum,5830.0,0.05
CUST-003009,2025-02-25,Europe,Bronze,208.28,0.28
CUST-003010,2025-07-07,North America,Silver,291.17,0.18
CUST-003011,2024-01-21,North America,Platinum,9594.32,0.05
CUST-003012,2025-07-07,North America,Bronze,137.53,0.28
CUST-003013,2025-01-31,Europe,Bronze,168.82,0.28
CUST-003014,2025-09-16,North America,Gold,1048.45,0.1
CUST-003015,2024-04-14,Europe,Silver,532.34,0.18
CUST-003016,2024-07-10,North America,Silver,467.25,0.18
CUST-003017,2024-01-17,North America,Bronze,85.76,0.28
CUST-003018,2024-04-29,Asia Pacific,Silver,719.57,0.18
CUST-003019,2025-01-27,North America,Bronze,107.7,0.28
CUST-003020,2025-02-28,Europe,Platinum,5051.11,0.05
CUST-003021,2024-05-08,North America,Silver,410.14,0.18
CUST-003022,2024-05-09,Europe,Silver,461.54,0.18
CUST-003023,2025-07-25,North America,Bronze,181.9,0.28
CUST-003024,2025-07-13,North America,Gold,1267.73,0.1
CUST-003025,2024-01-29,Europe,Silver,605.94,0.18
CUST-003026,2024-04-06,Latin America,Gold,903.97,0.1
CUST-003027,2024-01-10,North America,Bronze,227.1,0.28
CUST-003028,2024-08-29,Europe,Gold,794.62,0.1
CUST-003029,2026-04-05,Asia Pacific,Silver,312.35,0.18
CUST-003030,2024-08-19,Europe,Bronze,189.09,0.28
CUST-003031,2026-02-27,Asia Pacific,Bronze,228.25,0.28
CUST-003032,2024-10-10,North America,Bronze,168.03,0.28
CUST-003033,2025-12-15,Middle East & Africa,Bronze,272.47,0.28
CUST-003034,2026-01-28,Europe,Bronze,107.47,0.28
CUST-003035,2026-03-12,North America,Silver,282.34,0.18
CUST-003036,2026-02-14,Latin America,Silver,629.26,0.18
CUST-003037,2025-12-26,Europe,Silver,472.56,0.18
CUST-003038,2024-07-18,Europe,Bronze,207.08,0.28
CUST-003039,2024-03-19,Asia Pacific,Gold,795.42,0.1
CUST-003040,2026-05-04,Europe,Platinum,2931.38,0.05
CUST-003041,2026-05-05,North America,Bronze,301.19,0.28
CUST-003042,2024-06-21,Asia Pacific,Bronze,138.41,0.28
CUST-003043,2025-04-11,North America,Silver,796.2,0.18
CUST-003044,2025-08-03,Asia Pacific,Silver,613.98,0.18
CUST-003045,2025-02-19,Middle East & Africa,Silver,401.44,0.18
CUST-003046,2025-03-24,Europe,Silver,791.52,0.18
CUST-003047,2024-03-27,Europe,Bronze,170.92,0.28
CUST-003048,2024-04-10,North America,Gold,1206.51,0.1
CUST-003049,2024-01-08,North America,Bronze,145.28,0.28
CUST-003050,2026-04-24,Latin America,Bronze,178.78,0.28
CUST-003051,2024-07-18,North America,Bronze,95.52,0.28
CUST-003052,2025-05-19,Europe,Bronze,214.91,0.28
CUST-003053,2024-03-27,Asia Pacific,Silver,536.9,0.18
CUST-003054,2024-02-12,Latin America,Silver,358.09,0.18
CUST-003055,2025-01-19,Europe,Platinum,2107.23,0.05
CUST-003056,2025-09-12,Europe,Bronze,135.69,0.28
CUST-003057,2025-03-10,Asia Pacific,Platinum,3868.36,0.05
CUST-003058,2025-02-11,Middle East & Africa,Silver,478.97,0.18
CUST-003059,2025-04-27,Europe,Silver,477.79,0.18
CUST-003060,2025-10-25,Europe,Gold,1571.2,0.1
CUST-003061,2024-01-17,North America,Silver,284.0,0.18
CUST-003062,2025-10-06,North America,Bronze,146.13,0.28
CUST-003063,2024-05-27,Europe,Gold,1351.83,0.1
CUST-003064,2024-10-03,Latin America,Silver,541.06,0.18
CUST-003065,2024-08-19,Latin America,Silver,644.7,0.18
CUST-003066,2026-04-05,Middle East & Africa,Gold,1106.19,0.1
CUST-003067,2024-12-31,Europe,Bronze,153.23,0.28
CUST-003068,2024-08-15,Asia Pacific,Silver,334.5,0.18
CUST-003069,2025-10-12,Asia Pacific,Silver,525.6,0.18
CUST-003070,2025-03-11,Europe,Silver,317.69,0.18
CUST-003071,2025-02-02,North America,Bronze,188.69,0.28
CUST-003072,2024-07-29,Europe,Gold,1924.72,0.1
CUST-003073,2025-01-25,Latin America,Bronze,180.9,0.28
CUST-003074,2025-05-13,North America,Silver,751.87,0.18
CUST-003075,2025-06-23,Latin America,Gold,1000.93,0.1
CUST-003076,2025-07-16,North America,Bronze,92.87,0.28
CUST-003077,2025-05-05,Asia Pacific,Bronze,140.6,0.28
CUST-003078,2025-03-17,Europe,Bronze,117.33,0.28
CUST-003079,2024-09-17,Asia Pacific,Silver,369.4,0.18
CUST-003080,2026-02-11,Europe,Platinum,1439.12,0.05
CUST-003081,2024-12-15,Latin America,Silver,482.75,0.18
CUST-003082,2024-12-17,Europe,Bronze,151.3,0.28
CUST-003083,2025-06-03,North America,Silver,630.48,0.18
CUST-003084,2024-11-15,Europe,Silver,561.43,0.18
CUST-003085,2024-05-17,North America,Bronze,139.84,0.28
CUST-003086,2025-07-03,North America,Silver,648.32,0.18
CUST-003087,2025-09-14,Europe,Bronze,213.85,0.28
CUST-003088,2025-01-02,Latin America,Gold,987.6,0.1
CUST-003089,2024-08-07,Europe,Bronze,162.24,0.28
CUST-003090,2024-12-02,Asia Pacific,Bronze,274.47,0.28
CUST-003091,2024-08-10,Europe,Gold,1367.43,0.1
CUST-003092,2025-10-09,North America,Silver,323.88,0.18
CUST-003093,2026-02-06,Middle East & Africa,Bronze,95.74,0.28
CUST-003094,2024-12-25,Europe,Platinum,1943.0,0.05
CUST-003095,2024-11-24,Latin America,Silver,198.37,0.18
CUST-003096,2025-04-07,North America,Bronze,123.59,0.28
CUST-003097,2025-07-14,North America,Silver,419.65,0.18
CUST-003098,2026-03-14,Latin America,Gold,812.04,0.1
CUST-003099,2025-01-16,Asia Pacific,Silver,342.25,0.18
CUST-003100,2026-04-15,North America,Bronze,102.41,0.28
CUST-003101,2025-08-12,North America,Silver,239.19,0.18
CUST-003102,2025-09-08,Asia Pacific,Silver,420.44,0.18
CUST-003103,2024-06-17,Europe,Gold,1568.0,0.1
CUST-003104,2024-08-04,Asia Pacific,Bronze,122.32,0.28
CUST-003105,2025-01-12,North America,Silver,708.88,0.18
CUST-003106,2024-04-28,Europe,Bronze,159.48,0.28
CUST-003107,2024-07-08,Middle East & Africa,Silver,643.2,0.18
CUST-003108,2026-02-05,North America,Platinum,3544.66,0.05
CUST-003109,2025-01-04,Europe,Bronze,196.19,0.28
CUST-003110,2026-02-16,Asia Pacific,Bronze,85.31,0.28
CUST-003111,2024-05-28,North America,Silver,630.32,0.18
CUST-003112,2025-11-06,Europe,Silver,451.17,0.18
CUST-003113,2025-10-13,Europe,Bronze,232.71,0.28
CUST-003114,2026-05-08,Europe,Silver,406.81,0.18
CUST-003115,2025-05-02,Europe,Gold,2408.49,0.1
CUST-003116,2026-02-08,Europe,Silver,557.09,0.18
CUST-003117,2025-01-08,Europe,Silver,313.29,0.18
CUST-003118,2026-02-19,Europe,Bronze,235.54,0.28
CUST-003119,2025-11-23,Asia Pacific,Gold,785.98,0.1
CUST-003120,2024-06-08,North America,Bronze,96.07,0.28
CUST-003121,2024-12-16,Europe,Bronze,251.17,0.28
CUST-003122,2024-10-14,Middle East & Africa,Bronze,171.54,0.28
CUST-003123,2024-10-14,Europe,Silver,463.22,0.18
CUST-003124,2024-08-13,Asia Pacific,Gold,980.93,0.1
CUST-003125,2025-06-06,Europe,Bronze,209.21,0.28
CUST-003126,2025-06-05,Latin America,Gold,1076.4,0.1
CUST-003127,2026-02-21,Latin America,Gold,1300.8,0.1
CUST-003128,2024-09-29,North America,Silver,286.68,0.18
CUST-003129,2025-02-05,Europe,Gold,1172.63,0.1
CUST-003130,2024-07-01,Europe,Bronze,160.89,0.28
CUST-003131,2025-10-26,Europe,Bronze,185.74,0.28
CUST-003132,2025-05-02,North America,Gold,1373.6,0.1
CUST-003133,2026-04-06,Asia Pacific,Silver,393.79,0.18
CUST-003134,2026-04-25,North America,Bronze,168.09,0.28
CUST-003135,2024-05-03,Europe,Silver,666.16,0.18
CUST-003136,2025-09-17,Asia Pacific,Gold,662.78,0.1
CUST-003137,2026-02-28,North America,Silver,421.18,0.18
CUST-003138,2025-02-17,Latin America,Bronze,163.06,0.28
CUST-003139,2025-12-25,Asia Pacific,Silver,311.17,0.18
CUST-003140,2024-06-20,Europe,Gold,1740.56,0.1
CUST-003141,2024-10-14,Europe,Bronze,190.65,0.28
CUST-003142,2025-03-10,North America,Bronze,223.61,0.28
CUST-003143,2025-11-16,Asia Pacific,Silver,1067.55,0.18
CUST-003144,2024-04-22,North America,Silver,513.53,0.18
CUST-003145,2024-05-01,Asia Pacific,Bronze,133.94,0.28
CUST-003146,2025-06-27,Asia Pacific,Bronze,218.34,0.28
CUST-003147,2024-08-09,North America,Bronze,118.56,0.28
CUST-003148,2025-09-22,Latin America,Bronze,180.6,0.28
CUST-003149,2024-02-08,North America,Bronze,227.09,0.28
CUST-003150,2025-05-11,Latin America,Silver,627.74,0.18
CUST-003151,2026-02-18,North America,Silver,790.12,0.18
CUST-003152,2024-08-20,Europe,Silver,403.41,0.18
CUST-003153,2025-06-13,North America,Bronze,199.19,0.28
CUST-003154,2024-05-28,Asia Pacific,Bronze,155.67,0.28
CUST-003155,2025-01-31,Europe,Bronze,165.99,0.28
CUST-003156,2025-10-22,North America,Bronze,165.99,0.28
CUST-003157,2025-09-29,Europe,Bronze,186.08,0.28
CUST-003158,2024-10-28,Europe,Bronze,148.01,0.28
CUST-003159,2024-12-25,Asia Pacific,Platinum,1982.95,0.05
CUST-003160,2024-08-25,Latin America,Bronze,159.54,0.28
CUST-003161,2025-10-08,Europe,Platinum,4044.94,0.05
CUST-003162,2025-10-24,North America,Bronze,147.51,0.28
CUST-003163,2024-08-23,North America,Bronze,178.54,0.28
CUST-003164,2026-01-05,Europe,Gold,1142.17,0.1
CUST-003165,2024-07-21,Europe,Bronze,134.58,0.28
CUST-003166,2024-09-12,Europe,Bronze,261.67,0.28
CUST-003167,2025-08-20,North America,Platinum,8632.89,0.05
CUST-003168,2025-10-23,Europe,Silver,639.76,0.18
CUST-003169,2024-08-22,Middle East & Africa,Bronze,119.2,0.28
CUST-003170,2024-12-10,North America,Bronze,164.13,0.28
CUST-003171,2025-06-17,Europe,Gold,1274.23,0.1
CUST-003172,2026-05-09,Asia Pacific,Gold,1569.27,0.1
CUST-003173,2026-03-07,Asia Pacific,Silver,485.18,0.18
CUST-003174,2026-02-19,North America,Bronze,191.84,0.28
CUST-003175,2025-04-10,Europe,Gold,2453.89,0.1
CUST-003176,2026-02-08,Latin America,Bronze,71.76,0.28
CUST-003177,2025-06-24,North America,Bronze,122.5,0.28
CUST-003178,2024-07-31,Europe,Silver,660.51,0.18
CUST-003179,2025-04-07,North America,Bronze,147.37,0.28
CUST-003180,2025-03-11,Europe,Silver,570.41,0.18
CUST-003181,2024-10-09,Europe,Gold,1112.27,0.1
CUST-003182,2025-07-15,Asia Pacific,Gold,2239.81,0.1
CUST-003183,2025-08-29,North America,Bronze,238.69,0.28
CUST-003184,2025-04-07,Europe,Bronze,169.04,0.28
CUST-003185,2025-02-10,Europe,Bronze,293.04,0.28
CUST-003186,2024-03-28,Europe,Bronze,169.78,0.28
CUST-003187,2024-02-13,Asia Pacific,Silver,462.08,0.18
CUST-003188,2025-04-05,Europe,Bronze,270.08,0.28
CUST-003189,2024-10-04,Latin America,Bronze,85.71,0.28
CUST-003190,2025-11-13,Europe,Bronze,160.42,0.28
CUST-003191,2025-02-24,Europe,Bronze,172.76,0.28
CUST-003192,2025-12-01,Asia Pacific,Silver,411.66,0.18
CUST-003193,2024-12-18,North America,Silver,333.97,0.18
CUST-003194,2025-11-26,North America,Silver,437.24,0.18
CUST-003195,2025-05-29,Asia Pacific,Silver,245.95,0.18
CUST-003196,2025-12-03,Europe,Silver,837.66,0.18
CUST-003197,2025-09-21,Latin America,Bronze,284.86,0.28
CUST-003198,2024-01-19,Middle East & Africa,Bronze,154.46,0.28
CUST-003199,2024-01-23,Europe,Silver,397.37,0.18
CUST-003200,2025-02-16,Europe,Bronze,83.08,0.28
CUST-003201,2024-01-30,Europe,Bronze,115.48,0.28
CUST-003202,2026-03-17,North America,Platinum,6333.93,0.05
CUST-003203,2024-04-17,Asia Pacific,Bronze,150.49,0.28
CUST-003204,2025-01-01,Asia Pacific,Silver,366.4,0.18
CUST-003205,2024-10-07,Europe,Silver,458.45,0.18
CUST-003206,2024-05-07,North America,Bronze,120.89,0.28
CUST-003207,2024-08-16,North America,Bronze,79.84,0.28
CUST-003208,2024-04-20,North America,Silver,398.09,0.18
CUST-003209,2024-05-15,Asia Pacific,Bronze,98.75,0.28
CUST-003210,2024-12-27,North America,Bronze,178.01,0.28
CUST-003211,2024-07-04,Asia Pacific,Platinum,5073.71,0.05
CUST-003212,2025-10-17,Asia Pacific,Silver,338.46,0.18
CUST-003213,2025-08-06,Asia Pacific,Bronze,162.15,0.28
CUST-003214,2024-05-08,Europe,Bronze,149.07,0.28
CUST-003215,2026-05-25,Asia Pacific,Silver,335.11,0.18
CUST-003216,2024-09-17,Europe,Bronze,60.32,0.28
CUST-003217,2025-05-29,Asia Pacific,Bronze,99.56,0.28
CUST-003218,2025-03-24,Europe,Bronze,109.97,0.28
CUST-003219,2024-04-13,Europe,Bronze,158.85,0.28
CUST-003220,2025-04-27,Europe,Silver,495.97,0.18
CUST-003221,2024-08-11,North America,Silver,739.42,0.18
CUST-003222,2026-04-11,Europe,Bronze,99.21,0.28
CUST-003223,2026-05-23,Middle East & Africa,Bronze,108.06,0.28
CUST-003224,2026-05-15,North America,Bronze,115.9,0.28
CUST-003225,2025-05-05,North America,Silver,416.99,0.18
CUST-003226,2025-04-17,North America,Bronze,163.77,0.28
CUST-003227,2024-01-10,Europe,Bronze,178.16,0.28
CUST-003228,2025-02-08,North America,Platinum,1648.44,0.05
CUST-003229,2024-10-28,Europe,Bronze,241.93,0.28
CUST-003230,2024-08-18,North America,Platinum,4223.16,0.05
CUST-003231,2025-12-31,North America,Bronze,213.52,0.28
CUST-003232,2024-03-06,Asia Pacific,Bronze,57.69,0.28
CUST-003233,2024-04-21,North America,Silver,627.67,0.18
CUST-003234,2024-01-13,Middle East & Africa,Bronze,100.75,0.28
CUST-003235,2025-01-27,North America,Bronze,125.25,0.28
CUST-003236,2025-05-14,Europe,Bronze,266.2,0.28
CUST-003237,2025-08-20,North America,Platinum,4553.07,0.05
CUST-003238,2024-08-21,Europe,Bronze,114.43,0.28
CUST-003239,2025-08-24,Middle East & Africa,Silver,618.76,0.18
CUST-003240,2024-11-09,Latin America,Silver,519.87,0.18
CUST-003241,2025-07-19,North America,Silver,382.34,0.18
CUST-003242,2024-01-12,Europe,Silver,544.33,0.18
CUST-003243,2024-07-27,Europe,Bronze,128.94,0.28
CUST-003244,2024-01-14,North America,Bronze,175.11,0.28
CUST-003245,2025-09-24,North America,Bronze,174.22,0.28
CUST-003246,2025-02-21,Latin America,Bronze,183.46,0.28
CUST-003247,2025-03-12,Middle East & Africa,Bronze,323.88,0.28
CUST-003248,2025-01-11,Middle East & Africa,Bronze,218.93,0.28
CUST-003249,2024-01-20,Asia Pacific,Platinum,5221.34,0.05
CUST-003250,2025-08-09,Asia Pacific,Gold,971.96,0.1
CUST-003251,2026-01-24,North America,Bronze,81.75,0.28
CUST-003252,2026-01-04,North America,Bronze,139.15,0.28
CUST-003253,2024-03-10,North America,Bronze,123.48,0.28
CUST-003254,2026-04-03,Asia Pacific,Bronze,190.66,0.28
CUST-003255,2024-07-29,Asia Pacific,Bronze,138.6,0.28
CUST-003256,2024-04-10,Asia Pacific,Platinum,5949.18,0.05
CUST-003257,2025-11-28,Latin America,Bronze,74.81,0.28
CUST-003258,2024-05-11,Latin America,Bronze,134.14,0.28
CUST-003259,2025-09-14,Middle East & Africa,Bronze,174.12,0.28
CUST-003260,2025-01-15,North America,Platinum,2369.18,0.05
CUST-003261,2024-05-11,Asia Pacific,Gold,1723.48,0.1
CUST-003262,2024-01-20,Europe,Silver,637.91,0.18
CUST-003263,2025-06-19,North America,Bronze,126.23,0.28
CUST-003264,2024-08-14,Middle East & Africa,Bronze,432.76,0.28
CUST-003265,2024-06-02,Latin America,Bronze,95.92,0.28
CUST-003266,2026-03-15,North America,Bronze,87.54,0.28
CUST-003267,2026-01-11,North America,Gold,992.66,0.1
CUST-003268,2025-04-13,Asia Pacific,Bronze,161.86,0.28
CUST-003269,2026-04-01,Europe,Bronze,78.68,0.28
CUST-003270,2026-05-20,Latin America,Silver,576.48,0.18
CUST-003271,2025-02-08,North America,Bronze,401.32,0.28
CUST-003272,2024-07-20,North America,Silver,257.76,0.18
CUST-003273,2024-02-07,North America,Bronze,162.26,0.28
CUST-003274,2026-02-10,North America,Bronze,220.04,0.28
CUST-003275,2024-07-06,North America,Bronze,203.75,0.28
CUST-003276,2024-02-26,Latin America,Gold,2845.34,0.1
CUST-003277,2024-01-20,Europe,Bronze,124.32,0.28
CUST-003278,2024-09-29,Europe,Bronze,331.96,0.28
CUST-003279,2024-04-28,North America,Bronze,146.43,0.28
CUST-003280,2025-08-05,North America,Silver,366.93,0.18
CUST-003281,2025-05-30,Asia Pacific,Gold,2544.61,0.1
CUST-003282,2024-08-08,Europe,Bronze,129.48,0.28
CUST-003283,2025-06-09,Asia Pacific,Bronze,230.23,0.28
CUST-003284,2025-05-29,Europe,Platinum,2873.97,0.05
CUST-003285,2025-12-28,North America,Silver,270.33,0.18
CUST-003286,2026-01-10,Europe,Silver,270.63,0.18
CUST-003287,2024-12-01,North America,Bronze,198.92,0.28
CUST-003288,2025-11-28,Asia Pacific,Bronze,98.01,0.28
CUST-003289,2024-02-24,North America,Silver,413.73,0.18
CUST-003290,2025-05-14,Asia Pacific,Silver,347.03,0.18
CUST-003291,2026-02-04,North America,Silver,316.63,0.18
CUST-003292,2025-06-19,Asia Pacific,Bronze,110.82,0.28
CUST-003293,2024-06-10,Latin America,Silver,488.9,0.18
CUST-003294,2025-10-31,Europe,Gold,364.64,0.1
CUST-003295,2025-08-16,Europe,Platinum,4905.68,0.05
CUST-003296,2024-06-07,Middle East & Africa,Bronze,89.36,0.28
CUST-003297,2024-07-06,Europe,Silver,282.11,0.18
CUST-003298,2024-02-29,North America,Silver,252.56,0.18
CUST-003299,2026-03-27,North America,Gold,1336.41,0.1
CUST-003300,2024-11-14,Asia Pacific,Gold,2155.2,0.1
CUST-003301,2026-05-27,Asia Pacific,Platinum,3315.16,0.05
CUST-003302,2024-07-29,North America,Platinum,4168.34,0.05
CUST-003303,2025-02-09,North America,Bronze,186.08,0.28
CUST-003304,2025-10-25,Middle East & Africa,Silver,605.3,0.18
CUST-003305,2024-04-18,North America,Silver,301.21,0.18
CUST-003306,2024-03-16,Europe,Bronze,283.73,0.28
CUST-003307,2025-06-25,North America,Bronze,131.24,0.28
CUST-003308,2024-11-09,Asia Pacific,Bronze,167.85,0.28
CUST-003309,2024-04-26,North America,Gold,1130.13,0.1
CUST-003310,2026-05-17,Asia Pacific,Bronze,125.52,0.28
CUST-003311,2025-12-04,North America,Gold,1747.43,0.1
CUST-003312,2024-01-19,Asia Pacific,Silver,580.15,0.18
CUST-003313,2025-03-07,Asia Pacific,Silver,187.69,0.18
CUST-003314,2025-11-15,Europe,Bronze,177.38,0.28
CUST-003315,2026-01-09,Europe,Silver,1041.38,0.18
CUST-003316,2024-12-15,Europe,Bronze,161.57,0.28
CUST-003317,2024-07-01,North America,Bronze,122.28,0.28
CUST-003318,2024-04-22,Asia Pacific,Gold,1029.36,0.1
CUST-003319,2024-07-01,North America,Silver,359.41,0.18
CUST-003320,2025-04-25,Asia Pacific,Bronze,94.73,0.28
CUST-003321,2024-05-25,North America,Gold,1114.55,0.1
CUST-003322,2026-04-10,North America,Bronze,139.07,0.28
CUST-003323,2025-09-19,North America,Bronze,190.7,0.28
CUST-003324,2024-04-22,Europe,Silver,365.13,0.18
CUST-003325,2026-02-01,Europe,Bronze,335.29,0.28
CUST-003326,2025-04-20,Asia Pacific,Silver,309.38,0.18
CUST-003327,2026-02-01,North America,Silver,477.3,0.18
CUST-003328,2024-10-29,North America,Silver,333.69,0.18
CUST-003329,2026-04-04,Asia Pacific,Bronze,120.92,0.28
CUST-003330,2024-04-27,Asia Pacific,Bronze,134.14,0.28
CUST-003331,2026-03-23,North America,Bronze,162.74,0.28
CUST-003332,2024-06-09,Europe,Platinum,4825.55,0.05
CUST-003333,2025-02-04,Europe,Bronze,124.51,0.28
CUST-003334,2024-07-16,Asia Pacific,Bronze,82.43,0.28
CUST-003335,2024-09-16,Latin America,Gold,2075.45,0.1
CUST-003336,2025-10-21,Latin America,Gold,811.77,0.1
CUST-003337,2026-01-21,Asia Pacific,Gold,1087.33,0.1
CUST-003338,2024-02-16,North America,Platinum,3578.06,0.05
CUST-003339,2025-02-02,Asia Pacific,Bronze,143.99,0.28
CUST-003340,2025-12-10,Europe,Bronze,85.27,0.28
CUST-003341,2025-07-12,North America,Bronze,211.76,0.28
CUST-003342,2024-03-18,Europe,Bronze,48.59,0.28
CUST-003343,2024-05-03,Latin America,Silver,665.92,0.18
CUST-003344,2024-03-15,Latin America,Bronze,238.22,0.28
CUST-003345,2026-05-20,North America,Silver,645.82,0.18
CUST-003346,2024-05-16,Asia Pacific,Bronze,132.81,0.28
CUST-003347,2025-08-24,Asia Pacific,Bronze,157.97,0.28
CUST-003348,2025-02-03,North America,Silver,344.31,0.18
CUST-003349,2026-04-16,Europe,Bronze,154.18,0.28
CUST-003350,2025-05-19,Asia Pacific,Silver,578.77,0.18
CUST-003351,2025-05-14,Europe,Platinum,2258.6,0.05
CUST-003352,2025-07-26,North America,Gold,1137.24,0.1
CUST-003353,2024-05-17,Asia Pacific,Bronze,123.93,0.28
CUST-003354,2024-02-19,Latin America,Gold,1918.36,0.1
CUST-003355,2026-02-09,Asia Pacific,Bronze,102.95,0.28
CUST-003356,2025-09-10,Asia Pacific,Silver,578.08,0.18
CUST-003357,2025-09-16,Europe,Bronze,146.87,0.28
CUST-003358,2026-05-11,North America,Bronze,142.73,0.28
CUST-003359,2024-09-10,Europe,Platinum,4550.31,0.05
CUST-003360,2025-09-21,North America,Bronze,128.64,0.28
CUST-003361,2025-12-10,Latin America,Gold,1250.61,0.1
CUST-003362,2026-04-28,North America,Bronze,233.94,0.28
CUST-003363,2026-05-26,Europe,Gold,879.44,0.1
CUST-003364,2025-07-16,Europe,Platinum,3900.69,0.05
CUST-003365,2026-01-26,Latin America,Bronze,213.4,0.28
CUST-003366,2025-03-01,North America,Silver,542.41,0.18
CUST-003367,2025-06-30,North America,Silver,751.24,0.18
CUST-003368,2024-10-28,North America,Platinum,3336.18,0.05
CUST-003369,2025-08-03,Asia Pacific,Bronze,196.21,0.28
CUST-003370,2024-12-14,North America,Silver,699.48,0.18
CUST-003371,2026-04-11,North America,Bronze,76.25,0.28
CUST-003372,2024-02-18,North America,Bronze,127.48,0.28
CUST-003373,2024-03-14,Asia Pacific,Bronze,174.56,0.28
CUST-003374,2025-12-04,North America,Silver,650.33,0.18
CUST-003375,2024-09-17,North America,Gold,1322.78,0.1
CUST-003376,2024-12-21,North America,Bronze,262.25,0.28
CUST-003377,2025-08-04,Europe,Silver,363.43,0.18
CUST-003378,2025-08-24,Asia Pacific,Silver,274.59,0.18
CUST-003379,2024-09-16,Europe,Bronze,206.13,0.28
CUST-003380,2025-09-29,Latin America,Gold,1146.97,0.1
CUST-003381,2026-01-12,Middle East & Africa,Bronze,107.29,0.28
CUST-003382,2024-10-21,Europe,Bronze,297.08,0.28
CUST-003383,2025-10-02,Asia Pacific,Bronze,202.23,0.28
CUST-003384,2026-03-02,Asia Pacific,Gold,1557.03,0.1
CUST-003385,2024-11-08,Latin America,Platinum,6619.86,0.05
CUST-003386,2025-09-03,Europe,Bronze,128.48,0.28
CUST-003387,2026-04-17,Europe,Bronze,264.02,0.28
CUST-003388,2026-03-19,Europe,Silver,532.0,0.18
CUST-003389,2024-06-30,Latin America,Silver,355.45,0.18
CUST-003390,2025-11-16,North America,Silver,448.74,0.18
CUST-003391,2026-04-07,North America,Platinum,3771.21,0.05
CUST-003392,2024-12-29,Europe,Gold,1872.75,0.1
CUST-003393,2024-07-06,North America,Gold,699.29,0.1
CUST-003394,2025-07-22,Europe,Silver,223.6,0.18
CUST-003395,2025-06-26,North America,Bronze,109.47,0.28
CUST-003396,2025-08-18,North America,Silver,437.97,0.18
CUST-003397,2025-10-25,Latin America,Bronze,199.62,0.28
CUST-003398,2025-07-01,Europe,Bronze,124.9,0.28
CUST-003399,2025-12-25,Asia Pacific,Bronze,177.24,0.28
CUST-003400,2025-02-11,North America,Silver,854.49,0.18
CUST-003401,2026-05-25,North America,Silver,228.04,0.18
CUST-003402,2025-09-09,Asia Pacific,Silver,426.17,0.18
CUST-003403,2025-02-17,Asia Pacific,Bronze,394.82,0.28
CUST-003404,2024-12-07,Europe,Silver,338.65,0.18
CUST-003405,2024-08-07,Middle East & Africa,Bronze,108.19,0.28
CUST-003406,2024-06-11,Latin America,Silver,554.28,0.18
CUST-003407,2024-08-07,Middle East & Africa,Bronze,121.36,0.28
CUST-003408,2024-09-26,Europe,Gold,1845.29,0.1
CUST-003409,2025-09-23,North America,Gold,3229.59,0.1
CUST-003410,2026-04-27,Europe,Silver,463.66,0.18
CUST-003411,2025-02-03,Asia Pacific,Silver,1345.24,0.18
CUST-003412,2024-06-30,North America,Silver,375.43,0.18
CUST-003413,2025-09-09,Asia Pacific,Bronze,140.27,0.28
CUST-003414,2025-12-29,North America,Silver,306.53,0.18
CUST-003415,2024-07-23,Europe,Silver,375.85,0.18
CUST-003416,2025-08-04,North America,Silver,409.02,0.18
CUST-003417,2025-07-09,Asia Pacific,Bronze,177.01,0.28
CUST-003418,2026-04-20,North America,Gold,728.98,0.1
CUST-003419,2026-03-23,Asia Pacific,Bronze,121.95,0.28
CUST-003420,2024-08-15,Europe,Bronze,123.19,0.28
CUST-003421,2025-11-26,Asia Pacific,Platinum,5003.72,0.05
CUST-003422,2025-09-10,Middle East & Africa,Gold,1257.32,0.1
CUST-003423,2025-08-18,Asia Pacific,Bronze,157.18,0.28
CUST-003424,2026-04-29,Middle East & Africa,Gold,1240.64,0.1
CUST-003425,2024-09-06,North America,Bronze,74.65,0.28
CUST-003426,2026-05-24,North America,Silver,855.91,0.18
CUST-003427,2025-03-16,North America,Silver,310.84,0.18
CUST-003428,2025-06-16,North America,Silver,642.44,0.18
CUST-003429,2024-07-14,Asia Pacific,Silver,411.24,0.18
CUST-003430,2025-11-20,North America,Bronze,117.45,0.28
CUST-003431,2025-06-02,Europe,Bronze,227.72,0.28
CUST-003432,2024-03-10,Europe,Silver,279.16,0.18
CUST-003433,2025-09-30,Europe,Bronze,96.26,0.28
CUST-003434,2025-02-02,Europe,Platinum,3727.56,0.05
CUST-003435,2025-11-02,Asia Pacific,Silver,485.0,0.18
CUST-003436,2026-01-29,North America,Bronze,208.19,0.28
CUST-003437,2024-07-21,North America,Silver,599.37,0.18
CUST-003438,2024-05-27,Europe,Bronze,145.9,0.28
CUST-003439,2025-04-16,Asia Pacific,Bronze,156.4,0.28
CUST-003440,2025-10-16,Europe,Bronze,141.53,0.28
CUST-003441,2024-07-17,Latin America,Platinum,6171.24,0.05
CUST-003442,2025-03-01,Europe,Bronze,101.27,0.28
CUST-003443,2025-10-27,Europe,Bronze,151.91,0.28
CUST-003444,2025-05-06,North America,Bronze,204.07,0.28
CUST-003445,2024-05-21,Europe,Bronze,233.84,0.28
CUST-003446,2024-11-08,Asia Pacific,Bronze,114.84,0.28
CUST-003447,2024-06-13,North America,Gold,813.92,0.1
CUST-003448,2024-11-09,North America,Platinum,2130.14,0.05
CUST-003449,2024-01-21,Asia Pacific,Bronze,130.77,0.28
CUST-003450,2024-03-22,Europe,Silver,498.16,0.18
CUST-003451,2025-08-03,North America,Platinum,2897.62,0.05
CUST-003452,2024-05-10,Asia Pacific,Bronze,198.41,0.28
CUST-003453,2025-08-21,North America,Bronze,146.12,0.28
CUST-003454,2025-12-30,Latin America,Gold,1531.31,0.1
CUST-003455,2024-10-31,North America,Silver,477.29,0.18
CUST-003456,2025-01-05,Asia Pacific,Bronze,76.44,0.28
CUST-003457,2026-05-06,Europe,Bronze,94.7,0.28
CUST-003458,2026-05-02,Latin America,Bronze,238.29,0.28
CUST-003459,2025-01-18,North America,Bronze,103.12,0.28
CUST-003460,2025-03-20,Asia Pacific,Gold,1687.25,0.1
CUST-003461,2025-02-28,Europe,Silver,473.31,0.18
CUST-003462,2024-06-09,Europe,Silver,303.51,0.18
CUST-003463,2024-06-26,Europe,Bronze,202.45,0.28
CUST-003464,2025-09-20,Asia Pacific,Bronze,123.91,0.28
CUST-003465,2025-12-08,Latin America,Bronze,159.38,0.28
CUST-003466,2025-05-04,North America,Gold,1103.38,0.1
CUST-003467,2024-11-22,North America,Silver,152.56,0.18
CUST-003468,2025-08-20,Asia Pacific,Bronze,196.4,0.28
CUST-003469,2024-10-15,North America,Bronze,203.88,0.28
CUST-003470,2025-08-15,Middle East & Africa,Gold,984.81,0.1
CUST-003471,2025-10-25,Europe,Silver,581.84,0.18
CUST-003472,2025-07-26,Asia Pacific,Bronze,105.84,0.28
CUST-003473,2025-07-26,North America,Bronze,106.71,0.28
CUST-003474,2024-12-19,North America,Bronze,165.09,0.28
CUST-003475,2024-01-28,Asia Pacific,Gold,908.34,0.1
CUST-003476,2024-02-12,Latin America,Silver,427.34,0.18
CUST-003477,2025-11-11,Middle East & Africa,Silver,309.09,0.18
CUST-003478,2025-02-26,North America,Gold,717.84,0.1
CUST-003479,2025-08-20,North America,Platinum,3803.22,0.05
CUST-003480,2024-06-25,North America,Bronze,163.6,0.28
CUST-003481,2025-06-12,Latin America,Bronze,151.16,0.28
CUST-003482,2025-09-01,North America,Silver,400.61,0.18
CUST-003483,2025-05-08,North America,Bronze,113.2,0.28
CUST-003484,2024-07-16,North America,Gold,778.68,0.1
CUST-003485,2025-09-01,North America,Gold,766.56,0.1
CUST-003486,2025-07-30,Middle East & Africa,Silver,353.43,0.18
CUST-003487,2026-04-21,Europe,Bronze,225.69,0.28
CUST-003488,2026-05-02,North America,Bronze,164.52,0.28
CUST-003489,2025-05-31,North America,Bronze,173.25,0.28
CUST-003490,2025-05-28,North America,Gold,726.18,0.1
CUST-003491,2024-01-22,North America,Bronze,161.57,0.28
CUST-003492,2024-04-21,North America,Bronze,171.65,0.28
CUST-003493,2024-02-26,Asia Pacific,Bronze,282.87,0.28
CUST-003494,2024-03-06,North America,Platinum,3473.8,0.05
CUST-003495,2026-04-21,North America,Silver,384.42,0.18
CUST-003496,2024-04-07,Europe,Gold,883.17,0.1
CUST-003497,2024-05-23,Asia Pacific,Gold,1229.02,0.1
CUST-003498,2026-05-29,Europe,Silver,416.25,0.18
CUST-003499,2025-03-10,Asia Pacific,Bronze,235.01,0.28
CUST-003500,2025-09-28,Europe,Bronze,215.17,0.28
CUST-003501,2025-11-09,Asia Pacific,Silver,302.24,0.18
CUST-003502,2024-03-26,North America,Gold,1189.39,0.1
CUST-003503,2025-08-10,Latin America,Bronze,399.27,0.28
CUST-003504,2024-12-09,North America,Bronze,83.46,0.28
CUST-003505,2024-10-20,Europe,Silver,417.61,0.18
CUST-003506,2025-07-24,Asia Pacific,Bronze,202.68,0.28
CUST-003507,2025-10-11,Europe,Silver,409.2,0.18
CUST-003508,2025-09-02,Latin America,Bronze,131.87,0.28
CUST-003509,2025-12-04,Europe,Bronze,124.31,0.28
CUST-003510,2024-08-30,Latin America,Bronze,98.01,0.28
CUST-003511,2026-04-10,Asia Pacific,Silver,420.58,0.18
CUST-003512,2025-07-14,Middle East & Africa,Silver,678.35,0.18
CUST-003513,2024-02-01,Latin America,Bronze,90.19,0.28
CUST-003514,2025-01-25,Latin America,Gold,1335.09,0.1
CUST-003515,2024-10-03,Asia Pacific,Bronze,230.96,0.28
CUST-003516,2025-06-15,Europe,Bronze,148.77,0.28
CUST-003517,2024-06-02,North America,Silver,380.22,0.18
CUST-003518,2025-01-17,Asia Pacific,Bronze,196.44,0.28
CUST-003519,2024-03-08,Middle East & Africa,Silver,313.92,0.18
CUST-003520,2026-05-27,Asia Pacific,Platinum,4143.43,0.05
CUST-003521,2024-08-01,Latin America,Silver,421.0,0.18
CUST-003522,2025-10-16,Asia Pacific,Silver,461.42,0.18
CUST-003523,2025-01-10,North America,Silver,879.95,0.18
CUST-003524,2026-01-13,North America,Bronze,238.2,0.28
CUST-003525,2024-07-31,North America,Bronze,271.31,0.28
CUST-003526,2024-03-19,North America,Bronze,108.14,0.28
CUST-003527,2025-12-26,Europe,Platinum,2325.8,0.05
CUST-003528,2025-09-19,Middle East & Africa,Bronze,180.79,0.28
CUST-003529,2025-08-26,Asia Pacific,Silver,512.27,0.18
CUST-003530,2026-02-20,Europe,Platinum,1587.53,0.05
CUST-003531,2025-01-15,North America,Gold,1373.52,0.1
CUST-003532,2025-11-10,North America,Platinum,7938.21,0.05
CUST-003533,2024-02-27,Europe,Silver,961.09,0.18
CUST-003534,2026-03-06,North America,Bronze,113.38,0.28
CUST-003535,2024-01-26,North America,Gold,1594.78,0.1
CUST-003536,2026-05-30,Europe,Bronze,105.11,0.28
CUST-003537,2025-03-22,North America,Bronze,144.36,0.28
CUST-003538,2024-03-06,Latin America,Silver,324.13,0.18
CUST-003539,2026-01-29,North America,Silver,281.93,0.18
CUST-003540,2024-09-10,North America,Gold,1708.54,0.1
CUST-003541,2024-02-13,North America,Platinum,3924.98,0.05
CUST-003542,2024-04-06,North America,Gold,1433.28,0.1
CUST-003543,2025-07-07,Asia Pacific,Bronze,193.22,0.28
CUST-003544,2024-08-14,Asia Pacific,Silver,486.94,0.18
CUST-003545,2026-02-12,Europe,Gold,792.37,0.1
CUST-003546,2025-11-09,Asia Pacific,Platinum,3807.3,0.05
CUST-003547,2025-03-11,Europe,Bronze,137.48,0.28
CUST-003548,2026-03-01,Asia Pacific,Bronze,138.94,0.28
CUST-003549,2025-08-23,North America,Gold,822.72,0.1
CUST-003550,2025-01-13,Europe,Bronze,82.12,0.28
CUST-003551,2024-06-26,Asia Pacific,Silver,358.65,0.18
CUST-003552,2025-03-02,Asia Pacific,Bronze,186.56,0.28
CUST-003553,2025-12-09,Asia Pacific,Bronze,145.89,0.28
CUST-003554,2024-11-02,North America,Silver,918.29,0.18
CUST-003555,2026-02-17,North America,Bronze,146.12,0.28
CUST-003556,2025-05-18,Middle East & Africa,Silver,486.49,0.18
CUST-003557,2024-09-24,North America,Bronze,151.0,0.28
CUST-003558,2025-08-08,North America,Bronze,98.06,0.28
CUST-003559,2024-01-08,North America,Bronze,148.72,0.28
CUST-003560,2025-05-22,North America,Silver,293.51,0.18
CUST-003561,2025-04-20,North America,Bronze,145.95,0.28
CUST-003562,2024-10-23,Europe,Silver,222.58,0.18
CUST-003563,2024-06-12,Europe,Silver,437.67,0.18
CUST-003564,2025-04-29,Latin America,Silver,477.45,0.18
CUST-003565,2025-08-19,North America,Silver,491.42,0.18
CUST-003566,2024-03-12,North America,Bronze,84.51,0.28
CUST-003567,2025-07-20,Europe,Bronze,181.8,0.28
CUST-003568,2025-07-12,Europe,Silver,585.73,0.18
CUST-003569,2024-08-25,Europe,Bronze,102.24,0.28
CUST-003570,2024-04-13,Asia Pacific,Gold,1779.74,0.1
CUST-003571,2024-07-28,North America,Gold,1294.08,0.1
CUST-003572,2025-07-07,Asia Pacific,Bronze,146.43,0.28
CUST-003573,2026-04-07,Europe,Silver,564.76,0.18
CUST-003574,2025-04-12,North America,Platinum,6694.9,0.05
CUST-003575,2025-03-29,Latin America,Bronze,141.79,0.28
CUST-003576,2024-09-24,Europe,Silver,369.31,0.18
CUST-003577,2025-01-20,North America,Bronze,344.77,0.28
CUST-003578,2026-02-13,North America,Silver,419.93,0.18
CUST-003579,2026-04-27,North America,Gold,1389.55,0.1
CUST-003580,2025-01-21,Europe,Silver,419.86,0.18
CUST-003581,2026-05-26,North America,Silver,236.61,0.18
CUST-003582,2024-09-15,North America,Gold,1061.11,0.1
CUST-003583,2024-10-09,North America,Silver,701.85,0.18
CUST-003584,2025-09-17,Asia Pacific,Silver,325.49,0.18
CUST-003585,2026-05-24,Asia Pacific,Silver,762.47,0.18
CUST-003586,2024-02-09,Asia Pacific,Silver,610.76,0.18
CUST-003587,2025-04-30,North America,Gold,803.01,0.1
CUST-003588,2024-08-07,Latin America,Platinum,2161.92,0.05
CUST-003589,2024-05-08,Asia Pacific,Gold,733.04,0.1
CUST-003590,2025-06-03,Latin America,Silver,382.14,0.18
CUST-003591,2025-09-04,Europe,Bronze,97.01,0.28
CUST-003592,2025-11-18,Europe,Gold,1954.72,0.1
CUST-003593,2025-09-10,Asia Pacific,Silver,280.29,0.18
CUST-003594,2025-09-04,North America,Gold,839.99,0.1
CUST-003595,2024-09-16,Europe,Bronze,275.39,0.28
CUST-003596,2024-12-31,Asia Pacific,Gold,1079.99,0.1
CUST-003597,2026-01-27,Asia Pacific,Bronze,177.54,0.28
CUST-003598,2026-02-25,Middle East & Africa,Bronze,180.63,0.28
CUST-003599,2025-06-27,Asia Pacific,Silver,251.51,0.18
CUST-003600,2025-10-10,North America,Silver,620.4,0.18
CUST-003601,2025-06-07,North America,Bronze,191.7,0.28
CUST-003602,2026-03-24,Europe,Silver,584.2,0.18
CUST-003603,2024-01-16,Europe,Bronze,114.34,0.28
CUST-003604,2024-05-08,North America,Bronze,168.24,0.28
CUST-003605,2025-07-28,North America,Bronze,139.97,0.28
CUST-003606,2024-04-18,Europe,Gold,1245.55,0.1
CUST-003607,2025-06-16,Asia Pacific,Bronze,109.92,0.28
CUST-003608,2025-10-31,Middle East & Africa,Bronze,139.01,0.28
CUST-003609,2024-09-25,Asia Pacific,Silver,665.15,0.18
CUST-003610,2024-06-10,Asia Pacific,Bronze,69.42,0.28
CUST-003611,2024-09-16,Europe,Gold,1036.59,0.1
CUST-003612,2024-04-11,Middle East & Africa,Gold,1549.33,0.1
CUST-003613,2025-05-20,Europe,Gold,776.61,0.1
CUST-003614,2026-01-04,Latin America,Bronze,176.05,0.28
CUST-003615,2025-07-24,Latin America,Silver,542.87,0.18
CUST-003616,2024-09-03,Latin America,Silver,423.26,0.18
CUST-003617,2025-10-01,Europe,Bronze,169.21,0.28
CUST-003618,2026-03-05,North America,Bronze,287.75,0.28
CUST-003619,2026-04-16,North America,Silver,343.88,0.18
CUST-003620,2025-06-20,North America,Bronze,86.1,0.28
CUST-003621,2024-05-10,North America,Platinum,2953.44,0.05
CUST-003622,2024-12-18,North America,Gold,806.16,0.1
CUST-003623,2024-07-14,North America,Bronze,174.98,0.28
CUST-003624,2026-03-03,Europe,Bronze,125.01,0.28
CUST-003625,2025-10-27,Asia Pacific,Platinum,4472.77,0.05
CUST-003626,2025-01-16,North America,Bronze,168.53,0.28
CUST-003627,2025-10-06,Asia Pacific,Gold,912.32,0.1
CUST-003628,2024-08-14,Asia Pacific,Bronze,103.71,0.28
CUST-003629,2025-12-01,Europe,Gold,687.36,0.1
CUST-003630,2025-04-20,Latin America,Silver,685.27,0.18
CUST-003631,2025-04-21,North America,Bronze,185.01,0.28
CUST-003632,2024-09-21,North America,Bronze,127.27,0.28
CUST-003633,2025-01-06,Europe,Silver,573.5,0.18
CUST-003634,2025-04-30,North America,Gold,771.5,0.1
CUST-003635,2025-03-09,Europe,Bronze,105.71,0.28
CUST-003636,2025-10-07,Europe,Silver,304.71,0.18
CUST-003637,2024-07-29,North America,Bronze,167.55,0.28
CUST-003638,2025-07-25,North America,Gold,942.2,0.1
CUST-003639,2025-01-11,North America,Gold,670.78,0.1
CUST-003640,2025-01-29,Europe,Bronze,155.58,0.28
CUST-003641,2025-03-25,Europe,Bronze,188.64,0.28
CUST-003642,2024-12-29,North America,Bronze,142.06,0.28
CUST-003643,2026-05-25,North America,Silver,709.92,0.18
CUST-003644,2025-04-01,North America,Bronze,206.8,0.28
CUST-003645,2025-12-25,North America,Bronze,234.65,0.28
CUST-003646,2025-12-28,Latin America,Platinum,4788.77,0.05
CUST-003647,2024-08-13,North America,Silver,494.52,0.18
CUST-003648,2024-05-10,Asia Pacific,Silver,273.61,0.18
CUST-003649,2025-08-10,Latin America,Bronze,130.61,0.28
CUST-003650,2025-04-20,North America,Bronze,122.2,0.28
CUST-003651,2026-03-08,Europe,Bronze,105.13,0.28
CUST-003652,2024-10-03,Middle East & Africa,Silver,357.57,0.18
CUST-003653,2024-06-04,Asia Pacific,Silver,250.5,0.18
CUST-003654,2026-01-29,Europe,Gold,1708.98,0.1
CUST-003655,2024-08-05,Asia Pacific,Bronze,98.21,0.28
CUST-003656,2024-07-08,Asia Pacific,Bronze,207.67,0.28
CUST-003657,2025-02-20,North America,Gold,2040.14,0.1
CUST-003658,2025-11-05,Latin America,Bronze,110.41,0.28
CUST-003659,2025-11-22,Europe,Bronze,120.16,0.28
CUST-003660,2025-06-29,Europe,Bronze,183.1,0.28
CUST-003661,2024-02-10,Middle East & Africa,Gold,1007.76,0.1
CUST-003662,2024-11-02,Asia Pacific,Gold,871.45,0.1
CUST-003663,2024-12-03,Europe,Bronze,178.93,0.28
CUST-003664,2024-11-09,North America,Bronze,111.54,0.28
CUST-003665,2024-03-15,Europe,Silver,1058.22,0.18
CUST-003666,2024-10-05,Asia Pacific,Platinum,4381.75,0.05
CUST-003667,2024-06-24,Asia Pacific,Bronze,196.05,0.28
CUST-003668,2025-10-23,Middle East & Africa,Gold,1157.67,0.1
CUST-003669,2024-09-29,Latin America,Bronze,316.03,0.28
CUST-003670,2026-04-16,Europe,Bronze,111.45,0.28
CUST-003671,2025-09-11,North America,Bronze,203.34,0.28
CUST-003672,2025-10-12,Europe,Bronze,87.83,0.28
CUST-003673,2026-05-11,Asia Pacific,Bronze,375.43,0.28
CUST-003674,2026-02-21,Europe,Platinum,4858.47,0.05
CUST-003675,2026-05-08,Europe,Bronze,103.0,0.28
CUST-003676,2024-10-15,Europe,Bronze,185.1,0.28
CUST-003677,2025-12-24,North America,Bronze,229.46,0.28
CUST-003678,2024-09-28,North America,Gold,839.21,0.1
CUST-003679,2024-03-06,Europe,Gold,998.2,0.1
CUST-003680,2025-04-27,North America,Bronze,100.81,0.28
CUST-003681,2024-09-04,North America,Bronze,181.67,0.28
CUST-003682,2024-06-04,North America,Bronze,161.34,0.28
CUST-003683,2024-02-16,Europe,Silver,455.69,0.18
CUST-003684,2025-03-29,North America,Bronze,108.68,0.28
CUST-003685,2024-07-19,Asia Pacific,Silver,414.26,0.18
CUST-003686,2025-10-21,Europe,Silver,337.97,0.18
CUST-003687,2024-05-03,Asia Pacific,Silver,546.28,0.18
CUST-003688,2024-01-01,Asia Pacific,Bronze,98.44,0.28
CUST-003689,2026-01-28,North America,Bronze,108.97,0.28
CUST-003690,2026-05-04,Europe,Silver,623.51,0.18
CUST-003691,2025-10-01,Middle East & Africa,Silver,377.39,0.18
CUST-003692,2024-07-09,Asia Pacific,Bronze,303.38,0.28
CUST-003693,2025-08-01,Middle East & Africa,Gold,1297.9,0.1
CUST-003694,2025-05-30,Asia Pacific,Silver,217.88,0.18
CUST-003695,2025-03-17,North America,Bronze,88.32,0.28
CUST-003696,2026-03-25,North America,Bronze,118.45,0.28
CUST-003697,2026-03-16,Europe,Platinum,4710.72,0.05
CUST-003698,2024-05-22,Europe,Bronze,193.85,0.28
CUST-003699,2024-07-09,North America,Gold,988.93,0.1
CUST-003700,2025-06-16,Asia Pacific,Bronze,245.57,0.28
CUST-003701,2024-08-14,Europe,Bronze,171.08,0.28
CUST-003702,2024-11-08,North America,Silver,396.07,0.18
CUST-003703,2025-09-20,Asia Pacific,Bronze,239.82,0.28
CUST-003704,2024-10-28,Asia Pacific,Bronze,108.6,0.28
CUST-003705,2025-10-15,Europe,Bronze,187.29,0.28
CUST-003706,2025-04-04,Asia Pacific,Gold,1560.79,0.1
CUST-003707,2025-02-04,Latin America,Silver,576.3,0.18
CUST-003708,2025-07-04,Europe,Bronze,140.95,0.28
CUST-003709,2025-01-27,North America,Bronze,212.52,0.28
CUST-003710,2026-05-16,North America,Silver,940.0,0.18
CUST-003711,2026-02-02,Europe,Bronze,140.97,0.28
CUST-003712,2026-04-24,North America,Bronze,154.11,0.28
CUST-003713,2024-07-25,Middle East & Africa,Bronze,217.17,0.28
CUST-003714,2024-07-28,Asia Pacific,Silver,404.63,0.18
CUST-003715,2024-04-24,Asia Pacific,Bronze,133.41,0.28
CUST-003716,2026-01-06,Middle East & Africa,Silver,282.93,0.18
CUST-003717,2025-10-07,Latin America,Silver,225.79,0.18
CUST-003718,2024-09-07,North America,Platinum,2222.95,0.05
CUST-003719,2024-08-06,North America,Gold,1694.54,0.1
CUST-003720,2025-02-10,Asia Pacific,Bronze,99.44,0.28
CUST-003721,2025-03-18,Europe,Silver,546.67,0.18
CUST-003722,2025-08-25,Europe,Platinum,6340.11,0.05
CUST-003723,2024-12-19,Europe,Silver,479.48,0.18
CUST-003724,2025-07-11,Latin America,Bronze,105.39,0.28
CUST-003725,2025-07-03,Europe,Bronze,142.27,0.28
CUST-003726,2024-05-21,Asia Pacific,Gold,1396.9,0.1
CUST-003727,2025-09-03,North America,Bronze,174.97,0.28
CUST-003728,2025-05-15,Asia Pacific,Bronze,157.19,0.28
CUST-003729,2026-04-19,North America,Silver,579.36,0.18
CUST-003730,2025-12-02,Latin America,Gold,1789.9,0.1
CUST-003731,2025-06-30,North America,Bronze,123.8,0.28
CUST-003732,2025-10-20,Asia Pacific,Gold,2104.79,0.1
CUST-003733,2025-06-25,North America,Gold,1369.12,0.1
CUST-003734,2026-04-25,North America,Silver,184.77,0.18
CUST-003735,2025-05-21,Europe,Silver,417.43,0.18
CUST-003736,2025-08-18,Europe,Silver,419.82,0.18
CUST-003737,2026-05-30,North America,Platinum,5391.48,0.05
CUST-003738,2024-10-07,North America,Silver,356.65,0.18
CUST-003739,2025-02-27,Asia Pacific,Gold,1273.78,0.1
CUST-003740,2026-05-05,Asia Pacific,Bronze,85.03,0.28
CUST-003741,2024-09-26,North America,Bronze,107.61,0.28
CUST-003742,2024-06-02,Asia Pacific,Bronze,206.32,0.28
CUST-003743,2025-09-05,North America,Silver,276.08,0.18
CUST-003744,2025-12-27,Europe,Gold,1765.97,0.1
CUST-003745,2025-10-23,North America,Bronze,236.66,0.28
CUST-003746,2024-03-23,Europe,Bronze,246.46,0.28
CUST-003747,2025-09-13,North America,Bronze,278.32,0.28
CUST-003748,2025-03-01,Middle East & Africa,Bronze,204.53,0.28
CUST-003749,2024-10-01,North America,Bronze,177.83,0.28
CUST-003750,2025-12-13,North America,Bronze,192.19,0.28
CUST-003751,2024-10-10,North America,Gold,1234.71,0.1
CUST-003752,2024-06-21,Latin America,Bronze,129.18,0.28
CUST-003753,2024-11-22,Europe,Silver,612.34,0.18
CUST-003754,2025-12-18,Asia Pacific,Silver,538.55,0.18
CUST-003755,2024-03-03,Latin America,Silver,639.94,0.18
CUST-003756,2024-03-13,Latin America,Bronze,137.99,0.28
CUST-003757,2026-02-01,Asia Pacific,Gold,1143.5,0.1
CUST-003758,2025-09-27,North America,Silver,489.73,0.18
CUST-003759,2025-01-09,Asia Pacific,Bronze,142.59,0.28
CUST-003760,2025-09-24,North America,Bronze,467.48,0.28
CUST-003761,2025-05-22,Asia Pacific,Bronze,325.19,0.28
CUST-003762,2026-02-25,Asia Pacific,Gold,1202.06,0.1
CUST-003763,2025-02-01,Asia Pacific,Silver,427.05,0.18
CUST-003764,2024-04-29,Europe,Bronze,179.3,0.28
CUST-003765,2025-03-12,Europe,Bronze,126.33,0.28
CUST-003766,2026-04-08,Middle East & Africa,Gold,1003.82,0.1
CUST-003767,2025-11-06,North America,Gold,1220.77,0.1
CUST-003768,2025-04-09,North America,Silver,387.88,0.18
CUST-003769,2024-10-12,Europe,Silver,484.32,0.18
CUST-003770,2024-09-21,Middle East & Africa,Gold,1391.47,0.1
CUST-003771,2024-11-15,North America,Silver,126.01,0.18
CUST-003772,2025-11-03,North America,Bronze,69.41,0.28
CUST-003773,2025-01-10,North America,Bronze,106.86,0.28
CUST-003774,2026-03-30,North America,Gold,1342.04,0.1
CUST-003775,2024-03-29,Latin America,Bronze,110.21,0.28
CUST-003776,2025-10-15,Asia Pacific,Bronze,377.92,0.28
CUST-003777,2024-07-21,Asia Pacific,Gold,1716.3,0.1
CUST-003778,2026-03-31,Europe,Silver,984.92,0.18
CUST-003779,2026-01-08,Asia Pacific,Gold,1720.12,0.1
CUST-003780,2024-11-29,North America,Silver,238.82,0.18
CUST-003781,2024-08-09,Europe,Gold,752.83,0.1
CUST-003782,2024-02-10,Europe,Bronze,122.25,0.28
CUST-003783,2025-12-08,North America,Silver,278.9,0.18
CUST-003784,2024-03-08,Europe,Bronze,231.16,0.28
CUST-003785,2026-02-14,North America,Bronze,140.78,0.28
CUST-003786,2025-05-28,North America,Bronze,162.82,0.28
CUST-003787,2026-05-22,North America,Silver,780.45,0.18
CUST-003788,2025-09-28,Asia Pacific,Bronze,324.19,0.28
CUST-003789,2025-09-13,North America,Silver,403.71,0.18
CUST-003790,2025-08-20,Latin America,Bronze,86.9,0.28
CUST-003791,2025-09-23,North America,Bronze,93.25,0.28
CUST-003792,2024-05-06,Asia Pacific,Silver,712.66,0.18
CUST-003793,2024-09-11,Latin America,Platinum,3892.32,0.05
CUST-003794,2025-11-25,Latin America,Bronze,105.07,0.28
CUST-003795,2024-01-16,Latin America,Silver,597.31,0.18
CUST-003796,2025-04-21,North America,Platinum,2275.67,0.05
CUST-003797,2024-03-02,North America,Silver,221.47,0.18
CUST-003798,2026-05-30,Europe,Silver,201.57,0.18
CUST-003799,2025-03-07,North America,Bronze,84.12,0.28
CUST-003800,2025-10-31,North America,Silver,714.92,0.18
CUST-003801,2024-09-24,Latin America,Bronze,138.33,0.28
CUST-003802,2024-02-04,Europe,Silver,443.96,0.18
CUST-003803,2026-02-17,Europe,Gold,1293.19,0.1
CUST-003804,2025-07-29,Latin America,Silver,300.38,0.18
CUST-003805,2025-05-08,Asia Pacific,Bronze,123.81,0.28
CUST-003806,2025-07-15,Asia Pacific,Gold,1029.38,0.1
CUST-003807,2025-04-13,Asia Pacific,Silver,310.09,0.18
CUST-003808,2026-02-05,North America,Gold,988.06,0.1
CUST-003809,2025-10-22,Europe,Silver,428.63,0.18
CUST-003810,2024-11-20,Middle East & Africa,Bronze,135.84,0.28
CUST-003811,2024-10-30,Latin America,Silver,535.14,0.18
CUST-003812,2024-10-02,Latin America,Silver,370.55,0.18
CUST-003813,2026-05-18,Europe,Bronze,278.26,0.28
CUST-003814,2025-11-14,Latin America,Silver,297.72,0.18
CUST-003815,2024-07-19,North America,Silver,363.99,0.18
CUST-003816,2025-03-20,North America,Silver,526.82,0.18
CUST-003817,2024-11-19,Europe,Bronze,192.04,0.28
CUST-003818,2024-02-04,Europe,Silver,277.77,0.18
CUST-003819,2025-04-26,North America,Bronze,143.96,0.28
CUST-003820,2025-12-28,Europe,Bronze,206.53,0.28
CUST-003821,2025-04-24,North America,Bronze,79.01,0.28
CUST-003822,2024-03-05,Europe,Bronze,144.82,0.28
CUST-003823,2024-01-08,Asia Pacific,Bronze,82.75,0.28
CUST-003824,2024-10-27,Asia Pacific,Bronze,108.36,0.28
CUST-003825,2024-12-08,North America,Bronze,155.22,0.28
CUST-003826,2025-03-06,Europe,Platinum,3208.59,0.05
CUST-003827,2025-02-27,Asia Pacific,Silver,285.15,0.18
CUST-003828,2024-11-27,Europe,Silver,733.49,0.18
CUST-003829,2025-03-13,Europe,Platinum,3062.71,0.05
CUST-003830,2025-08-10,Europe,Gold,1495.23,0.1
CUST-003831,2024-06-22,Middle East & Africa,Gold,2188.09,0.1
CUST-003832,2025-07-12,North America,Bronze,114.44,0.28
CUST-003833,2025-06-10,Europe,Silver,575.65,0.18
CUST-003834,2026-05-22,Europe,Gold,1416.78,0.1
CUST-003835,2025-10-20,Europe,Gold,688.32,0.1
CUST-003836,2024-01-26,North America,Silver,729.34,0.18
CUST-003837,2026-03-30,North America,Bronze,156.18,0.28
CUST-003838,2025-08-27,North America,Platinum,2828.17,0.05
CUST-003839,2025-02-09,Middle East & Africa,Silver,235.43,0.18
CUST-003840,2024-08-19,Asia Pacific,Bronze,90.1,0.28
CUST-003841,2025-06-16,Asia Pacific,Bronze,143.63,0.28
CUST-003842,2026-03-29,Asia Pacific,Bronze,87.84,0.28
CUST-003843,2025-07-03,North America,Bronze,193.2,0.28
CUST-003844,2026-02-26,Latin America,Bronze,128.9,0.28
CUST-003845,2025-05-19,Europe,Platinum,1874.23,0.05
CUST-003846,2025-10-30,North America,Bronze,115.06,0.28
CUST-003847,2024-06-27,Asia Pacific,Silver,294.15,0.18
CUST-003848,2024-05-11,Asia Pacific,Gold,735.41,0.1
CUST-003849,2026-04-02,Asia Pacific,Silver,185.53,0.18
CUST-003850,2025-03-30,North America,Bronze,156.09,0.28
CUST-003851,2024-12-13,Middle East & Africa,Silver,307.27,0.18
CUST-003852,2025-06-23,Middle East & Africa,Bronze,317.76,0.28
CUST-003853,2026-02-10,Europe,Bronze,223.11,0.28
CUST-003854,2025-02-09,North America,Silver,864.23,0.18
CUST-003855,2024-03-16,North America,Gold,1597.67,0.1
CUST-003856,2025-08-01,Middle East & Africa,Silver,356.17,0.18
CUST-003857,2026-05-03,Europe,Bronze,170.76,0.28
CUST-003858,2025-05-06,Europe,Bronze,132.89,0.28
CUST-003859,2024-07-12,North America,Bronze,171.9,0.28
CUST-003860,2024-06-10,North America,Silver,642.75,0.18
CUST-003861,2024-12-12,Asia Pacific,Bronze,190.49,0.28
CUST-003862,2024-12-26,Europe,Gold,1204.01,0.1
CUST-003863,2026-02-07,Middle East & Africa,Bronze,154.0,0.28
CUST-003864,2025-08-06,Asia Pacific,Bronze,163.77,0.28
CUST-003865,2024-03-27,Asia Pacific,Silver,700.35,0.18
CUST-003866,2024-09-18,North America,Bronze,123.32,0.28
CUST-003867,2024-08-01,North America,Silver,405.76,0.18
CUST-003868,2025-10-26,Europe,Gold,979.55,0.1
CUST-003869,2025-12-22,North America,Bronze,158.47,0.28
CUST-003870,2025-07-26,North America,Bronze,193.51,0.28
CUST-003871,2026-02-18,Middle East & Africa,Platinum,3945.69,0.05
CUST-003872,2024-09-18,Europe,Silver,439.74,0.18
CUST-003873,2025-12-30,North America,Platinum,5375.61,0.05
CUST-003874,2024-10-09,North America,Bronze,109.17,0.28
CUST-003875,2025-10-09,North America,Bronze,82.33,0.28
CUST-003876,2025-04-11,Middle East & Africa,Bronze,170.59,0.28
CUST-003877,2025-01-14,North America,Bronze,147.6,0.28
CUST-003878,2024-12-27,North America,Silver,420.9,0.18
CUST-003879,2025-03-24,Asia Pacific,Bronze,88.49,0.28
CUST-003880,2025-03-16,North America,Silver,487.21,0.18
CUST-003881,2024-04-02,North America,Bronze,307.56,0.28
CUST-003882,2025-09-12,North America,Gold,704.48,0.1
CUST-003883,2026-01-22,North America,Bronze,140.86,0.28
CUST-003884,2026-05-16,North America,Bronze,154.6,0.28
CUST-003885,2025-02-27,North America,Silver,376.78,0.18
CUST-003886,2024-05-21,Asia Pacific,Bronze,160.2,0.28
CUST-003887,2024-10-17,North America,Silver,376.32,0.18
CUST-003888,2025-03-07,Asia Pacific,Bronze,159.5,0.28
CUST-003889,2026-01-18,Asia Pacific,Gold,1083.68,0.1
CUST-003890,2026-05-01,Europe,Silver,362.9,0.18
CUST-003891,2026-04-03,North America,Silver,436.34,0.18
CUST-003892,2025-11-19,North America,Platinum,4242.99,0.05
CUST-003893,2025-10-14,Asia Pacific,Platinum,1877.19,0.05
CUST-003894,2025-12-01,Europe,Silver,593.96,0.18
CUST-003895,2024-02-18,Asia Pacific,Silver,336.62,0.18
CUST-003896,2024-10-28,North America,Silver,576.29,0.18
CUST-003897,2026-05-30,Latin America,Bronze,114.75,0.28
CUST-003898,2024-07-08,North America,Platinum,4655.71,0.05
CUST-003899,2024-05-15,Europe,Silver,441.27,0.18
CUST-003900,2025-07-08,Europe,Bronze,103.43,0.28
CUST-003901,2025-02-07,North America,Bronze,125.85,0.28
CUST-003902,2026-05-14,Europe,Bronze,241.8,0.28
CUST-003903,2025-08-24,Asia Pacific,Bronze,153.14,0.28
CUST-003904,2026-03-17,Asia Pacific,Bronze,124.89,0.28
CUST-003905,2024-12-06,Latin America,Bronze,236.71,0.28
CUST-003906,2026-01-26,Europe,Bronze,211.18,0.28
CUST-003907,2025-12-04,Europe,Silver,321.55,0.18
CUST-003908,2024-11-13,North America,Bronze,138.22,0.28
CUST-003909,2025-09-09,Europe,Bronze,74.12,0.28
CUST-003910,2024-12-28,North America,Silver,637.8,0.18
CUST-003911,2026-04-01,Europe,Gold,1201.95,0.1
CUST-003912,2025-01-16,North America,Silver,588.34,0.18
CUST-003913,2024-08-20,Europe,Bronze,69.25,0.28
CUST-003914,2026-02-15,Europe,Silver,402.18,0.18
CUST-003915,2024-12-09,Latin America,Bronze,160.4,0.28
CUST-003916,2025-07-02,Europe,Bronze,64.29,0.28
CUST-003917,2026-03-27,Middle East & Africa,Bronze,195.03,0.28
CUST-003918,2025-07-06,Asia Pacific,Silver,395.39,0.18
CUST-003919,2025-06-12,Europe,Silver,223.04,0.18
CUST-003920,2026-05-05,Europe,Silver,366.3,0.18
CUST-003921,2026-02-27,North America,Bronze,180.06,0.28
CUST-003922,2026-03-29,Asia Pacific,Gold,832.83,0.1
CUST-003923,2025-07-24,Europe,Bronze,147.28,0.28
CUST-003924,2024-07-01,Middle East & Africa,Bronze,126.14,0.28
CUST-003925,2024-02-10,Europe,Bronze,67.56,0.28
CUST-003926,2025-07-04,Asia Pacific,Silver,577.54,0.18
CUST-003927,2025-01-31,Asia Pacific,Bronze,207.21,0.28
CUST-003928,2025-12-04,North America,Silver,712.47,0.18
CUST-003929,2026-02-17,North America,Gold,1204.33,0.1
CUST-003930,2025-05-08,Europe,Bronze,182.09,0.28
CUST-003931,2025-10-20,Europe,Silver,235.95,0.18
CUST-003932,2024-11-28,North America,Bronze,165.12,0.28
CUST-003933,2024-05-06,Latin America,Bronze,132.09,0.28
CUST-003934,2025-07-11,Europe,Bronze,145.45,0.28
CUST-003935,2025-07-10,Middle East & Africa,Platinum,2238.55,0.05
CUST-003936,2024-01-01,Asia Pacific,Bronze,235.03,0.28
CUST-003937,2024-06-16,Europe,Gold,619.98,0.1
CUST-003938,2025-09-11,Latin America,Bronze,167.24,0.28
CUST-003939,2024-01-19,Europe,Gold,831.37,0.1
CUST-003940,2024-11-27,Latin America,Gold,2800.4,0.1
CUST-003941,2025-08-06,Europe,Silver,594.31,0.18
CUST-003942,2025-03-31,Europe,Gold,1186.4,0.1
CUST-003943,2024-04-18,Europe,Bronze,99.43,0.28
CUST-003944,2024-09-24,Europe,Silver,642.43,0.18
CUST-003945,2025-03-20,Europe,Silver,121.92,0.18
CUST-003946,2024-08-27,Europe,Silver,524.75,0.18
CUST-003947,2024-10-27,North America,Gold,1471.78,0.1
CUST-003948,2025-08-24,Latin America,Bronze,179.71,0.28
CUST-003949,2024-04-12,Europe,Bronze,209.72,0.28
CUST-003950,2024-09-06,Europe,Bronze,119.66,0.28
CUST-003951,2025-03-28,Asia Pacific,Gold,1494.88,0.1
CUST-003952,2025-06-03,Asia Pacific,Platinum,2677.19,0.05
CUST-003953,2024-06-01,Middle East & Africa,Silver,322.82,0.18
CUST-003954,2026-05-08,Europe,Silver,297.77,0.18
CUST-003955,2024-06-22,North America,Silver,406.85,0.18
CUST-003956,2024-12-08,Europe,Silver,701.86,0.18
CUST-003957,2025-10-31,Europe,Bronze,297.87,0.28
CUST-003958,2025-03-06,Latin America,Silver,403.86,0.18
CUST-003959,2025-12-27,Europe,Silver,347.67,0.18
CUST-003960,2025-11-19,Middle East & Africa,Silver,765.88,0.18
CUST-003961,2025-11-17,Europe,Bronze,178.4,0.28
CUST-003962,2026-05-01,Middle East & Africa,Gold,1214.03,0.1
CUST-003963,2026-04-29,North America,Gold,771.06,0.1
CUST-003964,2025-10-19,Latin America,Silver,797.86,0.18
CUST-003965,2024-11-19,Latin America,Silver,467.18,0.18
CUST-003966,2025-11-03,Middle East & Africa,Silver,450.03,0.18
CUST-003967,2025-09-30,North America,Silver,558.87,0.18
CUST-003968,2025-02-23,North America,Bronze,151.32,0.28
CUST-003969,2025-08-16,Asia Pacific,Gold,2164.47,0.1
CUST-003970,2025-04-29,North America,Silver,674.5,0.18
CUST-003971,2025-10-20,North America,Silver,359.5,0.18
CUST-003972,2026-01-20,North America,Silver,465.92,0.18
CUST-003973,2025-02-15,Europe,Silver,356.05,0.18
CUST-003974,2024-03-24,Europe,Gold,2555.04,0.1
CUST-003975,2024-04-22,North America,Silver,337.0,0.18
CUST-003976,2026-01-06,North America,Gold,1144.21,0.1
CUST-003977,2024-11-27,Europe,Silver,520.51,0.18
CUST-003978,2025-01-12,Europe,Platinum,4284.7,0.05
CUST-003979,2026-01-24,North America,Gold,1571.69,0.1
CUST-003980,2025-10-16,Europe,Bronze,206.65,0.28
CUST-003981,2024-02-10,Latin America,Gold,1583.23,0.1
CUST-003982,2026-02-08,Middle East & Africa,Silver,378.44,0.18
CUST-003983,2026-03-07,Middle East & Africa,Platinum,2812.91,0.05
CUST-003984,2024-04-14,Latin America,Silver,456.93,0.18
CUST-003985,2024-07-20,Europe,Bronze,120.3,0.28
CUST-003986,2025-03-25,Asia Pacific,Bronze,115.3,0.28
CUST-003987,2026-03-29,Europe,Silver,380.11,0.18
CUST-003988,2026-04-22,Europe,Gold,2782.01,0.1
CUST-003989,2024-09-22,North America,Silver,834.45,0.18
CUST-003990,2024-07-28,Europe,Bronze,136.31,0.28
CUST-003991,2025-07-16,Europe,Silver,196.89,0.18
CUST-003992,2024-04-27,North America,Silver,355.36,0.18
CUST-003993,2025-12-13,Asia Pacific,Bronze,213.29,0.28
CUST-003994,2025-01-11,North America,Bronze,80.19,0.28
CUST-003995,2025-07-04,North America,Bronze,190.98,0.28
CUST-003996,2025-06-23,North America,Bronze,186.14,0.28
CUST-003997,2026-02-09,Europe,Bronze,151.04,0.28
CUST-003998,2024-03-24,North America,Bronze,147.76,0.28
CUST-003999,2025-03-29,Latin America,Gold,835.68,0.1
CUST-004000,2025-10-28,Europe,Bronze,198.22,0.28
CUST-004001,2025-09-20,Europe,Bronze,169.8,0.28
CUST-004002,2025-05-28,North America,Bronze,123.76,0.28
CUST-004003,2025-08-27,Europe,Silver,328.73,0.18
CUST-004004,2025-11-08,Asia Pacific,Silver,279.19,0.18
CUST-004005,2025-01-21,Europe,Bronze,174.03,0.28
CUST-004006,2024-12-15,Asia Pacific,Silver,415.03,0.18
CUST-004007,2024-10-22,Latin America,Silver,417.15,0.18
CUST-004008,2024-09-14,Latin America,Bronze,80.33,0.28
CUST-004009,2024-03-21,Asia Pacific,Silver,290.38,0.18
CUST-004010,2024-09-24,North America,Silver,278.01,0.18
CUST-004011,2025-02-22,Europe,Bronze,204.0,0.28
CUST-004012,2024-08-22,Europe,Silver,481.99,0.18
CUST-004013,2026-04-12,Asia Pacific,Gold,1071.57,0.1
CUST-004014,2024-11-06,Asia Pacific,Silver,700.27,0.18
CUST-004015,2026-03-23,Asia Pacific,Bronze,220.59,0.28
CUST-004016,2024-12-22,Asia Pacific,Gold,1867.3,0.1
CUST-004017,2024-07-31,North America,Silver,408.47,0.18
CUST-004018,2025-07-27,North America,Bronze,85.19,0.28
CUST-004019,2024-02-18,North America,Bronze,296.85,0.28
CUST-004020,2024-05-06,Latin America,Silver,554.98,0.18
CUST-004021,2024-08-10,Asia Pacific,Gold,1492.26,0.1
CUST-004022,2024-10-05,Asia Pacific,Bronze,196.56,0.28
CUST-004023,2025-02-11,Asia Pacific,Bronze,453.06,0.28
CUST-004024,2025-05-19,Asia Pacific,Silver,432.28,0.18
CUST-004025,2024-10-20,Latin America,Gold,2131.69,0.1
CUST-004026,2026-03-06,Asia Pacific,Bronze,106.65,0.28
CUST-004027,2024-10-03,Europe,Gold,1662.65,0.1
CUST-004028,2025-03-13,Asia Pacific,Silver,918.39,0.18
CUST-004029,2024-04-16,North America,Gold,1177.67,0.1
CUST-004030,2025-10-19,Asia Pacific,Silver,208.86,0.18
CUST-004031,2025-02-23,Europe,Bronze,188.19,0.28
CUST-004032,2025-09-02,North America,Silver,412.6,0.18
CUST-004033,2025-03-04,Asia Pacific,Gold,1682.07,0.1
CUST-004034,2025-01-09,Europe,Bronze,124.47,0.28
CUST-004035,2024-03-13,Middle East & Africa,Silver,1169.44,0.18
CUST-004036,2025-09-25,North America,Bronze,156.52,0.28
CUST-004037,2024-01-30,Europe,Bronze,205.83,0.28
CUST-004038,2024-07-06,Europe,Gold,804.48,0.1
CUST-004039,2024-12-29,North America,Bronze,93.75,0.28
CUST-004040,2026-05-15,Europe,Gold,714.32,0.1
CUST-004041,2026-03-10,North America,Bronze,89.53,0.28
CUST-004042,2025-03-26,North America,Platinum,4591.23,0.05
CUST-004043,2024-07-13,North America,Bronze,117.85,0.28
CUST-004044,2024-06-04,North America,Bronze,90.25,0.28
CUST-004045,2024-06-20,Asia Pacific,Bronze,113.52,0.28
CUST-004046,2026-04-26,North America,Gold,1590.07,0.1
CUST-004047,2024-02-10,Europe,Bronze,196.78,0.28
CUST-004048,2024-03-03,Asia Pacific,Bronze,223.5,0.28
CUST-004049,2024-01-23,Europe,Gold,1072.2,0.1
CUST-004050,2024-12-25,Latin America,Gold,2667.58,0.1
CUST-004051,2024-03-15,Asia Pacific,Gold,1849.89,0.1
CUST-004052,2025-07-13,Asia Pacific,Bronze,93.78,0.28
CUST-004053,2025-11-02,North America,Bronze,207.57,0.28
CUST-004054,2026-04-04,Asia Pacific,Silver,453.45,0.18
CUST-004055,2024-04-27,Asia Pacific,Silver,421.25,0.18
CUST-004056,2025-09-03,Europe,Bronze,150.59,0.28
CUST-004057,2025-01-14,North America,Bronze,114.92,0.28
CUST-004058,2025-11-09,Europe,Platinum,5240.21,0.05
CUST-004059,2024-10-16,Asia Pacific,Bronze,119.03,0.28
CUST-004060,2025-03-15,Europe,Silver,359.67,0.18
CUST-004061,2025-10-29,Asia Pacific,Silver,609.92,0.18
CUST-004062,2024-01-07,North America,Silver,1072.17,0.18
CUST-004063,2024-07-14,Asia Pacific,Silver,368.88,0.18
CUST-004064,2025-02-24,North America,Bronze,91.11,0.28
CUST-004065,2025-07-21,North America,Bronze,236.65,0.28
CUST-004066,2026-04-12,Europe,Gold,1297.37,0.1
CUST-004067,2024-07-11,North America,Bronze,183.38,0.28
CUST-004068,2025-07-12,North America,Gold,1216.59,0.1
CUST-004069,2024-05-27,North America,Silver,570.6,0.18
CUST-004070,2026-02-25,Europe,Silver,520.51,0.18
CUST-004071,2025-10-30,Latin America,Bronze,121.66,0.28
CUST-004072,2024-07-20,Asia Pacific,Bronze,198.78,0.28
CUST-004073,2025-03-19,Europe,Silver,549.65,0.18
CUST-004074,2025-02-22,North America,Bronze,129.3,0.28
CUST-004075,2025-03-02,Europe,Platinum,3265.97,0.05
CUST-004076,2025-04-23,Asia Pacific,Platinum,2555.91,0.05
CUST-004077,2025-04-19,North America,Bronze,180.44,0.28
CUST-004078,2024-05-05,North America,Bronze,181.23,0.28
CUST-004079,2025-01-29,North America,Bronze,147.69,0.28
CUST-004080,2026-03-27,Asia Pacific,Platinum,2219.48,0.05
CUST-004081,2026-05-30,Europe,Bronze,66.79,0.28
CUST-004082,2026-03-16,Asia Pacific,Bronze,136.74,0.28
CUST-004083,2025-07-29,North America,Silver,494.67,0.18
CUST-004084,2024-11-20,North America,Bronze,194.13,0.28
CUST-004085,2025-01-26,Europe,Bronze,235.98,0.28
CUST-004086,2025-11-18,Europe,Bronze,130.03,0.28
CUST-004087,2025-09-19,North America,Silver,238.99,0.18
CUST-004088,2025-03-15,North America,Bronze,122.14,0.28
CUST-004089,2024-07-22,North America,Silver,1077.67,0.18
CUST-004090,2025-04-30,North America,Gold,2316.4,0.1
CUST-004091,2026-04-12,North America,Silver,534.05,0.18
CUST-004092,2024-01-31,Middle East & Africa,Silver,378.65,0.18
CUST-004093,2025-01-22,Europe,Bronze,144.62,0.28
CUST-004094,2025-09-16,Europe,Bronze,297.83,0.28
CUST-004095,2026-05-26,Europe,Bronze,163.14,0.28
CUST-004096,2025-03-09,North America,Silver,386.47,0.18
CUST-004097,2026-04-16,North America,Bronze,254.97,0.28
CUST-004098,2025-01-10,Europe,Bronze,68.82,0.28
CUST-004099,2024-12-09,Europe,Bronze,100.36,0.28
CUST-004100,2025-03-18,North America,Bronze,108.71,0.28
CUST-004101,2025-08-01,Asia Pacific,Silver,671.76,0.18
CUST-004102,2024-03-15,Europe,Silver,359.58,0.18
CUST-004103,2025-07-10,North America,Bronze,73.8,0.28
CUST-004104,2026-02-10,North America,Silver,341.17,0.18
CUST-004105,2025-10-27,Europe,Silver,372.73,0.18
CUST-004106,2024-06-03,Asia Pacific,Silver,438.01,0.18
CUST-004107,2025-03-05,North America,Gold,1263.16,0.1
CUST-004108,2024-12-28,North America,Bronze,220.9,0.28
CUST-004109,2025-03-23,Europe,Bronze,132.4,0.28
CUST-004110,2024-08-21,North America,Silver,356.43,0.18
CUST-004111,2025-07-16,Asia Pacific,Platinum,3565.99,0.05
CUST-004112,2026-03-28,Europe,Silver,495.87,0.18
CUST-004113,2024-09-18,North America,Gold,943.45,0.1
CUST-004114,2026-04-06,North America,Gold,607.21,0.1
CUST-004115,2024-05-04,Europe,Silver,369.92,0.18
CUST-004116,2024-09-01,North America,Silver,621.55,0.18
CUST-004117,2025-06-25,North America,Bronze,145.34,0.28
CUST-004118,2025-04-29,Asia Pacific,Silver,740.1,0.18
CUST-004119,2024-05-01,North America,Silver,550.19,0.18
CUST-004120,2024-05-04,Europe,Silver,364.34,0.18
CUST-004121,2025-07-02,North America,Bronze,269.95,0.28
CUST-004122,2024-06-18,Europe,Bronze,105.95,0.28
CUST-004123,2024-05-03,North America,Gold,614.01,0.1
CUST-004124,2026-05-18,Middle East & Africa,Silver,516.4,0.18
CUST-004125,2024-02-04,Asia Pacific,Platinum,2557.97,0.05
CUST-004126,2024-03-27,North America,Bronze,146.64,0.28
CUST-004127,2025-10-07,Europe,Bronze,97.69,0.28
CUST-004128,2025-12-08,Europe,Bronze,150.27,0.28
CUST-004129,2026-02-24,Europe,Gold,1456.8,0.1
CUST-004130,2024-07-19,Asia Pacific,Bronze,193.19,0.28
CUST-004131,2025-01-03,Europe,Gold,761.1,0.1
CUST-004132,2026-03-07,North America,Bronze,87.27,0.28
CUST-004133,2024-03-17,Asia Pacific,Gold,1406.8,0.1
CUST-004134,2024-02-28,North America,Gold,1030.96,0.1
CUST-004135,2025-03-06,Asia Pacific,Gold,960.42,0.1
CUST-004136,2025-09-29,Asia Pacific,Bronze,143.11,0.28
CUST-004137,2025-05-14,North America,Silver,420.35,0.18
CUST-004138,2024-04-18,North America,Bronze,174.2,0.28
CUST-004139,2026-01-05,Asia Pacific,Bronze,182.3,0.28
CUST-004140,2024-10-04,Asia Pacific,Bronze,222.34,0.28
CUST-004141,2024-03-08,Europe,Silver,405.84,0.18
CUST-004142,2024-03-09,North America,Bronze,223.4,0.28
CUST-004143,2024-06-13,Europe,Gold,1517.9,0.1
CUST-004144,2025-05-03,North America,Bronze,212.69,0.28
CUST-004145,2024-10-31,North America,Bronze,96.34,0.28
CUST-004146,2025-11-04,North America,Bronze,143.94,0.28
CUST-004147,2024-12-30,North America,Gold,2561.05,0.1
CUST-004148,2026-05-03,Europe,Bronze,86.67,0.28
CUST-004149,2026-03-31,Middle East & Africa,Gold,2456.99,0.1
CUST-004150,2025-01-13,Asia Pacific,Silver,905.2,0.18
CUST-004151,2024-12-08,North America,Platinum,4690.54,0.05
CUST-004152,2025-07-07,Europe,Bronze,87.53,0.28
CUST-004153,2024-12-19,Europe,Silver,412.66,0.18
CUST-004154,2025-02-19,North America,Silver,617.87,0.18
CUST-004155,2024-04-18,Latin America,Gold,706.1,0.1
CUST-004156,2025-07-16,Europe,Bronze,196.59,0.28
CUST-004157,2026-01-31,Middle East & Africa,Gold,1252.97,0.1
CUST-004158,2025-05-11,Europe,Bronze,119.47,0.28
CUST-004159,2024-12-06,Europe,Silver,287.6,0.18
CUST-004160,2025-01-17,North America,Bronze,268.88,0.28
CUST-004161,2025-06-16,Europe,Bronze,204.66,0.28
CUST-004162,2024-10-26,North America,Bronze,140.42,0.28
CUST-004163,2024-05-18,Asia Pacific,Gold,1216.83,0.1
CUST-004164,2024-12-24,Asia Pacific,Platinum,3144.43,0.05
CUST-004165,2026-04-15,Asia Pacific,Bronze,72.79,0.28
CUST-004166,2025-05-13,Asia Pacific,Gold,2009.16,0.1
CUST-004167,2025-01-19,Asia Pacific,Silver,491.17,0.18
CUST-004168,2025-08-26,North America,Silver,659.18,0.18
CUST-004169,2024-10-06,Europe,Bronze,125.08,0.28
CUST-004170,2025-09-28,Asia Pacific,Silver,466.89,0.18
CUST-004171,2025-04-27,Europe,Bronze,170.48,0.28
CUST-004172,2024-04-20,Asia Pacific,Bronze,226.58,0.28
CUST-004173,2026-05-15,North America,Silver,921.91,0.18
CUST-004174,2024-05-18,North America,Gold,1043.75,0.1
CUST-004175,2025-03-10,Latin America,Silver,391.58,0.18
CUST-004176,2025-05-23,Europe,Platinum,3172.37,0.05
CUST-004177,2024-09-29,North America,Gold,945.35,0.1
CUST-004178,2024-04-08,Asia Pacific,Bronze,432.34,0.28
CUST-004179,2026-02-02,Latin America,Bronze,76.55,0.28
CUST-004180,2026-04-29,North America,Silver,1317.92,0.18
CUST-004181,2024-04-13,Asia Pacific,Platinum,4518.73,0.05
CUST-004182,2024-08-01,Latin America,Platinum,3386.28,0.05
CUST-004183,2026-01-30,Latin America,Gold,858.36,0.1
CUST-004184,2025-10-25,Latin America,Silver,442.77,0.18
CUST-004185,2026-01-31,Europe,Gold,957.74,0.1
CUST-004186,2026-02-25,Europe,Bronze,260.55,0.28
CUST-004187,2024-06-13,North America,Bronze,193.07,0.28
CUST-004188,2026-05-02,North America,Silver,877.97,0.18
CUST-004189,2025-06-03,Europe,Gold,1068.4,0.1
CUST-004190,2024-10-10,Europe,Platinum,3703.58,0.05
CUST-004191,2025-05-31,North America,Bronze,144.27,0.28
CUST-004192,2025-10-18,Europe,Gold,1033.34,0.1
CUST-004193,2025-09-04,North America,Gold,795.09,0.1
CUST-004194,2024-06-12,Asia Pacific,Silver,600.04,0.18
CUST-004195,2025-10-20,North America,Bronze,171.92,0.28
CUST-004196,2024-03-04,Europe,Silver,441.58,0.18
CUST-004197,2024-03-31,Europe,Silver,550.28,0.18
CUST-004198,2024-04-26,North America,Silver,381.61,0.18
CUST-004199,2026-05-15,Latin America,Silver,452.74,0.18
CUST-004200,2024-09-23,Europe,Gold,1694.07,0.1
CUST-004201,2026-04-01,North America,Bronze,223.65,0.28
CUST-004202,2025-11-15,North America,Bronze,276.42,0.28
CUST-004203,2025-07-12,North America,Silver,288.71,0.18
CUST-004204,2024-05-19,North America,Bronze,102.06,0.28
CUST-004205,2024-09-02,Europe,Platinum,2207.79,0.05
CUST-004206,2025-10-22,Europe,Bronze,115.74,0.28
CUST-004207,2026-01-27,Latin America,Silver,393.53,0.18
CUST-004208,2025-01-29,Asia Pacific,Gold,1429.24,0.1
CUST-004209,2025-05-01,North America,Bronze,239.0,0.28
CUST-004210,2025-04-20,North America,Gold,1025.09,0.1
CUST-004211,2025-05-31,Europe,Silver,566.14,0.18
CUST-004212,2024-07-02,North America,Bronze,250.09,0.28
CUST-004213,2024-01-20,North America,Gold,1000.22,0.1
CUST-004214,2025-07-11,Asia Pacific,Bronze,134.04,0.28
CUST-004215,2025-06-07,North America,Silver,462.06,0.18
CUST-004216,2025-08-04,Asia Pacific,Bronze,76.74,0.28
CUST-004217,2025-06-12,North America,Bronze,184.04,0.28
CUST-004218,2024-05-26,Middle East & Africa,Gold,741.1,0.1
CUST-004219,2025-10-27,Europe,Gold,1645.76,0.1
CUST-004220,2024-10-30,Asia Pacific,Bronze,126.25,0.28
CUST-004221,2025-09-11,North America,Silver,366.9,0.18
CUST-004222,2026-01-17,Latin America,Gold,811.28,0.1
CUST-004223,2026-03-30,Asia Pacific,Gold,1489.92,0.1
CUST-004224,2026-05-13,Asia Pacific,Silver,557.26,0.18
CUST-004225,2025-08-04,Europe,Gold,1000.26,0.1
CUST-004226,2025-11-25,Asia Pacific,Silver,923.63,0.18
CUST-004227,2026-01-31,North America,Silver,456.22,0.18
CUST-004228,2024-08-15,Europe,Platinum,3480.51,0.05
CUST-004229,2024-04-11,Asia Pacific,Bronze,153.6,0.28
CUST-004230,2025-08-09,Europe,Bronze,114.26,0.28
CUST-004231,2025-02-20,North America,Bronze,100.8,0.28
CUST-004232,2024-08-03,Europe,Bronze,129.18,0.28
CUST-004233,2025-02-10,Asia Pacific,Bronze,193.3,0.28
CUST-004234,2025-02-02,North America,Silver,214.59,0.18
CUST-004235,2025-12-15,North America,Silver,247.01,0.18
CUST-004236,2025-12-04,North America,Bronze,117.64,0.28
CUST-004237,2026-01-30,Asia Pacific,Bronze,73.19,0.28
CUST-004238,2025-05-13,North America,Bronze,85.11,0.28
CUST-004239,2026-01-23,Asia Pacific,Bronze,207.35,0.28
CUST-004240,2025-04-09,Europe,Silver,377.64,0.18
CUST-004241,2025-11-21,Asia Pacific,Bronze,106.94,0.28
CUST-004242,2025-12-31,Middle East & Africa,Platinum,3701.53,0.05
CUST-004243,2024-03-22,North America,Bronze,157.06,0.28
CUST-004244,2025-08-26,North America,Platinum,5576.74,0.05
CUST-004245,2025-11-17,Asia Pacific,Bronze,73.61,0.28
CUST-004246,2026-01-20,North America,Gold,828.4,0.1
CUST-004247,2026-02-10,North America,Silver,354.41,0.18
CUST-004248,2024-12-30,Asia Pacific,Gold,1403.23,0.1
CUST-004249,2024-06-11,Middle East & Africa,Silver,1430.82,0.18
CUST-004250,2024-02-17,Europe,Platinum,4425.2,0.05
CUST-004251,2025-05-25,North America,Silver,404.6,0.18
CUST-004252,2024-11-24,Europe,Gold,738.61,0.1
CUST-004253,2026-04-19,North America,Gold,702.54,0.1
CUST-004254,2024-04-25,Asia Pacific,Silver,645.81,0.18
CUST-004255,2026-04-28,Asia Pacific,Silver,327.45,0.18
CUST-004256,2024-12-02,Latin America,Bronze,130.19,0.28
CUST-004257,2026-05-30,North America,Gold,2328.51,0.1
CUST-004258,2026-01-06,Europe,Silver,226.65,0.18
CUST-004259,2026-05-13,North America,Silver,501.42,0.18
CUST-004260,2026-04-19,North America,Bronze,104.5,0.28
CUST-004261,2024-05-26,Asia Pacific,Silver,865.89,0.18
CUST-004262,2025-07-28,North America,Silver,309.15,0.18
CUST-004263,2026-03-16,Europe,Silver,588.05,0.18
CUST-004264,2024-11-18,Asia Pacific,Bronze,72.77,0.28
CUST-004265,2025-03-18,Middle East & Africa,Bronze,279.21,0.28
CUST-004266,2026-04-16,Asia Pacific,Bronze,216.7,0.28
CUST-004267,2024-01-13,Asia Pacific,Silver,360.24,0.18
CUST-004268,2025-05-08,Europe,Bronze,175.53,0.28
CUST-004269,2025-12-01,North America,Silver,659.96,0.18
CUST-004270,2024-10-13,Europe,Silver,478.37,0.18
CUST-004271,2025-12-20,Europe,Platinum,2996.2,0.05
CUST-004272,2024-04-23,Asia Pacific,Bronze,144.23,0.28
CUST-004273,2025-04-24,Europe,Bronze,156.75,0.28
CUST-004274,2024-01-22,Europe,Silver,460.26,0.18
CUST-004275,2024-12-14,North America,Silver,535.42,0.18
CUST-004276,2025-12-26,North America,Bronze,99.7,0.28
CUST-004277,2025-11-13,Asia Pacific,Gold,925.93,0.1
CUST-004278,2026-04-14,Europe,Silver,384.98,0.18
CUST-004279,2025-07-19,Asia Pacific,Bronze,181.1,0.28
CUST-004280,2026-03-20,Europe,Bronze,81.4,0.28
CUST-004281,2024-11-15,North America,Gold,1276.19,0.1
CUST-004282,2024-05-05,Asia Pacific,Bronze,204.99,0.28
CUST-004283,2024-10-03,Asia Pacific,Bronze,152.93,0.28
CUST-004284,2024-07-22,Europe,Bronze,154.58,0.28
CUST-004285,2024-07-12,Europe,Silver,398.71,0.18
CUST-004286,2025-11-11,Europe,Gold,1230.25,0.1
CUST-004287,2025-10-25,Asia Pacific,Bronze,125.74,0.28
CUST-004288,2025-06-30,Asia Pacific,Bronze,140.34,0.28
CUST-004289,2025-11-26,Asia Pacific,Bronze,125.71,0.28
CUST-004290,2024-10-12,Europe,Silver,418.84,0.18
CUST-004291,2024-02-26,Europe,Bronze,132.11,0.28
CUST-004292,2026-01-03,Europe,Gold,748.15,0.1
CUST-004293,2024-10-29,Asia Pacific,Bronze,82.14,0.28
CUST-004294,2024-06-11,Europe,Bronze,154.83,0.28
CUST-004295,2024-01-19,Europe,Bronze,190.98,0.28
CUST-004296,2025-01-04,North America,Gold,2234.5,0.1
CUST-004297,2024-09-20,Middle East & Africa,Silver,698.04,0.18
CUST-004298,2026-03-04,Asia Pacific,Platinum,5025.12,0.05
CUST-004299,2024-04-22,Europe,Bronze,164.4,0.28
CUST-004300,2025-05-02,Europe,Bronze,157.33,0.28
CUST-004301,2024-11-22,North America,Silver,328.19,0.18
CUST-004302,2025-06-25,North America,Silver,313.67,0.18
CUST-004303,2025-10-08,North America,Silver,485.63,0.18
CUST-004304,2025-08-01,Asia Pacific,Bronze,107.41,0.28
CUST-004305,2024-03-05,Latin America,Bronze,144.66,0.28
CUST-004306,2024-10-18,Europe,Bronze,55.23,0.28
CUST-004307,2024-01-25,Europe,Silver,542.45,0.18
CUST-004308,2025-07-02,Europe,Silver,297.48,0.18
CUST-004309,2024-01-01,North America,Gold,677.88,0.1
CUST-004310,2025-07-02,North America,Bronze,200.26,0.28
CUST-004311,2024-05-20,Asia Pacific,Gold,1763.94,0.1
CUST-004312,2026-01-13,Latin America,Bronze,145.02,0.28
CUST-004313,2025-10-09,Europe,Bronze,112.59,0.28
CUST-004314,2024-07-06,Asia Pacific,Platinum,4664.94,0.05
CUST-004315,2024-05-07,Latin America,Silver,330.84,0.18
CUST-004316,2024-07-19,North America,Silver,422.5,0.18
CUST-004317,2024-05-06,Asia Pacific,Silver,771.68,0.18
CUST-004318,2024-09-13,Europe,Bronze,174.29,0.28
CUST-004319,2025-11-06,Europe,Silver,441.77,0.18
CUST-004320,2025-06-30,North America,Gold,1074.62,0.1
CUST-004321,2024-07-12,Asia Pacific,Bronze,152.65,0.28
CUST-004322,2025-12-03,Asia Pacific,Silver,500.52,0.18
CUST-004323,2024-04-13,North America,Gold,764.99,0.1
CUST-004324,2025-06-18,Europe,Bronze,243.21,0.28
CUST-004325,2024-09-21,North America,Bronze,124.88,0.28
CUST-004326,2026-03-12,Latin America,Bronze,138.22,0.28
CUST-004327,2025-01-18,Europe,Silver,623.09,0.18
CUST-004328,2024-09-16,Asia Pacific,Gold,1133.98,0.1
CUST-004329,2025-02-17,Europe,Silver,640.12,0.18
CUST-004330,2024-12-23,North America,Bronze,147.2,0.28
CUST-004331,2024-03-15,North America,Silver,468.24,0.18
CUST-004332,2024-12-20,North America,Gold,1307.96,0.1
CUST-004333,2025-08-06,North America,Bronze,174.2,0.28
CUST-004334,2026-02-09,Europe,Gold,1500.99,0.1
CUST-004335,2024-07-06,North America,Gold,1827.81,0.1
CUST-004336,2025-11-15,Europe,Bronze,223.11,0.28
CUST-004337,2024-10-16,Europe,Bronze,109.22,0.28
CUST-004338,2024-02-14,Europe,Silver,805.07,0.18
CUST-004339,2025-07-26,Asia Pacific,Silver,227.93,0.18
CUST-004340,2024-03-23,Europe,Gold,932.24,0.1
CUST-004341,2024-05-02,Middle East & Africa,Silver,425.87,0.18
CUST-004342,2024-12-23,North America,Bronze,94.08,0.28
CUST-004343,2025-06-11,Europe,Bronze,167.77,0.28
CUST-004344,2024-03-06,Europe,Gold,1613.27,0.1
CUST-004345,2025-10-18,Europe,Bronze,112.8,0.28
CUST-004346,2025-01-09,Asia Pacific,Silver,541.65,0.18
CUST-004347,2024-06-10,Europe,Bronze,209.64,0.28
CUST-004348,2026-01-15,Europe,Bronze,69.16,0.28
CUST-004349,2025-01-14,Europe,Bronze,160.83,0.28
CUST-004350,2025-10-17,Middle East & Africa,Bronze,174.16,0.28
CUST-004351,2024-12-23,Latin America,Silver,311.8,0.18
CUST-004352,2024-07-06,North America,Bronze,93.01,0.28
CUST-004353,2024-11-17,North America,Platinum,2658.21,0.05
CUST-004354,2025-03-25,Asia Pacific,Silver,417.56,0.18
CUST-004355,2025-04-18,Middle East & Africa,Silver,333.28,0.18
CUST-004356,2024-01-13,North America,Bronze,187.33,0.28
CUST-004357,2024-07-02,Europe,Silver,533.63,0.18
CUST-004358,2024-04-20,Latin America,Bronze,174.34,0.28
CUST-004359,2025-05-22,Asia Pacific,Platinum,5789.47,0.05
CUST-004360,2024-10-16,North America,Silver,582.56,0.18
CUST-004361,2024-10-21,Europe,Bronze,168.0,0.28
CUST-004362,2025-03-26,Latin America,Silver,275.72,0.18
CUST-004363,2024-08-02,Asia Pacific,Bronze,238.32,0.28
CUST-004364,2025-09-23,Asia Pacific,Bronze,248.96,0.28
CUST-004365,2025-07-20,Asia Pacific,Gold,1051.99,0.1
CUST-004366,2024-01-27,North America,Bronze,108.52,0.28
CUST-004367,2025-09-21,Asia Pacific,Silver,608.55,0.18
CUST-004368,2026-01-02,North America,Platinum,1689.83,0.05
CUST-004369,2024-08-18,Latin America,Bronze,175.91,0.28
CUST-004370,2025-07-18,Europe,Bronze,272.97,0.28
CUST-004371,2026-03-17,Latin America,Bronze,128.79,0.28
CUST-004372,2024-11-16,North America,Bronze,165.26,0.28
CUST-004373,2024-08-20,Europe,Bronze,156.19,0.28
CUST-004374,2025-10-31,North America,Gold,1821.48,0.1
CUST-004375,2025-03-12,Asia Pacific,Gold,1252.03,0.1
CUST-004376,2026-02-19,Asia Pacific,Silver,392.35,0.18
CUST-004377,2025-06-16,Asia Pacific,Bronze,81.69,0.28
CUST-004378,2025-02-06,Europe,Gold,1246.1,0.1
CUST-004379,2024-02-22,North America,Silver,437.61,0.18
CUST-004380,2026-02-25,Latin America,Bronze,66.47,0.28
CUST-004381,2024-11-08,Asia Pacific,Bronze,100.28,0.28
CUST-004382,2024-10-07,Asia Pacific,Bronze,118.11,0.28
CUST-004383,2025-12-26,Asia Pacific,Platinum,2756.03,0.05
CUST-004384,2024-01-31,Asia Pacific,Silver,444.95,0.18
CUST-004385,2024-12-02,Europe,Silver,430.67,0.18
CUST-004386,2024-07-01,Asia Pacific,Silver,438.84,0.18
CUST-004387,2024-01-23,Europe,Silver,1111.07,0.18
CUST-004388,2025-06-27,Latin America,Bronze,125.72,0.28
CUST-004389,2025-03-21,Asia Pacific,Silver,317.82,0.18
CUST-004390,2024-03-14,North America,Gold,2245.93,0.1
CUST-004391,2024-01-10,Europe,Bronze,269.4,0.28
CUST-004392,2025-04-28,North America,Platinum,2270.22,0.05
CUST-004393,2025-03-31,North America,Bronze,243.72,0.28
CUST-004394,2025-07-19,Europe,Bronze,71.66,0.28
CUST-004395,2025-07-17,Latin America,Silver,1418.57,0.18
CUST-004396,2025-10-21,North America,Gold,2448.45,0.1
CUST-004397,2024-06-08,Europe,Silver,556.7,0.18
CUST-004398,2024-01-14,Latin America,Silver,634.4,0.18
CUST-004399,2024-06-26,Asia Pacific,Silver,537.4,0.18
CUST-004400,2025-02-15,Europe,Silver,345.72,0.18
CUST-004401,2026-05-27,Asia Pacific,Bronze,241.99,0.28
CUST-004402,2024-02-22,Europe,Bronze,258.04,0.28
CUST-004403,2025-02-11,North America,Bronze,112.14,0.28
CUST-004404,2026-04-26,North America,Bronze,148.09,0.28
CUST-004405,2024-01-22,North America,Bronze,91.59,0.28
CUST-004406,2024-01-30,Europe,Silver,441.5,0.18
CUST-004407,2025-12-03,Latin America,Silver,404.32,0.18
CUST-004408,2024-09-16,Asia Pacific,Bronze,247.55,0.28
CUST-004409,2024-07-23,Europe,Bronze,284.57,0.28
CUST-004410,2024-02-28,Europe,Bronze,98.02,0.28
CUST-004411,2025-04-15,North America,Bronze,204.03,0.28
CUST-004412,2026-02-14,Asia Pacific,Bronze,213.26,0.28
CUST-004413,2025-04-10,Asia Pacific,Silver,223.65,0.18
CUST-004414,2024-01-12,North America,Bronze,220.66,0.28
CUST-004415,2025-09-22,North America,Silver,249.14,0.18
CUST-004416,2024-10-16,Europe,Silver,366.78,0.18
CUST-004417,2026-04-29,Europe,Bronze,104.61,0.28
CUST-004418,2026-01-29,Europe,Bronze,80.01,0.28
CUST-004419,2024-12-19,Europe,Bronze,233.26,0.28
CUST-004420,2025-09-30,Europe,Bronze,102.9,0.28
CUST-004421,2024-03-15,North America,Bronze,128.01,0.28
CUST-004422,2026-05-22,Europe,Gold,1196.73,0.1
CUST-004423,2025-12-16,Europe,Bronze,201.91,0.28
CUST-004424,2025-07-14,Latin America,Platinum,2375.74,0.05
CUST-004425,2025-08-13,Middle East & Africa,Bronze,182.3,0.28
CUST-004426,2025-03-16,Latin America,Gold,1094.1,0.1
CUST-004427,2024-08-28,Asia Pacific,Silver,300.67,0.18
CUST-004428,2026-05-10,Europe,Bronze,225.62,0.28
CUST-004429,2024-06-02,Asia Pacific,Bronze,344.47,0.28
CUST-004430,2026-02-24,Latin America,Silver,488.25,0.18
CUST-004431,2024-04-05,North America,Gold,940.57,0.1
CUST-004432,2025-12-26,Europe,Bronze,111.76,0.28
CUST-004433,2024-10-20,Asia Pacific,Bronze,207.1,0.28
CUST-004434,2024-07-27,Asia Pacific,Bronze,150.81,0.28
CUST-004435,2024-12-08,North America,Bronze,98.07,0.28
CUST-004436,2024-03-28,Europe,Platinum,1778.0,0.05
CUST-004437,2026-03-28,Asia Pacific,Silver,524.13,0.18
CUST-004438,2026-02-14,Europe,Bronze,90.42,0.28
CUST-004439,2025-01-24,Asia Pacific,Bronze,127.69,0.28
CUST-004440,2024-11-20,Europe,Bronze,287.76,0.28
CUST-004441,2026-04-11,Latin America,Gold,860.59,0.1
CUST-004442,2024-06-05,Europe,Gold,1829.05,0.1
CUST-004443,2025-10-29,Europe,Bronze,99.7,0.28
CUST-004444,2025-10-12,North America,Bronze,212.83,0.28
CUST-004445,2025-09-24,North America,Platinum,4405.34,0.05
CUST-004446,2025-07-30,Europe,Bronze,182.35,0.28
CUST-004447,2025-09-10,Europe,Bronze,117.59,0.28
CUST-004448,2025-10-20,Europe,Bronze,193.52,0.28
CUST-004449,2024-05-16,North America,Bronze,174.25,0.28
CUST-004450,2025-11-04,Asia Pacific,Bronze,319.2,0.28
CUST-004451,2025-03-03,Asia Pacific,Platinum,2735.68,0.05
CUST-004452,2025-03-27,North America,Silver,752.68,0.18
CUST-004453,2025-09-03,Europe,Bronze,104.63,0.28
CUST-004454,2026-04-29,Asia Pacific,Bronze,136.34,0.28
CUST-004455,2026-03-29,Europe,Silver,348.57,0.18
CUST-004456,2024-05-20,North America,Bronze,123.03,0.28
CUST-004457,2024-03-23,Asia Pacific,Bronze,140.85,0.28
CUST-004458,2024-06-25,North America,Bronze,267.02,0.28
CUST-004459,2024-07-16,North America,Silver,540.18,0.18
CUST-004460,2025-09-15,North America,Bronze,245.74,0.28
CUST-004461,2025-07-21,Europe,Bronze,150.88,0.28
CUST-004462,2025-11-21,North America,Bronze,250.57,0.28
CUST-004463,2025-02-24,Latin America,Bronze,164.26,0.28
CUST-004464,2025-02-04,North America,Platinum,2552.47,0.05
CUST-004465,2025-11-28,North America,Silver,686.53,0.18
CUST-004466,2025-04-15,Europe,Bronze,271.56,0.28
CUST-004467,2024-08-05,North America,Bronze,193.63,0.28
CUST-004468,2026-04-07,Europe,Silver,627.41,0.18
CUST-004469,2025-12-29,North America,Bronze,250.21,0.28
CUST-004470,2025-09-23,North America,Gold,1077.13,0.1
CUST-004471,2024-06-23,North America,Silver,337.67,0.18
CUST-004472,2024-01-23,Europe,Bronze,173.42,0.28
CUST-004473,2025-12-25,North America,Platinum,6982.06,0.05
CUST-004474,2024-08-22,Asia Pacific,Bronze,169.21,0.28
CUST-004475,2024-01-13,Europe,Bronze,192.97,0.28
CUST-004476,2024-04-10,Europe,Silver,463.65,0.18
CUST-004477,2025-06-19,Europe,Gold,1350.06,0.1
CUST-004478,2026-05-25,Europe,Silver,364.32,0.18
CUST-004479,2025-06-06,Latin America,Silver,560.35,0.18
CUST-004480,2026-02-23,North America,Bronze,213.1,0.28
CUST-004481,2025-03-27,North America,Silver,246.72,0.18
CUST-004482,2025-03-06,North America,Bronze,82.28,0.28
CUST-004483,2026-03-03,North America,Silver,223.12,0.18
CUST-004484,2025-08-28,North America,Bronze,270.65,0.28
CUST-004485,2025-12-13,Asia Pacific,Bronze,103.62,0.28
CUST-004486,2025-06-16,Europe,Platinum,4028.74,0.05
CUST-004487,2026-05-01,Middle East & Africa,Bronze,306.32,0.28
CUST-004488,2025-12-23,North America,Bronze,171.34,0.28
CUST-004489,2025-10-13,North America,Bronze,184.26,0.28
CUST-004490,2024-10-19,Middle East & Africa,Bronze,107.06,0.28
CUST-004491,2026-03-20,Asia Pacific,Silver,514.16,0.18
CUST-004492,2024-04-10,Europe,Bronze,100.75,0.28
CUST-004493,2025-05-16,Europe,Bronze,70.06,0.28
CUST-004494,2024-10-30,Asia Pacific,Bronze,153.17,0.28
CUST-004495,2026-05-20,Europe,Bronze,170.54,0.28
CUST-004496,2025-06-23,North America,Bronze,121.42,0.28
CUST-004497,2025-07-06,Asia Pacific,Bronze,111.27,0.28
CUST-004498,2024-12-20,Europe,Bronze,137.73,0.28
CUST-004499,2024-10-29,North America,Bronze,112.16,0.28
CUST-004500,2025-05-10,Europe,Gold,1614.79,0.1
CUST-004501,2025-10-19,Europe,Gold,1434.85,0.1
CUST-004502,2026-02-06,Latin America,Bronze,287.68,0.28
CUST-004503,2024-08-14,North America,Bronze,130.12,0.28
CUST-004504,2024-08-23,Latin America,Silver,462.75,0.18
CUST-004505,2026-05-22,Europe,Silver,482.35,0.18
CUST-004506,2025-03-30,Europe,Platinum,3014.9,0.05
CUST-004507,2024-01-13,North America,Bronze,67.85,0.28
CUST-004508,2024-07-28,Asia Pacific,Silver,537.43,0.18
CUST-004509,2026-01-10,Latin America,Gold,3053.38,0.1
CUST-004510,2025-01-31,Europe,Bronze,223.72,0.28
CUST-004511,2024-04-09,North America,Bronze,328.29,0.28
CUST-004512,2024-01-31,Europe,Bronze,214.72,0.28
CUST-004513,2025-06-11,Asia Pacific,Bronze,141.15,0.28
CUST-004514,2025-10-10,North America,Bronze,190.81,0.28
CUST-004515,2024-11-24,Europe,Gold,1840.94,0.1
CUST-004516,2024-06-14,Europe,Bronze,79.07,0.28
CUST-004517,2025-04-03,North America,Bronze,179.21,0.28
CUST-004518,2026-04-01,Europe,Gold,1153.67,0.1
CUST-004519,2024-04-09,North America,Bronze,270.86,0.28
CUST-004520,2025-09-12,Asia Pacific,Bronze,174.09,0.28
CUST-004521,2026-05-04,Europe,Bronze,56.07,0.28
CUST-004522,2024-06-21,Europe,Bronze,178.86,0.28
CUST-004523,2026-01-18,Europe,Bronze,65.75,0.28
CUST-004524,2024-06-10,North America,Gold,1997.64,0.1
CUST-004525,2025-12-28,Asia Pacific,Bronze,110.33,0.28
CUST-004526,2026-02-14,Europe,Silver,286.27,0.18
CUST-004527,2024-09-19,Europe,Bronze,110.19,0.28
CUST-004528,2026-03-14,Europe,Platinum,2448.05,0.05
CUST-004529,2024-09-30,Europe,Silver,422.83,0.18
CUST-004530,2024-01-03,North America,Gold,850.54,0.1
CUST-004531,2024-01-28,North America,Bronze,132.99,0.28
CUST-004532,2024-11-21,North America,Gold,647.53,0.1
CUST-004533,2024-05-28,Asia Pacific,Gold,1085.09,0.1
CUST-004534,2025-06-23,North America,Silver,794.95,0.18
CUST-004535,2025-05-02,North America,Bronze,125.36,0.28
CUST-004536,2026-04-01,Asia Pacific,Bronze,192.54,0.28
CUST-004537,2025-03-13,North America,Bronze,90.75,0.28
CUST-004538,2024-03-05,Europe,Bronze,189.14,0.28
CUST-004539,2024-12-21,North America,Silver,709.3,0.18
CUST-004540,2025-06-16,North America,Silver,795.79,0.18
CUST-004541,2024-09-08,Europe,Silver,487.62,0.18
CUST-004542,2024-08-22,North America,Bronze,196.22,0.28
CUST-004543,2024-08-14,Asia Pacific,Bronze,89.88,0.28
CUST-004544,2025-06-08,Europe,Bronze,128.67,0.28
CUST-004545,2024-11-08,North America,Bronze,108.91,0.28
CUST-004546,2024-02-18,North America,Silver,513.18,0.18
CUST-004547,2024-04-27,Europe,Bronze,121.43,0.28
CUST-004548,2024-02-23,North America,Silver,592.27,0.18
CUST-004549,2025-10-11,North America,Silver,1207.95,0.18
CUST-004550,2025-07-18,Europe,Gold,1538.72,0.1
CUST-004551,2024-02-13,Asia Pacific,Bronze,263.83,0.28
CUST-004552,2026-03-25,Europe,Silver,280.18,0.18
CUST-004553,2024-02-22,Asia Pacific,Bronze,144.99,0.28
CUST-004554,2025-08-08,Latin America,Bronze,163.59,0.28
CUST-004555,2025-07-11,North America,Silver,461.86,0.18
CUST-004556,2025-06-08,Asia Pacific,Silver,940.66,0.18
CUST-004557,2025-11-07,Asia Pacific,Bronze,111.39,0.28
CUST-004558,2024-04-11,Europe,Bronze,170.7,0.28
CUST-004559,2026-03-02,Middle East & Africa,Silver,170.35,0.18
CUST-004560,2026-02-08,North America,Bronze,177.77,0.28
CUST-004561,2026-04-28,North America,Silver,550.93,0.18
CUST-004562,2026-05-17,Asia Pacific,Gold,1175.18,0.1
CUST-004563,2025-02-01,Europe,Silver,527.09,0.18
CUST-004564,2024-05-17,North America,Silver,359.05,0.18
CUST-004565,2025-11-05,North America,Silver,276.07,0.18
CUST-004566,2025-01-21,Asia Pacific,Gold,808.08,0.1
CUST-004567,2024-04-20,Asia Pacific,Silver,319.97,0.18
CUST-004568,2025-09-05,Europe,Bronze,89.45,0.28
CUST-004569,2024-01-17,Middle East & Africa,Bronze,88.05,0.28
CUST-004570,2026-02-18,North America,Platinum,2511.14,0.05
CUST-004571,2024-06-30,North America,Bronze,130.09,0.28
CUST-004572,2025-06-19,Asia Pacific,Silver,474.38,0.18
CUST-004573,2025-06-24,Asia Pacific,Gold,735.47,0.1
CUST-004574,2024-06-19,North America,Silver,309.73,0.18
CUST-004575,2025-02-12,North America,Bronze,117.32,0.28
CUST-004576,2026-01-09,Asia Pacific,Bronze,178.64,0.28
CUST-004577,2025-01-12,Middle East & Africa,Bronze,93.0,0.28
CUST-004578,2024-07-06,Europe,Bronze,121.96,0.28
CUST-004579,2026-05-07,North America,Platinum,5164.07,0.05
CUST-004580,2024-08-17,Middle East & Africa,Silver,327.47,0.18
CUST-004581,2026-04-12,Latin America,Silver,273.24,0.18
CUST-004582,2026-05-01,Europe,Bronze,144.86,0.28
CUST-004583,2024-04-28,Asia Pacific,Bronze,107.57,0.28
CUST-004584,2024-06-04,Asia Pacific,Bronze,49.69,0.28
CUST-004585,2026-02-22,Latin America,Bronze,162.43,0.28
CUST-004586,2025-11-17,Asia Pacific,Silver,637.36,0.18
CUST-004587,2025-04-09,Europe,Silver,445.99,0.18
CUST-004588,2024-04-13,Europe,Bronze,227.67,0.28
CUST-004589,2025-08-26,Europe,Silver,582.23,0.18
CUST-004590,2025-11-28,Europe,Platinum,2486.32,0.05
CUST-004591,2026-03-05,Asia Pacific,Bronze,340.51,0.28
CUST-004592,2025-05-16,Middle East & Africa,Silver,511.68,0.18
CUST-004593,2025-11-23,Europe,Bronze,178.0,0.28
CUST-004594,2025-11-12,Europe,Silver,302.43,0.18
CUST-004595,2025-11-29,Europe,Bronze,80.83,0.28
CUST-004596,2024-06-23,Asia Pacific,Silver,291.75,0.18
CUST-004597,2026-01-03,Europe,Bronze,216.74,0.28
CUST-004598,2026-01-14,North America,Bronze,297.33,0.28
CUST-004599,2025-11-04,Europe,Gold,1346.92,0.1
CUST-004600,2025-02-24,North America,Bronze,155.66,0.28
CUST-004601,2024-05-13,North America,Bronze,220.86,0.28
CUST-004602,2025-01-25,Asia Pacific,Silver,781.89,0.18
CUST-004603,2026-01-05,North America,Bronze,83.92,0.28
CUST-004604,2025-05-15,North America,Silver,863.01,0.18
CUST-004605,2025-10-26,North America,Silver,386.47,0.18
CUST-004606,2024-02-02,North America,Bronze,231.42,0.28
CUST-004607,2024-02-24,Asia Pacific,Bronze,97.86,0.28
CUST-004608,2025-06-02,Europe,Gold,1814.34,0.1
CUST-004609,2026-01-25,Latin America,Bronze,84.53,0.28
CUST-004610,2026-04-04,Europe,Gold,1879.2,0.1
CUST-004611,2025-09-29,North America,Bronze,194.02,0.28
CUST-004612,2024-01-12,North America,Silver,239.95,0.18
CUST-004613,2025-06-11,Asia Pacific,Platinum,5829.48,0.05
CUST-004614,2025-12-20,Europe,Silver,304.56,0.18
CUST-004615,2025-07-08,Latin America,Bronze,236.94,0.28
CUST-004616,2025-01-07,Europe,Silver,476.77,0.18
CUST-004617,2025-04-28,Europe,Silver,273.35,0.18
CUST-004618,2025-10-08,Asia Pacific,Silver,300.05,0.18
CUST-004619,2024-08-15,Latin America,Bronze,714.62,0.28
CUST-004620,2025-09-14,Europe,Silver,1132.5,0.18
CUST-004621,2024-11-02,North America,Bronze,137.88,0.28
CUST-004622,2025-04-01,Europe,Bronze,177.77,0.28
CUST-004623,2024-06-08,Europe,Silver,728.12,0.18
CUST-004624,2024-11-26,Middle East & Africa,Bronze,89.47,0.28
CUST-004625,2026-02-14,Europe,Gold,1581.38,0.1
CUST-004626,2024-08-12,North America,Gold,1781.02,0.1
CUST-004627,2025-12-29,Middle East & Africa,Platinum,4045.08,0.05
CUST-004628,2025-05-18,Asia Pacific,Silver,784.95,0.18
CUST-004629,2025-03-31,North America,Silver,478.33,0.18
CUST-004630,2024-02-14,Latin America,Bronze,233.4,0.28
CUST-004631,2024-08-01,North America,Silver,494.61,0.18
CUST-004632,2024-02-28,Europe,Bronze,81.22,0.28
CUST-004633,2025-10-05,Latin America,Bronze,218.38,0.28
CUST-004634,2025-09-07,Europe,Silver,757.5,0.18
CUST-004635,2024-07-13,North America,Bronze,141.2,0.28
CUST-004636,2025-05-03,Europe,Bronze,87.79,0.28
CUST-004637,2024-06-05,Asia Pacific,Silver,636.81,0.18
CUST-004638,2025-09-01,North America,Bronze,170.24,0.28
CUST-004639,2024-08-13,Europe,Bronze,168.92,0.28
CUST-004640,2025-02-15,Asia Pacific,Bronze,161.78,0.28
CUST-004641,2024-07-23,North America,Silver,673.39,0.18
CUST-004642,2024-03-19,Asia Pacific,Silver,504.93,0.18
CUST-004643,2024-05-03,Latin America,Silver,372.14,0.18
CUST-004644,2025-04-15,Europe,Bronze,78.61,0.28
CUST-004645,2024-08-05,Europe,Silver,374.14,0.18
CUST-004646,2025-05-30,North America,Silver,647.47,0.18
CUST-004647,2025-08-24,Europe,Bronze,131.2,0.28
CUST-004648,2024-04-13,Latin America,Bronze,215.68,0.28
CUST-004649,2025-01-27,North America,Silver,255.58,0.18
CUST-004650,2025-09-22,Europe,Silver,300.24,0.18
CUST-004651,2025-10-06,Europe,Silver,293.35,0.18
CUST-004652,2026-04-03,Europe,Bronze,158.35,0.28
CUST-004653,2025-08-30,North America,Silver,921.55,0.18
CUST-004654,2025-03-09,Asia Pacific,Silver,1104.3,0.18
CUST-004655,2024-11-26,North America,Silver,686.95,0.18
CUST-004656,2024-05-22,Asia Pacific,Silver,205.63,0.18
CUST-004657,2026-03-10,Europe,Gold,888.24,0.1
CUST-004658,2025-06-23,Europe,Gold,355.86,0.1
CUST-004659,2024-10-04,North America,Silver,480.74,0.18
CUST-004660,2024-08-20,Asia Pacific,Silver,861.95,0.18
CUST-004661,2025-06-12,North America,Bronze,207.85,0.28
CUST-004662,2025-07-24,North America,Silver,222.09,0.18
CUST-004663,2024-03-30,Europe,Silver,784.26,0.18
CUST-004664,2025-05-06,Asia Pacific,Bronze,242.83,0.28
CUST-004665,2024-07-17,North America,Bronze,278.07,0.28
CUST-004666,2024-12-27,North America,Bronze,233.76,0.28
CUST-004667,2025-03-16,Asia Pacific,Bronze,121.53,0.28
CUST-004668,2024-01-26,Asia Pacific,Bronze,71.43,0.28
CUST-004669,2024-01-25,North America,Bronze,239.61,0.28
CUST-004670,2025-01-28,Europe,Silver,613.93,0.18
CUST-004671,2025-05-21,Europe,Bronze,68.16,0.28
CUST-004672,2024-10-27,Europe,Bronze,101.99,0.28
CUST-004673,2024-12-04,Latin America,Gold,825.17,0.1
CUST-004674,2024-09-23,North America,Bronze,200.66,0.28
CUST-004675,2025-04-05,Asia Pacific,Gold,1192.58,0.1
CUST-004676,2025-11-23,Europe,Silver,404.95,0.18
CUST-004677,2025-03-31,Europe,Bronze,126.83,0.28
CUST-004678,2024-12-25,Asia Pacific,Bronze,95.62,0.28
CUST-004679,2024-03-08,Latin America,Bronze,220.7,0.28
CUST-004680,2026-05-12,North America,Bronze,112.15,0.28
CUST-004681,2025-02-15,North America,Bronze,238.79,0.28
CUST-004682,2025-05-05,North America,Bronze,85.92,0.28
CUST-004683,2026-04-12,Middle East & Africa,Bronze,123.2,0.28
CUST-004684,2024-02-18,Asia Pacific,Silver,987.5,0.18
CUST-004685,2025-11-17,Europe,Bronze,164.76,0.28
CUST-004686,2025-07-17,North America,Gold,986.2,0.1
CUST-004687,2024-04-11,Latin America,Bronze,116.68,0.28
CUST-004688,2024-08-03,Asia Pacific,Gold,847.52,0.1
CUST-004689,2025-03-13,Asia Pacific,Bronze,179.85,0.28
CUST-004690,2025-11-30,North America,Silver,644.64,0.18
CUST-004691,2025-07-22,North America,Bronze,165.86,0.28
CUST-004692,2025-07-12,Europe,Silver,439.47,0.18
CUST-004693,2024-06-07,Asia Pacific,Bronze,190.81,0.28
CUST-004694,2025-05-03,North America,Silver,256.58,0.18
CUST-004695,2025-11-16,Europe,Bronze,174.49,0.28
CUST-004696,2024-08-29,North America,Silver,535.45,0.18
CUST-004697,2026-03-04,Asia Pacific,Bronze,166.93,0.28
CUST-004698,2026-01-22,Europe,Bronze,120.13,0.28
CUST-004699,2024-01-05,North America,Bronze,110.02,0.28
CUST-004700,2025-08-18,Europe,Bronze,89.15,0.28
CUST-004701,2026-03-30,Europe,Silver,810.36,0.18
CUST-004702,2024-12-26,North America,Platinum,3422.91,0.05
CUST-004703,2025-04-03,Asia Pacific,Bronze,126.61,0.28
CUST-004704,2024-09-04,North America,Silver,365.31,0.18
CUST-004705,2025-07-19,North America,Silver,306.94,0.18
CUST-004706,2025-11-03,North America,Silver,363.2,0.18
CUST-004707,2025-02-25,North America,Bronze,243.5,0.28
CUST-004708,2026-01-07,North America,Bronze,189.3,0.28
CUST-004709,2024-01-15,North America,Gold,1671.5,0.1
CUST-004710,2026-01-05,Europe,Bronze,220.16,0.28
CUST-004711,2025-07-26,North America,Silver,1084.83,0.18
CUST-004712,2024-05-01,Asia Pacific,Silver,455.02,0.18
CUST-004713,2024-10-03,North America,Bronze,126.4,0.28
CUST-004714,2025-07-11,North America,Bronze,178.66,0.28
CUST-004715,2025-03-28,North America,Silver,583.31,0.18
CUST-004716,2025-01-24,Latin America,Bronze,147.97,0.28
CUST-004717,2024-10-20,Europe,Bronze,104.9,0.28
CUST-004718,2025-07-27,Asia Pacific,Bronze,161.59,0.28
CUST-004719,2025-08-20,North America,Platinum,4351.67,0.05
CUST-004720,2025-03-21,Asia Pacific,Bronze,172.36,0.28
CUST-004721,2024-07-28,North America,Silver,215.77,0.18
CUST-004722,2025-08-12,North America,Bronze,79.41,0.28
CUST-004723,2025-12-14,Europe,Bronze,199.81,0.28
CUST-004724,2024-10-28,Europe,Gold,1033.96,0.1
CUST-004725,2024-08-10,Middle East & Africa,Silver,1095.62,0.18
CUST-004726,2026-01-03,North America,Bronze,256.49,0.28
CUST-004727,2024-01-03,Middle East & Africa,Silver,270.97,0.18
CUST-004728,2025-06-01,Europe,Bronze,226.16,0.28
CUST-004729,2024-04-02,Europe,Silver,853.61,0.18
CUST-004730,2025-06-03,North America,Bronze,125.53,0.28
CUST-004731,2025-03-03,North America,Gold,1159.34,0.1
CUST-004732,2025-05-07,Latin America,Silver,361.42,0.18
CUST-004733,2024-08-22,Europe,Bronze,95.73,0.28
CUST-004734,2025-09-11,Asia Pacific,Gold,2254.92,0.1
CUST-004735,2024-06-09,Middle East & Africa,Platinum,1242.06,0.05
CUST-004736,2025-12-21,North America,Bronze,114.53,0.28
CUST-004737,2026-01-21,Europe,Gold,1013.43,0.1
CUST-004738,2024-11-26,Asia Pacific,Gold,1277.87,0.1
CUST-004739,2024-11-28,North America,Silver,274.07,0.18
CUST-004740,2024-02-19,North America,Platinum,6017.89,0.05
CUST-004741,2025-06-06,Europe,Silver,215.92,0.18
CUST-004742,2026-05-12,Europe,Silver,217.18,0.18
CUST-004743,2025-10-29,Asia Pacific,Gold,1228.19,0.1
CUST-004744,2025-05-06,North America,Silver,268.93,0.18
CUST-004745,2025-08-04,Middle East & Africa,Silver,488.99,0.18
CUST-004746,2025-11-11,North America,Bronze,111.56,0.28
CUST-004747,2024-09-28,Europe,Gold,1657.45,0.1
CUST-004748,2025-08-02,Europe,Silver,310.47,0.18
CUST-004749,2026-05-16,North America,Silver,801.97,0.18
CUST-004750,2024-09-08,North America,Bronze,192.94,0.28
CUST-004751,2025-07-13,Asia Pacific,Bronze,110.76,0.28
CUST-004752,2025-11-26,Latin America,Bronze,192.55,0.28
CUST-004753,2026-04-11,North America,Silver,477.07,0.18
CUST-004754,2025-11-29,Europe,Bronze,205.38,0.28
CUST-004755,2024-03-30,Europe,Gold,1525.16,0.1
CUST-004756,2025-03-21,North America,Silver,519.55,0.18
CUST-004757,2024-11-27,Asia Pacific,Platinum,3591.69,0.05
CUST-004758,2024-05-18,Asia Pacific,Bronze,215.38,0.28
CUST-004759,2024-12-22,North America,Platinum,5590.12,0.05
CUST-004760,2025-08-23,Middle East & Africa,Bronze,158.42,0.28
CUST-004761,2024-09-30,North America,Silver,573.47,0.18
CUST-004762,2024-01-19,Asia Pacific,Silver,654.68,0.18
CUST-004763,2024-11-06,Europe,Bronze,285.26,0.28
CUST-004764,2026-05-19,Europe,Bronze,266.0,0.28
CUST-004765,2024-06-02,Europe,Bronze,226.46,0.28
CUST-004766,2025-01-24,North America,Silver,381.3,0.18
CUST-004767,2024-09-16,Asia Pacific,Bronze,88.72,0.28
CUST-004768,2025-09-11,Asia Pacific,Platinum,4377.52,0.05
CUST-004769,2026-03-07,North America,Bronze,187.04,0.28
CUST-004770,2025-07-24,Asia Pacific,Platinum,2986.15,0.05
CUST-004771,2024-05-04,North America,Bronze,87.96,0.28
CUST-004772,2024-12-19,Asia Pacific,Bronze,290.89,0.28
CUST-004773,2024-09-29,North America,Bronze,177.84,0.28
CUST-004774,2025-09-10,North America,Gold,740.09,0.1
CUST-004775,2026-03-21,North America,Silver,427.71,0.18
CUST-004776,2024-09-01,Europe,Bronze,87.63,0.28
CUST-004777,2026-04-27,Europe,Bronze,197.03,0.28
CUST-004778,2025-03-25,Europe,Bronze,314.4,0.28
CUST-004779,2024-09-03,North America,Silver,417.73,0.18
CUST-004780,2025-06-03,Europe,Bronze,144.55,0.28
CUST-004781,2024-05-20,Asia Pacific,Silver,402.92,0.18
CUST-004782,2024-12-27,Asia Pacific,Silver,411.37,0.18
CUST-004783,2024-01-08,North America,Gold,879.81,0.1
CUST-004784,2025-04-22,North America,Silver,782.16,0.18
CUST-004785,2024-12-17,Asia Pacific,Bronze,162.17,0.28
CUST-004786,2025-05-09,North America,Platinum,3589.87,0.05
CUST-004787,2025-08-28,North America,Bronze,137.03,0.28
CUST-004788,2026-04-12,North America,Bronze,90.15,0.28
CUST-004789,2025-03-02,Europe,Gold,1746.61,0.1
CUST-004790,2024-02-08,Europe,Bronze,265.02,0.28
CUST-004791,2025-08-15,Europe,Bronze,71.24,0.28
CUST-004792,2024-07-05,North America,Bronze,199.22,0.28
CUST-004793,2025-08-18,Asia Pacific,Bronze,211.79,0.28
CUST-004794,2025-08-22,North America,Bronze,250.72,0.28
CUST-004795,2026-01-23,Asia Pacific,Bronze,242.94,0.28
CUST-004796,2026-05-03,Europe,Bronze,430.5,0.28
CUST-004797,2024-04-02,Europe,Gold,1408.36,0.1
CUST-004798,2024-03-26,North America,Silver,669.36,0.18
CUST-004799,2024-02-13,North America,Silver,452.24,0.18
CUST-004800,2024-05-16,Europe,Silver,326.4,0.18
CUST-004801,2025-02-24,Europe,Gold,1593.02,0.1
CUST-004802,2024-03-14,North America,Gold,1785.75,0.1
CUST-004803,2025-07-01,Middle East & Africa,Gold,1375.8,0.1
CUST-004804,2025-09-04,Middle East & Africa,Gold,617.69,0.1
CUST-004805,2025-05-26,Europe,Bronze,84.02,0.28
CUST-004806,2024-06-04,Middle East & Africa,Silver,611.65,0.18
CUST-004807,2024-09-11,North America,Silver,388.76,0.18
CUST-004808,2024-06-19,North America,Silver,518.89,0.18
CUST-004809,2025-12-28,North America,Silver,545.84,0.18
CUST-004810,2024-06-18,Europe,Bronze,143.29,0.28
CUST-004811,2026-02-02,North America,Bronze,135.4,0.28
CUST-004812,2026-05-21,Middle East & Africa,Gold,1139.07,0.1
CUST-004813,2024-11-17,North America,Silver,570.12,0.18
CUST-004814,2025-07-20,North America,Bronze,181.75,0.28
CUST-004815,2025-03-31,Asia Pacific,Bronze,108.97,0.28
CUST-004816,2025-08-25,North America,Silver,447.34,0.18
CUST-004817,2026-02-28,North America,Bronze,98.14,0.28
CUST-004818,2025-09-04,Europe,Bronze,184.27,0.28
CUST-004819,2024-06-03,North America,Bronze,124.51,0.28
CUST-004820,2024-12-14,North America,Bronze,200.05,0.28
CUST-004821,2025-03-26,North America,Bronze,136.25,0.28
CUST-004822,2026-05-25,Europe,Silver,711.13,0.18
CUST-004823,2025-10-14,Middle East & Africa,Bronze,255.66,0.28
CUST-004824,2024-06-21,Asia Pacific,Bronze,179.17,0.28
CUST-004825,2024-01-10,North America,Silver,388.52,0.18
CUST-004826,2026-01-09,Europe,Gold,824.81,0.1
CUST-004827,2024-09-21,Europe,Bronze,220.37,0.28
CUST-004828,2025-03-13,Middle East & Africa,Silver,438.24,0.18
CUST-004829,2026-01-29,North America,Platinum,3568.06,0.05
CUST-004830,2024-09-03,Europe,Gold,1027.33,0.1
CUST-004831,2025-10-28,Asia Pacific,Gold,690.18,0.1
CUST-004832,2025-06-29,Middle East & Africa,Silver,691.62,0.18
CUST-004833,2025-05-13,North America,Bronze,145.0,0.28
CUST-004834,2024-05-08,North America,Silver,213.65,0.18
CUST-004835,2025-11-02,North America,Silver,425.83,0.18
CUST-004836,2025-08-23,North America,Bronze,87.25,0.28
CUST-004837,2025-08-27,Europe,Silver,569.86,0.18
CUST-004838,2024-11-22,Asia Pacific,Silver,539.4,0.18
CUST-004839,2026-01-22,Europe,Platinum,6398.51,0.05
CUST-004840,2026-04-14,North America,Bronze,83.1,0.28
CUST-004841,2025-02-07,North America,Bronze,266.54,0.28
CUST-004842,2025-09-20,North America,Silver,553.9,0.18
CUST-004843,2025-08-28,North America,Bronze,86.82,0.28
CUST-004844,2025-11-05,Asia Pacific,Silver,934.54,0.18
CUST-004845,2025-09-02,North America,Bronze,142.72,0.28
CUST-004846,2025-09-16,North America,Silver,279.43,0.18
CUST-004847,2024-12-24,Europe,Silver,682.03,0.18
CUST-004848,2025-08-25,Europe,Bronze,97.04,0.28
CUST-004849,2026-05-07,Europe,Bronze,238.2,0.28
CUST-004850,2025-12-18,Asia Pacific,Bronze,138.91,0.28
CUST-004851,2024-01-17,North America,Bronze,130.44,0.28
CUST-004852,2024-09-30,Asia Pacific,Silver,267.36,0.18
CUST-004853,2025-11-15,North America,Silver,296.43,0.18
CUST-004854,2024-04-25,North America,Bronze,159.94,0.28
CUST-004855,2026-05-10,Latin America,Silver,233.59,0.18
CUST-004856,2025-11-23,North America,Bronze,197.62,0.28
CUST-004857,2024-03-31,Europe,Gold,972.77,0.1
CUST-004858,2024-03-22,North America,Bronze,128.01,0.28
CUST-004859,2024-11-19,Europe,Gold,1515.26,0.1
CUST-004860,2024-04-23,Asia Pacific,Silver,414.73,0.18
CUST-004861,2026-02-07,Latin America,Silver,736.18,0.18
CUST-004862,2024-02-27,Asia Pacific,Silver,198.17,0.18
CUST-004863,2024-06-02,Europe,Gold,1652.85,0.1
CUST-004864,2026-05-26,North America,Platinum,3533.89,0.05
CUST-004865,2025-02-07,Asia Pacific,Silver,345.88,0.18
CUST-004866,2025-09-19,Asia Pacific,Bronze,219.25,0.28
CUST-004867,2026-05-04,North America,Gold,1517.48,0.1
CUST-004868,2024-09-22,Europe,Bronze,164.35,0.28
CUST-004869,2024-11-10,Asia Pacific,Gold,1084.47,0.1
CUST-004870,2025-12-15,Europe,Silver,339.36,0.18
CUST-004871,2024-02-10,North America,Gold,779.38,0.1
CUST-004872,2024-04-14,Latin America,Gold,2072.38,0.1
CUST-004873,2024-07-11,North America,Bronze,208.79,0.28
CUST-004874,2025-02-04,North America,Silver,564.93,0.18
CUST-004875,2024-10-04,Asia Pacific,Bronze,126.45,0.28
CUST-004876,2024-12-19,Europe,Bronze,338.39,0.28
CUST-004877,2026-01-18,Asia Pacific,Bronze,113.62,0.28
CUST-004878,2026-01-02,North America,Bronze,128.95,0.28
CUST-004879,2025-08-02,North America,Silver,929.3,0.18
CUST-004880,2025-12-09,North America,Platinum,3427.39,0.05
CUST-004881,2024-09-12,Middle East & Africa,Silver,901.89,0.18
CUST-004882,2025-10-12,Europe,Bronze,174.53,0.28
CUST-004883,2026-04-03,North America,Gold,976.69,0.1
CUST-004884,2025-10-22,North America,Gold,1109.6,0.1
CUST-004885,2024-04-08,North America,Silver,337.82,0.18
CUST-004886,2025-08-10,Europe,Silver,593.82,0.18
CUST-004887,2024-10-08,North America,Gold,1957.13,0.1
CUST-004888,2025-02-06,Europe,Bronze,180.83,0.28
CUST-004889,2024-04-18,Europe,Platinum,3920.48,0.05
CUST-004890,2025-11-30,Asia Pacific,Platinum,2309.59,0.05
CUST-004891,2024-07-17,Asia Pacific,Gold,1858.33,0.1
CUST-004892,2024-10-29,Europe,Bronze,209.89,0.28
CUST-004893,2024-11-22,North America,Gold,1341.19,0.1
CUST-004894,2024-06-02,Asia Pacific,Silver,398.9,0.18
CUST-004895,2025-07-05,Asia Pacific,Silver,457.97,0.18
CUST-004896,2025-10-06,North America,Gold,833.91,0.1
CUST-004897,2025-02-08,Latin America,Bronze,83.17,0.28
CUST-004898,2025-04-06,North America,Bronze,133.05,0.28
CUST-004899,2024-05-11,North America,Gold,850.71,0.1
CUST-004900,2026-03-01,North America,Gold,979.48,0.1
CUST-004901,2026-05-23,Latin America,Gold,987.22,0.1
CUST-004902,2024-03-24,Europe,Bronze,145.39,0.28
CUST-004903,2025-02-02,Asia Pacific,Silver,424.86,0.18
CUST-004904,2026-01-23,North America,Bronze,44.23,0.28
CUST-004905,2025-09-19,Europe,Gold,1379.17,0.1
CUST-004906,2024-04-18,Europe,Bronze,158.1,0.28
CUST-004907,2024-08-08,Asia Pacific,Silver,660.97,0.18
CUST-004908,2025-07-06,North America,Silver,413.11,0.18
CUST-004909,2025-01-02,North America,Platinum,5400.74,0.05
CUST-004910,2024-05-26,North America,Silver,423.28,0.18
CUST-004911,2024-04-21,Latin America,Silver,515.57,0.18
CUST-004912,2025-09-06,Europe,Bronze,103.94,0.28
CUST-004913,2025-07-11,Europe,Silver,708.88,0.18
CUST-004914,2025-05-08,Europe,Silver,756.91,0.18
CUST-004915,2025-05-19,Middle East & Africa,Bronze,318.61,0.28
CUST-004916,2025-04-19,Latin America,Silver,362.23,0.18
CUST-004917,2026-04-15,Asia Pacific,Gold,1483.19,0.1
CUST-004918,2024-09-27,North America,Bronze,84.33,0.28
CUST-004919,2025-02-24,North America,Bronze,70.51,0.28
CUST-004920,2025-12-07,Latin America,Silver,563.76,0.18
CUST-004921,2025-01-01,Europe,Gold,1147.04,0.1
CUST-004922,2024-10-06,North America,Bronze,89.71,0.28
CUST-004923,2024-10-09,Europe,Platinum,3759.99,0.05
CUST-004924,2024-02-09,Latin America,Gold,1743.3,0.1
CUST-004925,2024-07-07,Europe,Bronze,153.83,0.28
CUST-004926,2024-06-12,Europe,Bronze,245.19,0.28
CUST-004927,2025-06-19,Asia Pacific,Silver,345.48,0.18
CUST-004928,2025-06-19,Europe,Platinum,5397.09,0.05
CUST-004929,2024-01-04,North America,Silver,385.96,0.18
CUST-004930,2026-04-14,Middle East & Africa,Bronze,245.35,0.28
CUST-004931,2024-10-16,Middle East & Africa,Bronze,90.21,0.28
CUST-004932,2025-03-08,Asia Pacific,Silver,493.51,0.18
CUST-004933,2025-04-15,Asia Pacific,Silver,493.09,0.18
CUST-004934,2024-06-29,North America,Bronze,181.54,0.28
CUST-004935,2024-09-04,Latin America,Silver,390.99,0.18
CUST-004936,2025-09-19,North America,Bronze,178.27,0.28
CUST-004937,2024-10-05,Asia Pacific,Silver,415.69,0.18
CUST-004938,2026-05-26,Latin America,Bronze,121.51,0.28
CUST-004939,2025-08-03,Europe,Bronze,264.09,0.28
CUST-004940,2026-05-12,Asia Pacific,Gold,1238.05,0.1
CUST-004941,2024-09-10,Asia Pacific,Bronze,81.87,0.28
CUST-004942,2024-06-29,North America,Silver,343.79,0.18
CUST-004943,2026-04-09,Asia Pacific,Bronze,268.07,0.28
CUST-004944,2025-11-11,North America,Bronze,104.29,0.28
CUST-004945,2026-04-04,Europe,Bronze,186.23,0.28
CUST-004946,2025-05-23,North America,Bronze,113.62,0.28
CUST-004947,2026-01-30,Europe,Bronze,84.38,0.28
CUST-004948,2025-11-30,Asia Pacific,Gold,1454.27,0.1
CUST-004949,2025-07-19,Middle East & Africa,Bronze,131.53,0.28
CUST-004950,2024-11-21,North America,Bronze,283.17,0.28
CUST-004951,2024-12-22,Europe,Gold,1882.38,0.1
CUST-004952,2026-04-04,Europe,Bronze,248.82,0.28
CUST-004953,2025-10-11,Middle East & Africa,Silver,689.3,0.18
CUST-004954,2025-11-10,Europe,Bronze,197.64,0.28
CUST-004955,2025-01-25,Asia Pacific,Bronze,86.86,0.28
CUST-004956,2025-09-06,Latin America,Silver,409.8,0.18
CUST-004957,2024-03-25,Europe,Platinum,4577.32,0.05
CUST-004958,2024-11-12,Latin America,Bronze,133.55,0.28
CUST-004959,2024-07-30,Latin America,Bronze,148.21,0.28
CUST-004960,2025-05-29,Latin America,Bronze,200.43,0.28
CUST-004961,2025-01-18,North America,Bronze,228.85,0.28
CUST-004962,2025-11-21,Europe,Gold,829.68,0.1
CUST-004963,2024-12-07,Latin America,Bronze,196.11,0.28
CUST-004964,2026-03-25,Europe,Gold,1504.27,0.1
CUST-004965,2026-04-23,Europe,Bronze,101.0,0.28
CUST-004966,2024-02-07,North America,Gold,1019.92,0.1
CUST-004967,2025-05-25,North America,Silver,477.77,0.18
CUST-004968,2025-02-23,Europe,Gold,2092.38,0.1
CUST-004969,2026-01-20,Europe,Bronze,127.07,0.28
CUST-004970,2024-06-17,Europe,Gold,1418.19,0.1
CUST-004971,2024-12-08,Europe,Silver,718.2,0.18
CUST-004972,2026-04-05,Europe,Silver,944.94,0.18
CUST-004973,2024-11-01,Asia Pacific,Gold,1313.97,0.1
CUST-004974,2025-06-25,Europe,Silver,192.75,0.18
CUST-004975,2025-12-02,Europe,Gold,1736.18,0.1
CUST-004976,2026-05-18,Europe,Bronze,163.21,0.28
CUST-004977,2025-06-20,North America,Silver,320.95,0.18
CUST-004978,2024-04-21,Europe,Gold,1594.8,0.1
CUST-004979,2025-02-14,Europe,Bronze,316.32,0.28
CUST-004980,2024-07-24,Europe,Silver,489.24,0.18
CUST-004981,2024-07-03,North America,Platinum,1829.49,0.05
CUST-004982,2025-01-16,Asia Pacific,Silver,801.82,0.18
CUST-004983,2025-05-10,North America,Bronze,151.36,0.28
CUST-004984,2025-01-13,Latin America,Bronze,199.47,0.28
CUST-004985,2024-02-16,North America,Gold,1230.14,0.1
CUST-004986,2026-01-09,Middle East & Africa,Platinum,4200.61,0.05
CUST-004987,2025-07-04,Europe,Platinum,4567.82,0.05
CUST-004988,2025-06-11,Europe,Silver,621.43,0.18
CUST-004989,2025-05-18,North America,Silver,477.19,0.18
CUST-004990,2024-01-22,North America,Bronze,110.65,0.28
CUST-004991,2024-07-31,North America,Bronze,162.08,0.28
CUST-004992,2024-11-05,North America,Bronze,205.62,0.28
CUST-004993,2025-10-22,Asia Pacific,Bronze,110.96,0.28
CUST-004994,2026-01-22,North America,Gold,770.79,0.1
CUST-004995,2024-09-28,Asia Pacific,Gold,2045.28,0.1
CUST-004996,2025-07-24,North America,Silver,885.26,0.18
CUST-004997,2026-03-09,Latin America,Platinum,3554.14,0.05
CUST-004998,2024-07-20,Europe,Platinum,4451.54,0.05
CUST-004999,2024-02-01,North America,Silver,522.99,0.18
CUST-005000,2025-03-18,Europe,Silver,188.16,0.18
CUST-005001,2024-06-10,North America,Bronze,162.93,0.28
CUST-005002,2026-02-05,North America,Silver,808.87,0.18
CUST-005003,2024-09-10,Europe,Bronze,93.77,0.28
CUST-005004,2025-06-04,Asia Pacific,Bronze,90.41,0.28
CUST-005005,2025-10-12,Latin America,Platinum,2613.33,0.05
CUST-005006,2025-04-24,Europe,Bronze,124.09,0.28
CUST-005007,2024-01-10,Middle East & Africa,Bronze,195.88,0.28
CUST-005008,2025-12-26,Latin America,Silver,763.19,0.18
CUST-005009,2025-05-19,Latin America,Silver,756.06,0.18
CUST-005010,2026-02-23,Europe,Bronze,194.85,0.28
CUST-005011,2026-04-15,North America,Bronze,79.38,0.28
CUST-005012,2025-07-13,North America,Platinum,1849.08,0.05
CUST-005013,2025-03-11,Europe,Bronze,201.2,0.28
CUST-005014,2024-04-20,Europe,Gold,636.05,0.1
CUST-005015,2024-06-01,North America,Silver,561.94,0.18
CUST-005016,2025-09-26,Europe,Bronze,167.61,0.28
CUST-005017,2026-05-18,North America,Bronze,124.62,0.28
CUST-005018,2024-04-11,Asia Pacific,Gold,433.34,0.1
CUST-005019,2026-01-22,North America,Gold,1300.87,0.1
CUST-005020,2026-04-12,Europe,Bronze,184.08,0.28
CUST-005021,2024-07-09,Asia Pacific,Bronze,120.08,0.28
CUST-005022,2025-12-29,North America,Bronze,96.92,0.28
CUST-005023,2025-07-16,Europe,Gold,1349.39,0.1
CUST-005024,2026-03-14,Asia Pacific,Bronze,83.91,0.28
CUST-005025,2024-03-21,North America,Bronze,191.98,0.28
CUST-005026,2025-05-03,North America,Bronze,228.83,0.28
CUST-005027,2024-03-28,North America,Silver,205.45,0.18
CUST-005028,2024-07-12,Europe,Gold,971.48,0.1
CUST-005029,2024-04-13,Europe,Silver,441.31,0.18
CUST-005030,2026-02-21,North America,Bronze,148.84,0.28
CUST-005031,2024-04-05,Europe,Bronze,105.53,0.28
CUST-005032,2025-02-26,North America,Bronze,87.89,0.28
CUST-005033,2024-07-16,Asia Pacific,Bronze,124.78,0.28
CUST-005034,2024-01-01,North America,Gold,1552.66,0.1
CUST-005035,2025-02-10,Asia Pacific,Bronze,188.45,0.28
CUST-005036,2025-01-12,Europe,Bronze,189.37,0.28
CUST-005037,2024-06-15,Asia Pacific,Silver,742.22,0.18
CUST-005038,2025-05-23,Europe,Silver,295.99,0.18
CUST-005039,2025-09-29,Europe,Silver,386.86,0.18
CUST-005040,2024-11-08,Europe,Gold,1114.48,0.1
CUST-005041,2025-08-15,Asia Pacific,Silver,142.06,0.18
CUST-005042,2025-02-21,Europe,Gold,1312.61,0.1
CUST-005043,2026-02-01,Europe,Silver,444.69,0.18
CUST-005044,2025-11-11,Europe,Bronze,95.21,0.28
CUST-005045,2025-04-21,Asia Pacific,Bronze,212.54,0.28
CUST-005046,2024-03-13,Asia Pacific,Gold,1657.92,0.1
CUST-005047,2024-05-20,North America,Platinum,4107.01,0.05
CUST-005048,2025-08-04,Asia Pacific,Silver,227.17,0.18
CUST-005049,2024-09-18,Europe,Silver,304.92,0.18
CUST-005050,2024-12-05,Latin America,Bronze,169.4,0.28
CUST-005051,2024-11-03,Asia Pacific,Silver,363.02,0.18
CUST-005052,2024-09-01,Europe,Platinum,3191.31,0.05
CUST-005053,2025-05-29,North America,Gold,772.49,0.1
CUST-005054,2024-12-02,Asia Pacific,Bronze,161.97,0.28
CUST-005055,2025-07-28,Europe,Bronze,273.84,0.28
CUST-005056,2025-07-14,Middle East & Africa,Silver,512.21,0.18
CUST-005057,2024-03-16,North America,Bronze,221.21,0.28
CUST-005058,2026-05-29,North America,Bronze,213.08,0.28
CUST-005059,2024-06-23,North America,Silver,389.93,0.18
CUST-005060,2024-04-18,Europe,Bronze,139.27,0.28
CUST-005061,2024-07-01,Latin America,Gold,2161.07,0.1
CUST-005062,2024-07-10,North America,Silver,603.21,0.18
CUST-005063,2024-03-05,Asia Pacific,Gold,1762.39,0.1
CUST-005064,2026-04-28,Asia Pacific,Gold,1282.69,0.1
CUST-005065,2025-04-18,Asia Pacific,Silver,384.7,0.18
CUST-005066,2026-02-21,Europe,Gold,1077.05,0.1
CUST-005067,2024-04-09,Asia Pacific,Silver,780.68,0.18
CUST-005068,2025-06-27,North America,Platinum,3498.87,0.05
CUST-005069,2026-05-13,Asia Pacific,Bronze,247.08,0.28
CUST-005070,2024-05-07,North America,Gold,2105.13,0.1
CUST-005071,2025-03-27,Europe,Bronze,216.78,0.28
CUST-005072,2025-01-03,Asia Pacific,Bronze,206.87,0.28
CUST-005073,2026-04-30,North America,Bronze,295.72,0.28
CUST-005074,2024-02-12,North America,Silver,320.86,0.18
CUST-005075,2025-02-22,Asia Pacific,Bronze,127.2,0.28
CUST-005076,2025-05-02,Europe,Silver,271.92,0.18
CUST-005077,2024-03-18,Europe,Gold,659.25,0.1
CUST-005078,2026-04-05,North America,Bronze,147.36,0.28
CUST-005079,2026-03-11,North America,Silver,501.04,0.18
CUST-005080,2024-09-26,Europe,Bronze,183.6,0.28
CUST-005081,2025-11-04,North America,Silver,340.47,0.18
CUST-005082,2025-12-01,Latin America,Silver,381.47,0.18
CUST-005083,2026-01-28,North America,Bronze,210.47,0.28
CUST-005084,2025-12-28,Europe,Platinum,1951.43,0.05
CUST-005085,2024-11-10,North America,Silver,452.29,0.18
CUST-005086,2026-04-30,North America,Gold,2023.24,0.1
CUST-005087,2024-06-16,Asia Pacific,Silver,404.64,0.18
CUST-005088,2024-12-04,Europe,Gold,1013.95,0.1
CUST-005089,2024-07-11,North America,Bronze,246.6,0.28
CUST-005090,2025-03-28,North America,Bronze,85.21,0.28
CUST-005091,2024-10-09,North America,Silver,326.24,0.18
CUST-005092,2024-12-01,Asia Pacific,Gold,883.45,0.1
CUST-005093,2025-01-24,Europe,Bronze,198.01,0.28
CUST-005094,2025-06-08,North America,Platinum,1842.53,0.05
CUST-005095,2024-08-27,Europe,Bronze,245.69,0.28
CUST-005096,2026-04-11,Asia Pacific,Bronze,148.41,0.28
CUST-005097,2025-04-27,Latin America,Bronze,227.91,0.28
CUST-005098,2025-10-20,Latin America,Silver,739.21,0.18
CUST-005099,2025-12-16,North America,Gold,876.41,0.1
CUST-005100,2025-08-14,North America,Bronze,151.1,0.28
CUST-005101,2025-07-08,North America,Silver,410.76,0.18
CUST-005102,2025-04-02,Asia Pacific,Bronze,146.12,0.28
CUST-005103,2024-03-29,Middle East & Africa,Silver,358.31,0.18
CUST-005104,2025-10-21,Europe,Bronze,234.23,0.28
CUST-005105,2024-04-04,North America,Silver,417.72,0.18
CUST-005106,2025-03-27,Europe,Silver,393.7,0.18
CUST-005107,2025-03-03,North America,Silver,705.33,0.18
CUST-005108,2024-05-30,North America,Bronze,209.58,0.28
CUST-005109,2025-05-28,Europe,Bronze,168.28,0.28
CUST-005110,2025-01-10,North America,Silver,384.63,0.18
CUST-005111,2024-01-22,North America,Gold,2155.81,0.1
CUST-005112,2024-11-08,Asia Pacific,Gold,786.3,0.1
CUST-005113,2026-04-19,North America,Gold,1842.78,0.1
CUST-005114,2025-06-02,North America,Platinum,4496.7,0.05
CUST-005115,2024-07-24,North America,Bronze,90.38,0.28
CUST-005116,2025-01-09,Latin America,Bronze,154.5,0.28
CUST-005117,2025-03-26,Asia Pacific,Bronze,88.44,0.28
CUST-005118,2025-09-17,North America,Bronze,130.51,0.28
CUST-005119,2026-02-22,Europe,Silver,503.36,0.18
CUST-005120,2025-08-17,North America,Gold,799.79,0.1
CUST-005121,2024-06-27,Europe,Bronze,58.65,0.28
CUST-005122,2024-07-28,Asia Pacific,Silver,427.58,0.18
CUST-005123,2025-05-14,Latin America,Silver,490.33,0.18
CUST-005124,2025-04-08,Europe,Silver,387.01,0.18
CUST-005125,2026-04-19,Middle East & Africa,Bronze,149.08,0.28
CUST-005126,2024-05-03,Middle East & Africa,Gold,1116.81,0.1
CUST-005127,2024-04-22,Latin America,Bronze,99.84,0.28
CUST-005128,2024-01-12,Europe,Gold,2614.75,0.1
CUST-005129,2024-05-05,Europe,Platinum,3973.15,0.05
CUST-005130,2025-07-18,Europe,Bronze,126.51,0.28
CUST-005131,2024-11-26,North America,Bronze,107.85,0.28
CUST-005132,2024-10-09,North America,Silver,383.84,0.18
CUST-005133,2024-05-19,Asia Pacific,Silver,388.88,0.18
CUST-005134,2025-02-04,Europe,Bronze,152.31,0.28
CUST-005135,2024-04-06,Latin America,Gold,1898.01,0.1
CUST-005136,2025-05-31,North America,Bronze,108.72,0.28
CUST-005137,2025-07-22,North America,Bronze,161.05,0.28
CUST-005138,2026-04-25,Asia Pacific,Silver,619.62,0.18
CUST-005139,2024-03-09,Europe,Bronze,114.56,0.28
CUST-005140,2024-04-27,North America,Bronze,114.3,0.28
CUST-005141,2024-02-28,Middle East & Africa,Silver,246.07,0.18
CUST-005142,2024-02-02,Asia Pacific,Bronze,293.86,0.28
CUST-005143,2024-11-13,Europe,Silver,551.38,0.18
CUST-005144,2024-02-19,Asia Pacific,Platinum,2786.01,0.05
CUST-005145,2026-05-29,Asia Pacific,Gold,938.8,0.1
CUST-005146,2025-05-03,Asia Pacific,Bronze,99.29,0.28
CUST-005147,2024-01-19,Asia Pacific,Bronze,159.73,0.28
CUST-005148,2025-12-26,North America,Silver,392.44,0.18
CUST-005149,2024-07-15,Europe,Silver,311.78,0.18
CUST-005150,2025-03-25,North America,Gold,881.29,0.1
CUST-005151,2025-07-12,North America,Silver,601.57,0.18
CUST-005152,2025-11-09,Latin America,Bronze,128.77,0.28
CUST-005153,2025-03-27,Europe,Silver,275.35,0.18
CUST-005154,2024-10-15,Asia Pacific,Gold,1231.45,0.1
CUST-005155,2024-05-20,Asia Pacific,Gold,911.95,0.1
CUST-005156,2024-03-24,Latin America,Bronze,194.23,0.28
CUST-005157,2025-11-24,Latin America,Silver,822.23,0.18
CUST-005158,2025-01-25,Europe,Bronze,69.11,0.28
CUST-005159,2025-08-13,North America,Silver,339.16,0.18
CUST-005160,2024-08-02,North America,Bronze,158.55,0.28
CUST-005161,2025-06-09,Europe,Platinum,3394.59,0.05
CUST-005162,2024-08-02,Europe,Silver,742.47,0.18
CUST-005163,2025-02-06,Europe,Gold,1190.77,0.1
CUST-005164,2024-05-07,Asia Pacific,Platinum,3798.11,0.05
CUST-005165,2026-04-01,Middle East & Africa,Bronze,178.21,0.28
CUST-005166,2025-04-21,Asia Pacific,Silver,342.72,0.18
CUST-005167,2026-01-29,Europe,Gold,1474.62,0.1
CUST-005168,2025-02-07,North America,Silver,529.26,0.18
CUST-005169,2024-01-29,North America,Silver,468.96,0.18
CUST-005170,2026-03-02,North America,Bronze,69.65,0.28
CUST-005171,2024-12-03,Asia Pacific,Silver,331.9,0.18
CUST-005172,2026-04-10,North America,Bronze,161.57,0.28
CUST-005173,2025-12-14,Asia Pacific,Silver,433.2,0.18
CUST-005174,2024-12-26,Europe,Bronze,202.4,0.28
CUST-005175,2025-07-22,North America,Bronze,203.04,0.28
CUST-005176,2025-01-26,North America,Bronze,172.17,0.28
CUST-005177,2024-08-05,Europe,Bronze,203.06,0.28
CUST-005178,2025-07-27,Europe,Silver,549.65,0.18
CUST-005179,2025-10-30,Asia Pacific,Bronze,121.52,0.28
CUST-005180,2024-07-20,Asia Pacific,Bronze,149.65,0.28
CUST-005181,2024-01-17,Europe,Gold,773.2,0.1
CUST-005182,2024-11-17,Asia Pacific,Gold,2180.77,0.1
CUST-005183,2025-06-01,Europe,Gold,726.54,0.1
CUST-005184,2025-07-23,Middle East & Africa,Gold,521.36,0.1
CUST-005185,2024-11-20,North America,Bronze,350.34,0.28
CUST-005186,2025-02-15,Asia Pacific,Bronze,144.53,0.28
CUST-005187,2024-11-13,Europe,Bronze,214.55,0.28
CUST-005188,2025-11-11,North America,Gold,1608.81,0.1
CUST-005189,2024-03-22,North America,Gold,1823.0,0.1
CUST-005190,2025-04-18,Europe,Bronze,190.01,0.28
CUST-005191,2025-04-12,North America,Bronze,190.49,0.28
CUST-005192,2025-02-28,North America,Silver,176.49,0.18
CUST-005193,2025-12-31,Middle East & Africa,Bronze,102.02,0.28
CUST-005194,2025-11-19,Asia Pacific,Silver,157.29,0.18
CUST-005195,2024-07-22,Asia Pacific,Platinum,2521.35,0.05
CUST-005196,2025-08-05,Asia Pacific,Silver,363.59,0.18
CUST-005197,2025-01-21,Middle East & Africa,Gold,1145.33,0.1
CUST-005198,2026-02-16,Europe,Bronze,102.67,0.28
CUST-005199,2024-04-07,North America,Silver,390.83,0.18
CUST-005200,2024-12-10,Latin America,Gold,975.47,0.1
CUST-005201,2026-03-13,Asia Pacific,Silver,516.67,0.18
CUST-005202,2024-07-26,Europe,Silver,609.66,0.18
CUST-005203,2025-05-28,Europe,Silver,490.26,0.18
CUST-005204,2025-09-27,Europe,Gold,1544.11,0.1
CUST-005205,2026-03-02,Latin America,Bronze,161.9,0.28
CUST-005206,2025-08-08,North America,Bronze,241.15,0.28
CUST-005207,2024-06-14,Middle East & Africa,Bronze,316.17,0.28
CUST-005208,2024-01-22,Latin America,Gold,451.05,0.1
CUST-005209,2024-06-02,Europe,Platinum,5507.14,0.05
CUST-005210,2025-03-14,Europe,Bronze,89.55,0.28
CUST-005211,2024-10-21,Europe,Bronze,161.57,0.28
CUST-005212,2024-08-06,North America,Platinum,3885.71,0.05
CUST-005213,2025-10-30,North America,Bronze,191.33,0.28
CUST-005214,2025-05-09,Asia Pacific,Bronze,146.97,0.28
CUST-005215,2024-08-17,Europe,Bronze,149.71,0.28
CUST-005216,2024-01-20,North America,Bronze,172.09,0.28
CUST-005217,2025-07-06,North America,Silver,391.82,0.18
CUST-005218,2024-05-27,Latin America,Bronze,70.17,0.28
CUST-005219,2024-04-17,Europe,Silver,449.68,0.18
CUST-005220,2025-02-06,Latin America,Gold,889.4,0.1
CUST-005221,2025-08-18,North America,Bronze,107.44,0.28
CUST-005222,2025-04-27,Europe,Bronze,103.34,0.28
CUST-005223,2025-01-01,North America,Gold,545.43,0.1
CUST-005224,2026-04-13,Europe,Gold,1022.71,0.1
CUST-005225,2025-02-17,Europe,Bronze,150.05,0.28
CUST-005226,2024-11-04,North America,Bronze,203.94,0.28
CUST-005227,2026-03-12,Europe,Bronze,118.43,0.28
CUST-005228,2026-04-14,Europe,Silver,845.78,0.18
CUST-005229,2024-05-13,Asia Pacific,Bronze,189.45,0.28
CUST-005230,2025-12-19,Asia Pacific,Silver,287.38,0.18
CUST-005231,2024-10-09,North America,Bronze,123.39,0.28
CUST-005232,2026-02-16,Europe,Gold,2693.76,0.1
CUST-005233,2024-03-13,Middle East & Africa,Bronze,203.29,0.28
CUST-005234,2025-04-25,Latin America,Silver,364.49,0.18
CUST-005235,2024-12-17,Middle East & Africa,Bronze,214.37,0.28
CUST-005236,2025-07-13,Europe,Bronze,90.57,0.28
CUST-005237,2024-11-21,Asia Pacific,Silver,360.75,0.18
CUST-005238,2026-01-14,Europe,Gold,472.53,0.1
CUST-005239,2025-03-18,North America,Silver,572.91,0.18
CUST-005240,2024-04-09,Asia Pacific,Silver,282.32,0.18
CUST-005241,2024-02-28,Asia Pacific,Bronze,145.24,0.28
CUST-005242,2025-05-22,North America,Silver,242.42,0.18
CUST-005243,2024-09-14,North America,Bronze,162.52,0.28
CUST-005244,2025-02-16,Asia Pacific,Bronze,145.62,0.28
CUST-005245,2025-03-27,North America,Gold,665.5,0.1
CUST-005246,2024-03-05,North America,Gold,991.42,0.1
CUST-005247,2025-08-17,Europe,Silver,474.63,0.18
CUST-005248,2024-06-02,North America,Gold,1433.89,0.1
CUST-005249,2024-09-22,Latin America,Platinum,6593.5,0.05
CUST-005250,2026-03-31,Europe,Bronze,244.15,0.28
CUST-005251,2024-03-19,Europe,Platinum,2650.49,0.05
CUST-005252,2024-11-10,Latin America,Silver,339.12,0.18
CUST-005253,2025-10-23,Europe,Gold,677.1,0.1
CUST-005254,2025-07-13,Europe,Silver,300.47,0.18
CUST-005255,2024-09-04,Asia Pacific,Silver,634.8,0.18
CUST-005256,2026-02-28,Europe,Silver,238.32,0.18
CUST-005257,2026-05-17,North America,Bronze,140.99,0.28
CUST-005258,2025-09-01,Asia Pacific,Gold,1063.64,0.1
CUST-005259,2025-02-17,Asia Pacific,Bronze,110.78,0.28
CUST-005260,2024-01-25,Asia Pacific,Bronze,89.1,0.28
CUST-005261,2024-10-10,Middle East & Africa,Bronze,70.31,0.28
CUST-005262,2025-03-24,Asia Pacific,Bronze,89.42,0.28
CUST-005263,2026-05-30,Asia Pacific,Bronze,145.1,0.28
CUST-005264,2024-10-27,Latin America,Bronze,190.51,0.28
CUST-005265,2024-03-08,North America,Silver,857.5,0.18
CUST-005266,2024-01-07,Europe,Silver,514.42,0.18
CUST-005267,2026-03-27,Asia Pacific,Bronze,190.14,0.28
CUST-005268,2024-05-16,Europe,Bronze,285.41,0.28
CUST-005269,2024-06-12,North America,Platinum,4007.21,0.05
CUST-005270,2024-03-23,North America,Bronze,222.26,0.28
CUST-005271,2025-10-11,North America,Bronze,128.87,0.28
CUST-005272,2025-02-23,Europe,Bronze,200.16,0.28
CUST-005273,2024-03-13,Asia Pacific,Bronze,163.14,0.28
CUST-005274,2024-08-24,Latin America,Silver,408.51,0.18
CUST-005275,2024-02-15,Asia Pacific,Bronze,278.53,0.28
CUST-005276,2025-09-09,Asia Pacific,Silver,278.11,0.18
CUST-005277,2026-03-10,Europe,Bronze,106.34,0.28
CUST-005278,2024-09-18,Europe,Silver,720.75,0.18
CUST-005279,2024-06-24,Europe,Gold,1769.65,0.1
CUST-005280,2024-06-14,Europe,Bronze,150.76,0.28
CUST-005281,2025-10-18,North America,Bronze,171.83,0.28
CUST-005282,2026-04-21,Europe,Bronze,184.49,0.28
CUST-005283,2025-01-04,Asia Pacific,Silver,520.74,0.18
CUST-005284,2026-03-05,Europe,Bronze,165.19,0.28
CUST-005285,2024-02-23,Middle East & Africa,Silver,321.52,0.18
CUST-005286,2025-11-20,Europe,Bronze,246.15,0.28
CUST-005287,2025-02-22,North America,Bronze,138.24,0.28
CUST-005288,2026-01-25,Europe,Bronze,100.93,0.28
CUST-005289,2025-05-21,Asia Pacific,Bronze,158.27,0.28
CUST-005290,2024-12-06,North America,Bronze,172.07,0.28
CUST-005291,2024-05-06,North America,Bronze,175.7,0.28
CUST-005292,2025-02-12,Europe,Silver,664.05,0.18
CUST-005293,2025-01-01,Latin America,Bronze,128.86,0.28
CUST-005294,2024-09-27,Europe,Silver,438.42,0.18
CUST-005295,2025-10-05,Latin America,Silver,321.07,0.18
CUST-005296,2025-08-27,Asia Pacific,Silver,494.1,0.18
CUST-005297,2025-01-13,North America,Platinum,2482.59,0.05
CUST-005298,2024-03-13,Asia Pacific,Bronze,118.47,0.28
CUST-005299,2024-09-04,Europe,Bronze,222.3,0.28
CUST-005300,2026-05-09,North America,Silver,475.25,0.18
CUST-005301,2026-02-23,Asia Pacific,Silver,795.58,0.18
CUST-005302,2024-02-12,Asia Pacific,Silver,720.49,0.18
CUST-005303,2025-01-11,North America,Bronze,163.52,0.28
CUST-005304,2024-02-10,Latin America,Silver,518.39,0.18
CUST-005305,2024-06-18,Asia Pacific,Platinum,3181.54,0.05
CUST-005306,2024-07-30,Latin America,Bronze,227.74,0.28
CUST-005307,2025-05-07,North America,Platinum,4047.15,0.05
CUST-005308,2025-11-10,Latin America,Bronze,215.82,0.28
CUST-005309,2024-02-08,Europe,Bronze,115.8,0.28
CUST-005310,2025-01-03,North America,Bronze,87.03,0.28
CUST-005311,2026-01-26,Asia Pacific,Silver,550.13,0.18
CUST-005312,2024-05-30,Asia Pacific,Silver,596.07,0.18
CUST-005313,2024-04-20,Europe,Silver,463.74,0.18
CUST-005314,2025-04-24,Europe,Silver,567.19,0.18
CUST-005315,2025-03-11,North America,Bronze,106.68,0.28
CUST-005316,2024-02-16,Europe,Bronze,218.41,0.28
CUST-005317,2025-07-28,Europe,Bronze,239.68,0.28
CUST-005318,2026-01-06,Europe,Platinum,5264.76,0.05
CUST-005319,2024-12-31,Europe,Bronze,157.63,0.28
CUST-005320,2024-03-09,Middle East & Africa,Gold,1928.84,0.1
CUST-005321,2024-10-25,Europe,Bronze,94.96,0.28
CUST-005322,2026-03-12,Asia Pacific,Bronze,188.67,0.28
CUST-005323,2024-10-22,Latin America,Bronze,199.78,0.28
CUST-005324,2024-07-21,Europe,Bronze,183.3,0.28
CUST-005325,2024-03-01,North America,Platinum,2402.75,0.05
CUST-005326,2026-04-09,North America,Silver,493.24,0.18
CUST-005327,2024-11-09,Asia Pacific,Platinum,3159.21,0.05
CUST-005328,2024-06-09,North America,Gold,548.46,0.1
CUST-005329,2024-11-26,Europe,Silver,280.95,0.18
CUST-005330,2025-06-11,North America,Silver,716.05,0.18
CUST-005331,2024-12-03,North America,Silver,383.78,0.18
CUST-005332,2025-08-28,Europe,Silver,686.56,0.18
CUST-005333,2024-10-30,Middle East & Africa,Bronze,237.01,0.28
CUST-005334,2025-05-17,Europe,Bronze,186.63,0.28
CUST-005335,2025-10-11,Latin America,Silver,351.95,0.18
CUST-005336,2024-12-03,Middle East & Africa,Bronze,218.84,0.28
CUST-005337,2025-07-03,North America,Silver,490.13,0.18
CUST-005338,2025-09-30,North America,Gold,1221.63,0.1
CUST-005339,2024-10-01,Asia Pacific,Silver,312.5,0.18
CUST-005340,2024-06-12,Latin America,Silver,368.31,0.18
CUST-005341,2025-03-18,Europe,Bronze,104.77,0.28
CUST-005342,2024-11-14,Middle East & Africa,Gold,1761.16,0.1
CUST-005343,2025-08-11,North America,Bronze,277.1,0.28
CUST-005344,2025-05-18,North America,Platinum,5064.41,0.05
CUST-005345,2025-11-16,Europe,Platinum,3789.87,0.05
CUST-005346,2025-01-21,Europe,Gold,1061.4,0.1
CUST-005347,2026-05-19,North America,Bronze,181.49,0.28
CUST-005348,2026-04-12,Europe,Bronze,126.95,0.28
CUST-005349,2025-08-25,North America,Platinum,3456.37,0.05
CUST-005350,2026-01-19,Europe,Gold,863.93,0.1
CUST-005351,2026-02-14,Latin America,Gold,1556.72,0.1
CUST-005352,2025-11-21,Latin America,Silver,595.62,0.18
CUST-005353,2025-05-08,Asia Pacific,Silver,647.29,0.18
CUST-005354,2025-05-04,Europe,Bronze,187.49,0.28
CUST-005355,2025-12-21,Europe,Gold,1458.65,0.1
CUST-005356,2024-03-13,North America,Silver,296.4,0.18
CUST-005357,2025-05-23,North America,Bronze,97.16,0.28
CUST-005358,2025-01-24,North America,Bronze,171.24,0.28
CUST-005359,2025-09-10,Asia Pacific,Silver,698.97,0.18
CUST-005360,2026-05-06,Latin America,Silver,404.38,0.18
CUST-005361,2024-10-21,Europe,Bronze,150.34,0.28
CUST-005362,2025-01-03,Asia Pacific,Bronze,150.96,0.28
CUST-005363,2026-03-06,North America,Bronze,71.76,0.28
CUST-005364,2026-05-14,Europe,Bronze,165.14,0.28
CUST-005365,2025-11-24,Asia Pacific,Gold,963.08,0.1
CUST-005366,2025-07-02,Europe,Silver,574.6,0.18
CUST-005367,2025-10-10,North America,Silver,444.39,0.18
CUST-005368,2026-04-29,Latin America,Gold,1116.97,0.1
CUST-005369,2025-07-21,Asia Pacific,Bronze,140.84,0.28
CUST-005370,2024-07-05,Latin America,Gold,1052.86,0.1
CUST-005371,2026-05-02,Asia Pacific,Platinum,2030.22,0.05
CUST-005372,2026-02-08,Middle East & Africa,Silver,658.91,0.18
CUST-005373,2025-03-20,North America,Bronze,116.4,0.28
CUST-005374,2025-07-23,North America,Silver,373.21,0.18
CUST-005375,2024-12-28,North America,Gold,1238.56,0.1
CUST-005376,2024-05-02,North America,Bronze,96.01,0.28
CUST-005377,2024-07-06,Europe,Bronze,122.85,0.28
CUST-005378,2026-01-11,Europe,Gold,2582.92,0.1
CUST-005379,2025-11-10,Europe,Platinum,4004.65,0.05
CUST-005380,2025-02-23,North America,Silver,319.3,0.18
CUST-005381,2025-09-17,Latin America,Bronze,65.24,0.28
CUST-005382,2024-09-08,North America,Bronze,223.9,0.28
CUST-005383,2025-09-10,North America,Silver,300.19,0.18
CUST-005384,2025-07-02,Asia Pacific,Platinum,2816.84,0.05
CUST-005385,2024-11-30,Asia Pacific,Bronze,126.99,0.28
CUST-005386,2024-04-01,Europe,Bronze,104.1,0.28
CUST-005387,2025-06-13,North America,Gold,1163.96,0.1
CUST-005388,2026-05-15,Europe,Bronze,120.31,0.28
CUST-005389,2024-03-03,North America,Gold,1532.31,0.1
CUST-005390,2025-10-23,North America,Bronze,158.67,0.28
CUST-005391,2025-05-26,Asia Pacific,Gold,2127.98,0.1
CUST-005392,2024-05-18,North America,Platinum,6257.02,0.05
CUST-005393,2025-11-28,North America,Bronze,102.38,0.28
CUST-005394,2024-07-03,Europe,Gold,1052.87,0.1
CUST-005395,2024-07-23,Middle East & Africa,Platinum,8285.32,0.05
CUST-005396,2026-02-10,Middle East & Africa,Platinum,2202.03,0.05
CUST-005397,2024-08-01,Europe,Bronze,206.37,0.28
CUST-005398,2024-09-12,North America,Silver,560.29,0.18
CUST-005399,2024-05-14,North America,Bronze,106.81,0.28
CUST-005400,2025-07-26,North America,Bronze,108.89,0.28
CUST-005401,2026-05-24,Europe,Silver,941.27,0.18
CUST-005402,2026-04-01,Europe,Bronze,311.26,0.28
CUST-005403,2024-03-28,Europe,Silver,534.44,0.18
CUST-005404,2026-04-15,Europe,Silver,258.47,0.18
CUST-005405,2024-07-25,North America,Gold,1983.9,0.1
CUST-005406,2024-05-08,Europe,Gold,688.08,0.1
CUST-005407,2026-04-02,North America,Bronze,199.68,0.28
CUST-005408,2024-01-03,Europe,Silver,235.46,0.18
CUST-005409,2026-01-23,Asia Pacific,Gold,1203.66,0.1
CUST-005410,2024-04-30,Europe,Bronze,213.71,0.28
CUST-005411,2025-01-19,Europe,Bronze,48.45,0.28
CUST-005412,2025-09-05,Europe,Gold,971.39,0.1
CUST-005413,2024-02-07,North America,Bronze,159.49,0.28
CUST-005414,2024-12-06,North America,Gold,1045.66,0.1
CUST-005415,2025-10-06,Europe,Gold,917.49,0.1
CUST-005416,2025-12-14,North America,Silver,426.6,0.18
CUST-005417,2026-05-09,Asia Pacific,Gold,1817.26,0.1
CUST-005418,2024-01-21,Asia Pacific,Bronze,259.36,0.28
CUST-005419,2024-08-29,Latin America,Gold,1590.95,0.1
CUST-005420,2025-03-30,Middle East & Africa,Gold,2233.71,0.1
CUST-005421,2025-09-12,North America,Bronze,121.11,0.28
CUST-005422,2024-10-29,Middle East & Africa,Silver,571.33,0.18
CUST-005423,2025-08-18,Asia Pacific,Silver,299.38,0.18
CUST-005424,2025-08-17,Europe,Bronze,484.48,0.28
CUST-005425,2026-03-13,North America,Platinum,3643.05,0.05
CUST-005426,2024-03-09,Latin America,Bronze,206.91,0.28
CUST-005427,2024-05-08,North America,Silver,222.35,0.18
CUST-005428,2024-07-14,Asia Pacific,Bronze,205.03,0.28
CUST-005429,2024-05-19,North America,Silver,470.94,0.18
CUST-005430,2025-03-19,Europe,Gold,1444.79,0.1
CUST-005431,2024-10-09,Europe,Silver,452.45,0.18
CUST-005432,2024-11-07,North America,Gold,1143.85,0.1
CUST-005433,2026-01-15,North America,Silver,397.82,0.18
CUST-005434,2025-06-18,Europe,Bronze,144.72,0.28
CUST-005435,2025-10-26,North America,Bronze,269.87,0.28
CUST-005436,2024-10-03,Europe,Bronze,129.5,0.28
CUST-005437,2024-03-01,Europe,Bronze,370.24,0.28
CUST-005438,2024-11-14,Asia Pacific,Bronze,153.73,0.28
CUST-005439,2024-02-21,Asia Pacific,Platinum,6127.27,0.05
CUST-005440,2026-05-05,North America,Platinum,5530.81,0.05
CUST-005441,2024-06-01,North America,Bronze,80.26,0.28
CUST-005442,2026-01-18,North America,Bronze,87.35,0.28
CUST-005443,2024-11-06,Latin America,Bronze,114.36,0.28
CUST-005444,2026-03-24,Latin America,Gold,647.17,0.1
CUST-005445,2025-06-27,Europe,Silver,381.47,0.18
CUST-005446,2025-07-20,North America,Silver,455.09,0.18
CUST-005447,2026-05-13,Latin America,Silver,583.29,0.18
CUST-005448,2025-01-23,Latin America,Silver,483.71,0.18
CUST-005449,2025-07-01,Latin America,Bronze,150.31,0.28
CUST-005450,2025-09-13,Asia Pacific,Bronze,225.91,0.28
CUST-005451,2024-06-25,Europe,Bronze,214.13,0.28
CUST-005452,2024-12-27,North America,Bronze,321.75,0.28
CUST-005453,2024-11-09,Europe,Gold,1293.01,0.1
CUST-005454,2026-03-17,Europe,Bronze,57.18,0.28
CUST-005455,2026-04-27,Europe,Bronze,177.95,0.28
CUST-005456,2024-04-06,Europe,Gold,2974.08,0.1
CUST-005457,2026-05-30,North America,Bronze,226.11,0.28
CUST-005458,2024-07-31,Europe,Bronze,247.83,0.28
CUST-005459,2026-04-08,Europe,Gold,1246.39,0.1
CUST-005460,2024-05-16,North America,Silver,648.4,0.18
CUST-005461,2024-01-06,Europe,Bronze,253.11,0.28
CUST-005462,2024-04-18,Asia Pacific,Gold,1049.82,0.1
CUST-005463,2025-06-30,Asia Pacific,Silver,368.31,0.18
CUST-005464,2024-02-08,Europe,Bronze,179.92,0.28
CUST-005465,2025-10-23,Europe,Silver,663.12,0.18
CUST-005466,2025-02-28,North America,Silver,149.47,0.18
CUST-005467,2025-09-21,Asia Pacific,Platinum,3237.66,0.05
CUST-005468,2024-09-17,Europe,Platinum,1602.21,0.05
CUST-005469,2025-03-01,Europe,Bronze,142.82,0.28
CUST-005470,2024-03-27,Latin America,Silver,884.56,0.18
CUST-005471,2025-04-09,Europe,Bronze,116.87,0.28
CUST-005472,2024-03-16,North America,Bronze,133.78,0.28
CUST-005473,2025-04-15,North America,Bronze,195.47,0.28
CUST-005474,2025-02-17,Europe,Silver,669.65,0.18
CUST-005475,2026-04-04,Europe,Silver,659.65,0.18
CUST-005476,2025-12-26,Latin America,Bronze,152.26,0.28
CUST-005477,2025-04-01,Europe,Gold,1507.58,0.1
CUST-005478,2024-10-11,Asia Pacific,Gold,1481.35,0.1
CUST-005479,2024-08-26,Europe,Silver,339.59,0.18
CUST-005480,2025-11-07,Europe,Bronze,74.46,0.28
CUST-005481,2025-08-21,Europe,Gold,838.21,0.1
CUST-005482,2025-10-14,Europe,Gold,2133.61,0.1
CUST-005483,2025-11-02,Europe,Bronze,363.55,0.28
CUST-005484,2025-07-11,North America,Bronze,144.64,0.28
CUST-005485,2025-01-06,Latin America,Platinum,6127.8,0.05
CUST-005486,2025-05-09,North America,Silver,399.53,0.18
CUST-005487,2025-09-15,North America,Silver,517.42,0.18
CUST-005488,2024-02-14,North America,Bronze,117.33,0.28
CUST-005489,2025-02-04,North America,Silver,675.24,0.18
CUST-005490,2024-09-03,Europe,Bronze,116.19,0.28
CUST-005491,2025-09-07,North America,Bronze,104.96,0.28
CUST-005492,2025-08-19,North America,Silver,458.49,0.18
CUST-005493,2025-03-25,Europe,Bronze,207.96,0.28
CUST-005494,2025-04-29,Asia Pacific,Silver,480.44,0.18
CUST-005495,2025-10-07,North America,Platinum,2901.28,0.05
CUST-005496,2025-09-11,Europe,Silver,313.99,0.18
CUST-005497,2024-01-18,Asia Pacific,Silver,229.18,0.18
CUST-005498,2025-08-28,Middle East & Africa,Bronze,124.98,0.28
CUST-005499,2025-10-23,Asia Pacific,Bronze,141.1,0.28
CUST-005500,2026-01-27,North America,Platinum,4368.18,0.05
CUST-005501,2024-10-15,Asia Pacific,Bronze,94.05,0.28
CUST-005502,2025-02-17,Europe,Bronze,195.96,0.28
CUST-005503,2025-12-21,North America,Silver,354.81,0.18
CUST-005504,2025-09-29,Latin America,Silver,366.41,0.18
CUST-005505,2024-08-22,Europe,Bronze,247.18,0.28
CUST-005506,2025-02-19,Middle East & Africa,Bronze,55.68,0.28
CUST-005507,2025-05-13,Asia Pacific,Gold,734.61,0.1
CUST-005508,2025-09-25,Europe,Bronze,152.76,0.28
CUST-005509,2025-10-11,Asia Pacific,Bronze,149.7,0.28
CUST-005510,2024-04-24,Europe,Bronze,75.93,0.28
CUST-005511,2025-11-04,Europe,Bronze,123.09,0.28
CUST-005512,2025-12-13,Latin America,Silver,660.14,0.18
CUST-005513,2024-08-21,Asia Pacific,Silver,282.62,0.18
CUST-005514,2025-06-23,Latin America,Gold,1848.96,0.1
CUST-005515,2024-01-11,Latin America,Bronze,112.64,0.28
CUST-005516,2024-07-24,Middle East & Africa,Bronze,70.91,0.28
CUST-005517,2025-11-09,Asia Pacific,Bronze,208.15,0.28
CUST-005518,2024-09-03,Europe,Bronze,165.82,0.28
CUST-005519,2025-07-12,North America,Bronze,83.45,0.28
CUST-005520,2026-01-27,Asia Pacific,Bronze,120.73,0.28
CUST-005521,2024-05-06,North America,Bronze,299.05,0.28
CUST-005522,2024-05-26,North America,Silver,585.57,0.18
CUST-005523,2024-04-27,North America,Bronze,234.34,0.28
CUST-005524,2025-01-16,Latin America,Bronze,95.14,0.28
CUST-005525,2025-02-15,Latin America,Bronze,244.87,0.28
CUST-005526,2025-10-25,Europe,Bronze,84.86,0.28
CUST-005527,2025-08-06,Europe,Silver,257.84,0.18
CUST-005528,2024-12-28,Asia Pacific,Bronze,209.49,0.28
CUST-005529,2025-05-23,Europe,Bronze,88.08,0.28
CUST-005530,2024-05-16,Europe,Bronze,275.24,0.28
CUST-005531,2024-06-23,Europe,Bronze,90.89,0.28
CUST-005532,2024-10-15,Europe,Gold,813.42,0.1
CUST-005533,2025-04-25,Europe,Platinum,5551.3,0.05
CUST-005534,2024-01-19,Europe,Bronze,117.02,0.28
CUST-005535,2024-07-13,Europe,Silver,618.51,0.18
CUST-005536,2024-11-25,Middle East & Africa,Bronze,96.09,0.28
CUST-005537,2024-06-23,North America,Bronze,134.29,0.28
CUST-005538,2025-03-24,North America,Bronze,201.74,0.28
CUST-005539,2024-12-19,Europe,Gold,855.59,0.1
CUST-005540,2025-05-13,North America,Bronze,225.82,0.28
CUST-005541,2024-05-20,Europe,Platinum,3030.26,0.05
CUST-005542,2026-01-27,North America,Bronze,157.38,0.28
CUST-005543,2024-04-02,Europe,Bronze,100.44,0.28
CUST-005544,2024-08-26,North America,Gold,881.77,0.1
CUST-005545,2024-07-23,Asia Pacific,Gold,856.13,0.1
CUST-005546,2025-07-13,Europe,Gold,940.57,0.1
CUST-005547,2025-03-08,North America,Silver,835.25,0.18
CUST-005548,2024-09-01,Asia Pacific,Bronze,234.85,0.28
CUST-005549,2026-04-11,North America,Bronze,179.71,0.28
CUST-005550,2024-11-12,Asia Pacific,Bronze,115.26,0.28
CUST-005551,2024-10-21,Latin America,Bronze,107.1,0.28
CUST-005552,2025-10-01,North America,Platinum,2374.81,0.05
CUST-005553,2026-05-05,Latin America,Silver,398.5,0.18
CUST-005554,2024-10-08,Asia Pacific,Gold,1342.28,0.1
CUST-005555,2024-01-17,Latin America,Bronze,191.78,0.28
CUST-005556,2024-03-11,Asia Pacific,Silver,452.6,0.18
CUST-005557,2024-09-25,North America,Gold,1504.56,0.1
CUST-005558,2024-11-20,Latin America,Silver,654.34,0.18
CUST-005559,2026-03-04,North America,Bronze,129.27,0.28
CUST-005560,2024-10-31,North America,Silver,698.27,0.18
CUST-005561,2025-03-26,North America,Silver,303.61,0.18
CUST-005562,2024-01-07,North America,Platinum,4425.2,0.05
CUST-005563,2024-11-09,Europe,Bronze,151.93,0.28
CUST-005564,2026-03-27,Asia Pacific,Bronze,160.9,0.28
CUST-005565,2024-04-12,Latin America,Silver,388.44,0.18
CUST-005566,2026-03-31,North America,Bronze,247.04,0.28
CUST-005567,2024-07-11,Middle East & Africa,Silver,353.38,0.18
CUST-005568,2026-01-22,Latin America,Bronze,261.29,0.28
CUST-005569,2025-07-27,North America,Platinum,6112.74,0.05
CUST-005570,2025-06-12,Europe,Gold,1437.3,0.1
CUST-005571,2024-06-19,Asia Pacific,Bronze,132.36,0.28
CUST-005572,2025-06-20,Europe,Bronze,107.29,0.28
CUST-005573,2024-09-07,Asia Pacific,Silver,202.65,0.18
CUST-005574,2026-02-03,Asia Pacific,Gold,1489.25,0.1
CUST-005575,2025-01-21,Europe,Bronze,96.16,0.28
CUST-005576,2024-07-25,North America,Bronze,101.7,0.28
CUST-005577,2025-06-24,Europe,Silver,560.96,0.18
CUST-005578,2025-09-20,North America,Silver,378.91,0.18
CUST-005579,2025-02-19,Europe,Bronze,163.64,0.28
CUST-005580,2026-03-04,Asia Pacific,Silver,541.03,0.18
CUST-005581,2025-01-14,Europe,Platinum,6650.17,0.05
CUST-005582,2024-05-23,Middle East & Africa,Bronze,162.4,0.28
CUST-005583,2024-01-25,Europe,Silver,361.19,0.18
CUST-005584,2026-04-01,Asia Pacific,Bronze,145.56,0.28
CUST-005585,2025-10-29,Asia Pacific,Bronze,119.04,0.28
CUST-005586,2024-03-13,Middle East & Africa,Bronze,318.15,0.28
CUST-005587,2025-09-23,Asia Pacific,Bronze,174.08,0.28
CUST-005588,2026-04-03,North America,Gold,1516.17,0.1
CUST-005589,2026-04-12,Middle East & Africa,Silver,772.98,0.18
CUST-005590,2024-04-02,Asia Pacific,Bronze,106.87,0.28
CUST-005591,2025-05-19,North America,Bronze,84.78,0.28
CUST-005592,2025-08-20,Asia Pacific,Silver,445.93,0.18
CUST-005593,2024-12-01,Latin America,Bronze,84.87,0.28
CUST-005594,2025-02-28,Europe,Bronze,127.26,0.28
CUST-005595,2025-05-13,Europe,Silver,188.23,0.18
CUST-005596,2024-12-29,Asia Pacific,Gold,698.83,0.1
CUST-005597,2025-09-21,Asia Pacific,Bronze,244.64,0.28
CUST-005598,2026-01-14,Europe,Silver,529.06,0.18
CUST-005599,2024-07-17,North America,Bronze,307.88,0.28
CUST-005600,2025-12-18,North America,Silver,444.43,0.18
CUST-005601,2025-02-16,Asia Pacific,Silver,437.66,0.18
CUST-005602,2024-12-04,Asia Pacific,Gold,1308.02,0.1
CUST-005603,2025-10-20,North America,Silver,1890.73,0.18
CUST-005604,2025-03-04,Europe,Bronze,228.53,0.28
CUST-005605,2026-02-21,North America,Bronze,107.17,0.28
CUST-005606,2024-05-18,Asia Pacific,Bronze,176.54,0.28
CUST-005607,2025-11-23,North America,Silver,478.32,0.18
CUST-005608,2025-06-25,North America,Gold,1601.09,0.1
CUST-005609,2024-02-26,North America,Silver,951.97,0.18
CUST-005610,2024-08-19,Europe,Silver,569.27,0.18
CUST-005611,2025-10-19,Europe,Bronze,129.33,0.28
CUST-005612,2025-03-10,North America,Bronze,316.2,0.28
CUST-005613,2025-01-18,Latin America,Bronze,88.97,0.28
CUST-005614,2025-07-13,North America,Bronze,134.58,0.28
CUST-005615,2024-07-12,Europe,Bronze,215.12,0.28
CUST-005616,2026-01-05,Latin America,Gold,874.7,0.1
CUST-005617,2025-10-09,Europe,Bronze,146.93,0.28
CUST-005618,2025-06-17,Europe,Silver,339.92,0.18
CUST-005619,2025-06-01,North America,Gold,1181.74,0.1
CUST-005620,2025-12-16,Asia Pacific,Bronze,113.39,0.28
CUST-005621,2026-01-20,Europe,Gold,1238.55,0.1
CUST-005622,2024-07-03,Asia Pacific,Bronze,131.47,0.28
CUST-005623,2026-05-21,North America,Bronze,255.07,0.28
CUST-005624,2024-10-18,Europe,Bronze,175.01,0.28
CUST-005625,2024-11-30,Asia Pacific,Bronze,201.52,0.28
CUST-005626,2026-01-01,Middle East & Africa,Silver,476.74,0.18
CUST-005627,2024-04-25,North America,Gold,1008.59,0.1
CUST-005628,2026-04-04,Asia Pacific,Bronze,171.5,0.28
CUST-005629,2024-02-18,North America,Bronze,162.67,0.28
CUST-005630,2025-11-15,Europe,Bronze,56.94,0.28
CUST-005631,2024-03-22,North America,Silver,456.08,0.18
CUST-005632,2026-04-13,Europe,Bronze,196.26,0.28
CUST-005633,2024-11-28,Europe,Silver,337.92,0.18
CUST-005634,2025-07-10,North America,Silver,636.67,0.18
CUST-005635,2024-11-30,North America,Bronze,172.93,0.28
CUST-005636,2025-06-15,North America,Platinum,2986.35,0.05
CUST-005637,2024-08-08,Latin America,Bronze,186.31,0.28
CUST-005638,2025-09-26,Middle East & Africa,Platinum,3020.21,0.05
CUST-005639,2026-01-15,Asia Pacific,Bronze,167.56,0.28
CUST-005640,2026-01-02,North America,Bronze,135.19,0.28
CUST-005641,2024-11-18,Europe,Gold,1494.7,0.1
CUST-005642,2026-04-30,Asia Pacific,Silver,771.22,0.18
CUST-005643,2024-01-03,Middle East & Africa,Gold,1007.91,0.1
CUST-005644,2025-11-24,Europe,Bronze,215.19,0.28
CUST-005645,2024-07-24,Asia Pacific,Platinum,3105.51,0.05
CUST-005646,2026-04-11,Middle East & Africa,Bronze,133.51,0.28
CUST-005647,2024-02-09,Latin America,Bronze,128.06,0.28
CUST-005648,2024-02-28,North America,Bronze,76.36,0.28
CUST-005649,2025-07-27,North America,Gold,1465.89,0.1
CUST-005650,2025-10-05,Europe,Silver,504.15,0.18
CUST-005651,2025-05-21,Europe,Bronze,160.1,0.28
CUST-005652,2025-07-25,North America,Bronze,279.34,0.28
CUST-005653,2026-04-22,North America,Bronze,291.92,0.28
CUST-005654,2024-05-01,Asia Pacific,Bronze,253.11,0.28
CUST-005655,2025-04-23,Europe,Silver,409.57,0.18
CUST-005656,2025-09-10,North America,Silver,401.35,0.18
CUST-005657,2024-04-05,Europe,Silver,299.46,0.18
CUST-005658,2026-05-08,Asia Pacific,Platinum,3587.65,0.05
CUST-005659,2025-02-17,Asia Pacific,Bronze,150.5,0.28
CUST-005660,2024-08-22,North America,Bronze,186.05,0.28
CUST-005661,2024-03-02,Asia Pacific,Silver,293.45,0.18
CUST-005662,2024-09-12,Europe,Silver,387.43,0.18
CUST-005663,2025-07-14,North America,Silver,228.44,0.18
CUST-005664,2024-12-13,Asia Pacific,Gold,901.14,0.1
CUST-005665,2025-11-01,Europe,Silver,643.1,0.18
CUST-005666,2024-05-03,North America,Bronze,96.55,0.28
CUST-005667,2025-04-26,Europe,Bronze,301.34,0.28
CUST-005668,2024-11-12,North America,Gold,1796.58,0.1
CUST-005669,2025-05-18,North America,Silver,549.9,0.18
CUST-005670,2025-12-19,Asia Pacific,Bronze,255.71,0.28
CUST-005671,2024-02-17,North America,Bronze,142.91,0.28
CUST-005672,2025-02-12,Middle East & Africa,Silver,335.04,0.18
CUST-005673,2024-05-15,Europe,Silver,433.06,0.18
CUST-005674,2024-07-19,North America,Bronze,75.42,0.28
CUST-005675,2024-09-06,North America,Silver,724.54,0.18
CUST-005676,2024-11-09,Europe,Bronze,130.46,0.28
CUST-005677,2026-05-18,Europe,Platinum,2587.47,0.05
CUST-005678,2025-01-02,North America,Bronze,116.14,0.28
CUST-005679,2025-03-04,North America,Silver,452.99,0.18
CUST-005680,2026-04-09,Asia Pacific,Silver,472.06,0.18
CUST-005681,2026-03-17,North America,Bronze,141.48,0.28
CUST-005682,2025-04-24,Latin America,Silver,423.7,0.18
CUST-005683,2024-11-09,Asia Pacific,Bronze,186.89,0.28
CUST-005684,2025-05-14,Europe,Silver,289.97,0.18
CUST-005685,2025-12-21,North America,Silver,492.42,0.18
CUST-005686,2024-12-20,North America,Bronze,132.09,0.28
CUST-005687,2025-04-29,Asia Pacific,Bronze,67.45,0.28
CUST-005688,2024-07-29,North America,Gold,778.02,0.1
CUST-005689,2025-12-04,North America,Bronze,109.27,0.28
CUST-005690,2024-02-13,Europe,Silver,877.79,0.18
CUST-005691,2025-06-24,North America,Bronze,179.76,0.28
CUST-005692,2025-07-24,Europe,Gold,1337.39,0.1
CUST-005693,2025-08-05,Asia Pacific,Silver,370.35,0.18
CUST-005694,2024-04-01,Europe,Silver,366.61,0.18
CUST-005695,2024-09-21,Latin America,Bronze,93.46,0.28
CUST-005696,2024-08-07,Asia Pacific,Bronze,131.64,0.28
CUST-005697,2025-03-17,North America,Bronze,260.05,0.28
CUST-005698,2025-02-04,Europe,Bronze,88.53,0.28
CUST-005699,2025-02-03,Europe,Silver,355.91,0.18
CUST-005700,2025-12-27,Europe,Silver,651.79,0.18
CUST-005701,2026-02-27,North America,Bronze,217.03,0.28
CUST-005702,2025-07-29,Middle East & Africa,Silver,337.32,0.18
CUST-005703,2026-05-07,Europe,Bronze,238.91,0.28
CUST-005704,2026-03-14,Europe,Bronze,126.06,0.28
CUST-005705,2025-05-04,Europe,Gold,757.76,0.1
CUST-005706,2025-04-29,Europe,Silver,819.4,0.18
CUST-005707,2026-01-26,Asia Pacific,Silver,466.86,0.18
CUST-005708,2025-04-14,Europe,Bronze,140.26,0.28
CUST-005709,2025-07-27,North America,Bronze,160.87,0.28
CUST-005710,2026-04-23,North America,Bronze,101.76,0.28
CUST-005711,2025-11-12,Latin America,Gold,958.45,0.1
CUST-005712,2025-03-20,Europe,Silver,799.52,0.18
CUST-005713,2024-09-25,Middle East & Africa,Bronze,315.54,0.28
CUST-005714,2024-09-23,North America,Gold,768.78,0.1
CUST-005715,2024-02-23,North America,Bronze,128.37,0.28
CUST-005716,2025-06-11,North America,Gold,1202.11,0.1
CUST-005717,2025-06-03,Europe,Bronze,162.54,0.28
CUST-005718,2025-09-07,Europe,Bronze,102.56,0.28
CUST-005719,2024-02-28,North America,Bronze,194.57,0.28
CUST-005720,2026-04-04,Europe,Bronze,200.54,0.28
CUST-005721,2024-02-09,Europe,Gold,1686.15,0.1
CUST-005722,2024-08-24,North America,Silver,608.04,0.18
CUST-005723,2025-01-20,Europe,Silver,464.86,0.18
CUST-005724,2025-08-28,Asia Pacific,Gold,1783.44,0.1
CUST-005725,2026-01-03,North America,Bronze,186.47,0.28
CUST-005726,2025-12-16,North America,Gold,662.84,0.1
CUST-005727,2025-10-11,North America,Gold,664.7,0.1
CUST-005728,2024-10-26,Asia Pacific,Bronze,169.71,0.28
CUST-005729,2025-01-29,Asia Pacific,Bronze,250.88,0.28
CUST-005730,2024-07-25,Europe,Silver,537.9,0.18
CUST-005731,2024-12-01,North America,Bronze,189.8,0.28
CUST-005732,2025-08-15,Latin America,Gold,785.59,0.1
CUST-005733,2025-12-30,Middle East & Africa,Bronze,154.1,0.28
CUST-005734,2025-05-28,Asia Pacific,Silver,710.59,0.18
CUST-005735,2024-06-26,Middle East & Africa,Silver,537.85,0.18
CUST-005736,2025-01-30,Asia Pacific,Bronze,156.41,0.28
CUST-005737,2025-01-05,Asia Pacific,Bronze,190.24,0.28
CUST-005738,2026-05-07,Europe,Bronze,164.23,0.28
CUST-005739,2026-03-01,Europe,Silver,719.86,0.18
CUST-005740,2025-10-19,North America,Gold,1313.42,0.1
CUST-005741,2024-11-13,Asia Pacific,Bronze,148.17,0.28
CUST-005742,2026-01-05,Latin America,Gold,789.29,0.1
CUST-005743,2025-01-03,Europe,Bronze,243.81,0.28
CUST-005744,2025-01-18,North America,Silver,308.92,0.18
CUST-005745,2024-03-02,North America,Gold,1319.58,0.1
CUST-005746,2026-03-16,North America,Bronze,206.65,0.28
CUST-005747,2025-05-19,North America,Gold,2454.83,0.1
CUST-005748,2024-08-26,Europe,Silver,492.7,0.18
CUST-005749,2024-07-13,Latin America,Bronze,261.69,0.28
CUST-005750,2025-11-08,North America,Gold,1213.22,0.1
CUST-005751,2024-08-09,North America,Bronze,119.88,0.28
CUST-005752,2024-03-01,Europe,Bronze,453.59,0.28
CUST-005753,2024-05-08,North America,Silver,276.45,0.18
CUST-005754,2025-11-15,Latin America,Gold,3860.71,0.1
CUST-005755,2024-06-04,North America,Gold,2301.75,0.1
CUST-005756,2025-01-12,North America,Bronze,119.19,0.28
CUST-005757,2025-09-13,North America,Platinum,4538.98,0.05
CUST-005758,2026-02-19,North America,Silver,257.28,0.18
CUST-005759,2026-05-17,Europe,Platinum,4436.99,0.05
CUST-005760,2026-02-28,North America,Bronze,170.63,0.28
CUST-005761,2025-08-08,Europe,Silver,636.41,0.18
CUST-005762,2025-03-12,Europe,Gold,1020.95,0.1
CUST-005763,2024-07-25,North America,Bronze,159.85,0.28
CUST-005764,2025-01-22,North America,Platinum,4234.53,0.05
CUST-005765,2025-04-24,Europe,Bronze,123.38,0.28
CUST-005766,2026-03-01,Asia Pacific,Bronze,263.24,0.28
CUST-005767,2026-04-17,Latin America,Gold,1264.12,0.1
CUST-005768,2024-12-05,North America,Platinum,4016.91,0.05
CUST-005769,2026-05-18,North America,Bronze,107.5,0.28
CUST-005770,2024-12-05,North America,Bronze,77.49,0.28
CUST-005771,2024-07-22,Europe,Gold,700.32,0.1
CUST-005772,2024-06-09,Europe,Gold,1523.25,0.1
CUST-005773,2025-06-23,Asia Pacific,Silver,328.04,0.18
CUST-005774,2025-01-26,Asia Pacific,Silver,602.33,0.18
CUST-005775,2026-02-07,North America,Gold,2326.16,0.1
CUST-005776,2025-11-07,Europe,Bronze,204.18,0.28
CUST-005777,2025-07-28,Latin America,Platinum,4150.74,0.05
CUST-005778,2025-06-17,North America,Bronze,194.98,0.28
CUST-005779,2024-03-10,Europe,Silver,699.84,0.18
CUST-005780,2025-02-08,Middle East & Africa,Silver,509.76,0.18
CUST-005781,2025-08-30,Asia Pacific,Silver,586.82,0.18
CUST-005782,2025-11-05,Asia Pacific,Silver,358.91,0.18
CUST-005783,2025-08-13,North America,Platinum,2368.55,0.05
CUST-005784,2025-05-31,Europe,Silver,367.58,0.18
CUST-005785,2026-04-07,North America,Gold,1053.14,0.1
CUST-005786,2024-04-29,Europe,Bronze,129.51,0.28
CUST-005787,2026-03-24,North America,Gold,1898.34,0.1
CUST-005788,2025-11-20,Asia Pacific,Bronze,50.62,0.28
CUST-005789,2025-11-18,Asia Pacific,Bronze,137.71,0.28
CUST-005790,2024-08-04,Europe,Bronze,201.94,0.28
CUST-005791,2024-02-25,North America,Silver,597.02,0.18
CUST-005792,2024-12-31,North America,Platinum,2522.35,0.05
CUST-005793,2025-11-29,Asia Pacific,Silver,902.11,0.18
CUST-005794,2025-05-18,Europe,Bronze,86.24,0.28
CUST-005795,2026-01-13,Asia Pacific,Bronze,130.41,0.28
CUST-005796,2026-02-05,North America,Silver,397.55,0.18
CUST-005797,2025-03-30,Europe,Bronze,131.99,0.28
CUST-005798,2024-04-13,Asia Pacific,Bronze,258.4,0.28
CUST-005799,2024-03-17,Europe,Silver,452.88,0.18
CUST-005800,2024-08-17,Europe,Platinum,3977.58,0.05
CUST-005801,2024-09-14,Asia Pacific,Bronze,213.23,0.28
CUST-005802,2024-09-20,North America,Bronze,116.14,0.28
CUST-005803,2024-11-26,North America,Gold,1127.98,0.1
CUST-005804,2024-06-30,Europe,Silver,879.78,0.18
CUST-005805,2026-02-06,North America,Gold,1396.01,0.1
CUST-005806,2025-07-03,Asia Pacific,Bronze,96.8,0.28
CUST-005807,2025-11-18,Asia Pacific,Bronze,106.49,0.28
CUST-005808,2024-01-27,Latin America,Platinum,5000.49,0.05
CUST-005809,2024-10-02,Europe,Bronze,95.47,0.28
CUST-005810,2025-10-13,North America,Silver,372.43,0.18
CUST-005811,2024-10-25,North America,Bronze,162.71,0.28
CUST-005812,2026-03-09,Asia Pacific,Silver,452.46,0.18
CUST-005813,2024-03-31,North America,Gold,2171.91,0.1
CUST-005814,2025-04-24,Asia Pacific,Silver,168.85,0.18
CUST-005815,2025-07-26,Asia Pacific,Gold,1455.14,0.1
CUST-005816,2025-04-02,North America,Bronze,133.97,0.28
CUST-005817,2025-03-26,North America,Platinum,5927.28,0.05
CUST-005818,2024-12-30,Europe,Bronze,136.51,0.28
CUST-005819,2026-05-08,Latin America,Bronze,138.1,0.28
CUST-005820,2025-11-05,North America,Bronze,149.76,0.28
CUST-005821,2024-12-16,Latin America,Silver,345.43,0.18
CUST-005822,2025-10-16,Europe,Gold,947.39,0.1
CUST-005823,2025-02-03,Middle East & Africa,Silver,423.97,0.18
CUST-005824,2024-09-09,North America,Silver,868.91,0.18
CUST-005825,2026-02-19,North America,Gold,985.88,0.1
CUST-005826,2026-05-30,Asia Pacific,Gold,911.49,0.1
CUST-005827,2026-03-13,Latin America,Silver,383.44,0.18
CUST-005828,2025-04-03,Europe,Gold,1201.63,0.1
CUST-005829,2025-11-29,Asia Pacific,Silver,921.71,0.18
CUST-005830,2025-05-13,Latin America,Bronze,110.51,0.28
CUST-005831,2025-05-22,North America,Bronze,407.59,0.28
CUST-005832,2024-10-30,Europe,Platinum,4194.12,0.05
CUST-005833,2025-05-15,Latin America,Bronze,100.53,0.28
CUST-005834,2026-03-13,Europe,Bronze,120.51,0.28
CUST-005835,2025-08-20,North America,Platinum,1613.14,0.05
CUST-005836,2024-06-14,Asia Pacific,Bronze,156.54,0.28
CUST-005837,2025-02-18,North America,Gold,1827.48,0.1
CUST-005838,2025-04-06,North America,Gold,1215.02,0.1
CUST-005839,2024-04-23,Middle East & Africa,Platinum,4825.36,0.05
CUST-005840,2025-03-08,Europe,Bronze,178.04,0.28
CUST-005841,2024-12-21,Asia Pacific,Bronze,243.4,0.28
CUST-005842,2025-11-25,Asia Pacific,Gold,810.93,0.1
CUST-005843,2024-07-25,North America,Bronze,213.53,0.28
CUST-005844,2026-02-06,North America,Silver,957.15,0.18
CUST-005845,2024-08-22,North America,Silver,1255.6,0.18
CUST-005846,2025-03-17,North America,Bronze,264.74,0.28
CUST-005847,2024-12-20,Asia Pacific,Platinum,3748.48,0.05
CUST-005848,2025-05-29,Europe,Silver,305.86,0.18
CUST-005849,2024-07-26,Europe,Bronze,108.2,0.28
CUST-005850,2025-12-09,North America,Bronze,139.96,0.28
CUST-005851,2026-05-02,Europe,Bronze,315.64,0.28
CUST-005852,2024-05-04,Europe,Bronze,121.33,0.28
CUST-005853,2024-05-17,Europe,Silver,483.52,0.18
CUST-005854,2024-12-04,North America,Bronze,218.53,0.28
CUST-005855,2025-06-20,Europe,Bronze,40.3,0.28
CUST-005856,2024-03-08,North America,Gold,784.24,0.1
CUST-005857,2025-07-26,Europe,Silver,982.91,0.18
CUST-005858,2025-06-24,Asia Pacific,Bronze,227.65,0.28
CUST-005859,2025-01-17,North America,Platinum,5326.11,0.05
CUST-005860,2024-01-19,Europe,Bronze,103.01,0.28
CUST-005861,2025-11-13,North America,Gold,2144.53,0.1
CUST-005862,2025-03-25,North America,Silver,324.56,0.18
CUST-005863,2024-03-14,North America,Silver,466.78,0.18
CUST-005864,2025-07-26,Latin America,Gold,1584.39,0.1
CUST-005865,2025-10-26,Europe,Silver,627.91,0.18
CUST-005866,2024-10-02,Middle East & Africa,Gold,1461.91,0.1
CUST-005867,2024-02-17,Europe,Gold,1107.33,0.1
CUST-005868,2024-07-29,Europe,Bronze,71.64,0.28
CUST-005869,2026-05-04,Europe,Bronze,155.02,0.28
CUST-005870,2025-10-12,North America,Gold,504.05,0.1
CUST-005871,2025-09-13,North America,Silver,564.69,0.18
CUST-005872,2025-11-25,North America,Gold,811.28,0.1
CUST-005873,2025-06-23,Europe,Silver,422.18,0.18
CUST-005874,2025-12-09,North America,Silver,366.73,0.18
CUST-005875,2024-07-09,North America,Bronze,188.11,0.28
CUST-005876,2024-11-10,North America,Bronze,109.35,0.28
CUST-005877,2025-07-16,Europe,Silver,498.56,0.18
CUST-005878,2025-10-22,Asia Pacific,Silver,484.48,0.18
CUST-005879,2026-02-18,Latin America,Silver,462.0,0.18
CUST-005880,2025-07-15,North America,Silver,526.54,0.18
CUST-005881,2026-01-27,North America,Silver,278.18,0.18
CUST-005882,2024-04-22,Europe,Gold,752.74,0.1
CUST-005883,2024-06-18,Latin America,Bronze,266.14,0.28
CUST-005884,2025-04-12,North America,Silver,243.06,0.18
CUST-005885,2025-11-08,Asia Pacific,Bronze,356.8,0.28
CUST-005886,2024-01-14,Europe,Silver,425.87,0.18
CUST-005887,2025-12-15,North America,Bronze,106.75,0.28
CUST-005888,2024-10-14,North America,Bronze,211.68,0.28
CUST-005889,2024-07-07,North America,Bronze,119.79,0.28
CUST-005890,2024-06-03,Latin America,Bronze,171.73,0.28
CUST-005891,2025-07-20,Europe,Silver,739.87,0.18
CUST-005892,2025-11-24,Europe,Platinum,4655.57,0.05
CUST-005893,2025-12-22,Europe,Bronze,177.9,0.28
CUST-005894,2025-04-15,Europe,Silver,584.7,0.18
CUST-005895,2024-03-15,Europe,Silver,457.27,0.18
CUST-005896,2024-10-03,North America,Bronze,207.49,0.28
CUST-005897,2025-10-06,North America,Bronze,97.66,0.28
CUST-005898,2024-12-08,North America,Bronze,268.88,0.28
CUST-005899,2025-02-28,Asia Pacific,Gold,1127.32,0.1
CUST-005900,2025-07-24,North America,Bronze,161.02,0.28
CUST-005901,2025-05-25,Europe,Bronze,132.32,0.28
CUST-005902,2026-05-06,North America,Bronze,191.15,0.28
CUST-005903,2024-06-30,Latin America,Silver,686.01,0.18
CUST-005904,2025-04-02,North America,Silver,302.6,0.18
CUST-005905,2026-04-30,North America,Bronze,145.9,0.28
CUST-005906,2026-04-12,Latin America,Silver,481.64,0.18
CUST-005907,2024-03-04,Europe,Silver,535.81,0.18
CUST-005908,2026-04-18,Middle East & Africa,Bronze,133.49,0.28
CUST-005909,2024-09-16,North America,Bronze,126.2,0.28
CUST-005910,2024-07-11,North America,Silver,641.42,0.18
CUST-005911,2025-10-16,Asia Pacific,Silver,551.53,0.18
CUST-005912,2025-09-07,Latin America,Silver,490.5,0.18
CUST-005913,2025-02-09,North America,Silver,741.75,0.18
CUST-005914,2025-12-26,Latin America,Bronze,87.84,0.28
CUST-005915,2026-01-23,Europe,Bronze,206.44,0.28
CUST-005916,2025-12-21,Asia Pacific,Silver,522.54,0.18
CUST-005917,2024-04-02,Europe,Silver,251.46,0.18
CUST-005918,2025-03-05,North America,Bronze,239.17,0.28
CUST-005919,2025-10-15,Latin America,Platinum,4431.37,0.05
CUST-005920,2025-03-09,Latin America,Silver,600.99,0.18
CUST-005921,2025-02-07,Europe,Bronze,132.84,0.28
CUST-005922,2025-03-09,North America,Silver,610.5,0.18
CUST-005923,2024-04-21,North America,Bronze,111.97,0.28
CUST-005924,2025-01-09,Europe,Silver,262.72,0.18
CUST-005925,2024-02-28,North America,Silver,447.66,0.18
CUST-005926,2024-02-12,Europe,Bronze,196.5,0.28
CUST-005927,2024-07-25,North America,Gold,1800.91,0.1
CUST-005928,2026-02-18,Asia Pacific,Gold,1274.56,0.1
CUST-005929,2024-10-22,North America,Bronze,154.48,0.28
CUST-005930,2024-04-27,Europe,Bronze,225.06,0.28
CUST-005931,2025-06-15,Europe,Bronze,131.24,0.28
CUST-005932,2024-08-09,Europe,Gold,958.36,0.1
CUST-005933,2024-06-14,Europe,Bronze,286.56,0.28
CUST-005934,2025-10-04,North America,Bronze,134.23,0.28
CUST-005935,2024-06-04,Asia Pacific,Bronze,216.43,0.28
CUST-005936,2024-07-02,Asia Pacific,Bronze,258.39,0.28
CUST-005937,2024-03-30,Asia Pacific,Silver,489.43,0.18
CUST-005938,2024-04-03,Latin America,Silver,500.09,0.18
CUST-005939,2024-01-13,Asia Pacific,Silver,923.68,0.18
CUST-005940,2026-04-13,Asia Pacific,Silver,266.68,0.18
CUST-005941,2026-03-15,North America,Silver,264.88,0.18
CUST-005942,2026-01-11,Europe,Bronze,207.86,0.28
CUST-005943,2026-04-13,Europe,Bronze,127.37,0.28
CUST-005944,2026-03-14,North America,Bronze,211.71,0.28
CUST-005945,2025-03-13,Europe,Silver,439.96,0.18
CUST-005946,2025-06-21,North America,Gold,1674.36,0.1
CUST-005947,2025-08-09,Asia Pacific,Bronze,105.43,0.28
CUST-005948,2026-05-25,Europe,Bronze,191.69,0.28
CUST-005949,2026-03-21,Europe,Bronze,122.76,0.28
CUST-005950,2024-05-29,Middle East & Africa,Gold,1600.66,0.1
CUST-005951,2025-10-21,Europe,Gold,3089.97,0.1
CUST-005952,2024-01-08,Europe,Bronze,108.73,0.28
CUST-005953,2024-01-29,North America,Silver,390.57,0.18
CUST-005954,2024-10-22,Latin America,Silver,427.58,0.18
CUST-005955,2025-12-21,Europe,Bronze,170.67,0.28
CUST-005956,2025-10-01,Europe,Bronze,59.99,0.28
CUST-005957,2024-12-05,North America,Silver,456.02,0.18
CUST-005958,2025-09-19,Europe,Bronze,137.45,0.28
CUST-005959,2025-03-14,North America,Bronze,137.84,0.28
CUST-005960,2024-05-23,Asia Pacific,Bronze,168.76,0.28
CUST-005961,2026-04-09,Asia Pacific,Silver,518.47,0.18
CUST-005962,2026-01-16,Asia Pacific,Gold,1374.04,0.1
CUST-005963,2025-06-02,Asia Pacific,Silver,292.49,0.18
CUST-005964,2024-02-14,Europe,Bronze,135.7,0.28
CUST-005965,2024-08-26,Asia Pacific,Bronze,133.44,0.28
CUST-005966,2024-06-03,Europe,Silver,555.66,0.18
CUST-005967,2024-06-29,Asia Pacific,Bronze,101.92,0.28
CUST-005968,2024-08-02,North America,Silver,486.19,0.18
CUST-005969,2024-03-28,North America,Bronze,285.48,0.28
CUST-005970,2024-09-12,Europe,Gold,413.94,0.1
CUST-005971,2025-05-25,Europe,Gold,1121.15,0.1
CUST-005972,2024-03-13,North America,Gold,542.48,0.1
CUST-005973,2024-06-27,Asia Pacific,Bronze,150.02,0.28
CUST-005974,2024-07-30,North America,Silver,628.56,0.18
CUST-005975,2026-03-15,North America,Bronze,122.27,0.28
CUST-005976,2024-08-21,Asia Pacific,Gold,1738.02,0.1
CUST-005977,2025-04-09,Europe,Bronze,258.52,0.28
CUST-005978,2026-01-20,Asia Pacific,Gold,1409.21,0.1
CUST-005979,2024-08-10,Europe,Bronze,122.08,0.28
CUST-005980,2025-09-22,Middle East & Africa,Gold,1486.94,0.1
CUST-005981,2026-04-04,Europe,Silver,881.48,0.18
CUST-005982,2024-09-20,North America,Bronze,88.07,0.28
CUST-005983,2024-07-25,Europe,Gold,1869.34,0.1
CUST-005984,2025-08-29,North America,Bronze,89.57,0.28
CUST-005985,2026-01-03,Latin America,Platinum,1907.38,0.05
CUST-005986,2024-12-31,North America,Gold,732.65,0.1
CUST-005987,2024-10-02,Europe,Platinum,3445.29,0.05
CUST-005988,2025-01-14,North America,Bronze,248.6,0.28
CUST-005989,2026-01-12,Asia Pacific,Bronze,67.1,0.28
CUST-005990,2024-11-04,North America,Silver,668.52,0.18
CUST-005991,2025-09-22,Middle East & Africa,Gold,1128.71,0.1
CUST-005992,2024-09-24,North America,Bronze,96.49,0.28
CUST-005993,2026-02-23,North America,Bronze,190.05,0.28
CUST-005994,2024-03-04,North America,Bronze,124.05,0.28
CUST-005995,2026-03-20,Asia Pacific,Gold,2962.05,0.1
CUST-005996,2024-12-15,Latin America,Gold,1464.78,0.1
CUST-005997,2025-05-08,North America,Bronze,153.4,0.28
CUST-005998,2025-06-06,North America,Bronze,194.4,0.28
CUST-005999,2024-04-07,Asia Pacific,Silver,770.21,0.18
CUST-006000,2024-03-11,North America,Bronze,266.92,0.28
CUST-006001,2024-12-29,North America,Silver,652.27,0.18
CUST-006002,2025-07-23,North America,Bronze,260.18,0.28
CUST-006003,2026-03-12,North America,Silver,728.18,0.18
CUST-006004,2026-02-01,North America,Gold,1726.4,0.1
CUST-006005,2024-10-02,North America,Silver,384.34,0.18
CUST-006006,2024-02-19,Europe,Bronze,248.03,0.28
CUST-006007,2024-12-23,Asia Pacific,Gold,1010.92,0.1
CUST-006008,2025-12-28,North America,Bronze,166.68,0.28
CUST-006009,2025-07-17,Asia Pacific,Gold,1032.37,0.1
CUST-006010,2026-02-21,North America,Bronze,196.41,0.28
CUST-006011,2025-04-29,Asia Pacific,Gold,2002.0,0.1
CUST-006012,2024-03-24,North America,Bronze,127.47,0.28
CUST-006013,2026-03-15,Asia Pacific,Bronze,85.28,0.28
CUST-006014,2025-09-29,North America,Bronze,224.72,0.28
CUST-006015,2026-03-18,Latin America,Platinum,5296.27,0.05
CUST-006016,2025-08-06,North America,Platinum,6544.0,0.05
CUST-006017,2024-10-22,Europe,Bronze,214.47,0.28
CUST-006018,2024-08-23,Middle East & Africa,Bronze,216.46,0.28
CUST-006019,2024-02-25,Europe,Bronze,112.58,0.28
CUST-006020,2024-12-25,Europe,Bronze,201.43,0.28
CUST-006021,2024-04-19,Latin America,Gold,2832.2,0.1
CUST-006022,2024-07-10,North America,Bronze,120.23,0.28
CUST-006023,2024-04-02,North America,Gold,737.22,0.1
CUST-006024,2026-05-11,Middle East & Africa,Silver,476.03,0.18
CUST-006025,2025-07-21,North America,Silver,654.73,0.18
CUST-006026,2024-02-29,Latin America,Gold,1308.56,0.1
CUST-006027,2025-10-11,North America,Bronze,306.17,0.28
CUST-006028,2024-02-08,Asia Pacific,Bronze,106.32,0.28
CUST-006029,2025-06-23,Europe,Gold,654.49,0.1
CUST-006030,2024-02-18,Middle East & Africa,Bronze,265.66,0.28
CUST-006031,2025-02-23,Europe,Bronze,85.41,0.28
CUST-006032,2025-09-28,North America,Gold,1362.29,0.1
CUST-006033,2024-01-13,Europe,Silver,788.38,0.18
CUST-006034,2024-02-05,North America,Bronze,163.56,0.28
CUST-006035,2024-04-10,Asia Pacific,Silver,340.39,0.18
CUST-006036,2026-03-04,Latin America,Bronze,249.52,0.28
CUST-006037,2024-03-26,Europe,Platinum,3747.45,0.05
CUST-006038,2025-05-30,Asia Pacific,Bronze,137.32,0.28
CUST-006039,2024-08-10,North America,Silver,868.4,0.18
CUST-006040,2024-12-03,Europe,Gold,1032.38,0.1
CUST-006041,2024-06-14,Europe,Silver,354.08,0.18
CUST-006042,2025-01-17,Europe,Gold,836.29,0.1
CUST-006043,2026-05-05,North America,Gold,1951.77,0.1
CUST-006044,2025-01-10,Asia Pacific,Silver,533.95,0.18
CUST-006045,2025-04-15,North America,Bronze,123.43,0.28
CUST-006046,2026-02-28,Asia Pacific,Silver,253.07,0.18
CUST-006047,2025-10-03,North America,Gold,2108.15,0.1
CUST-006048,2024-01-31,Asia Pacific,Bronze,124.15,0.28
CUST-006049,2025-01-09,North America,Silver,217.36,0.18
CUST-006050,2024-01-11,Europe,Silver,466.0,0.18
CUST-006051,2024-10-28,North America,Bronze,226.72,0.28
CUST-006052,2024-04-05,Asia Pacific,Bronze,200.07,0.28
CUST-006053,2024-07-08,North America,Platinum,3615.54,0.05
CUST-006054,2025-03-28,Asia Pacific,Silver,377.11,0.18
CUST-006055,2024-07-10,North America,Bronze,119.87,0.28
CUST-006056,2025-04-30,Asia Pacific,Gold,1999.13,0.1
CUST-006057,2024-09-22,North America,Silver,206.05,0.18
CUST-006058,2025-02-27,North America,Gold,820.9,0.1
CUST-006059,2024-05-07,Europe,Bronze,144.36,0.28
CUST-006060,2024-08-25,North America,Gold,540.42,0.1
CUST-006061,2024-12-20,North America,Silver,412.43,0.18
CUST-006062,2024-04-21,Latin America,Silver,275.47,0.18
CUST-006063,2026-04-07,Middle East & Africa,Bronze,181.37,0.28
CUST-006064,2025-03-21,Asia Pacific,Bronze,119.27,0.28
CUST-006065,2024-12-08,North America,Bronze,127.84,0.28
CUST-006066,2024-05-24,North America,Platinum,2706.2,0.05
CUST-006067,2024-03-05,Europe,Bronze,196.59,0.28
CUST-006068,2024-09-03,North America,Silver,437.77,0.18
CUST-006069,2026-01-04,Latin America,Bronze,219.0,0.28
CUST-006070,2025-05-04,North America,Bronze,243.18,0.28
CUST-006071,2026-04-04,Middle East & Africa,Bronze,133.73,0.28
CUST-006072,2025-03-14,Europe,Gold,907.99,0.1
CUST-006073,2024-04-15,Asia Pacific,Gold,1014.85,0.1
CUST-006074,2024-06-29,North America,Platinum,10150.19,0.05
CUST-006075,2024-07-02,Latin America,Gold,937.38,0.1
CUST-006076,2024-08-13,North America,Bronze,139.87,0.28
CUST-006077,2026-02-15,Asia Pacific,Gold,1307.49,0.1
CUST-006078,2026-02-28,Asia Pacific,Silver,559.97,0.18
CUST-006079,2024-03-29,North America,Gold,1250.66,0.1
CUST-006080,2025-11-18,Europe,Bronze,304.97,0.28
CUST-006081,2025-06-13,Europe,Gold,1318.78,0.1
CUST-006082,2025-01-05,North America,Bronze,141.31,0.28
CUST-006083,2025-02-02,Europe,Bronze,219.86,0.28
CUST-006084,2024-04-15,North America,Bronze,105.21,0.28
CUST-006085,2024-09-27,Europe,Bronze,186.11,0.28
CUST-006086,2026-04-10,Asia Pacific,Bronze,129.32,0.28
CUST-006087,2025-05-17,Europe,Gold,2006.87,0.1
CUST-006088,2025-11-09,North America,Gold,2069.63,0.1
CUST-006089,2025-06-08,Latin America,Bronze,139.91,0.28
CUST-006090,2026-04-28,Latin America,Bronze,105.9,0.28
CUST-006091,2024-02-01,Europe,Bronze,71.22,0.28
CUST-006092,2025-01-27,Europe,Gold,1313.12,0.1
CUST-006093,2024-02-09,Europe,Bronze,63.92,0.28
CUST-006094,2025-10-21,Asia Pacific,Silver,434.95,0.18
CUST-006095,2024-08-05,Asia Pacific,Bronze,119.85,0.28
CUST-006096,2025-12-31,North America,Silver,562.55,0.18
CUST-006097,2024-03-22,Asia Pacific,Bronze,149.18,0.28
CUST-006098,2026-04-24,North America,Bronze,119.59,0.28
CUST-006099,2025-12-20,North America,Bronze,210.66,0.28
CUST-006100,2024-07-19,Asia Pacific,Bronze,96.94,0.28
CUST-006101,2025-03-22,Europe,Bronze,187.89,0.28
CUST-006102,2026-04-23,Europe,Silver,1026.71,0.18
CUST-006103,2025-03-03,Europe,Bronze,220.71,0.28
CUST-006104,2024-02-07,Latin America,Bronze,127.54,0.28
CUST-006105,2024-07-29,Europe,Bronze,99.81,0.28
CUST-006106,2025-03-19,Asia Pacific,Gold,1744.01,0.1
CUST-006107,2024-11-22,North America,Silver,275.76,0.18
CUST-006108,2026-01-30,North America,Silver,451.08,0.18
CUST-006109,2024-08-14,North America,Bronze,200.42,0.28
CUST-006110,2024-02-17,Europe,Bronze,100.19,0.28
CUST-006111,2024-01-18,Asia Pacific,Bronze,98.0,0.28
CUST-006112,2025-03-14,North America,Silver,265.63,0.18
CUST-006113,2026-03-17,Europe,Silver,851.54,0.18
CUST-006114,2025-12-08,North America,Gold,2367.24,0.1
CUST-006115,2024-07-05,North America,Gold,2353.18,0.1
CUST-006116,2024-12-10,Latin America,Bronze,310.32,0.28
CUST-006117,2024-08-11,Europe,Bronze,116.45,0.28
CUST-006118,2026-04-09,North America,Bronze,72.64,0.28
CUST-006119,2025-05-02,Asia Pacific,Bronze,296.47,0.28
CUST-006120,2026-05-26,Asia Pacific,Gold,1740.19,0.1
CUST-006121,2026-04-28,Asia Pacific,Bronze,210.64,0.28
CUST-006122,2024-08-16,North America,Platinum,2308.86,0.05
CUST-006123,2025-01-24,Europe,Silver,467.81,0.18
CUST-006124,2025-08-11,North America,Silver,479.6,0.18
CUST-006125,2024-07-06,Asia Pacific,Bronze,146.26,0.28
CUST-006126,2026-05-07,Asia Pacific,Silver,320.26,0.18
CUST-006127,2024-09-26,Europe,Silver,210.37,0.18
CUST-006128,2025-08-29,North America,Bronze,111.0,0.28
CUST-006129,2024-11-05,North America,Bronze,47.56,0.28
CUST-006130,2024-05-11,North America,Bronze,127.16,0.28
CUST-006131,2025-07-04,Middle East & Africa,Silver,351.87,0.18
CUST-006132,2024-03-12,North America,Bronze,94.02,0.28
CUST-006133,2026-03-03,North America,Silver,528.26,0.18
CUST-006134,2026-04-24,Middle East & Africa,Silver,392.25,0.18
CUST-006135,2025-11-02,Europe,Bronze,134.58,0.28
CUST-006136,2024-07-05,Asia Pacific,Silver,784.97,0.18
CUST-006137,2025-04-30,North America,Bronze,131.92,0.28
CUST-006138,2024-07-09,Europe,Silver,539.56,0.18
CUST-006139,2025-02-25,Europe,Bronze,97.26,0.28
CUST-006140,2024-04-29,Asia Pacific,Bronze,166.14,0.28
CUST-006141,2024-08-07,North America,Bronze,143.97,0.28
CUST-006142,2024-02-22,Europe,Gold,1245.26,0.1
CUST-006143,2026-01-03,Asia Pacific,Bronze,91.9,0.28
CUST-006144,2025-03-26,Europe,Bronze,95.46,0.28
CUST-006145,2025-02-15,Europe,Bronze,130.6,0.28
CUST-006146,2025-10-04,North America,Bronze,255.42,0.28
CUST-006147,2024-08-24,North America,Gold,674.5,0.1
CUST-006148,2026-01-27,Asia Pacific,Silver,881.35,0.18
CUST-006149,2026-01-07,Asia Pacific,Gold,904.57,0.1
CUST-006150,2025-12-20,Middle East & Africa,Bronze,155.07,0.28
CUST-006151,2025-02-09,Asia Pacific,Bronze,224.01,0.28
CUST-006152,2025-08-30,Europe,Silver,390.33,0.18
CUST-006153,2025-02-25,Latin America,Silver,408.22,0.18
CUST-006154,2025-12-12,North America,Bronze,267.53,0.28
CUST-006155,2024-09-03,Europe,Silver,697.78,0.18
CUST-006156,2024-03-12,North America,Gold,1588.16,0.1
CUST-006157,2026-04-09,North America,Bronze,141.49,0.28
CUST-006158,2024-07-03,Asia Pacific,Silver,436.45,0.18
CUST-006159,2024-01-06,Europe,Bronze,97.68,0.28
CUST-006160,2024-07-24,Europe,Platinum,3123.99,0.05
CUST-006161,2025-06-27,Europe,Silver,462.29,0.18
CUST-006162,2025-09-02,Europe,Bronze,148.0,0.28
CUST-006163,2025-01-21,North America,Bronze,168.86,0.28
CUST-006164,2026-02-06,Asia Pacific,Platinum,5459.48,0.05
CUST-006165,2025-11-29,Europe,Silver,245.84,0.18
CUST-006166,2024-03-16,Asia Pacific,Bronze,116.44,0.28
CUST-006167,2024-06-25,North America,Silver,711.25,0.18
CUST-006168,2026-04-06,North America,Silver,1206.8,0.18
CUST-006169,2026-03-09,Europe,Bronze,97.63,0.28
CUST-006170,2024-12-14,Asia Pacific,Bronze,116.8,0.28
CUST-006171,2024-09-11,Europe,Silver,266.61,0.18
CUST-006172,2026-04-16,Asia Pacific,Bronze,66.42,0.28
CUST-006173,2025-12-02,Middle East & Africa,Bronze,167.41,0.28
CUST-006174,2024-11-03,Middle East & Africa,Gold,1521.99,0.1
CUST-006175,2024-12-10,Asia Pacific,Silver,399.17,0.18
CUST-006176,2024-05-06,Asia Pacific,Bronze,133.54,0.28
CUST-006177,2024-10-13,North America,Bronze,143.48,0.28
CUST-006178,2026-02-04,Asia Pacific,Silver,358.45,0.18
CUST-006179,2025-12-25,Europe,Silver,442.22,0.18
CUST-006180,2026-01-31,Middle East & Africa,Silver,783.68,0.18
CUST-006181,2025-08-18,North America,Bronze,107.74,0.28
CUST-006182,2025-05-01,Europe,Silver,401.83,0.18
CUST-006183,2025-01-17,Europe,Gold,1140.27,0.1
CUST-006184,2025-02-09,Europe,Bronze,119.54,0.28
CUST-006185,2025-01-22,North America,Bronze,154.13,0.28
CUST-006186,2025-06-08,Europe,Gold,441.46,0.1
CUST-006187,2025-07-10,Asia Pacific,Bronze,188.63,0.28
CUST-006188,2025-09-30,Europe,Bronze,101.67,0.28
CUST-006189,2025-09-17,North America,Bronze,107.17,0.28
CUST-006190,2024-10-02,Asia Pacific,Bronze,140.28,0.28
CUST-006191,2025-05-14,North America,Bronze,86.04,0.28
CUST-006192,2025-12-17,North America,Bronze,255.47,0.28
CUST-006193,2024-12-02,Asia Pacific,Gold,863.11,0.1
CUST-006194,2025-04-25,Asia Pacific,Silver,1289.91,0.18
CUST-006195,2024-09-29,Europe,Silver,579.01,0.18
CUST-006196,2024-02-27,Europe,Bronze,119.5,0.28
CUST-006197,2024-11-23,North America,Silver,398.09,0.18
CUST-006198,2025-12-31,Europe,Bronze,159.19,0.28
CUST-006199,2024-04-18,North America,Gold,2367.44,0.1
CUST-006200,2024-10-05,Middle East & Africa,Gold,1754.94,0.1
CUST-006201,2025-11-16,Asia Pacific,Silver,638.65,0.18
CUST-006202,2024-11-23,Asia Pacific,Silver,398.23,0.18
CUST-006203,2026-02-14,Europe,Gold,956.52,0.1
CUST-006204,2024-11-10,Asia Pacific,Silver,580.69,0.18
CUST-006205,2025-04-18,Europe,Bronze,255.71,0.28
CUST-006206,2024-04-20,North America,Bronze,141.94,0.28
CUST-006207,2025-11-29,North America,Platinum,2661.51,0.05
CUST-006208,2026-02-19,Europe,Bronze,99.22,0.28
CUST-006209,2024-08-16,Latin America,Gold,614.42,0.1
CUST-006210,2025-05-11,North America,Bronze,125.45,0.28
CUST-006211,2024-06-04,North America,Bronze,135.49,0.28
CUST-006212,2025-04-17,Europe,Silver,446.4,0.18
CUST-006213,2025-12-01,Asia Pacific,Bronze,186.29,0.28
CUST-006214,2024-09-28,North America,Silver,373.06,0.18
CUST-006215,2024-01-02,North America,Silver,922.75,0.18
CUST-006216,2026-01-27,Europe,Silver,285.37,0.18
CUST-006217,2025-12-22,Europe,Silver,591.32,0.18
CUST-006218,2025-05-25,North America,Bronze,92.09,0.28
CUST-006219,2024-10-12,North America,Bronze,106.75,0.28
CUST-006220,2026-05-20,Europe,Bronze,167.84,0.28
CUST-006221,2024-01-13,Europe,Bronze,227.72,0.28
CUST-006222,2025-08-30,Middle East & Africa,Gold,1073.05,0.1
CUST-006223,2025-05-12,Asia Pacific,Silver,465.49,0.18
CUST-006224,2026-01-02,North America,Silver,745.71,0.18
CUST-006225,2024-08-25,Europe,Silver,276.0,0.18
CUST-006226,2024-04-03,Europe,Bronze,204.1,0.28
CUST-006227,2024-12-03,North America,Silver,341.59,0.18
CUST-006228,2026-02-19,Latin America,Gold,1322.55,0.1
CUST-006229,2024-06-19,Asia Pacific,Bronze,186.15,0.28
CUST-006230,2025-08-28,North America,Gold,749.78,0.1
CUST-006231,2025-10-22,North America,Silver,333.83,0.18
CUST-006232,2025-09-15,North America,Bronze,195.78,0.28
CUST-006233,2025-07-20,North America,Silver,405.53,0.18
CUST-006234,2026-04-28,Europe,Bronze,112.75,0.28
CUST-006235,2025-04-11,Europe,Bronze,162.15,0.28
CUST-006236,2025-09-19,Middle East & Africa,Gold,779.23,0.1
CUST-006237,2024-05-22,North America,Gold,747.71,0.1
CUST-006238,2024-07-19,Europe,Gold,461.61,0.1
CUST-006239,2024-06-28,Latin America,Gold,1385.74,0.1
CUST-006240,2025-12-14,Europe,Gold,1215.45,0.1
CUST-006241,2024-12-29,North America,Gold,1489.67,0.1
CUST-006242,2025-04-23,North America,Bronze,244.54,0.28
CUST-006243,2025-07-18,North America,Silver,408.59,0.18
CUST-006244,2025-04-15,Middle East & Africa,Bronze,145.88,0.28
CUST-006245,2025-01-18,Latin America,Silver,516.22,0.18
CUST-006246,2025-11-22,Latin America,Gold,955.32,0.1
CUST-006247,2025-02-20,Asia Pacific,Bronze,83.73,0.28
CUST-006248,2026-04-04,Europe,Silver,283.9,0.18
CUST-006249,2024-11-03,Latin America,Silver,442.89,0.18
CUST-006250,2025-10-10,Middle East & Africa,Bronze,223.76,0.28
CUST-006251,2025-11-24,Europe,Bronze,280.78,0.28
CUST-006252,2025-01-01,North America,Silver,401.56,0.18
CUST-006253,2024-01-01,Europe,Bronze,160.42,0.28
CUST-006254,2024-02-13,North America,Silver,951.05,0.18
CUST-006255,2026-01-08,North America,Silver,553.34,0.18
CUST-006256,2026-04-22,Latin America,Silver,475.39,0.18
CUST-006257,2024-04-07,Latin America,Bronze,163.15,0.28
CUST-006258,2025-12-20,North America,Silver,567.95,0.18
CUST-006259,2024-09-21,Europe,Bronze,92.07,0.28
CUST-006260,2026-03-10,Asia Pacific,Gold,1626.68,0.1
CUST-006261,2026-02-21,Asia Pacific,Bronze,178.8,0.28
CUST-006262,2024-05-19,Europe,Gold,1854.5,0.1
CUST-006263,2025-04-25,Asia Pacific,Silver,548.34,0.18
CUST-006264,2024-08-24,Latin America,Gold,1805.47,0.1
CUST-006265,2024-03-12,Latin America,Bronze,103.7,0.28
CUST-006266,2025-10-28,Europe,Bronze,118.16,0.28
CUST-006267,2024-07-08,North America,Bronze,159.45,0.28
CUST-006268,2024-09-24,Latin America,Bronze,111.07,0.28
CUST-006269,2024-11-16,North America,Gold,1689.64,0.1
CUST-006270,2024-04-16,Asia Pacific,Bronze,85.15,0.28
CUST-006271,2024-08-19,North America,Platinum,3283.55,0.05
CUST-006272,2024-02-11,Europe,Gold,956.69,0.1
CUST-006273,2025-12-02,Europe,Bronze,111.46,0.28
CUST-006274,2024-05-18,North America,Silver,260.04,0.18
CUST-006275,2025-09-06,Latin America,Bronze,152.53,0.28
CUST-006276,2025-11-13,North America,Bronze,145.1,0.28
CUST-006277,2026-05-12,Latin America,Bronze,321.3,0.28
CUST-006278,2024-09-29,Latin America,Gold,3246.22,0.1
CUST-006279,2025-04-25,North America,Silver,293.55,0.18
CUST-006280,2025-02-19,Asia Pacific,Silver,210.2,0.18
CUST-006281,2025-05-20,North America,Bronze,92.79,0.28
CUST-006282,2026-01-02,Asia Pacific,Silver,439.0,0.18
CUST-006283,2025-12-25,Europe,Bronze,235.26,0.28
CUST-006284,2026-05-02,North America,Bronze,123.72,0.28
CUST-006285,2025-02-27,Europe,Bronze,189.04,0.28
CUST-006286,2025-02-10,Asia Pacific,Bronze,108.96,0.28
CUST-006287,2025-07-21,Latin America,Silver,370.33,0.18
CUST-006288,2025-01-24,North America,Bronze,160.35,0.28
CUST-006289,2024-12-07,Europe,Platinum,3484.45,0.05
CUST-006290,2025-09-05,North America,Bronze,147.85,0.28
CUST-006291,2025-05-07,Asia Pacific,Silver,291.93,0.18
CUST-006292,2024-07-10,North America,Bronze,244.93,0.28
CUST-006293,2025-05-13,Asia Pacific,Bronze,244.2,0.28
CUST-006294,2026-04-01,North America,Gold,1966.7,0.1
CUST-006295,2025-12-12,Europe,Gold,915.24,0.1
CUST-006296,2024-08-20,Asia Pacific,Silver,472.01,0.18
CUST-006297,2024-08-14,Asia Pacific,Gold,972.75,0.1
CUST-006298,2025-01-05,Asia Pacific,Gold,812.56,0.1
CUST-006299,2024-05-18,Europe,Silver,504.33,0.18
CUST-006300,2026-05-05,Latin America,Gold,513.44,0.1
CUST-006301,2026-03-27,Europe,Bronze,210.48,0.28
CUST-006302,2024-05-28,Latin America,Silver,282.64,0.18
CUST-006303,2024-04-24,Europe,Gold,1058.78,0.1
CUST-006304,2025-03-25,Europe,Bronze,60.52,0.28
CUST-006305,2024-03-03,North America,Gold,2472.98,0.1
CUST-006306,2024-04-13,Europe,Bronze,195.18,0.28
CUST-006307,2026-04-30,North America,Gold,1241.93,0.1
CUST-006308,2026-05-20,Latin America,Bronze,113.91,0.28
CUST-006309,2025-10-29,Asia Pacific,Bronze,97.94,0.28
CUST-006310,2024-09-29,Middle East & Africa,Bronze,138.45,0.28
CUST-006311,2024-01-06,North America,Gold,1354.19,0.1
CUST-006312,2024-05-26,North America,Bronze,136.82,0.28
CUST-006313,2024-07-02,Latin America,Silver,556.47,0.18
CUST-006314,2024-01-28,Europe,Silver,945.34,0.18
CUST-006315,2025-07-03,Europe,Bronze,97.65,0.28
CUST-006316,2024-04-28,Latin America,Platinum,3847.25,0.05
CUST-006317,2024-10-19,Europe,Bronze,301.0,0.28
CUST-006318,2025-01-05,North America,Silver,397.4,0.18
CUST-006319,2024-08-31,Latin America,Silver,425.66,0.18
CUST-006320,2025-08-02,North America,Bronze,180.39,0.28
CUST-006321,2025-12-26,Latin America,Bronze,196.58,0.28
CUST-006322,2024-08-05,North America,Silver,684.82,0.18
CUST-006323,2024-06-25,Asia Pacific,Gold,1253.62,0.1
CUST-006324,2024-10-25,North America,Bronze,109.15,0.28
CUST-006325,2025-11-06,Asia Pacific,Bronze,187.72,0.28
CUST-006326,2024-02-27,North America,Platinum,2377.38,0.05
CUST-006327,2024-09-25,Asia Pacific,Bronze,171.3,0.28
CUST-006328,2024-11-03,Europe,Silver,464.12,0.18
CUST-006329,2025-07-23,North America,Silver,459.59,0.18
CUST-006330,2024-10-14,Asia Pacific,Bronze,145.14,0.28
CUST-006331,2024-04-14,Europe,Silver,671.83,0.18
CUST-006332,2024-08-15,North America,Platinum,4481.6,0.05
CUST-006333,2024-09-03,North America,Silver,594.12,0.18
CUST-006334,2025-11-30,Europe,Silver,373.83,0.18
CUST-006335,2025-05-08,North America,Silver,233.32,0.18
CUST-006336,2024-03-23,North America,Silver,383.91,0.18
CUST-006337,2024-07-04,North America,Bronze,178.56,0.28
CUST-006338,2024-09-08,Europe,Silver,455.87,0.18
CUST-006339,2024-12-20,Europe,Bronze,126.16,0.28
CUST-006340,2026-01-19,North America,Bronze,163.89,0.28
CUST-006341,2026-05-21,Middle East & Africa,Platinum,3145.23,0.05
CUST-006342,2025-11-26,Latin America,Gold,1223.65,0.1
CUST-006343,2026-03-06,North America,Platinum,1579.71,0.05
CUST-006344,2024-07-28,North America,Bronze,203.87,0.28
CUST-006345,2026-03-26,Latin America,Gold,1533.34,0.1
CUST-006346,2026-03-18,Europe,Silver,1047.48,0.18
CUST-006347,2025-08-31,North America,Platinum,2632.65,0.05
CUST-006348,2025-03-22,Europe,Platinum,2861.9,0.05
CUST-006349,2025-04-04,Asia Pacific,Platinum,3752.67,0.05
CUST-006350,2025-04-16,North America,Platinum,3452.57,0.05
CUST-006351,2025-12-20,Asia Pacific,Bronze,282.19,0.28
CUST-006352,2025-01-04,Asia Pacific,Silver,382.19,0.18
CUST-006353,2025-05-06,Europe,Bronze,141.05,0.28
CUST-006354,2024-05-16,Latin America,Silver,359.37,0.18
CUST-006355,2025-01-01,North America,Platinum,6437.96,0.05
CUST-006356,2024-07-02,Europe,Bronze,182.27,0.28
CUST-006357,2025-08-10,Europe,Silver,843.54,0.18
CUST-006358,2024-10-13,Europe,Silver,1444.15,0.18
CUST-006359,2025-04-16,North America,Bronze,110.55,0.28
CUST-006360,2025-01-09,Europe,Bronze,230.88,0.28
CUST-006361,2025-10-15,North America,Bronze,135.36,0.28
CUST-006362,2026-01-18,North America,Bronze,113.93,0.28
CUST-006363,2025-06-20,North America,Silver,250.32,0.18
CUST-006364,2025-05-25,Asia Pacific,Silver,1054.26,0.18
CUST-006365,2026-03-12,North America,Bronze,223.96,0.28
CUST-006366,2025-08-01,Asia Pacific,Platinum,3198.21,0.05
CUST-006367,2024-09-06,North America,Silver,577.1,0.18
CUST-006368,2025-05-24,North America,Silver,218.25,0.18
CUST-006369,2025-09-21,North America,Bronze,144.44,0.28
CUST-006370,2024-03-13,North America,Silver,331.78,0.18
CUST-006371,2024-10-08,Europe,Bronze,267.43,0.28
CUST-006372,2024-12-25,Europe,Silver,824.16,0.18
CUST-006373,2024-01-10,Middle East & Africa,Silver,642.54,0.18
CUST-006374,2024-07-29,Middle East & Africa,Bronze,219.11,0.28
CUST-006375,2026-04-14,Europe,Gold,925.31,0.1
CUST-006376,2024-05-31,Asia Pacific,Silver,599.46,0.18
CUST-006377,2024-01-05,North America,Bronze,86.39,0.28
CUST-006378,2024-07-13,Europe,Platinum,1909.99,0.05
CUST-006379,2024-10-09,Asia Pacific,Bronze,143.8,0.28
CUST-006380,2025-04-08,North America,Silver,556.31,0.18
CUST-006381,2024-04-22,North America,Silver,571.64,0.18
CUST-006382,2024-09-27,North America,Bronze,90.72,0.28
CUST-006383,2024-06-11,Europe,Platinum,1881.62,0.05
CUST-006384,2025-04-04,Europe,Silver,375.64,0.18
CUST-006385,2024-04-14,Europe,Bronze,105.64,0.28
CUST-006386,2025-11-23,Europe,Gold,1532.85,0.1
CUST-006387,2025-07-09,Europe,Silver,300.1,0.18
CUST-006388,2024-10-08,Asia Pacific,Silver,979.43,0.18
CUST-006389,2025-11-17,North America,Gold,1387.17,0.1
CUST-006390,2024-06-10,Asia Pacific,Bronze,141.44,0.28
CUST-006391,2024-12-16,Asia Pacific,Bronze,94.79,0.28
CUST-006392,2025-03-09,Asia Pacific,Bronze,88.43,0.28
CUST-006393,2026-05-01,Asia Pacific,Gold,1055.44,0.1
CUST-006394,2024-05-19,Europe,Bronze,119.0,0.28
CUST-006395,2025-04-15,North America,Bronze,75.03,0.28
CUST-006396,2024-05-11,Europe,Bronze,259.64,0.28
CUST-006397,2024-03-27,Middle East & Africa,Bronze,96.4,0.28
CUST-006398,2025-11-18,Europe,Silver,518.16,0.18
CUST-006399,2024-07-01,North America,Platinum,4177.22,0.05
CUST-006400,2025-01-02,North America,Bronze,78.5,0.28
CUST-006401,2024-05-08,Middle East & Africa,Bronze,128.61,0.28
CUST-006402,2024-09-02,North America,Gold,682.81,0.1
CUST-006403,2025-08-23,North America,Bronze,176.56,0.28
CUST-006404,2025-07-31,Europe,Gold,1230.39,0.1
CUST-006405,2025-10-31,Middle East & Africa,Silver,436.3,0.18
CUST-006406,2025-01-12,North America,Bronze,108.05,0.28
CUST-006407,2024-05-28,Europe,Platinum,5613.52,0.05
CUST-006408,2026-05-01,Europe,Bronze,128.96,0.28
CUST-006409,2025-03-08,North America,Bronze,83.07,0.28
CUST-006410,2025-09-19,Latin America,Bronze,102.81,0.28
CUST-006411,2025-12-26,Europe,Platinum,1568.19,0.05
CUST-006412,2025-04-13,Europe,Gold,923.65,0.1
CUST-006413,2025-03-21,Latin America,Bronze,104.27,0.28
CUST-006414,2025-04-25,Middle East & Africa,Gold,1584.32,0.1
CUST-006415,2024-10-20,Europe,Silver,565.74,0.18
CUST-006416,2026-02-03,North America,Bronze,163.32,0.28
CUST-006417,2024-05-22,Asia Pacific,Silver,657.27,0.18
CUST-006418,2024-09-06,Europe,Silver,280.87,0.18
CUST-006419,2026-05-27,Latin America,Silver,511.11,0.18
CUST-006420,2024-10-28,Latin America,Bronze,84.39,0.28
CUST-006421,2024-01-25,North America,Bronze,123.95,0.28
CUST-006422,2026-02-27,Middle East & Africa,Gold,1375.47,0.1
CUST-006423,2024-03-10,Europe,Gold,970.07,0.1
CUST-006424,2025-09-16,Europe,Silver,864.84,0.18
CUST-006425,2026-05-24,North America,Gold,1044.05,0.1
CUST-006426,2024-04-21,Latin America,Silver,619.9,0.18
CUST-006427,2024-12-29,Europe,Gold,1079.51,0.1
CUST-006428,2024-10-29,Europe,Bronze,158.11,0.28
CUST-006429,2025-04-15,Latin America,Bronze,129.62,0.28
CUST-006430,2024-03-31,Europe,Silver,483.04,0.18
CUST-006431,2025-06-13,Europe,Bronze,299.25,0.28
CUST-006432,2025-10-22,Latin America,Silver,834.23,0.18
CUST-006433,2026-01-08,Asia Pacific,Gold,987.53,0.1
CUST-006434,2025-12-26,Latin America,Bronze,136.87,0.28
CUST-006435,2026-05-21,Latin America,Platinum,3571.9,0.05
CUST-006436,2025-10-24,Europe,Silver,581.77,0.18
CUST-006437,2024-07-10,Europe,Silver,944.86,0.18
CUST-006438,2025-07-05,North America,Silver,752.67,0.18
CUST-006439,2024-08-29,Asia Pacific,Bronze,134.82,0.28
CUST-006440,2024-05-17,Europe,Bronze,176.24,0.28
CUST-006441,2024-12-10,Asia Pacific,Silver,492.52,0.18
CUST-006442,2024-06-28,North America,Platinum,2746.85,0.05
CUST-006443,2025-12-12,North America,Silver,674.97,0.18
CUST-006444,2025-05-17,North America,Bronze,54.87,0.28
CUST-006445,2024-07-21,North America,Bronze,224.32,0.28
CUST-006446,2025-07-26,Europe,Platinum,4126.83,0.05
CUST-006447,2024-07-10,North America,Silver,218.47,0.18
CUST-006448,2024-01-05,North America,Platinum,2307.25,0.05
CUST-006449,2024-08-24,North America,Silver,196.94,0.18
CUST-006450,2025-11-23,Asia Pacific,Silver,887.1,0.18
CUST-006451,2024-11-06,Asia Pacific,Silver,302.65,0.18
CUST-006452,2025-07-02,North America,Bronze,215.88,0.28
CUST-006453,2024-02-25,Asia Pacific,Silver,656.95,0.18
CUST-006454,2025-03-18,Europe,Silver,428.8,0.18
CUST-006455,2024-08-24,North America,Silver,344.96,0.18
CUST-006456,2026-05-19,Europe,Gold,1473.19,0.1
CUST-006457,2026-05-10,North America,Bronze,163.5,0.28
CUST-006458,2024-07-15,Asia Pacific,Silver,654.42,0.18
CUST-006459,2025-08-07,North America,Bronze,93.81,0.28
CUST-006460,2025-07-24,Middle East & Africa,Bronze,225.79,0.28
CUST-006461,2026-01-21,North America,Silver,771.49,0.18
CUST-006462,2025-05-28,Europe,Bronze,135.36,0.28
CUST-006463,2025-03-24,Latin America,Silver,307.0,0.18
CUST-006464,2024-12-25,North America,Bronze,123.63,0.28
CUST-006465,2025-11-30,Europe,Bronze,116.12,0.28
CUST-006466,2026-03-29,Europe,Bronze,139.53,0.28
CUST-006467,2024-01-30,Europe,Bronze,111.65,0.28
CUST-006468,2026-02-17,North America,Gold,1440.41,0.1
CUST-006469,2024-04-17,North America,Silver,580.52,0.18
CUST-006470,2026-04-23,Europe,Platinum,3031.82,0.05
CUST-006471,2025-08-24,Europe,Bronze,68.64,0.28
CUST-006472,2025-12-17,Europe,Gold,1432.66,0.1
CUST-006473,2025-03-20,North America,Silver,249.43,0.18
CUST-006474,2025-03-13,North America,Bronze,165.75,0.28
CUST-006475,2026-01-01,Europe,Silver,463.12,0.18
CUST-006476,2025-08-28,Europe,Silver,394.52,0.18
CUST-006477,2025-04-01,Europe,Silver,582.41,0.18
CUST-006478,2025-09-06,North America,Silver,520.44,0.18
CUST-006479,2026-01-04,North America,Bronze,175.16,0.28
CUST-006480,2025-11-28,North America,Bronze,208.31,0.28
CUST-006481,2025-11-26,North America,Silver,381.5,0.18
CUST-006482,2025-05-09,North America,Gold,1011.68,0.1
CUST-006483,2025-11-04,Europe,Bronze,230.79,0.28
CUST-006484,2024-09-03,Europe,Bronze,193.91,0.28
CUST-006485,2025-06-26,Europe,Silver,372.92,0.18
CUST-006486,2025-07-17,North America,Gold,538.39,0.1
CUST-006487,2026-05-06,North America,Silver,526.4,0.18
CUST-006488,2025-08-10,Europe,Bronze,182.18,0.28
CUST-006489,2025-03-14,Latin America,Silver,277.08,0.18
CUST-006490,2024-10-04,Asia Pacific,Silver,320.48,0.18
CUST-006491,2025-07-05,Asia Pacific,Silver,382.27,0.18
CUST-006492,2025-09-04,Asia Pacific,Silver,539.25,0.18
CUST-006493,2024-04-20,Europe,Silver,1215.22,0.18
CUST-006494,2025-01-19,North America,Gold,1876.5,0.1
CUST-006495,2026-04-12,Europe,Silver,246.13,0.18
CUST-006496,2026-01-30,North America,Silver,377.95,0.18
CUST-006497,2024-07-09,Europe,Bronze,144.43,0.28
CUST-006498,2025-05-04,Asia Pacific,Bronze,183.39,0.28
CUST-006499,2025-11-24,Asia Pacific,Platinum,2528.87,0.05
CUST-006500,2025-03-01,North America,Silver,568.53,0.18
CUST-006501,2025-02-08,Europe,Silver,366.51,0.18
CUST-006502,2024-11-30,Europe,Gold,1515.12,0.1
CUST-006503,2024-07-27,Asia Pacific,Bronze,154.62,0.28
CUST-006504,2024-01-22,Asia Pacific,Gold,2719.63,0.1
CUST-006505,2025-11-08,Middle East & Africa,Gold,1775.09,0.1
CUST-006506,2025-09-02,North America,Gold,2029.68,0.1
CUST-006507,2024-07-26,Europe,Bronze,98.26,0.28
CUST-006508,2024-01-08,North America,Silver,363.73,0.18
CUST-006509,2025-12-02,North America,Bronze,170.97,0.28
CUST-006510,2025-11-17,Latin America,Silver,274.76,0.18
CUST-006511,2026-02-23,Middle East & Africa,Silver,683.62,0.18
CUST-006512,2025-06-12,North America,Bronze,158.04,0.28
CUST-006513,2025-08-24,North America,Silver,698.7,0.18
CUST-006514,2025-10-14,North America,Bronze,181.92,0.28
CUST-006515,2025-10-18,Asia Pacific,Gold,1221.73,0.1
CUST-006516,2024-06-14,North America,Silver,428.45,0.18
CUST-006517,2026-04-28,North America,Bronze,110.29,0.28
CUST-006518,2025-05-10,North America,Bronze,107.69,0.28
CUST-006519,2025-08-12,Europe,Gold,1712.22,0.1
CUST-006520,2025-03-04,Latin America,Silver,587.84,0.18
CUST-006521,2026-02-12,North America,Bronze,245.74,0.28
CUST-006522,2024-06-11,Europe,Bronze,120.59,0.28
CUST-006523,2024-12-31,North America,Bronze,235.02,0.28
CUST-006524,2025-06-09,Europe,Gold,1118.17,0.1
CUST-006525,2024-08-26,Asia Pacific,Gold,1513.3,0.1
CUST-006526,2024-03-12,North America,Bronze,251.45,0.28
CUST-006527,2025-03-20,North America,Bronze,343.45,0.28
CUST-006528,2025-10-16,Asia Pacific,Bronze,230.35,0.28
CUST-006529,2026-04-01,North America,Platinum,3795.78,0.05
CUST-006530,2025-05-23,Europe,Silver,563.2,0.18
CUST-006531,2026-03-05,Europe,Gold,1977.68,0.1
CUST-006532,2024-09-25,North America,Silver,597.77,0.18
CUST-006533,2026-01-22,Asia Pacific,Gold,1022.88,0.1
CUST-006534,2025-02-18,Asia Pacific,Platinum,4475.77,0.05
CUST-006535,2024-09-01,Europe,Bronze,252.67,0.28
CUST-006536,2025-11-05,North America,Platinum,7226.36,0.05
CUST-006537,2024-02-29,Europe,Gold,1230.2,0.1
CUST-006538,2024-01-06,Europe,Bronze,95.96,0.28
CUST-006539,2025-12-09,Europe,Gold,588.87,0.1
CUST-006540,2025-07-23,Asia Pacific,Silver,618.63,0.18
CUST-006541,2026-03-27,North America,Gold,649.83,0.1
CUST-006542,2025-02-10,Europe,Bronze,170.49,0.28
CUST-006543,2024-08-04,Europe,Silver,692.51,0.18
CUST-006544,2024-01-26,North America,Bronze,140.52,0.28
CUST-006545,2026-03-25,Asia Pacific,Gold,659.64,0.1
CUST-006546,2024-01-05,North America,Platinum,2114.43,0.05
CUST-006547,2025-06-15,North America,Silver,311.48,0.18
CUST-006548,2025-01-24,Middle East & Africa,Silver,428.21,0.18
CUST-006549,2025-12-10,North America,Silver,728.44,0.18
CUST-006550,2025-07-24,North America,Bronze,150.71,0.28
CUST-006551,2025-03-23,Europe,Silver,1064.83,0.18
CUST-006552,2026-01-23,Middle East & Africa,Silver,682.39,0.18
CUST-006553,2024-05-25,Middle East & Africa,Bronze,168.82,0.28
CUST-006554,2025-01-22,Europe,Bronze,145.77,0.28
CUST-006555,2026-02-23,North America,Silver,368.77,0.18
CUST-006556,2024-09-05,Latin America,Bronze,159.23,0.28
CUST-006557,2025-06-09,Europe,Gold,1490.73,0.1
CUST-006558,2025-04-06,Europe,Bronze,170.57,0.28
CUST-006559,2024-01-13,Asia Pacific,Bronze,122.88,0.28
CUST-006560,2025-01-18,Europe,Silver,297.82,0.18
CUST-006561,2025-07-09,North America,Silver,947.92,0.18
CUST-006562,2025-02-02,Asia Pacific,Silver,579.95,0.18
CUST-006563,2024-01-19,Europe,Silver,518.76,0.18
CUST-006564,2025-07-28,North America,Silver,551.04,0.18
CUST-006565,2025-05-05,North America,Silver,699.1,0.18
CUST-006566,2026-01-20,Europe,Bronze,124.4,0.28
CUST-006567,2025-02-22,North America,Bronze,142.42,0.28
CUST-006568,2024-12-02,North America,Bronze,111.01,0.28
CUST-006569,2025-02-22,Europe,Bronze,149.57,0.28
CUST-006570,2025-09-03,Latin America,Bronze,114.46,0.28
CUST-006571,2025-11-05,Europe,Bronze,100.29,0.28
CUST-006572,2024-05-01,Asia Pacific,Platinum,1831.05,0.05
CUST-006573,2025-03-07,Asia Pacific,Bronze,291.15,0.28
CUST-006574,2024-02-13,Asia Pacific,Bronze,131.21,0.28
CUST-006575,2026-05-21,North America,Gold,1457.94,0.1
CUST-006576,2024-11-12,Latin America,Bronze,155.89,0.28
CUST-006577,2025-01-15,Europe,Bronze,183.01,0.28
CUST-006578,2024-05-24,North America,Bronze,67.3,0.28
CUST-006579,2024-11-22,North America,Bronze,124.3,0.28
CUST-006580,2024-12-28,Asia Pacific,Bronze,238.52,0.28
CUST-006581,2024-02-19,North America,Bronze,326.31,0.28
CUST-006582,2024-03-05,North America,Gold,1037.19,0.1
CUST-006583,2024-12-20,Asia Pacific,Bronze,135.77,0.28
CUST-006584,2026-03-10,Latin America,Bronze,229.8,0.28
CUST-006585,2024-06-12,Europe,Silver,536.75,0.18
CUST-006586,2024-05-20,North America,Bronze,151.79,0.28
CUST-006587,2026-04-05,North America,Bronze,146.18,0.28
CUST-006588,2024-05-07,Europe,Gold,955.17,0.1
CUST-006589,2025-02-01,North America,Gold,941.9,0.1
CUST-006590,2026-05-29,Europe,Gold,1265.08,0.1
CUST-006591,2025-04-07,North America,Bronze,170.26,0.28
CUST-006592,2026-01-20,Latin America,Platinum,4056.19,0.05
CUST-006593,2026-04-15,Europe,Bronze,114.03,0.28
CUST-006594,2026-03-18,North America,Bronze,255.62,0.28
CUST-006595,2024-07-05,Latin America,Silver,235.27,0.18
CUST-006596,2025-12-20,North America,Silver,556.18,0.18
CUST-006597,2026-01-01,North America,Bronze,120.86,0.28
CUST-006598,2024-07-08,Asia Pacific,Silver,318.27,0.18
CUST-006599,2025-01-22,North America,Gold,1053.79,0.1
CUST-006600,2025-03-04,Europe,Bronze,79.36,0.28
CUST-006601,2026-05-07,North America,Silver,518.51,0.18
CUST-006602,2024-10-10,North America,Bronze,286.13,0.28
CUST-006603,2026-05-13,North America,Bronze,115.92,0.28
CUST-006604,2024-08-24,Asia Pacific,Bronze,384.13,0.28
CUST-006605,2024-07-12,Europe,Silver,318.91,0.18
CUST-006606,2024-10-13,North America,Bronze,126.64,0.28
CUST-006607,2026-02-09,North America,Gold,2067.31,0.1
CUST-006608,2026-01-27,Latin America,Platinum,2168.23,0.05
CUST-006609,2024-05-15,Middle East & Africa,Platinum,3196.69,0.05
CUST-006610,2026-03-02,Europe,Bronze,298.35,0.28
CUST-006611,2026-02-21,Asia Pacific,Bronze,93.6,0.28
CUST-006612,2024-06-19,Asia Pacific,Bronze,189.97,0.28
CUST-006613,2024-06-07,North America,Silver,551.96,0.18
CUST-006614,2024-07-19,North America,Platinum,1622.01,0.05
CUST-006615,2025-05-01,North America,Gold,938.09,0.1
CUST-006616,2025-07-10,Asia Pacific,Silver,1166.59,0.18
CUST-006617,2026-02-14,Asia Pacific,Bronze,164.05,0.28
CUST-006618,2025-08-05,Asia Pacific,Gold,1399.14,0.1
CUST-006619,2025-05-18,North America,Bronze,164.98,0.28
CUST-006620,2026-05-25,Europe,Bronze,339.6,0.28
CUST-006621,2025-01-05,Asia Pacific,Gold,812.87,0.1
CUST-006622,2024-04-12,Latin America,Silver,343.05,0.18
CUST-006623,2024-05-04,North America,Bronze,143.5,0.28
CUST-006624,2024-11-08,Asia Pacific,Bronze,187.34,0.28
CUST-006625,2026-03-08,North America,Bronze,159.51,0.28
CUST-006626,2025-04-02,Asia Pacific,Silver,483.98,0.18
CUST-006627,2024-08-17,Europe,Bronze,120.27,0.28
CUST-006628,2025-10-19,North America,Gold,1529.84,0.1
CUST-006629,2024-07-15,Asia Pacific,Bronze,70.37,0.28
CUST-006630,2026-01-02,North America,Silver,361.49,0.18
CUST-006631,2025-02-26,Asia Pacific,Bronze,108.0,0.28
CUST-006632,2025-07-25,North America,Bronze,96.56,0.28
CUST-006633,2025-09-01,Asia Pacific,Silver,220.74,0.18
CUST-006634,2024-06-19,Latin America,Silver,493.86,0.18
CUST-006635,2025-01-16,North America,Bronze,178.12,0.28
CUST-006636,2024-06-21,Europe,Silver,535.89,0.18
CUST-006637,2025-10-24,Europe,Gold,1748.65,0.1
CUST-006638,2025-03-28,North America,Bronze,234.35,0.28
CUST-006639,2024-12-15,Europe,Bronze,66.35,0.28
CUST-006640,2025-09-25,Asia Pacific,Bronze,193.06,0.28
CUST-006641,2025-05-08,Latin America,Silver,484.08,0.18
CUST-006642,2025-09-11,Latin America,Bronze,160.64,0.28
CUST-006643,2024-01-04,Europe,Bronze,142.75,0.28
CUST-006644,2024-04-02,Asia Pacific,Silver,361.08,0.18
CUST-006645,2024-01-06,Asia Pacific,Platinum,4322.85,0.05
CUST-006646,2024-10-14,Europe,Bronze,101.34,0.28
CUST-006647,2025-09-09,North America,Bronze,233.17,0.28
CUST-006648,2024-05-25,Europe,Silver,368.77,0.18
CUST-006649,2026-02-21,Asia Pacific,Bronze,66.3,0.28
CUST-006650,2025-02-27,Europe,Bronze,156.91,0.28
CUST-006651,2025-08-30,Asia Pacific,Silver,280.98,0.18
CUST-006652,2025-04-01,North America,Gold,743.07,0.1
CUST-006653,2026-01-10,Middle East & Africa,Gold,1577.5,0.1
CUST-006654,2024-07-20,Europe,Bronze,218.0,0.28
CUST-006655,2024-07-30,Asia Pacific,Gold,1148.79,0.1
CUST-006656,2024-01-06,North America,Bronze,67.05,0.28
CUST-006657,2025-09-15,North America,Bronze,185.53,0.28
CUST-006658,2025-01-10,Asia Pacific,Gold,1056.01,0.1
CUST-006659,2025-03-22,Middle East & Africa,Gold,2082.62,0.1
CUST-006660,2026-04-14,North America,Bronze,329.47,0.28
CUST-006661,2024-04-15,North America,Bronze,82.18,0.28
CUST-006662,2025-10-12,Europe,Bronze,403.3,0.28
CUST-006663,2026-03-21,North America,Silver,241.28,0.18
CUST-006664,2025-02-04,North America,Gold,967.52,0.1
CUST-006665,2024-04-05,Asia Pacific,Bronze,226.14,0.28
CUST-006666,2025-01-22,Latin America,Bronze,112.39,0.28
CUST-006667,2025-03-27,North America,Bronze,108.34,0.28
CUST-006668,2026-04-28,Europe,Bronze,75.8,0.28
CUST-006669,2026-03-19,North America,Gold,703.32,0.1
CUST-006670,2025-02-19,North America,Gold,866.39,0.1
CUST-006671,2025-12-26,North America,Bronze,204.46,0.28
CUST-006672,2025-05-18,Europe,Bronze,293.55,0.28
CUST-006673,2025-03-29,North America,Bronze,110.74,0.28
CUST-006674,2024-10-17,Europe,Silver,383.35,0.18
CUST-006675,2025-06-17,North America,Bronze,100.79,0.28
CUST-006676,2024-07-11,North America,Silver,244.19,0.18
CUST-006677,2024-05-29,North America,Bronze,81.49,0.28
CUST-006678,2026-05-29,Latin America,Bronze,90.06,0.28
CUST-006679,2026-01-28,Asia Pacific,Gold,1176.2,0.1
CUST-006680,2026-02-17,Latin America,Bronze,116.66,0.28
CUST-006681,2026-02-01,Europe,Gold,1031.92,0.1
CUST-006682,2025-05-29,North America,Silver,527.41,0.18
CUST-006683,2025-01-27,Europe,Gold,1156.41,0.1
CUST-006684,2024-11-11,North America,Bronze,94.14,0.28
CUST-006685,2024-03-16,Asia Pacific,Silver,659.95,0.18
CUST-006686,2025-08-21,North America,Bronze,66.83,0.28
CUST-006687,2024-09-26,North America,Platinum,2568.16,0.05
CUST-006688,2024-08-12,Europe,Silver,896.16,0.18
CUST-006689,2025-06-13,Europe,Bronze,171.89,0.28
CUST-006690,2024-04-22,Middle East & Africa,Bronze,73.06,0.28
CUST-006691,2024-09-07,Europe,Gold,636.99,0.1
CUST-006692,2024-08-20,Europe,Gold,1047.44,0.1
CUST-006693,2026-04-20,North America,Gold,987.75,0.1
CUST-006694,2026-03-01,Middle East & Africa,Gold,1593.53,0.1
CUST-006695,2025-12-14,Europe,Gold,1886.31,0.1
CUST-006696,2024-03-23,Europe,Silver,366.13,0.18
CUST-006697,2024-05-04,North America,Bronze,143.81,0.28
CUST-006698,2024-06-23,Asia Pacific,Bronze,99.25,0.28
CUST-006699,2024-03-09,North America,Silver,422.47,0.18
CUST-006700,2024-02-16,Europe,Bronze,99.55,0.28
CUST-006701,2024-09-12,Latin America,Silver,454.41,0.18
CUST-006702,2025-12-27,Middle East & Africa,Bronze,116.75,0.28
CUST-006703,2024-01-30,Europe,Silver,577.96,0.18
CUST-006704,2024-10-07,Asia Pacific,Bronze,228.24,0.28
CUST-006705,2024-08-24,North America,Silver,755.08,0.18
CUST-006706,2024-09-04,Asia Pacific,Silver,456.54,0.18
CUST-006707,2025-01-02,Europe,Bronze,191.23,0.28
CUST-006708,2025-05-09,Europe,Gold,982.63,0.1
CUST-006709,2024-01-25,Latin America,Silver,321.47,0.18
CUST-006710,2025-08-08,Asia Pacific,Gold,694.43,0.1
CUST-006711,2025-12-18,North America,Bronze,173.13,0.28
CUST-006712,2025-05-04,Asia Pacific,Bronze,66.05,0.28
CUST-006713,2025-05-08,North America,Bronze,212.69,0.28
CUST-006714,2024-11-09,Asia Pacific,Bronze,129.95,0.28
CUST-006715,2025-08-28,Asia Pacific,Bronze,133.43,0.28
CUST-006716,2025-01-09,North America,Bronze,196.42,0.28
CUST-006717,2025-09-30,Asia Pacific,Gold,576.26,0.1
CUST-006718,2024-01-25,Europe,Gold,1098.03,0.1
CUST-006719,2024-11-29,Europe,Platinum,6580.66,0.05
CUST-006720,2024-12-20,North America,Platinum,3124.3,0.05
CUST-006721,2024-04-25,North America,Silver,265.07,0.18
CUST-006722,2024-02-17,Asia Pacific,Silver,391.75,0.18
CUST-006723,2026-01-07,North America,Bronze,253.2,0.28
CUST-006724,2026-02-16,Europe,Bronze,110.45,0.28
CUST-006725,2024-04-08,Asia Pacific,Gold,648.14,0.1
CUST-006726,2025-04-03,North America,Gold,995.58,0.1
CUST-006727,2025-06-06,Europe,Gold,684.15,0.1
CUST-006728,2025-08-19,Europe,Gold,486.66,0.1
CUST-006729,2025-02-08,Asia Pacific,Bronze,202.78,0.28
CUST-006730,2024-08-01,Europe,Silver,684.35,0.18
CUST-006731,2025-11-15,Europe,Silver,532.11,0.18
CUST-006732,2025-05-17,North America,Platinum,5003.59,0.05
CUST-006733,2025-12-21,Asia Pacific,Platinum,2974.92,0.05
CUST-006734,2025-03-23,North America,Silver,772.75,0.18
CUST-006735,2025-07-29,Middle East & Africa,Bronze,116.66,0.28
CUST-006736,2024-09-14,Europe,Bronze,150.03,0.28
CUST-006737,2026-04-23,Latin America,Bronze,107.04,0.28
CUST-006738,2024-04-30,Europe,Gold,684.87,0.1
CUST-006739,2026-03-20,North America,Bronze,116.31,0.28
CUST-006740,2024-02-23,Latin America,Bronze,365.89,0.28
CUST-006741,2024-11-26,North America,Bronze,276.99,0.28
CUST-006742,2026-02-22,North America,Gold,1636.19,0.1
CUST-006743,2024-08-28,North America,Silver,379.11,0.18
CUST-006744,2026-01-24,Middle East & Africa,Silver,375.68,0.18
CUST-006745,2025-06-13,Europe,Bronze,297.66,0.28
CUST-006746,2025-04-27,Europe,Bronze,151.34,0.28
CUST-006747,2024-07-05,Asia Pacific,Bronze,205.8,0.28
CUST-006748,2026-05-07,Europe,Gold,961.59,0.1
CUST-006749,2025-10-17,Asia Pacific,Gold,1065.45,0.1
CUST-006750,2024-09-18,Europe,Silver,614.93,0.18
CUST-006751,2024-12-29,Asia Pacific,Bronze,111.77,0.28
CUST-006752,2025-05-05,North America,Gold,1379.37,0.1
CUST-006753,2025-03-06,North America,Silver,340.06,0.18
CUST-006754,2024-08-26,Europe,Bronze,183.96,0.28
CUST-006755,2024-10-30,Europe,Bronze,112.0,0.28
CUST-006756,2024-10-24,Europe,Silver,907.12,0.18
CUST-006757,2024-03-16,Europe,Silver,438.58,0.18
CUST-006758,2025-11-30,North America,Platinum,4771.02,0.05
CUST-006759,2024-11-28,Europe,Gold,1190.12,0.1
CUST-006760,2026-01-27,Europe,Bronze,122.74,0.28
CUST-006761,2025-10-03,North America,Silver,566.21,0.18
CUST-006762,2025-04-18,Europe,Bronze,237.97,0.28
CUST-006763,2026-04-06,North America,Silver,252.12,0.18
CUST-006764,2024-10-09,Europe,Silver,474.22,0.18
CUST-006765,2025-08-13,North America,Silver,430.96,0.18
CUST-006766,2024-03-12,Latin America,Gold,1305.04,0.1
CUST-006767,2024-09-19,Asia Pacific,Silver,773.39,0.18
CUST-006768,2025-12-03,North America,Gold,1663.35,0.1
CUST-006769,2026-05-28,Europe,Bronze,238.24,0.28
CUST-006770,2025-07-28,Asia Pacific,Bronze,166.65,0.28
CUST-006771,2024-01-12,Europe,Silver,378.34,0.18
CUST-006772,2024-05-20,Asia Pacific,Platinum,1326.9,0.05
CUST-006773,2026-02-04,North America,Bronze,264.22,0.28
CUST-006774,2025-07-08,Asia Pacific,Bronze,55.18,0.28
CUST-006775,2024-01-17,Europe,Bronze,283.06,0.28
CUST-006776,2024-03-03,North America,Silver,605.24,0.18
CUST-006777,2024-09-09,Europe,Gold,2637.27,0.1
CUST-006778,2025-04-09,Middle East & Africa,Silver,500.46,0.18
CUST-006779,2025-01-10,Asia Pacific,Platinum,4275.42,0.05
CUST-006780,2026-03-14,Europe,Gold,1114.29,0.1
CUST-006781,2025-06-03,North America,Bronze,154.62,0.28
CUST-006782,2026-04-16,Europe,Silver,336.75,0.18
CUST-006783,2024-03-30,North America,Silver,429.35,0.18
CUST-006784,2025-12-20,North America,Platinum,2494.68,0.05
CUST-006785,2026-03-14,Europe,Bronze,152.8,0.28
CUST-006786,2026-03-06,Latin America,Bronze,148.47,0.28
CUST-006787,2025-09-21,Asia Pacific,Bronze,148.79,0.28
CUST-006788,2026-05-10,North America,Silver,434.04,0.18
CUST-006789,2024-06-23,Europe,Bronze,117.14,0.28
CUST-006790,2024-03-16,Latin America,Silver,562.88,0.18
CUST-006791,2025-09-04,Asia Pacific,Gold,1361.09,0.1
CUST-006792,2025-10-24,Asia Pacific,Bronze,167.53,0.28
CUST-006793,2025-02-03,Middle East & Africa,Silver,308.75,0.18
CUST-006794,2026-02-20,Asia Pacific,Gold,1570.91,0.1
CUST-006795,2024-03-11,North America,Silver,331.53,0.18
CUST-006796,2024-06-28,North America,Bronze,121.7,0.28
CUST-006797,2024-05-03,Middle East & Africa,Bronze,155.61,0.28
CUST-006798,2025-01-15,Europe,Silver,712.88,0.18
CUST-006799,2024-10-19,North America,Bronze,92.53,0.28
CUST-006800,2026-03-07,Europe,Silver,303.02,0.18
CUST-006801,2024-07-13,Asia Pacific,Platinum,1596.17,0.05
CUST-006802,2024-08-15,Middle East & Africa,Silver,551.0,0.18
CUST-006803,2025-03-06,North America,Bronze,131.07,0.28
CUST-006804,2025-03-11,Europe,Bronze,177.75,0.28
CUST-006805,2026-02-25,Latin America,Platinum,4007.07,0.05
CUST-006806,2025-04-05,Europe,Gold,1644.66,0.1
CUST-006807,2025-09-09,North America,Silver,450.26,0.18
CUST-006808,2024-01-21,Latin America,Bronze,112.95,0.28
CUST-006809,2024-03-04,Europe,Silver,493.76,0.18
CUST-006810,2024-06-13,Europe,Bronze,177.05,0.28
CUST-006811,2024-01-27,Europe,Bronze,130.49,0.28
CUST-006812,2024-11-06,North America,Bronze,155.55,0.28
CUST-006813,2024-10-11,Latin America,Bronze,87.59,0.28
CUST-006814,2025-10-21,Europe,Bronze,90.16,0.28
CUST-006815,2024-10-07,Europe,Bronze,77.2,0.28
CUST-006816,2026-04-17,North America,Bronze,168.35,0.28
CUST-006817,2026-04-10,Europe,Silver,605.0,0.18
CUST-006818,2024-06-12,Asia Pacific,Silver,254.43,0.18
CUST-006819,2024-08-11,Asia Pacific,Bronze,159.99,0.28
CUST-006820,2026-02-22,Latin America,Platinum,4185.51,0.05
CUST-006821,2024-05-25,Europe,Bronze,127.86,0.28
CUST-006822,2026-05-17,Asia Pacific,Bronze,284.65,0.28
CUST-006823,2024-01-30,Europe,Bronze,83.75,0.28
CUST-006824,2024-02-14,Asia Pacific,Silver,386.92,0.18
CUST-006825,2026-02-25,Asia Pacific,Bronze,46.79,0.28
CUST-006826,2025-04-15,Europe,Bronze,172.24,0.28
CUST-006827,2024-02-03,North America,Silver,335.79,0.18
CUST-006828,2025-10-14,North America,Silver,204.17,0.18
CUST-006829,2025-03-02,Europe,Gold,1521.85,0.1
CUST-006830,2026-04-09,Middle East & Africa,Gold,1127.02,0.1
CUST-006831,2024-08-08,North America,Platinum,3095.57,0.05
CUST-006832,2026-05-17,North America,Bronze,235.48,0.28
CUST-006833,2025-06-17,North America,Bronze,109.74,0.28
CUST-006834,2025-11-22,Asia Pacific,Platinum,4528.29,0.05
CUST-006835,2025-01-01,Europe,Silver,617.06,0.18
CUST-006836,2026-04-20,North America,Silver,359.33,0.18
CUST-006837,2026-01-12,Europe,Bronze,150.51,0.28
CUST-006838,2025-07-03,Europe,Bronze,293.57,0.28
CUST-006839,2025-08-04,Europe,Bronze,100.15,0.28
CUST-006840,2024-04-25,Asia Pacific,Bronze,187.28,0.28
CUST-006841,2024-08-26,North America,Bronze,153.77,0.28
CUST-006842,2024-11-30,Europe,Bronze,249.36,0.28
CUST-006843,2025-03-16,North America,Silver,443.97,0.18
CUST-006844,2024-05-27,North America,Bronze,197.34,0.28
CUST-006845,2024-01-09,Europe,Bronze,79.08,0.28
CUST-006846,2024-10-14,North America,Bronze,63.62,0.28
CUST-006847,2025-01-22,Europe,Bronze,98.59,0.28
CUST-006848,2024-02-19,North America,Bronze,125.71,0.28
CUST-006849,2026-04-29,North America,Bronze,130.19,0.28
CUST-006850,2025-05-31,Latin America,Bronze,232.19,0.28
CUST-006851,2026-05-04,Europe,Silver,384.54,0.18
CUST-006852,2025-09-29,Asia Pacific,Bronze,151.44,0.28
CUST-006853,2025-08-09,Asia Pacific,Silver,475.84,0.18
CUST-006854,2025-11-07,Europe,Gold,932.13,0.1
CUST-006855,2024-10-04,Asia Pacific,Silver,446.72,0.18
CUST-006856,2026-04-15,Europe,Bronze,228.4,0.28
CUST-006857,2024-10-26,North America,Bronze,169.07,0.28
CUST-006858,2026-03-12,North America,Silver,570.51,0.18
CUST-006859,2025-08-11,Europe,Platinum,3999.03,0.05
CUST-006860,2026-03-20,North America,Platinum,6763.99,0.05
CUST-006861,2025-10-10,North America,Bronze,98.46,0.28
CUST-006862,2025-09-09,North America,Silver,1223.53,0.18
CUST-006863,2025-08-29,North America,Gold,1787.57,0.1
CUST-006864,2024-05-14,North America,Gold,1922.41,0.1
CUST-006865,2025-08-02,North America,Silver,759.93,0.18
CUST-006866,2024-05-26,North America,Bronze,227.05,0.28
CUST-006867,2025-05-04,North America,Bronze,89.53,0.28
CUST-006868,2025-04-22,Europe,Silver,286.02,0.18
CUST-006869,2024-06-07,North America,Silver,595.22,0.18
CUST-006870,2025-01-18,Latin America,Platinum,4409.65,0.05
CUST-006871,2024-06-11,Asia Pacific,Gold,1710.25,0.1
CUST-006872,2025-03-16,Europe,Bronze,152.82,0.28
CUST-006873,2026-05-02,Asia Pacific,Silver,265.69,0.18
CUST-006874,2024-07-07,Europe,Bronze,143.54,0.28
CUST-006875,2025-02-18,North America,Silver,605.34,0.18
CUST-006876,2024-12-04,Latin America,Silver,406.66,0.18
CUST-006877,2025-08-29,North America,Bronze,149.71,0.28
CUST-006878,2024-06-29,Latin America,Bronze,151.81,0.28
CUST-006879,2024-10-14,Europe,Bronze,121.73,0.28
CUST-006880,2026-04-13,North America,Bronze,108.32,0.28
CUST-006881,2024-07-05,Europe,Gold,2788.97,0.1
CUST-006882,2024-05-17,Europe,Bronze,279.8,0.28
CUST-006883,2024-05-09,North America,Bronze,230.14,0.28
CUST-006884,2024-07-12,Europe,Bronze,177.09,0.28
CUST-006885,2024-11-11,Asia Pacific,Gold,802.87,0.1
CUST-006886,2026-02-23,Europe,Bronze,213.91,0.28
CUST-006887,2026-05-13,North America,Bronze,234.34,0.28
CUST-006888,2024-05-23,North America,Silver,392.08,0.18
CUST-006889,2024-01-16,Latin America,Bronze,97.86,0.28
CUST-006890,2024-10-28,Europe,Bronze,177.93,0.28
CUST-006891,2025-02-26,Europe,Silver,689.81,0.18
CUST-006892,2024-09-01,Middle East & Africa,Bronze,116.12,0.28
CUST-006893,2024-04-16,North America,Gold,1482.61,0.1
CUST-006894,2024-03-28,Europe,Silver,313.02,0.18
CUST-006895,2024-05-08,Asia Pacific,Silver,285.6,0.18
CUST-006896,2024-12-06,Asia Pacific,Bronze,162.81,0.28
CUST-006897,2024-01-04,North America,Gold,866.38,0.1
CUST-006898,2024-11-22,North America,Silver,534.47,0.18
CUST-006899,2025-02-13,Asia Pacific,Bronze,78.61,0.28
CUST-006900,2026-05-28,North America,Bronze,106.47,0.28
CUST-006901,2024-11-01,Latin America,Silver,679.18,0.18
CUST-006902,2025-08-29,North America,Gold,1583.01,0.1
CUST-006903,2025-12-21,North America,Platinum,4138.69,0.05
CUST-006904,2024-08-12,North America,Silver,376.55,0.18
CUST-006905,2024-12-13,Asia Pacific,Silver,452.47,0.18
CUST-006906,2024-11-16,Latin America,Bronze,137.1,0.28
CUST-006907,2025-07-12,Europe,Silver,1144.54,0.18
CUST-006908,2024-06-29,Latin America,Platinum,3972.27,0.05
CUST-006909,2025-09-09,North America,Silver,331.16,0.18
CUST-006910,2025-12-11,North America,Bronze,145.22,0.28
CUST-006911,2025-01-20,Asia Pacific,Bronze,76.59,0.28
CUST-006912,2025-09-09,Latin America,Bronze,70.04,0.28
CUST-006913,2026-03-02,Asia Pacific,Silver,807.82,0.18
CUST-006914,2026-02-10,Asia Pacific,Platinum,3904.92,0.05
CUST-006915,2024-04-17,Europe,Bronze,125.21,0.28
CUST-006916,2025-06-14,North America,Bronze,148.42,0.28
CUST-006917,2025-02-13,Latin America,Silver,431.64,0.18
CUST-006918,2024-10-22,North America,Gold,1232.89,0.1
CUST-006919,2026-03-28,Europe,Bronze,237.4,0.28
CUST-006920,2024-06-19,Asia Pacific,Bronze,185.83,0.28
CUST-006921,2024-11-26,North America,Bronze,127.33,0.28
CUST-006922,2025-05-07,Asia Pacific,Silver,223.56,0.18
CUST-006923,2024-07-13,North America,Gold,803.64,0.1
CUST-006924,2024-01-12,Asia Pacific,Bronze,203.16,0.28
CUST-006925,2024-07-13,Europe,Silver,840.58,0.18
CUST-006926,2025-05-04,Europe,Silver,316.74,0.18
CUST-006927,2026-03-05,Europe,Silver,298.15,0.18
CUST-006928,2026-05-30,North America,Bronze,126.18,0.28
CUST-006929,2024-06-30,Europe,Gold,2449.99,0.1
CUST-006930,2026-03-27,Europe,Silver,477.39,0.18
CUST-006931,2025-10-17,Europe,Silver,331.74,0.18
CUST-006932,2024-11-11,North America,Silver,389.47,0.18
CUST-006933,2025-11-24,North America,Platinum,2833.43,0.05
CUST-006934,2024-01-30,North America,Silver,596.39,0.18
CUST-006935,2025-08-18,Asia Pacific,Bronze,327.68,0.28
CUST-006936,2025-11-08,North America,Bronze,158.06,0.28
CUST-006937,2026-03-06,Latin America,Bronze,232.33,0.28
CUST-006938,2026-03-03,Asia Pacific,Bronze,87.55,0.28
CUST-006939,2024-04-05,Asia Pacific,Platinum,8927.76,0.05
CUST-006940,2025-01-15,Asia Pacific,Gold,702.36,0.1
CUST-006941,2026-02-16,North America,Bronze,243.56,0.28
CUST-006942,2025-03-19,Asia Pacific,Bronze,171.76,0.28
CUST-006943,2024-10-24,Europe,Bronze,90.69,0.28
CUST-006944,2026-03-18,Latin America,Gold,1675.48,0.1
CUST-006945,2026-01-06,Latin America,Bronze,148.27,0.28
CUST-006946,2026-04-24,North America,Silver,312.49,0.18
CUST-006947,2024-12-26,Europe,Gold,1205.16,0.1
CUST-006948,2025-01-08,Europe,Bronze,77.53,0.28
CUST-006949,2025-07-07,Asia Pacific,Gold,989.43,0.1
CUST-006950,2024-10-29,North America,Bronze,101.99,0.28
CUST-006951,2025-02-24,North America,Silver,418.34,0.18
CUST-006952,2024-09-02,Europe,Bronze,75.06,0.28
CUST-006953,2025-12-20,Europe,Bronze,73.28,0.28
CUST-006954,2024-08-24,Middle East & Africa,Platinum,2492.1,0.05
CUST-006955,2025-06-17,Asia Pacific,Silver,443.16,0.18
CUST-006956,2024-07-03,Europe,Bronze,101.63,0.28
CUST-006957,2025-04-12,North America,Bronze,180.41,0.28
CUST-006958,2026-01-23,North America,Bronze,198.64,0.28
CUST-006959,2024-12-28,Europe,Silver,321.05,0.18
CUST-006960,2024-10-09,Asia Pacific,Bronze,261.6,0.28
CUST-006961,2025-07-06,Europe,Gold,1063.07,0.1
CUST-006962,2024-12-01,Europe,Bronze,312.08,0.28
CUST-006963,2024-06-10,Latin America,Bronze,135.2,0.28
CUST-006964,2024-06-08,Latin America,Gold,766.18,0.1
CUST-006965,2025-04-18,North America,Silver,735.45,0.18
CUST-006966,2025-08-23,North America,Gold,791.17,0.1
CUST-006967,2024-11-17,North America,Silver,709.34,0.18
CUST-006968,2024-01-12,Asia Pacific,Bronze,157.41,0.28
CUST-006969,2025-02-27,Middle East & Africa,Silver,360.28,0.18
CUST-006970,2024-03-13,North America,Bronze,110.31,0.28
CUST-006971,2025-08-10,North America,Bronze,144.91,0.28
CUST-006972,2026-05-07,Latin America,Bronze,196.88,0.28
CUST-006973,2024-07-19,Asia Pacific,Silver,442.84,0.18
CUST-006974,2025-06-05,Middle East & Africa,Bronze,271.09,0.28
CUST-006975,2026-05-13,Europe,Bronze,93.72,0.28
CUST-006976,2025-05-19,Europe,Bronze,144.31,0.28
CUST-006977,2026-01-07,North America,Bronze,232.97,0.28
CUST-006978,2025-11-18,North America,Bronze,92.67,0.28
CUST-006979,2026-02-26,Europe,Bronze,227.41,0.28
CUST-006980,2024-02-08,Europe,Bronze,151.19,0.28
CUST-006981,2024-02-29,North America,Bronze,156.75,0.28
CUST-006982,2025-07-31,Latin America,Bronze,130.95,0.28
CUST-006983,2024-11-16,North America,Gold,739.88,0.1
CUST-006984,2025-03-10,Asia Pacific,Silver,436.04,0.18
CUST-006985,2025-09-27,North America,Silver,360.3,0.18
CUST-006986,2025-11-06,Asia Pacific,Gold,2207.9,0.1
CUST-006987,2025-02-11,North America,Bronze,183.98,0.28
CUST-006988,2025-01-20,Asia Pacific,Bronze,152.08,0.28
CUST-006989,2025-11-01,North America,Gold,2032.81,0.1
CUST-006990,2025-07-22,Europe,Silver,440.01,0.18
CUST-006991,2024-03-18,Asia Pacific,Platinum,4636.29,0.05
CUST-006992,2024-07-12,North America,Platinum,5575.87,0.05
CUST-006993,2024-10-11,North America,Bronze,134.52,0.28
CUST-006994,2025-06-10,Latin America,Platinum,4165.1,0.05
CUST-006995,2025-06-07,Latin America,Platinum,2939.05,0.05
CUST-006996,2025-09-04,North America,Bronze,237.25,0.28
CUST-006997,2024-06-04,North America,Platinum,3462.07,0.05
CUST-006998,2024-12-05,North America,Bronze,259.53,0.28
CUST-006999,2024-05-04,North America,Silver,487.26,0.18
CUST-007000,2026-05-20,Middle East & Africa,Bronze,415.29,0.28
CUST-007001,2024-10-06,Europe,Bronze,113.04,0.28
CUST-007002,2025-09-13,Europe,Silver,634.68,0.18
CUST-007003,2026-04-25,Middle East & Africa,Bronze,147.43,0.28
CUST-007004,2026-05-18,Europe,Silver,411.25,0.18
CUST-007005,2025-10-19,Asia Pacific,Silver,210.62,0.18
CUST-007006,2025-12-28,North America,Bronze,154.43,0.28
CUST-007007,2025-11-04,Europe,Bronze,101.59,0.28
CUST-007008,2024-05-07,Europe,Silver,397.57,0.18
CUST-007009,2024-11-09,North America,Gold,825.59,0.1
CUST-007010,2024-11-27,North America,Silver,326.62,0.18
CUST-007011,2024-05-29,North America,Silver,293.0,0.18
CUST-007012,2025-03-29,North America,Silver,294.21,0.18
CUST-007013,2024-02-05,Europe,Bronze,79.37,0.28
CUST-007014,2025-11-15,Europe,Silver,523.08,0.18
CUST-007015,2025-02-23,Europe,Platinum,3525.43,0.05
CUST-007016,2024-01-22,North America,Silver,597.27,0.18
CUST-007017,2024-07-24,Asia Pacific,Bronze,128.24,0.28
CUST-007018,2025-09-30,North America,Silver,345.62,0.18
CUST-007019,2026-04-27,Europe,Silver,434.46,0.18
CUST-007020,2024-12-21,Asia Pacific,Silver,595.81,0.18
CUST-007021,2025-03-15,North America,Silver,507.34,0.18
CUST-007022,2025-12-29,Asia Pacific,Silver,452.34,0.18
CUST-007023,2024-04-05,Asia Pacific,Bronze,195.66,0.28
CUST-007024,2024-06-12,North America,Bronze,150.3,0.28
CUST-007025,2024-05-27,North America,Gold,947.16,0.1
CUST-007026,2025-06-13,Middle East & Africa,Bronze,215.65,0.28
CUST-007027,2024-10-20,North America,Platinum,2124.25,0.05
CUST-007028,2024-07-13,Asia Pacific,Bronze,84.99,0.28
CUST-007029,2025-10-24,Europe,Bronze,148.51,0.28
CUST-007030,2025-04-24,North America,Silver,465.72,0.18
CUST-007031,2026-05-26,North America,Gold,1317.23,0.1
CUST-007032,2024-05-02,Europe,Silver,394.73,0.18
CUST-007033,2025-02-03,Europe,Bronze,257.72,0.28
CUST-007034,2025-11-29,Asia Pacific,Bronze,82.37,0.28
CUST-007035,2025-03-27,Latin America,Silver,474.97,0.18
CUST-007036,2025-10-22,Asia Pacific,Bronze,203.18,0.28
CUST-007037,2024-04-13,North America,Bronze,260.96,0.28
CUST-007038,2026-01-24,Latin America,Silver,767.38,0.18
CUST-007039,2025-04-06,Asia Pacific,Silver,290.26,0.18
CUST-007040,2026-01-12,Latin America,Bronze,173.38,0.28
CUST-007041,2025-12-18,Europe,Bronze,137.69,0.28
CUST-007042,2025-12-10,Asia Pacific,Bronze,148.87,0.28
CUST-007043,2025-01-30,Europe,Bronze,236.09,0.28
CUST-007044,2024-12-02,North America,Silver,962.2,0.18
CUST-007045,2025-08-21,Middle East & Africa,Gold,1332.01,0.1
CUST-007046,2024-05-21,North America,Bronze,67.79,0.28
CUST-007047,2024-11-12,North America,Bronze,76.96,0.28
CUST-007048,2025-12-11,Latin America,Bronze,147.24,0.28
CUST-007049,2025-07-11,North America,Gold,1788.45,0.1
CUST-007050,2026-03-10,Latin America,Bronze,109.56,0.28
CUST-007051,2025-06-10,Asia Pacific,Platinum,3242.33,0.05
CUST-007052,2025-07-09,North America,Bronze,286.52,0.28
CUST-007053,2025-02-04,Europe,Bronze,128.0,0.28
CUST-007054,2025-11-11,Asia Pacific,Bronze,302.41,0.28
CUST-007055,2024-11-05,Europe,Silver,378.85,0.18
CUST-007056,2025-05-09,Latin America,Silver,646.1,0.18
CUST-007057,2025-07-09,Latin America,Silver,464.05,0.18
CUST-007058,2025-09-01,North America,Bronze,204.65,0.28
CUST-007059,2026-02-11,North America,Bronze,334.99,0.28
CUST-007060,2024-04-18,Latin America,Bronze,177.42,0.28
CUST-007061,2026-03-05,Europe,Bronze,248.41,0.28
CUST-007062,2025-01-06,North America,Bronze,104.88,0.28
CUST-007063,2026-05-04,Asia Pacific,Silver,310.03,0.18
CUST-007064,2025-09-07,Latin America,Bronze,78.07,0.28
CUST-007065,2026-02-06,Europe,Bronze,98.33,0.28
CUST-007066,2024-07-24,Europe,Bronze,275.21,0.28
CUST-007067,2026-04-26,Asia Pacific,Bronze,171.27,0.28
CUST-007068,2024-02-12,Asia Pacific,Silver,404.35,0.18
CUST-007069,2026-05-14,Latin America,Bronze,162.77,0.28
CUST-007070,2024-09-01,Middle East & Africa,Bronze,196.9,0.28
CUST-007071,2024-10-13,Europe,Gold,1638.41,0.1
CUST-007072,2024-12-20,Asia Pacific,Bronze,163.71,0.28
CUST-007073,2026-02-23,Middle East & Africa,Bronze,260.79,0.28
CUST-007074,2025-04-20,North America,Gold,813.85,0.1
CUST-007075,2024-03-23,North America,Bronze,130.37,0.28
CUST-007076,2024-04-19,Latin America,Gold,1916.36,0.1
CUST-007077,2024-07-08,North America,Bronze,219.9,0.28
CUST-007078,2026-03-10,North America,Silver,521.95,0.18
CUST-007079,2024-09-07,North America,Silver,362.16,0.18
CUST-007080,2025-12-24,Europe,Gold,1644.36,0.1
CUST-007081,2024-10-17,North America,Silver,312.81,0.18
CUST-007082,2025-10-06,North America,Silver,722.02,0.18
CUST-007083,2024-07-19,Middle East & Africa,Silver,827.11,0.18
CUST-007084,2026-03-07,Asia Pacific,Bronze,119.13,0.28
CUST-007085,2024-11-21,Asia Pacific,Silver,1267.22,0.18
CUST-007086,2025-05-25,North America,Bronze,100.66,0.28
CUST-007087,2025-02-12,Asia Pacific,Silver,417.23,0.18
CUST-007088,2025-08-29,Asia Pacific,Silver,413.14,0.18
CUST-007089,2026-02-28,Asia Pacific,Gold,1151.19,0.1
CUST-007090,2026-04-16,North America,Silver,795.67,0.18
CUST-007091,2025-05-22,Europe,Gold,1429.63,0.1
CUST-007092,2025-12-31,Asia Pacific,Bronze,107.56,0.28
CUST-007093,2025-08-23,Asia Pacific,Bronze,156.69,0.28
CUST-007094,2024-03-12,Asia Pacific,Silver,586.71,0.18
CUST-007095,2024-09-03,Europe,Silver,554.23,0.18
CUST-007096,2025-10-02,Europe,Silver,733.71,0.18
CUST-007097,2025-12-24,Asia Pacific,Silver,466.38,0.18
CUST-007098,2026-05-04,North America,Bronze,206.54,0.28
CUST-007099,2025-08-30,Asia Pacific,Silver,425.09,0.18
CUST-007100,2025-08-09,Middle East & Africa,Bronze,115.81,0.28
CUST-007101,2025-07-19,Asia Pacific,Bronze,95.02,0.28
CUST-007102,2024-12-09,North America,Bronze,280.68,0.28
CUST-007103,2024-02-23,North America,Silver,246.09,0.18
CUST-007104,2025-12-30,Asia Pacific,Silver,498.13,0.18
CUST-007105,2025-06-11,Latin America,Bronze,176.71,0.28
CUST-007106,2025-09-02,Europe,Silver,303.98,0.18
CUST-007107,2025-06-15,Europe,Bronze,215.08,0.28
CUST-007108,2025-07-11,North America,Gold,699.16,0.1
CUST-007109,2024-07-11,Asia Pacific,Silver,356.87,0.18
CUST-007110,2024-02-27,Asia Pacific,Bronze,220.64,0.28
CUST-007111,2025-03-12,Middle East & Africa,Platinum,2080.19,0.05
CUST-007112,2024-04-20,North America,Bronze,207.98,0.28
CUST-007113,2024-05-08,Asia Pacific,Silver,703.14,0.18
CUST-007114,2026-04-28,Europe,Bronze,230.42,0.28
CUST-007115,2025-12-06,Europe,Bronze,174.23,0.28
CUST-007116,2026-05-01,Asia Pacific,Silver,321.77,0.18
CUST-007117,2024-11-21,North America,Bronze,100.94,0.28
CUST-007118,2024-01-08,North America,Gold,981.15,0.1
CUST-007119,2024-01-29,Asia Pacific,Bronze,44.01,0.28
CUST-007120,2024-04-21,Europe,Bronze,151.4,0.28
CUST-007121,2025-11-03,North America,Silver,429.75,0.18
CUST-007122,2024-05-10,Europe,Bronze,154.62,0.28
CUST-007123,2024-07-06,Europe,Silver,408.77,0.18
CUST-007124,2025-11-05,Latin America,Gold,1287.88,0.1
CUST-007125,2025-12-09,North America,Silver,464.5,0.18
CUST-007126,2025-04-19,Asia Pacific,Bronze,83.65,0.28
CUST-007127,2024-12-29,North America,Silver,503.32,0.18
CUST-007128,2024-07-22,North America,Platinum,3470.6,0.05
CUST-007129,2024-07-30,North America,Bronze,75.21,0.28
CUST-007130,2025-09-12,Latin America,Silver,643.66,0.18
CUST-007131,2024-10-02,North America,Bronze,133.13,0.28
CUST-007132,2024-03-13,Asia Pacific,Gold,1547.4,0.1
CUST-007133,2025-11-09,Europe,Silver,442.1,0.18
CUST-007134,2026-02-10,Middle East & Africa,Gold,588.75,0.1
CUST-007135,2024-08-30,Asia Pacific,Platinum,3868.9,0.05
CUST-007136,2026-02-25,Asia Pacific,Bronze,182.95,0.28
CUST-007137,2024-04-11,Latin America,Bronze,239.57,0.28
CUST-007138,2025-11-15,Europe,Bronze,216.63,0.28
CUST-007139,2024-06-19,Asia Pacific,Bronze,242.25,0.28
CUST-007140,2025-10-14,North America,Silver,604.13,0.18
CUST-007141,2024-07-06,North America,Gold,985.77,0.1
CUST-007142,2025-03-16,Europe,Bronze,124.39,0.28
CUST-007143,2024-03-26,Europe,Silver,668.36,0.18
CUST-007144,2025-04-20,Europe,Gold,1027.33,0.1
CUST-007145,2024-02-21,Europe,Bronze,185.41,0.28
CUST-007146,2024-04-20,Europe,Bronze,297.19,0.28
CUST-007147,2026-05-26,Europe,Silver,351.45,0.18
CUST-007148,2026-05-03,North America,Bronze,200.73,0.28
CUST-007149,2024-02-12,Middle East & Africa,Platinum,2538.44,0.05
CUST-007150,2024-07-29,Latin America,Bronze,189.65,0.28
CUST-007151,2024-07-18,Latin America,Gold,2288.28,0.1
CUST-007152,2026-03-20,Europe,Silver,768.74,0.18
CUST-007153,2026-05-07,Europe,Bronze,128.59,0.28
CUST-007154,2026-01-21,Middle East & Africa,Bronze,281.5,0.28
CUST-007155,2025-09-18,Latin America,Bronze,137.1,0.28
CUST-007156,2024-01-26,Asia Pacific,Bronze,374.66,0.28
CUST-007157,2024-10-25,Europe,Bronze,151.96,0.28
CUST-007158,2024-03-17,Europe,Silver,586.62,0.18
CUST-007159,2024-05-16,Asia Pacific,Silver,579.53,0.18
CUST-007160,2024-01-20,North America,Silver,290.52,0.18
CUST-007161,2025-03-15,Europe,Bronze,260.12,0.28
CUST-007162,2024-07-29,Asia Pacific,Silver,491.31,0.18
CUST-007163,2026-01-21,Asia Pacific,Bronze,120.09,0.28
CUST-007164,2025-07-04,Europe,Gold,888.52,0.1
CUST-007165,2025-03-10,Europe,Gold,942.94,0.1
CUST-007166,2026-02-18,Middle East & Africa,Gold,1163.63,0.1
CUST-007167,2024-07-25,Europe,Silver,293.64,0.18
CUST-007168,2025-03-14,Asia Pacific,Bronze,108.21,0.28
CUST-007169,2026-02-17,Asia Pacific,Bronze,75.14,0.28
CUST-007170,2025-10-27,Asia Pacific,Gold,868.15,0.1
CUST-007171,2024-02-11,Asia Pacific,Bronze,258.89,0.28
CUST-007172,2025-02-14,Europe,Silver,727.6,0.18
CUST-007173,2025-06-06,Europe,Gold,1336.89,0.1
CUST-007174,2026-03-16,Europe,Silver,1045.0,0.18
CUST-007175,2025-09-01,North America,Bronze,243.85,0.28
CUST-007176,2025-03-02,North America,Bronze,178.49,0.28
CUST-007177,2024-10-01,North America,Bronze,186.43,0.28
CUST-007178,2025-03-23,Latin America,Silver,466.27,0.18
CUST-007179,2026-01-11,North America,Silver,271.92,0.18
CUST-007180,2025-01-03,North America,Platinum,3146.09,0.05
CUST-007181,2024-08-07,North America,Silver,159.4,0.18
CUST-007182,2025-07-30,Asia Pacific,Bronze,96.82,0.28
CUST-007183,2026-05-16,North America,Bronze,261.34,0.28
CUST-007184,2024-08-19,Europe,Silver,464.15,0.18
CUST-007185,2024-11-23,North America,Gold,783.39,0.1
CUST-007186,2025-03-18,Asia Pacific,Bronze,185.2,0.28
CUST-007187,2024-02-21,Middle East & Africa,Gold,1528.17,0.1
CUST-007188,2025-01-10,Middle East & Africa,Bronze,277.96,0.28
CUST-007189,2024-09-19,Europe,Bronze,305.5,0.28
CUST-007190,2024-09-23,Europe,Gold,1640.19,0.1
CUST-007191,2024-12-24,Europe,Bronze,81.84,0.28
CUST-007192,2024-11-12,Europe,Silver,1120.34,0.18
CUST-007193,2024-11-19,Europe,Bronze,257.75,0.28
CUST-007194,2025-10-27,North America,Gold,1685.4,0.1
CUST-007195,2026-05-19,Asia Pacific,Gold,1192.02,0.1
CUST-007196,2026-05-27,North America,Gold,645.57,0.1
CUST-007197,2025-10-13,Europe,Bronze,119.9,0.28
CUST-007198,2025-07-16,Europe,Bronze,146.98,0.28
CUST-007199,2025-09-20,Europe,Silver,383.33,0.18
CUST-007200,2025-02-24,Asia Pacific,Bronze,232.3,0.28
CUST-007201,2024-02-15,Asia Pacific,Silver,436.43,0.18
CUST-007202,2026-03-31,Asia Pacific,Silver,329.83,0.18
CUST-007203,2025-08-22,Europe,Bronze,183.26,0.28
CUST-007204,2025-12-20,North America,Silver,322.97,0.18
CUST-007205,2024-09-25,Europe,Gold,624.77,0.1
CUST-007206,2025-08-23,Middle East & Africa,Platinum,4291.07,0.05
CUST-007207,2025-01-15,Middle East & Africa,Bronze,145.71,0.28
CUST-007208,2024-04-27,Asia Pacific,Bronze,159.71,0.28
CUST-007209,2025-07-19,North America,Bronze,260.12,0.28
CUST-007210,2024-04-25,North America,Bronze,165.84,0.28
CUST-007211,2025-09-21,Europe,Bronze,188.35,0.28
CUST-007212,2024-09-16,Latin America,Platinum,3524.1,0.05
CUST-007213,2024-03-15,Asia Pacific,Bronze,207.4,0.28
CUST-007214,2025-04-24,Latin America,Bronze,63.93,0.28
CUST-007215,2024-10-31,Europe,Bronze,110.05,0.28
CUST-007216,2024-01-07,North America,Bronze,128.53,0.28
CUST-007217,2024-12-31,North America,Bronze,123.82,0.28
CUST-007218,2025-09-25,North America,Silver,327.87,0.18
CUST-007219,2025-06-06,Europe,Bronze,145.16,0.28
CUST-007220,2024-12-13,North America,Bronze,142.08,0.28
CUST-007221,2025-03-13,Asia Pacific,Bronze,145.13,0.28
CUST-007222,2024-08-02,Asia Pacific,Silver,487.57,0.18
CUST-007223,2025-03-04,North America,Bronze,183.05,0.28
CUST-007224,2026-03-01,North America,Bronze,109.97,0.28
CUST-007225,2025-05-12,North America,Gold,973.74,0.1
CUST-007226,2025-06-23,Asia Pacific,Bronze,216.96,0.28
CUST-007227,2026-01-16,Europe,Silver,308.73,0.18
CUST-007228,2025-01-01,North America,Gold,868.62,0.1
CUST-007229,2024-11-08,Latin America,Bronze,110.11,0.28
CUST-007230,2025-06-21,Europe,Gold,1107.79,0.1
CUST-007231,2024-02-23,Europe,Gold,1788.86,0.1
CUST-007232,2025-06-24,Asia Pacific,Bronze,184.97,0.28
CUST-007233,2025-04-11,Asia Pacific,Gold,846.33,0.1
CUST-007234,2026-05-14,Asia Pacific,Bronze,309.8,0.28
CUST-007235,2024-06-12,Europe,Bronze,113.57,0.28
CUST-007236,2026-02-20,Europe,Gold,627.4,0.1
CUST-007237,2024-11-29,Asia Pacific,Gold,2489.29,0.1
CUST-007238,2025-06-30,Europe,Silver,321.99,0.18
CUST-007239,2026-03-08,Asia Pacific,Bronze,143.49,0.28
CUST-007240,2024-12-13,Latin America,Silver,426.52,0.18
CUST-007241,2024-09-29,Latin America,Silver,567.9,0.18
CUST-007242,2025-12-20,North America,Bronze,71.94,0.28
CUST-007243,2026-01-19,North America,Platinum,3103.37,0.05
CUST-007244,2025-02-17,North America,Bronze,129.53,0.28
CUST-007245,2025-05-14,Asia Pacific,Bronze,264.05,0.28
CUST-007246,2024-04-02,Europe,Bronze,120.69,0.28
CUST-007247,2025-11-15,North America,Bronze,131.94,0.28
CUST-007248,2024-03-19,North America,Silver,609.91,0.18
CUST-007249,2025-09-13,North America,Bronze,184.05,0.28
CUST-007250,2024-08-04,North America,Gold,898.26,0.1
CUST-007251,2024-12-23,North America,Bronze,178.04,0.28
CUST-007252,2025-09-09,Asia Pacific,Bronze,111.69,0.28
CUST-007253,2025-05-21,North America,Silver,620.51,0.18
CUST-007254,2025-07-12,North America,Bronze,140.69,0.28
CUST-007255,2024-06-29,Asia Pacific,Silver,272.21,0.18
CUST-007256,2025-07-29,Asia Pacific,Gold,509.15,0.1
CUST-007257,2024-09-02,North America,Silver,387.16,0.18
CUST-007258,2024-08-31,North America,Silver,328.9,0.18
CUST-007259,2025-05-20,Asia Pacific,Gold,1090.32,0.1
CUST-007260,2025-02-25,Europe,Platinum,3431.73,0.05
CUST-007261,2024-11-15,North America,Bronze,69.77,0.28
CUST-007262,2024-03-27,North America,Silver,336.06,0.18
CUST-007263,2024-08-04,North America,Bronze,142.44,0.28
CUST-007264,2025-05-04,Europe,Bronze,156.12,0.28
CUST-007265,2025-06-02,Latin America,Bronze,206.42,0.28
CUST-007266,2024-10-04,Asia Pacific,Platinum,5160.23,0.05
CUST-007267,2026-04-28,Europe,Silver,409.03,0.18
CUST-007268,2025-12-22,Europe,Bronze,141.38,0.28
CUST-007269,2024-06-17,Europe,Bronze,123.76,0.28
CUST-007270,2024-11-25,Europe,Gold,1559.9,0.1
CUST-007271,2025-10-11,North America,Bronze,128.62,0.28
CUST-007272,2025-03-16,Asia Pacific,Bronze,101.89,0.28
CUST-007273,2025-01-25,Latin America,Gold,617.13,0.1
CUST-007274,2025-05-10,Europe,Silver,308.04,0.18
CUST-007275,2025-01-15,Asia Pacific,Bronze,134.87,0.28
CUST-007276,2024-11-01,Europe,Bronze,221.95,0.28
CUST-007277,2026-01-11,Europe,Gold,1222.05,0.1
CUST-007278,2026-03-30,North America,Gold,1256.23,0.1
CUST-007279,2025-11-03,Asia Pacific,Bronze,150.2,0.28
CUST-007280,2025-05-27,Asia Pacific,Bronze,250.28,0.28
CUST-007281,2026-01-17,Asia Pacific,Bronze,183.79,0.28
CUST-007282,2024-07-06,North America,Silver,447.36,0.18
CUST-007283,2025-05-30,North America,Silver,354.17,0.18
CUST-007284,2025-10-05,Europe,Bronze,90.6,0.28
CUST-007285,2025-03-02,Europe,Gold,2324.03,0.1
CUST-007286,2025-05-16,Europe,Silver,620.6,0.18
CUST-007287,2025-12-30,Middle East & Africa,Silver,416.5,0.18
CUST-007288,2024-09-16,Asia Pacific,Platinum,7173.16,0.05
CUST-007289,2025-05-27,Europe,Bronze,149.54,0.28
CUST-007290,2024-03-11,North America,Bronze,108.2,0.28
CUST-007291,2025-04-22,North America,Silver,733.56,0.18
CUST-007292,2024-06-26,Asia Pacific,Gold,718.87,0.1
CUST-007293,2025-04-01,Asia Pacific,Bronze,127.78,0.28
CUST-007294,2024-07-07,Asia Pacific,Gold,742.35,0.1
CUST-007295,2024-10-17,Europe,Bronze,108.95,0.28
CUST-007296,2025-06-03,North America,Bronze,162.48,0.28
CUST-007297,2026-02-03,Middle East & Africa,Bronze,171.66,0.28
CUST-007298,2024-10-18,Middle East & Africa,Platinum,2252.15,0.05
CUST-007299,2026-01-25,Europe,Silver,927.89,0.18
CUST-007300,2025-09-26,North America,Bronze,65.04,0.28
CUST-007301,2026-03-21,Europe,Platinum,3686.18,0.05
CUST-007302,2024-10-09,Latin America,Silver,478.81,0.18
CUST-007303,2025-06-27,Asia Pacific,Gold,1333.38,0.1
CUST-007304,2026-04-25,Asia Pacific,Bronze,213.23,0.28
CUST-007305,2025-01-11,North America,Bronze,44.29,0.28
CUST-007306,2025-10-19,North America,Silver,330.18,0.18
CUST-007307,2024-06-04,North America,Gold,1274.85,0.1
CUST-007308,2025-05-22,Latin America,Silver,889.34,0.18
CUST-007309,2025-02-16,Europe,Silver,356.57,0.18
CUST-007310,2025-06-11,Asia Pacific,Gold,1111.11,0.1
CUST-007311,2024-12-20,North America,Bronze,200.5,0.28
CUST-007312,2025-07-12,Latin America,Silver,277.39,0.18
CUST-007313,2026-02-01,Asia Pacific,Bronze,151.35,0.28
CUST-007314,2024-07-05,North America,Bronze,143.82,0.28
CUST-007315,2024-01-31,Latin America,Bronze,117.56,0.28
CUST-007316,2024-09-16,North America,Gold,1467.47,0.1
CUST-007317,2025-02-24,North America,Gold,2843.65,0.1
CUST-007318,2025-06-12,North America,Bronze,160.79,0.28
CUST-007319,2025-07-04,Latin America,Bronze,61.35,0.28
CUST-007320,2024-10-30,Latin America,Bronze,105.87,0.28
CUST-007321,2024-02-08,North America,Platinum,6324.85,0.05
CUST-007322,2025-05-03,Asia Pacific,Silver,408.88,0.18
CUST-007323,2025-10-05,Asia Pacific,Platinum,2189.33,0.05
CUST-007324,2025-06-25,Asia Pacific,Gold,1622.78,0.1
CUST-007325,2025-10-31,North America,Bronze,116.18,0.28
CUST-007326,2024-10-04,Europe,Bronze,152.12,0.28
CUST-007327,2024-07-21,Asia Pacific,Silver,286.16,0.18
CUST-007328,2024-03-06,North America,Bronze,126.9,0.28
CUST-007329,2024-04-17,Europe,Bronze,148.2,0.28
CUST-007330,2024-09-24,Asia Pacific,Bronze,144.07,0.28
CUST-007331,2024-08-09,North America,Silver,522.75,0.18
CUST-007332,2026-03-14,Middle East & Africa,Silver,487.71,0.18
CUST-007333,2025-06-13,North America,Bronze,99.81,0.28
CUST-007334,2024-03-30,Middle East & Africa,Silver,883.22,0.18
CUST-007335,2025-11-23,North America,Bronze,140.88,0.28
CUST-007336,2024-09-11,North America,Gold,699.15,0.1
CUST-007337,2025-03-30,North America,Silver,184.99,0.18
CUST-007338,2024-09-09,Asia Pacific,Bronze,154.58,0.28
CUST-007339,2024-09-13,Asia Pacific,Silver,310.67,0.18
CUST-007340,2025-01-17,North America,Silver,565.87,0.18
CUST-007341,2025-03-17,North America,Bronze,152.93,0.28
CUST-007342,2026-05-07,Europe,Bronze,724.9,0.28
CUST-007343,2025-08-21,Europe,Platinum,2113.65,0.05
CUST-007344,2024-03-30,Asia Pacific,Bronze,229.0,0.28
CUST-007345,2026-01-18,North America,Silver,291.02,0.18
CUST-007346,2025-01-24,Europe,Gold,1673.14,0.1
CUST-007347,2025-08-04,Asia Pacific,Bronze,265.04,0.28
CUST-007348,2024-02-13,Middle East & Africa,Bronze,130.7,0.28
CUST-007349,2025-12-12,Asia Pacific,Gold,896.41,0.1
CUST-007350,2025-10-25,North America,Bronze,140.89,0.28
CUST-007351,2025-08-20,North America,Silver,334.3,0.18
CUST-007352,2024-01-19,Europe,Silver,857.05,0.18
CUST-007353,2024-04-10,Europe,Gold,1108.81,0.1
CUST-007354,2025-08-29,Latin America,Platinum,4172.75,0.05
CUST-007355,2026-02-04,Asia Pacific,Gold,1447.56,0.1
CUST-007356,2024-12-22,Europe,Silver,642.99,0.18
CUST-007357,2025-06-25,Europe,Gold,1001.52,0.1
CUST-007358,2026-01-30,Europe,Gold,1631.13,0.1
CUST-007359,2024-02-02,North America,Platinum,5890.33,0.05
CUST-007360,2024-08-16,North America,Gold,1127.55,0.1
CUST-007361,2025-06-07,Europe,Bronze,88.01,0.28
CUST-007362,2025-09-21,North America,Silver,777.97,0.18
CUST-007363,2026-05-11,North America,Bronze,160.79,0.28
CUST-007364,2024-06-03,North America,Bronze,150.25,0.28
CUST-007365,2025-02-26,North America,Bronze,196.63,0.28
CUST-007366,2024-09-02,North America,Platinum,6199.29,0.05
CUST-007367,2025-02-08,Asia Pacific,Bronze,137.26,0.28
CUST-007368,2026-04-23,Europe,Silver,743.6,0.18
CUST-007369,2026-01-28,Europe,Silver,463.17,0.18
CUST-007370,2025-06-24,Europe,Bronze,192.51,0.28
CUST-007371,2024-06-09,Middle East & Africa,Silver,353.0,0.18
CUST-007372,2026-01-16,North America,Silver,406.55,0.18
CUST-007373,2025-12-02,Europe,Gold,1851.86,0.1
CUST-007374,2024-04-26,North America,Bronze,68.37,0.28
CUST-007375,2024-09-27,Europe,Bronze,198.51,0.28
CUST-007376,2026-02-08,Latin America,Silver,523.77,0.18
CUST-007377,2025-11-22,Asia Pacific,Bronze,291.5,0.28
CUST-007378,2025-05-01,Asia Pacific,Bronze,224.32,0.28
CUST-007379,2024-06-20,Europe,Bronze,161.0,0.28
CUST-007380,2024-09-30,Asia Pacific,Silver,270.56,0.18
CUST-007381,2024-09-15,North America,Bronze,118.91,0.28
CUST-007382,2024-05-14,Europe,Silver,410.95,0.18
CUST-007383,2025-11-13,Europe,Platinum,6357.1,0.05
CUST-007384,2025-12-22,North America,Gold,1653.06,0.1
CUST-007385,2026-01-17,North America,Bronze,109.14,0.28
CUST-007386,2025-02-25,Asia Pacific,Silver,528.67,0.18
CUST-007387,2025-02-24,North America,Bronze,124.85,0.28
CUST-007388,2024-07-04,North America,Bronze,115.85,0.28
CUST-007389,2024-12-29,Europe,Bronze,192.88,0.28
CUST-007390,2025-08-29,North America,Bronze,141.58,0.28
CUST-007391,2025-01-12,Asia Pacific,Silver,282.46,0.18
CUST-007392,2025-06-06,Europe,Platinum,4872.15,0.05
CUST-007393,2025-08-02,Asia Pacific,Platinum,3719.4,0.05
CUST-007394,2025-12-22,North America,Bronze,129.55,0.28
CUST-007395,2024-07-14,Asia Pacific,Silver,817.49,0.18
CUST-007396,2026-05-30,Latin America,Bronze,229.59,0.28
CUST-007397,2024-04-07,North America,Silver,472.43,0.18
CUST-007398,2025-08-27,North America,Bronze,75.63,0.28
CUST-007399,2024-01-22,Latin America,Platinum,5457.4,0.05
CUST-007400,2025-03-25,North America,Gold,989.01,0.1
CUST-007401,2024-06-20,Europe,Bronze,140.82,0.28
CUST-007402,2025-01-17,North America,Gold,1063.14,0.1
CUST-007403,2024-05-13,North America,Silver,268.0,0.18
CUST-007404,2025-03-01,North America,Silver,539.29,0.18
CUST-007405,2024-01-25,Europe,Silver,321.24,0.18
CUST-007406,2025-05-17,Asia Pacific,Silver,528.22,0.18
CUST-007407,2024-07-03,North America,Gold,825.22,0.1
CUST-007408,2024-03-25,Asia Pacific,Gold,1000.58,0.1
CUST-007409,2025-07-20,Europe,Silver,520.76,0.18
CUST-007410,2026-02-01,Middle East & Africa,Gold,1260.8,0.1
CUST-007411,2024-05-23,Middle East & Africa,Platinum,4488.17,0.05
CUST-007412,2026-05-12,Asia Pacific,Bronze,198.25,0.28
CUST-007413,2025-11-09,Latin America,Bronze,255.59,0.28
CUST-007414,2025-02-15,Asia Pacific,Silver,449.87,0.18
CUST-007415,2024-08-11,Latin America,Platinum,5672.07,0.05
CUST-007416,2024-08-07,North America,Bronze,131.85,0.28
CUST-007417,2024-06-27,North America,Bronze,204.75,0.28
CUST-007418,2025-09-22,Asia Pacific,Bronze,235.11,0.28
CUST-007419,2025-03-08,Europe,Gold,1878.06,0.1
CUST-007420,2024-09-21,Asia Pacific,Platinum,1952.75,0.05
CUST-007421,2025-03-04,Latin America,Silver,127.9,0.18
CUST-007422,2025-10-23,North America,Bronze,187.29,0.28
CUST-007423,2025-02-19,Asia Pacific,Gold,1201.21,0.1
CUST-007424,2025-03-28,North America,Bronze,167.8,0.28
CUST-007425,2025-12-27,North America,Gold,1244.82,0.1
CUST-007426,2024-07-15,Europe,Bronze,130.97,0.28
CUST-007427,2025-07-07,North America,Silver,565.82,0.18
CUST-007428,2024-02-22,Europe,Silver,515.34,0.18
CUST-007429,2025-04-24,Europe,Silver,431.53,0.18
CUST-007430,2025-03-18,North America,Platinum,3540.75,0.05
CUST-007431,2024-11-25,Asia Pacific,Platinum,4479.54,0.05
CUST-007432,2024-09-07,Europe,Gold,946.15,0.1
CUST-007433,2026-03-17,North America,Bronze,96.15,0.28
CUST-007434,2026-02-21,North America,Bronze,95.56,0.28
CUST-007435,2024-05-02,Latin America,Silver,367.17,0.18
CUST-007436,2026-05-28,Asia Pacific,Gold,2172.98,0.1
CUST-007437,2025-01-21,North America,Silver,474.54,0.18
CUST-007438,2024-12-04,North America,Platinum,2667.54,0.05
CUST-007439,2026-02-16,Asia Pacific,Platinum,3795.0,0.05
CUST-007440,2024-12-13,Europe,Silver,296.35,0.18
CUST-007441,2024-01-29,North America,Gold,1114.03,0.1
CUST-007442,2024-02-04,Europe,Platinum,2970.1,0.05
CUST-007443,2025-06-01,Europe,Gold,706.81,0.1
CUST-007444,2025-01-30,Asia Pacific,Silver,696.83,0.18
CUST-007445,2025-09-14,North America,Gold,1032.18,0.1
CUST-007446,2024-10-20,Europe,Bronze,147.71,0.28
CUST-007447,2025-08-11,North America,Silver,594.65,0.18
CUST-007448,2024-12-14,Middle East & Africa,Bronze,172.66,0.28
CUST-007449,2024-05-26,Asia Pacific,Bronze,154.7,0.28
CUST-007450,2024-03-07,Asia Pacific,Gold,1091.01,0.1
CUST-007451,2025-06-03,Asia Pacific,Silver,602.16,0.18
CUST-007452,2024-05-01,Europe,Bronze,149.57,0.28
CUST-007453,2024-12-05,Latin America,Bronze,158.91,0.28
CUST-007454,2024-06-23,North America,Platinum,5462.54,0.05
CUST-007455,2025-11-21,Asia Pacific,Gold,1915.79,0.1
CUST-007456,2025-08-19,North America,Bronze,167.02,0.28
CUST-007457,2025-03-26,North America,Platinum,3649.56,0.05
CUST-007458,2025-07-10,Europe,Bronze,194.99,0.28
CUST-007459,2024-05-15,Asia Pacific,Silver,406.91,0.18
CUST-007460,2026-05-04,Asia Pacific,Silver,407.33,0.18
CUST-007461,2024-01-16,Europe,Gold,1170.29,0.1
CUST-007462,2024-11-28,Europe,Gold,798.47,0.1
CUST-007463,2024-07-13,Latin America,Bronze,385.9,0.28
CUST-007464,2025-05-10,North America,Silver,383.51,0.18
CUST-007465,2024-01-09,Asia Pacific,Bronze,180.85,0.28
CUST-007466,2026-04-07,Europe,Silver,446.96,0.18
CUST-007467,2024-11-29,Europe,Silver,592.55,0.18
CUST-007468,2024-11-28,North America,Bronze,128.64,0.28
CUST-007469,2024-11-22,Europe,Silver,490.77,0.18
CUST-007470,2024-01-15,North America,Bronze,106.76,0.28
CUST-007471,2026-04-18,North America,Silver,731.38,0.18
CUST-007472,2025-09-05,North America,Gold,1563.53,0.1
CUST-007473,2024-08-13,North America,Bronze,85.12,0.28
CUST-007474,2025-02-28,Europe,Platinum,3519.85,0.05
CUST-007475,2026-02-28,Asia Pacific,Bronze,86.01,0.28
CUST-007476,2025-02-11,North America,Silver,326.83,0.18
CUST-007477,2024-04-22,Europe,Silver,650.44,0.18
CUST-007478,2025-03-03,Europe,Bronze,55.49,0.28
CUST-007479,2024-01-01,Europe,Bronze,227.86,0.28
CUST-007480,2024-09-22,Asia Pacific,Gold,1396.32,0.1
CUST-007481,2025-05-05,Europe,Silver,435.81,0.18
CUST-007482,2024-07-26,Asia Pacific,Bronze,213.11,0.28
CUST-007483,2025-09-13,Europe,Bronze,442.2,0.28
CUST-007484,2025-12-12,Europe,Gold,705.13,0.1
CUST-007485,2025-01-03,Europe,Bronze,295.31,0.28
CUST-007486,2024-11-01,Asia Pacific,Gold,1766.3,0.1
CUST-007487,2024-01-12,Latin America,Bronze,113.15,0.28
CUST-007488,2024-12-10,Europe,Silver,555.11,0.18
CUST-007489,2025-04-09,Asia Pacific,Bronze,96.14,0.28
CUST-007490,2025-11-30,North America,Gold,985.38,0.1
CUST-007491,2025-10-27,Latin America,Silver,193.88,0.18
CUST-007492,2025-05-08,North America,Silver,262.39,0.18
CUST-007493,2025-01-02,North America,Bronze,174.74,0.28
CUST-007494,2026-04-25,North America,Silver,543.12,0.18
CUST-007495,2025-02-23,Middle East & Africa,Bronze,180.24,0.28
CUST-007496,2026-03-01,Latin America,Bronze,193.47,0.28
CUST-007497,2024-06-19,Latin America,Gold,1258.23,0.1
CUST-007498,2024-05-13,Asia Pacific,Gold,1574.07,0.1
CUST-007499,2025-03-02,Europe,Bronze,230.41,0.28
CUST-007500,2024-01-25,Latin America,Platinum,3862.54,0.05
CUST-007501,2025-06-13,Middle East & Africa,Gold,1008.61,0.1
CUST-007502,2024-07-08,Europe,Silver,424.58,0.18
CUST-007503,2024-05-20,North America,Silver,322.06,0.18
CUST-007504,2025-07-08,Asia Pacific,Gold,1686.88,0.1
CUST-007505,2026-04-25,Middle East & Africa,Silver,236.76,0.18
CUST-007506,2026-03-06,Latin America,Silver,422.21,0.18
CUST-007507,2025-10-19,Latin America,Silver,565.04,0.18
CUST-007508,2024-11-10,Latin America,Bronze,99.74,0.28
CUST-007509,2025-03-19,Latin America,Gold,686.0,0.1
CUST-007510,2024-11-14,Asia Pacific,Silver,180.8,0.18
CUST-007511,2025-03-16,Asia Pacific,Silver,401.62,0.18
CUST-007512,2024-04-01,North America,Bronze,94.94,0.28
CUST-007513,2024-06-27,Europe,Bronze,213.01,0.28
CUST-007514,2024-02-25,Europe,Bronze,80.64,0.28
CUST-007515,2024-06-03,Latin America,Bronze,185.32,0.28
CUST-007516,2025-11-02,Europe,Gold,712.84,0.1
CUST-007517,2024-04-20,North America,Bronze,81.89,0.28
CUST-007518,2024-05-16,North America,Bronze,92.69,0.28
CUST-007519,2024-08-19,Asia Pacific,Silver,691.86,0.18
CUST-007520,2025-04-12,Europe,Silver,278.14,0.18
CUST-007521,2026-01-01,North America,Bronze,236.84,0.28
CUST-007522,2025-04-25,North America,Bronze,162.67,0.28
CUST-007523,2024-03-08,Europe,Gold,975.28,0.1
CUST-007524,2026-03-24,North America,Bronze,98.47,0.28
CUST-007525,2024-09-05,North America,Gold,2570.48,0.1
CUST-007526,2024-11-18,Europe,Bronze,118.55,0.28
CUST-007527,2025-06-01,Europe,Silver,356.23,0.18
CUST-007528,2026-03-02,Europe,Bronze,268.03,0.28
CUST-007529,2025-03-07,North America,Gold,2301.78,0.1
CUST-007530,2025-05-01,Latin America,Bronze,141.83,0.28
CUST-007531,2025-08-28,Europe,Bronze,240.89,0.28
CUST-007532,2025-03-04,North America,Bronze,117.4,0.28
CUST-007533,2024-09-25,North America,Gold,2947.95,0.1
CUST-007534,2025-12-09,North America,Gold,710.22,0.1
CUST-007535,2025-06-20,North America,Bronze,104.06,0.28
CUST-007536,2024-05-27,North America,Bronze,253.59,0.28
CUST-007537,2024-04-27,Europe,Gold,1068.88,0.1
CUST-007538,2026-04-29,Europe,Gold,2077.55,0.1
CUST-007539,2025-01-01,Europe,Silver,373.44,0.18
CUST-007540,2026-04-29,Asia Pacific,Gold,1562.09,0.1
CUST-007541,2024-03-06,North America,Bronze,113.69,0.28
CUST-007542,2026-03-23,Latin America,Bronze,145.52,0.28
CUST-007543,2025-01-04,North America,Bronze,89.88,0.28
CUST-007544,2024-06-23,Asia Pacific,Silver,441.47,0.18
CUST-007545,2026-04-10,North America,Bronze,105.58,0.28
CUST-007546,2025-08-10,Latin America,Bronze,343.66,0.28
CUST-007547,2025-05-09,Europe,Bronze,131.94,0.28
CUST-007548,2024-04-23,North America,Silver,278.71,0.18
CUST-007549,2024-04-20,Europe,Bronze,197.82,0.28
CUST-007550,2026-01-30,North America,Bronze,92.53,0.28
CUST-007551,2025-03-14,Asia Pacific,Gold,1704.23,0.1
CUST-007552,2025-12-15,Asia Pacific,Bronze,120.0,0.28
CUST-007553,2024-05-26,North America,Bronze,147.75,0.28
CUST-007554,2024-02-04,Europe,Silver,417.11,0.18
CUST-007555,2024-11-04,North America,Gold,1084.17,0.1
CUST-007556,2025-06-21,Asia Pacific,Silver,461.34,0.18
CUST-007557,2026-01-19,North America,Bronze,115.05,0.28
CUST-007558,2024-01-14,Europe,Gold,775.32,0.1
CUST-007559,2025-01-08,Middle East & Africa,Silver,457.05,0.18
CUST-007560,2025-07-10,North America,Bronze,127.94,0.28
CUST-007561,2025-03-03,Middle East & Africa,Silver,269.8,0.18
CUST-007562,2025-12-28,Europe,Silver,575.34,0.18
CUST-007563,2024-08-20,North America,Silver,447.07,0.18
CUST-007564,2025-12-05,Europe,Gold,776.97,0.1
CUST-007565,2025-07-16,Asia Pacific,Silver,409.18,0.18
CUST-007566,2025-12-26,Europe,Gold,1132.58,0.1
CUST-007567,2025-10-24,North America,Silver,297.95,0.18
CUST-007568,2025-03-15,North America,Bronze,531.45,0.28
CUST-007569,2025-05-16,Asia Pacific,Silver,448.6,0.18
CUST-007570,2024-10-01,Europe,Bronze,137.37,0.28
CUST-007571,2026-04-29,Europe,Bronze,397.58,0.28
CUST-007572,2024-03-16,North America,Gold,1440.45,0.1
CUST-007573,2025-03-14,Asia Pacific,Silver,729.78,0.18
CUST-007574,2026-01-01,Middle East & Africa,Bronze,155.77,0.28
CUST-007575,2026-05-09,North America,Bronze,153.9,0.28
CUST-007576,2025-11-29,North America,Bronze,106.54,0.28
CUST-007577,2024-10-15,Latin America,Gold,1568.12,0.1
CUST-007578,2025-06-23,Asia Pacific,Bronze,314.23,0.28
CUST-007579,2025-11-22,Europe,Silver,845.64,0.18
CUST-007580,2024-09-09,Latin America,Silver,277.28,0.18
CUST-007581,2024-05-05,Europe,Silver,946.79,0.18
CUST-007582,2024-06-25,North America,Bronze,107.74,0.28
CUST-007583,2024-02-06,Asia Pacific,Bronze,102.96,0.28
CUST-007584,2025-02-13,Europe,Gold,841.96,0.1
CUST-007585,2025-09-02,Middle East & Africa,Gold,1026.25,0.1
CUST-007586,2025-09-01,North America,Silver,207.72,0.18
CUST-007587,2024-05-06,Europe,Silver,459.59,0.18
CUST-007588,2025-04-27,Asia Pacific,Bronze,135.21,0.28
CUST-007589,2024-06-16,North America,Bronze,152.51,0.28
CUST-007590,2025-08-14,Europe,Gold,984.05,0.1
CUST-007591,2024-10-20,Latin America,Gold,634.78,0.1
CUST-007592,2026-04-24,Europe,Silver,405.48,0.18
CUST-007593,2025-09-29,Europe,Silver,733.19,0.18
CUST-007594,2024-12-08,Latin America,Bronze,100.14,0.28
CUST-007595,2024-11-05,North America,Bronze,105.61,0.28
CUST-007596,2025-10-23,Middle East & Africa,Silver,539.8,0.18
CUST-007597,2025-06-11,Asia Pacific,Gold,731.33,0.1
CUST-007598,2025-06-23,Europe,Bronze,164.18,0.28
CUST-007599,2025-02-22,Europe,Bronze,179.16,0.28
CUST-007600,2025-03-19,Middle East & Africa,Bronze,119.75,0.28
CUST-007601,2025-11-15,North America,Bronze,111.13,0.28
CUST-007602,2025-07-11,North America,Silver,256.12,0.18
CUST-007603,2026-04-19,North America,Platinum,2550.62,0.05
CUST-007604,2024-08-23,North America,Gold,1505.96,0.1
CUST-007605,2025-03-14,Europe,Gold,1678.04,0.1
CUST-007606,2024-08-01,Middle East & Africa,Silver,461.61,0.18
CUST-007607,2024-03-25,Latin America,Silver,351.94,0.18
CUST-007608,2026-03-04,North America,Platinum,3604.15,0.05
CUST-007609,2026-01-13,Europe,Bronze,108.13,0.28
CUST-007610,2024-03-25,Asia Pacific,Gold,1289.12,0.1
CUST-007611,2025-05-03,North America,Gold,1617.8,0.1
CUST-007612,2024-03-05,Asia Pacific,Bronze,124.52,0.28
CUST-007613,2025-10-07,Latin America,Silver,326.36,0.18
CUST-007614,2025-10-24,Latin America,Bronze,123.41,0.28
CUST-007615,2025-09-18,Europe,Bronze,231.75,0.28
CUST-007616,2024-03-04,Europe,Bronze,458.14,0.28
CUST-007617,2024-12-08,North America,Gold,1555.43,0.1
CUST-007618,2026-05-24,Europe,Gold,1165.39,0.1
CUST-007619,2024-12-17,Europe,Bronze,101.62,0.28
CUST-007620,2024-06-06,Latin America,Bronze,99.13,0.28
CUST-007621,2025-08-11,Latin America,Silver,533.95,0.18
CUST-007622,2025-05-05,Middle East & Africa,Bronze,109.81,0.28
CUST-007623,2025-10-19,Latin America,Silver,677.39,0.18
CUST-007624,2026-05-04,North America,Silver,353.51,0.18
CUST-007625,2025-04-07,Europe,Silver,795.1,0.18
CUST-007626,2024-08-12,North America,Bronze,127.35,0.28
CUST-007627,2024-11-08,North America,Silver,708.13,0.18
CUST-007628,2025-09-06,Europe,Bronze,196.34,0.28
CUST-007629,2026-05-08,Asia Pacific,Bronze,210.48,0.28
CUST-007630,2026-03-23,Asia Pacific,Bronze,145.94,0.28
CUST-007631,2025-04-10,North America,Bronze,115.0,0.28
CUST-007632,2024-03-28,North America,Gold,1797.01,0.1
CUST-007633,2024-10-29,North America,Silver,921.96,0.18
CUST-007634,2025-11-10,North America,Silver,301.36,0.18
CUST-007635,2025-03-10,North America,Silver,544.28,0.18
CUST-007636,2025-11-12,Asia Pacific,Bronze,181.15,0.28
CUST-007637,2024-05-14,Asia Pacific,Bronze,160.29,0.28
CUST-007638,2024-02-19,Europe,Gold,2127.13,0.1
CUST-007639,2025-03-07,Asia Pacific,Bronze,109.99,0.28
CUST-007640,2024-12-05,North America,Silver,698.26,0.18
CUST-007641,2024-12-12,Middle East & Africa,Bronze,134.25,0.28
CUST-007642,2025-10-07,North America,Gold,471.3,0.1
CUST-007643,2024-12-12,Asia Pacific,Gold,669.88,0.1
CUST-007644,2025-10-10,Latin America,Bronze,152.16,0.28
CUST-007645,2024-09-01,Latin America,Silver,733.1,0.18
CUST-007646,2024-04-18,North America,Bronze,231.17,0.28
CUST-007647,2026-04-04,Asia Pacific,Silver,469.37,0.18
CUST-007648,2026-03-09,North America,Bronze,94.87,0.28
CUST-007649,2025-06-16,North America,Bronze,92.54,0.28
CUST-007650,2024-03-30,North America,Bronze,177.48,0.28
CUST-007651,2024-10-22,Latin America,Platinum,3441.31,0.05
CUST-007652,2024-04-21,Latin America,Gold,1769.52,0.1
CUST-007653,2026-03-23,North America,Bronze,131.34,0.28
CUST-007654,2025-08-11,Europe,Silver,330.45,0.18
CUST-007655,2024-06-25,Middle East & Africa,Bronze,134.2,0.28
CUST-007656,2024-12-08,Europe,Bronze,149.22,0.28
CUST-007657,2025-10-21,Europe,Gold,532.18,0.1
CUST-007658,2024-04-10,Europe,Bronze,181.24,0.28
CUST-007659,2026-01-27,Asia Pacific,Silver,476.43,0.18
CUST-007660,2025-09-20,Europe,Bronze,219.08,0.28
CUST-007661,2025-08-26,Asia Pacific,Bronze,204.92,0.28
CUST-007662,2025-02-04,Europe,Silver,694.06,0.18
CUST-007663,2024-01-28,North America,Platinum,6855.44,0.05
CUST-007664,2025-06-20,North America,Gold,1268.89,0.1
CUST-007665,2024-02-27,North America,Bronze,62.05,0.28
CUST-007666,2025-05-12,Europe,Gold,1693.54,0.1
CUST-007667,2024-10-23,North America,Platinum,5654.32,0.05
CUST-007668,2024-05-13,Asia Pacific,Bronze,136.96,0.28
CUST-007669,2024-11-26,Europe,Bronze,66.95,0.28
CUST-007670,2024-09-05,Asia Pacific,Bronze,227.37,0.28
CUST-007671,2025-07-03,Middle East & Africa,Bronze,148.84,0.28
CUST-007672,2024-03-15,Asia Pacific,Silver,263.86,0.18
CUST-007673,2025-10-15,Middle East & Africa,Bronze,134.78,0.28
CUST-007674,2026-04-13,Europe,Bronze,149.71,0.28
CUST-007675,2024-06-16,North America,Bronze,134.76,0.28
CUST-007676,2026-02-09,Latin America,Silver,367.62,0.18
CUST-007677,2025-05-17,Latin America,Silver,658.54,0.18
CUST-007678,2024-12-20,Latin America,Silver,772.56,0.18
CUST-007679,2024-08-12,Asia Pacific,Bronze,324.86,0.28
CUST-007680,2025-10-25,Europe,Silver,301.19,0.18
CUST-007681,2025-06-14,North America,Bronze,252.38,0.28
CUST-007682,2024-05-25,Asia Pacific,Platinum,3777.73,0.05
CUST-007683,2024-08-28,North America,Bronze,174.33,0.28
CUST-007684,2024-12-09,North America,Bronze,243.81,0.28
CUST-007685,2026-01-18,Europe,Bronze,147.04,0.28
CUST-007686,2024-02-04,Europe,Bronze,139.44,0.28
CUST-007687,2025-12-02,North America,Bronze,113.66,0.28
CUST-007688,2024-01-01,Asia Pacific,Silver,282.19,0.18
CUST-007689,2024-06-01,Latin America,Gold,931.79,0.1
CUST-007690,2025-03-04,Asia Pacific,Bronze,160.63,0.28
CUST-007691,2025-05-22,Europe,Silver,441.04,0.18
CUST-007692,2024-05-05,Middle East & Africa,Silver,386.45,0.18
CUST-007693,2025-05-05,North America,Bronze,130.42,0.28
CUST-007694,2025-04-26,Asia Pacific,Bronze,228.42,0.28
CUST-007695,2024-12-10,North America,Bronze,160.92,0.28
CUST-007696,2026-01-07,Europe,Gold,806.52,0.1
CUST-007697,2024-08-08,Europe,Gold,1228.12,0.1
CUST-007698,2025-12-23,Asia Pacific,Bronze,191.92,0.28
CUST-007699,2024-01-25,North America,Bronze,219.91,0.28
CUST-007700,2025-06-11,North America,Gold,1503.77,0.1
CUST-007701,2024-06-30,Europe,Silver,631.86,0.18
CUST-007702,2025-05-13,Europe,Gold,1469.24,0.1
CUST-007703,2026-04-20,Europe,Bronze,67.21,0.28
CUST-007704,2025-10-02,North America,Platinum,3282.65,0.05
CUST-007705,2024-02-11,Europe,Gold,1157.45,0.1
CUST-007706,2025-04-25,North America,Bronze,339.13,0.28
CUST-007707,2026-04-27,North America,Silver,609.72,0.18
CUST-007708,2026-01-17,Europe,Bronze,133.52,0.28
CUST-007709,2026-05-21,Asia Pacific,Bronze,110.12,0.28
CUST-007710,2025-03-14,North America,Silver,392.14,0.18
CUST-007711,2025-02-05,North America,Bronze,108.56,0.28
CUST-007712,2025-06-29,Europe,Silver,1076.19,0.18
CUST-007713,2024-12-10,North America,Bronze,149.09,0.28
CUST-007714,2024-02-14,Europe,Silver,625.89,0.18
CUST-007715,2025-10-07,Europe,Bronze,184.34,0.28
CUST-007716,2024-01-21,North America,Gold,1560.89,0.1
CUST-007717,2025-09-25,North America,Bronze,105.46,0.28
CUST-007718,2024-03-10,Latin America,Bronze,256.09,0.28
CUST-007719,2026-05-13,Asia Pacific,Silver,434.38,0.18
CUST-007720,2026-05-22,Asia Pacific,Bronze,273.36,0.28
CUST-007721,2024-02-17,Europe,Bronze,177.84,0.28
CUST-007722,2025-05-05,Asia Pacific,Bronze,302.54,0.28
CUST-007723,2025-07-04,Latin America,Platinum,4449.94,0.05
CUST-007724,2024-10-13,Asia Pacific,Bronze,139.27,0.28
CUST-007725,2024-01-10,North America,Gold,2105.54,0.1
CUST-007726,2025-06-25,Europe,Silver,475.6,0.18
CUST-007727,2026-01-25,Europe,Bronze,186.02,0.28
CUST-007728,2024-09-30,Europe,Silver,466.36,0.18
CUST-007729,2025-08-22,Europe,Gold,966.52,0.1
CUST-007730,2026-01-25,Latin America,Silver,422.2,0.18
CUST-007731,2025-01-15,Asia Pacific,Gold,1595.17,0.1
CUST-007732,2024-11-24,North America,Bronze,221.3,0.28
CUST-007733,2025-04-23,North America,Silver,200.62,0.18
CUST-007734,2024-01-15,Europe,Bronze,170.5,0.28
CUST-007735,2025-05-30,North America,Bronze,145.4,0.28
CUST-007736,2024-07-09,North America,Silver,260.13,0.18
CUST-007737,2024-06-16,Europe,Silver,634.13,0.18
CUST-007738,2025-06-04,Europe,Bronze,308.98,0.28
CUST-007739,2025-09-12,Middle East & Africa,Bronze,271.32,0.28
CUST-007740,2024-05-16,North America,Silver,176.96,0.18
CUST-007741,2024-06-02,North America,Silver,512.38,0.18
CUST-007742,2025-01-22,North America,Bronze,115.67,0.28
CUST-007743,2024-07-27,Europe,Bronze,125.38,0.28
CUST-007744,2024-09-28,North America,Gold,1084.86,0.1
CUST-007745,2024-05-22,Europe,Gold,493.25,0.1
CUST-007746,2025-09-02,North America,Bronze,65.85,0.28
CUST-007747,2026-03-30,Europe,Bronze,155.2,0.28
CUST-007748,2024-03-09,Asia Pacific,Bronze,165.62,0.28
CUST-007749,2024-09-03,North America,Gold,1109.79,0.1
CUST-007750,2024-09-17,Europe,Gold,728.21,0.1
CUST-007751,2026-02-26,Europe,Bronze,127.61,0.28
CUST-007752,2024-03-19,Asia Pacific,Gold,2139.34,0.1
CUST-007753,2025-10-19,Europe,Bronze,129.74,0.28
CUST-007754,2025-09-14,Europe,Bronze,122.67,0.28
CUST-007755,2026-02-08,Asia Pacific,Gold,1968.1,0.1
CUST-007756,2025-08-27,Europe,Gold,1100.78,0.1
CUST-007757,2025-06-08,Europe,Gold,1575.38,0.1
CUST-007758,2026-02-10,North America,Silver,541.09,0.18
CUST-007759,2025-09-12,Asia Pacific,Bronze,104.98,0.28
CUST-007760,2024-11-25,Latin America,Gold,807.38,0.1
CUST-007761,2024-07-07,Middle East & Africa,Silver,262.46,0.18
CUST-007762,2024-04-04,Latin America,Bronze,100.16,0.28
CUST-007763,2025-09-08,Asia Pacific,Silver,626.43,0.18
CUST-007764,2024-01-08,Europe,Gold,863.81,0.1
CUST-007765,2024-03-07,Asia Pacific,Gold,1135.6,0.1
CUST-007766,2025-05-10,Europe,Silver,402.05,0.18
CUST-007767,2024-07-09,Europe,Silver,523.79,0.18
CUST-007768,2024-12-31,North America,Bronze,86.9,0.28
CUST-007769,2026-02-06,North America,Silver,698.17,0.18
CUST-007770,2025-06-04,Asia Pacific,Silver,799.29,0.18
CUST-007771,2024-04-26,Europe,Bronze,148.5,0.28
CUST-007772,2024-09-23,North America,Gold,489.91,0.1
CUST-007773,2025-09-02,North America,Gold,851.02,0.1
CUST-007774,2025-04-29,Latin America,Bronze,170.21,0.28
CUST-007775,2025-05-23,Asia Pacific,Gold,1392.61,0.1
CUST-007776,2024-10-24,Europe,Silver,405.91,0.18
CUST-007777,2024-06-12,Europe,Silver,698.89,0.18
CUST-007778,2025-01-10,Europe,Gold,952.97,0.1
CUST-007779,2025-10-14,North America,Bronze,222.36,0.28
CUST-007780,2024-09-24,Europe,Gold,1200.48,0.1
CUST-007781,2025-07-02,Asia Pacific,Bronze,119.61,0.28
CUST-007782,2024-03-14,Europe,Gold,1607.93,0.1
CUST-007783,2025-05-22,Europe,Silver,442.16,0.18
CUST-007784,2024-03-13,North America,Bronze,213.92,0.28
CUST-007785,2024-11-03,Europe,Bronze,479.71,0.28
CUST-007786,2024-07-17,North America,Bronze,103.24,0.28
CUST-007787,2024-05-09,Europe,Bronze,213.35,0.28
CUST-007788,2026-01-27,Europe,Bronze,193.6,0.28
CUST-007789,2026-04-03,Asia Pacific,Gold,2445.0,0.1
CUST-007790,2025-07-25,Europe,Gold,1729.76,0.1
CUST-007791,2026-03-01,North America,Gold,2251.27,0.1
CUST-007792,2025-09-06,Europe,Gold,809.62,0.1
CUST-007793,2026-03-18,Asia Pacific,Gold,720.43,0.1
CUST-007794,2026-04-11,North America,Bronze,102.96,0.28
CUST-007795,2025-05-01,Europe,Gold,1127.03,0.1
CUST-007796,2026-05-02,Latin America,Gold,2086.16,0.1
CUST-007797,2024-05-30,North America,Bronze,285.13,0.28
CUST-007798,2025-10-30,Europe,Silver,388.9,0.18
CUST-007799,2024-07-24,Asia Pacific,Silver,430.25,0.18
CUST-007800,2024-06-27,Europe,Gold,750.91,0.1
CUST-007801,2024-07-15,Asia Pacific,Silver,463.29,0.18
CUST-007802,2026-01-04,North America,Platinum,3233.22,0.05
CUST-007803,2024-03-29,North America,Bronze,138.73,0.28
CUST-007804,2026-03-09,Asia Pacific,Bronze,240.55,0.28
CUST-007805,2025-03-09,Asia Pacific,Platinum,4115.2,0.05
CUST-007806,2026-02-26,Latin America,Bronze,88.91,0.28
CUST-007807,2026-01-17,North America,Bronze,54.08,0.28
CUST-007808,2024-07-01,Europe,Silver,561.18,0.18
CUST-007809,2024-07-27,North America,Gold,1316.89,0.1
CUST-007810,2025-05-07,North America,Bronze,174.46,0.28
CUST-007811,2024-05-09,Europe,Bronze,164.62,0.28
CUST-007812,2025-10-26,Europe,Silver,284.7,0.18
CUST-007813,2024-01-13,North America,Silver,417.11,0.18
CUST-007814,2025-09-25,North America,Bronze,132.74,0.28
CUST-007815,2026-05-20,Europe,Gold,1161.62,0.1
CUST-007816,2026-01-01,Middle East & Africa,Silver,639.44,0.18
CUST-007817,2024-04-15,Asia Pacific,Gold,952.53,0.1
CUST-007818,2025-01-09,North America,Bronze,94.47,0.28
CUST-007819,2025-08-04,Latin America,Silver,769.1,0.18
CUST-007820,2025-12-07,Europe,Platinum,2613.42,0.05
CUST-007821,2025-11-28,Latin America,Silver,713.53,0.18
CUST-007822,2024-04-08,North America,Bronze,354.68,0.28
CUST-007823,2025-08-16,Europe,Platinum,6395.55,0.05
CUST-007824,2025-08-09,Latin America,Silver,587.01,0.18
CUST-007825,2026-05-01,North America,Gold,1108.55,0.1
CUST-007826,2024-07-10,Latin America,Bronze,216.13,0.28
CUST-007827,2024-11-20,Asia Pacific,Silver,445.9,0.18
CUST-007828,2025-12-26,Middle East & Africa,Gold,2113.81,0.1
CUST-007829,2026-04-06,North America,Silver,580.95,0.18
CUST-007830,2025-04-11,North America,Bronze,174.51,0.28
CUST-007831,2025-01-01,North America,Bronze,152.98,0.28
CUST-007832,2024-11-13,Middle East & Africa,Bronze,123.1,0.28
CUST-007833,2024-05-23,North America,Bronze,149.86,0.28
CUST-007834,2025-01-18,Europe,Silver,505.92,0.18
CUST-007835,2024-08-03,Europe,Bronze,135.35,0.28
CUST-007836,2024-12-26,Europe,Bronze,168.99,0.28
CUST-007837,2024-11-19,North America,Bronze,222.49,0.28
CUST-007838,2024-01-15,Europe,Silver,502.84,0.18
CUST-007839,2024-08-04,Asia Pacific,Silver,363.39,0.18
CUST-007840,2025-05-06,North America,Silver,149.45,0.18
CUST-007841,2025-06-30,Latin America,Gold,1949.99,0.1
CUST-007842,2024-07-01,Asia Pacific,Bronze,143.51,0.28
CUST-007843,2024-09-26,Europe,Silver,487.57,0.18
CUST-007844,2025-04-11,Europe,Bronze,186.54,0.28
CUST-007845,2026-05-19,North America,Bronze,186.56,0.28
CUST-007846,2025-09-03,Europe,Silver,609.33,0.18
CUST-007847,2025-06-02,Asia Pacific,Gold,1796.53,0.1
CUST-007848,2025-06-25,North America,Bronze,202.93,0.28
CUST-007849,2025-04-11,Europe,Bronze,43.11,0.28
CUST-007850,2024-10-31,North America,Silver,526.6,0.18
CUST-007851,2024-05-23,Asia Pacific,Silver,498.32,0.18
CUST-007852,2024-04-20,Europe,Bronze,135.57,0.28
CUST-007853,2024-08-19,Europe,Silver,545.15,0.18
CUST-007854,2025-11-21,North America,Platinum,3528.47,0.05
CUST-007855,2025-08-06,Middle East & Africa,Bronze,119.52,0.28
CUST-007856,2025-12-22,North America,Bronze,246.0,0.28
CUST-007857,2026-01-01,Europe,Bronze,172.39,0.28
CUST-007858,2025-08-14,Europe,Silver,482.15,0.18
CUST-007859,2025-05-14,Asia Pacific,Bronze,65.18,0.28
CUST-007860,2025-08-17,North America,Platinum,8200.67,0.05
CUST-007861,2025-07-07,Asia Pacific,Silver,213.47,0.18
CUST-007862,2024-09-29,Europe,Bronze,184.99,0.28
CUST-007863,2025-12-03,Europe,Bronze,199.5,0.28
CUST-007864,2024-06-21,Asia Pacific,Silver,868.71,0.18
CUST-007865,2024-01-07,Asia Pacific,Bronze,102.1,0.28
CUST-007866,2024-06-03,Asia Pacific,Gold,868.33,0.1
CUST-007867,2025-06-05,Latin America,Bronze,206.6,0.28
CUST-007868,2025-06-29,North America,Bronze,194.61,0.28
CUST-007869,2025-07-01,Latin America,Silver,888.88,0.18
CUST-007870,2025-06-01,North America,Bronze,231.74,0.28
CUST-007871,2024-08-02,Asia Pacific,Silver,393.03,0.18
CUST-007872,2024-05-13,Europe,Bronze,143.48,0.28
CUST-007873,2024-10-11,Europe,Silver,554.72,0.18
CUST-007874,2024-05-05,North America,Silver,244.17,0.18
CUST-007875,2025-03-14,Europe,Silver,563.23,0.18
CUST-007876,2026-04-28,North America,Silver,579.76,0.18
CUST-007877,2025-11-16,Europe,Bronze,108.49,0.28
CUST-007878,2024-05-31,North America,Silver,413.25,0.18
CUST-007879,2024-11-26,Europe,Bronze,67.89,0.28
CUST-007880,2025-06-21,North America,Silver,652.5,0.18
CUST-007881,2025-01-17,North America,Platinum,4136.89,0.05
CUST-007882,2024-04-24,North America,Bronze,88.94,0.28
CUST-007883,2025-04-26,Europe,Silver,294.48,0.18
CUST-007884,2024-10-10,Asia Pacific,Bronze,126.06,0.28
CUST-007885,2024-03-15,Latin America,Silver,632.05,0.18
CUST-007886,2024-06-14,North America,Gold,1468.34,0.1
CUST-007887,2024-07-07,Europe,Bronze,107.96,0.28
CUST-007888,2024-03-18,Asia Pacific,Gold,946.5,0.1
CUST-007889,2025-08-24,Europe,Bronze,153.19,0.28
CUST-007890,2025-11-18,Asia Pacific,Silver,326.68,0.18
CUST-007891,2024-01-21,North America,Silver,365.43,0.18
CUST-007892,2025-07-19,Europe,Bronze,197.83,0.28
CUST-007893,2024-07-02,Europe,Gold,734.62,0.1
CUST-007894,2026-05-20,North America,Bronze,141.7,0.28
CUST-007895,2024-08-09,Europe,Gold,1100.34,0.1
CUST-007896,2026-04-06,Europe,Silver,442.35,0.18
CUST-007897,2024-11-23,North America,Silver,500.16,0.18
CUST-007898,2024-06-27,Europe,Gold,1534.43,0.1
CUST-007899,2026-02-26,Asia Pacific,Bronze,205.27,0.28
CUST-007900,2024-04-21,Asia Pacific,Bronze,130.72,0.28
CUST-007901,2026-01-05,Europe,Gold,1129.47,0.1
CUST-007902,2025-12-26,Europe,Bronze,172.61,0.28
CUST-007903,2024-02-28,Europe,Silver,483.62,0.18
CUST-007904,2024-11-22,Europe,Gold,1507.73,0.1
CUST-007905,2025-09-12,North America,Silver,538.68,0.18
CUST-007906,2025-10-30,Europe,Bronze,107.89,0.28
CUST-007907,2024-07-09,Europe,Bronze,317.48,0.28
CUST-007908,2024-07-18,Europe,Bronze,150.22,0.28
CUST-007909,2024-11-07,Latin America,Bronze,198.45,0.28
CUST-007910,2025-12-08,Asia Pacific,Bronze,191.5,0.28
CUST-007911,2024-02-04,North America,Gold,1337.89,0.1
CUST-007912,2025-01-13,North America,Bronze,166.6,0.28
CUST-007913,2025-01-21,North America,Platinum,5071.8,0.05
CUST-007914,2026-01-27,Asia Pacific,Gold,1104.07,0.1
CUST-007915,2024-08-24,Asia Pacific,Gold,1636.5,0.1
CUST-007916,2025-09-07,Middle East & Africa,Bronze,183.39,0.28
CUST-007917,2025-06-02,Europe,Silver,720.23,0.18
CUST-007918,2024-10-09,Asia Pacific,Bronze,122.99,0.28
CUST-007919,2024-01-01,Europe,Bronze,155.14,0.28
CUST-007920,2025-12-31,Latin America,Silver,319.62,0.18
CUST-007921,2025-04-08,Asia Pacific,Gold,1870.55,0.1
CUST-007922,2024-08-17,Europe,Bronze,111.6,0.28
CUST-007923,2024-06-20,Europe,Bronze,171.31,0.28
CUST-007924,2024-03-27,Asia Pacific,Bronze,125.11,0.28
CUST-007925,2025-07-06,Europe,Gold,1894.2,0.1
CUST-007926,2024-05-02,North America,Platinum,3419.01,0.05
CUST-007927,2026-04-22,North America,Bronze,194.63,0.28
CUST-007928,2024-10-24,Europe,Bronze,97.23,0.28
CUST-007929,2025-11-20,Europe,Gold,932.24,0.1
CUST-007930,2025-07-28,North America,Bronze,191.23,0.28
CUST-007931,2025-04-28,North America,Silver,754.18,0.18
CUST-007932,2024-06-13,North America,Bronze,185.13,0.28
CUST-007933,2025-11-29,Europe,Bronze,389.1,0.28
CUST-007934,2025-01-17,North America,Silver,617.6,0.18
CUST-007935,2024-07-27,North America,Gold,1207.71,0.1
CUST-007936,2026-01-08,North America,Bronze,131.93,0.28
CUST-007937,2025-03-07,North America,Bronze,310.28,0.28
CUST-007938,2025-01-23,Asia Pacific,Bronze,207.19,0.28
CUST-007939,2025-07-13,North America,Silver,366.16,0.18
CUST-007940,2024-08-11,Asia Pacific,Gold,921.98,0.1
CUST-007941,2024-01-03,Europe,Gold,920.19,0.1
CUST-007942,2025-01-06,Middle East & Africa,Bronze,184.04,0.28
CUST-007943,2025-11-17,North America,Gold,653.81,0.1
CUST-007944,2025-03-21,North America,Bronze,122.27,0.28
CUST-007945,2025-09-02,North America,Bronze,168.96,0.28
CUST-007946,2024-04-25,North America,Gold,1213.33,0.1
CUST-007947,2024-09-26,Asia Pacific,Bronze,125.04,0.28
CUST-007948,2025-03-22,North America,Bronze,198.06,0.28
CUST-007949,2025-01-02,North America,Bronze,197.65,0.28
CUST-007950,2024-09-09,Latin America,Silver,412.68,0.18
CUST-007951,2024-11-12,Europe,Silver,363.83,0.18
CUST-007952,2025-02-18,North America,Bronze,211.97,0.28
CUST-007953,2024-04-04,North America,Gold,1126.18,0.1
CUST-007954,2026-02-23,North America,Gold,1206.76,0.1
CUST-007955,2024-01-24,Latin America,Gold,1641.25,0.1
CUST-007956,2025-09-19,Asia Pacific,Silver,289.81,0.18
CUST-007957,2025-10-24,Asia Pacific,Bronze,121.92,0.28
CUST-007958,2026-04-29,Latin America,Bronze,135.13,0.28
CUST-007959,2024-02-19,Europe,Silver,964.98,0.18
CUST-007960,2025-05-16,North America,Gold,727.08,0.1
CUST-007961,2025-12-18,Europe,Platinum,3556.14,0.05
CUST-007962,2025-05-12,Asia Pacific,Bronze,105.21,0.28
CUST-007963,2024-11-30,Latin America,Bronze,377.78,0.28
CUST-007964,2024-03-19,Europe,Bronze,166.89,0.28
CUST-007965,2025-08-04,Europe,Bronze,102.45,0.28
CUST-007966,2024-01-27,Latin America,Silver,232.96,0.18
CUST-007967,2024-09-27,North America,Platinum,4470.8,0.05
CUST-007968,2025-07-15,Latin America,Silver,486.14,0.18
CUST-007969,2026-03-14,North America,Silver,580.3,0.18
CUST-007970,2024-09-03,Europe,Silver,300.85,0.18
CUST-007971,2026-02-14,North America,Bronze,316.7,0.28
CUST-007972,2025-08-13,Europe,Gold,1239.96,0.1
CUST-007973,2025-01-21,Europe,Silver,533.26,0.18
CUST-007974,2025-12-02,Europe,Bronze,192.52,0.28
CUST-007975,2025-07-12,Latin America,Silver,468.87,0.18
CUST-007976,2024-12-26,Asia Pacific,Silver,758.6,0.18
CUST-007977,2026-05-15,Asia Pacific,Bronze,121.35,0.28
CUST-007978,2025-05-02,North America,Bronze,225.78,0.28
CUST-007979,2024-12-17,Latin America,Bronze,255.67,0.28
CUST-007980,2025-12-01,North America,Bronze,227.08,0.28
CUST-007981,2024-09-12,North America,Bronze,266.23,0.28
CUST-007982,2024-08-09,North America,Silver,336.0,0.18
CUST-007983,2026-01-22,Europe,Silver,548.89,0.18
CUST-007984,2026-02-19,Latin America,Silver,531.77,0.18
CUST-007985,2024-01-01,North America,Platinum,3606.45,0.05
CUST-007986,2025-06-29,Europe,Silver,578.26,0.18
CUST-007987,2025-03-21,Asia Pacific,Silver,729.28,0.18
CUST-007988,2024-03-19,Europe,Gold,898.86,0.1
CUST-007989,2024-08-23,Asia Pacific,Silver,277.66,0.18
CUST-007990,2024-11-29,North America,Bronze,138.19,0.28
CUST-007991,2024-12-14,Asia Pacific,Bronze,55.53,0.28
CUST-007992,2024-04-07,North America,Silver,437.68,0.18
CUST-007993,2024-03-22,Middle East & Africa,Silver,797.2,0.18
CUST-007994,2025-05-16,Europe,Platinum,1980.56,0.05
CUST-007995,2025-04-21,Asia Pacific,Silver,380.76,0.18
CUST-007996,2025-12-04,North America,Gold,761.58,0.1
CUST-007997,2026-02-03,North America,Bronze,175.8,0.28
CUST-007998,2025-07-03,North America,Silver,580.55,0.18
CUST-007999,2024-01-14,Europe,Gold,1210.33,0.1
CUST-008000,2025-01-26,North America,Bronze,114.06,0.28
