feedback_date,theme,theme_count,total_feedback,theme_share,theme_label
2024-01-01,app_performance,25,132,0.1893939393939394,App Performance
2024-01-02,app_performance,20,132,0.15151515151515152,App Performance
2024-01-03,app_performance,22,146,0.1506849315068493,App Performance
2024-01-04,app_performance,29,154,0.18831168831168832,App Performance
2024-01-05,app_performance,20,134,0.14925373134328357,App Performance
2024-01-06,app_performance,18,142,0.1267605633802817,App Performance
2024-01-07,app_performance,25,148,0.16891891891891891,App Performance
2024-01-08,app_performance,15,140,0.10714285714285714,App Performance
2024-01-09,app_performance,28,152,0.18421052631578946,App Performance
2024-01-10,app_performance,15,134,0.11194029850746269,App Performance
2024-01-11,app_performance,19,145,0.1310344827586207,App Performance
2024-01-12,app_performance,18,104,0.17307692307692307,App Performance
2024-01-13,app_performance,33,140,0.2357142857142857,App Performance
2024-01-14,app_performance,25,142,0.176056338028169,App Performance
2024-01-15,app_performance,27,130,0.2076923076923077,App Performance
2024-01-16,app_performance,17,113,0.1504424778761062,App Performance
2024-01-17,app_performance,19,130,0.14615384615384616,App Performance
2024-01-18,app_performance,14,145,0.09655172413793103,App Performance
2024-01-19,app_performance,26,133,0.19548872180451127,App Performance
2024-01-20,app_performance,24,137,0.17518248175182483,App Performance
2024-01-21,app_performance,15,144,0.10416666666666667,App Performance
2024-01-22,app_performance,19,147,0.1292517006802721,App Performance
2024-01-23,app_performance,25,153,0.16339869281045752,App Performance
2024-01-24,app_performance,25,132,0.1893939393939394,App Performance
2024-01-25,app_performance,28,147,0.19047619047619047,App Performance
2024-01-26,app_performance,22,133,0.16541353383458646,App Performance
2024-01-27,app_performance,20,146,0.136986301369863,App Performance
2024-01-28,app_performance,18,138,0.13043478260869565,App Performance
2024-01-29,app_performance,18,127,0.14173228346456693,App Performance
2024-01-30,app_performance,20,131,0.15267175572519084,App Performance
2024-01-31,app_performance,22,123,0.17886178861788618,App Performance
2024-02-01,app_performance,22,140,0.15714285714285714,App Performance
2024-02-02,app_performance,17,116,0.14655172413793102,App Performance
2024-02-03,app_performance,18,113,0.1592920353982301,App Performance
2024-02-04,app_performance,17,138,0.12318840579710146,App Performance
2024-02-05,app_performance,22,135,0.16296296296296298,App Performance
2024-02-06,app_performance,21,124,0.1693548387096774,App Performance
2024-02-07,app_performance,26,131,0.1984732824427481,App Performance
2024-02-08,app_performance,14,110,0.12727272727272726,App Performance
2024-02-09,app_performance,24,125,0.192,App Performance
2024-02-10,app_performance,15,138,0.10869565217391304,App Performance
2024-02-11,app_performance,18,125,0.144,App Performance
2024-02-12,app_performance,18,151,0.11920529801324503,App Performance
2024-02-13,app_performance,15,119,0.12605042016806722,App Performance
2024-02-14,app_performance,24,158,0.1518987341772152,App Performance
2024-02-15,app_performance,14,126,0.1111111111111111,App Performance
2024-02-16,app_performance,17,120,0.14166666666666666,App Performance
2024-02-17,app_performance,18,126,0.14285714285714285,App Performance
2024-02-18,app_performance,18,130,0.13846153846153847,App Performance
2024-02-19,app_performance,21,140,0.15,App Performance
2024-02-20,app_performance,20,133,0.15037593984962405,App Performance
2024-02-21,app_performance,22,141,0.15602836879432624,App Performance
2024-02-22,app_performance,17,138,0.12318840579710146,App Performance
2024-02-23,app_performance,20,139,0.14388489208633093,App Performance
2024-02-24,app_performance,20,128,0.15625,App Performance
2024-02-25,app_performance,18,126,0.14285714285714285,App Performance
2024-02-26,app_performance,17,119,0.14285714285714285,App Performance
2024-02-27,app_performance,16,125,0.128,App Performance
2024-02-28,app_performance,21,126,0.16666666666666666,App Performance
2024-02-29,app_performance,9,126,0.07142857142857142,App Performance
2024-03-01,app_performance,20,121,0.1652892561983471,App Performance
2024-03-02,app_performance,20,141,0.14184397163120568,App Performance
2024-03-03,app_performance,21,136,0.15441176470588236,App Performance
2024-03-04,app_performance,19,128,0.1484375,App Performance
2024-03-05,app_performance,14,109,0.12844036697247707,App Performance
2024-03-06,app_performance,20,111,0.18018018018018017,App Performance
2024-03-07,app_performance,19,129,0.14728682170542637,App Performance
2024-03-08,app_performance,18,113,0.1592920353982301,App Performance
2024-03-09,app_performance,17,127,0.13385826771653545,App Performance
2024-03-10,app_performance,16,128,0.125,App Performance
2024-03-11,app_performance,21,133,0.15789473684210525,App Performance
2024-03-12,app_performance,18,109,0.1651376146788991,App Performance
2024-03-13,app_performance,14,134,0.1044776119402985,App Performance
2024-03-14,app_performance,18,122,0.14754098360655737,App Performance
2024-03-15,app_performance,24,152,0.15789473684210525,App Performance
2024-03-16,app_performance,14,139,0.10071942446043165,App Performance
2024-03-17,app_performance,19,135,0.14074074074074075,App Performance
2024-03-18,app_performance,21,143,0.14685314685314685,App Performance
2024-03-19,app_performance,21,140,0.15,App Performance
2024-03-20,app_performance,18,122,0.14754098360655737,App Performance
2024-03-21,app_performance,21,126,0.16666666666666666,App Performance
2024-03-22,app_performance,15,123,0.12195121951219512,App Performance
2024-03-23,app_performance,14,124,0.11290322580645161,App Performance
2024-03-24,app_performance,24,158,0.1518987341772152,App Performance
2024-03-25,app_performance,32,156,0.20512820512820512,App Performance
2024-03-26,app_performance,16,131,0.12213740458015267,App Performance
2024-03-27,app_performance,32,134,0.23880597014925373,App Performance
2024-03-28,app_performance,17,130,0.13076923076923078,App Performance
2024-03-29,app_performance,18,151,0.11920529801324503,App Performance
2024-03-30,app_performance,18,121,0.1487603305785124,App Performance
2024-03-31,app_performance,23,133,0.17293233082706766,App Performance
2024-04-01,app_performance,23,136,0.16911764705882354,App Performance
2024-04-02,app_performance,21,124,0.1693548387096774,App Performance
2024-04-03,app_performance,13,117,0.1111111111111111,App Performance
2024-04-04,app_performance,20,132,0.15151515151515152,App Performance
2024-04-05,app_performance,20,135,0.14814814814814814,App Performance
2024-04-06,app_performance,22,132,0.16666666666666666,App Performance
2024-04-07,app_performance,22,124,0.1774193548387097,App Performance
2024-04-08,app_performance,25,139,0.17985611510791366,App Performance
2024-04-09,app_performance,16,130,0.12307692307692308,App Performance
2024-04-10,app_performance,23,152,0.1513157894736842,App Performance
2024-04-11,app_performance,21,108,0.19444444444444445,App Performance
2024-04-12,app_performance,22,133,0.16541353383458646,App Performance
2024-04-13,app_performance,13,123,0.10569105691056911,App Performance
2024-04-14,app_performance,18,143,0.1258741258741259,App Performance
2024-04-15,app_performance,26,130,0.2,App Performance
2024-04-16,app_performance,27,127,0.2125984251968504,App Performance
2024-04-17,app_performance,14,121,0.11570247933884298,App Performance
2024-04-18,app_performance,21,155,0.13548387096774195,App Performance
2024-04-19,app_performance,18,137,0.13138686131386862,App Performance
2024-04-20,app_performance,28,147,0.19047619047619047,App Performance
2024-04-21,app_performance,19,137,0.1386861313868613,App Performance
2024-04-22,app_performance,22,130,0.16923076923076924,App Performance
2024-04-23,app_performance,19,119,0.15966386554621848,App Performance
2024-04-24,app_performance,12,121,0.09917355371900827,App Performance
2024-04-25,app_performance,19,124,0.1532258064516129,App Performance
2024-04-26,app_performance,18,138,0.13043478260869565,App Performance
2024-04-27,app_performance,23,118,0.19491525423728814,App Performance
2024-04-28,app_performance,23,127,0.18110236220472442,App Performance
2024-04-29,app_performance,27,131,0.20610687022900764,App Performance
2024-04-30,app_performance,21,137,0.15328467153284672,App Performance
2024-05-01,app_performance,24,136,0.17647058823529413,App Performance
2024-05-02,app_performance,12,101,0.1188118811881188,App Performance
2024-05-03,app_performance,30,138,0.21739130434782608,App Performance
2024-05-04,app_performance,16,135,0.11851851851851852,App Performance
2024-05-05,app_performance,21,116,0.1810344827586207,App Performance
2024-05-06,app_performance,20,140,0.14285714285714285,App Performance
2024-05-07,app_performance,18,124,0.14516129032258066,App Performance
2024-05-08,app_performance,29,141,0.20567375886524822,App Performance
2024-05-09,app_performance,16,125,0.128,App Performance
2024-05-10,app_performance,20,133,0.15037593984962405,App Performance
2024-05-11,app_performance,23,137,0.1678832116788321,App Performance
2024-05-12,app_performance,29,133,0.21804511278195488,App Performance
2024-05-13,app_performance,15,151,0.09933774834437085,App Performance
2024-05-14,app_performance,15,119,0.12605042016806722,App Performance
2024-05-15,app_performance,16,114,0.14035087719298245,App Performance
2024-05-16,app_performance,23,129,0.17829457364341086,App Performance
2024-05-17,app_performance,18,117,0.15384615384615385,App Performance
2024-05-18,app_performance,16,130,0.12307692307692308,App Performance
2024-05-19,app_performance,13,123,0.10569105691056911,App Performance
2024-05-20,app_performance,18,141,0.1276595744680851,App Performance
2024-05-21,app_performance,15,130,0.11538461538461539,App Performance
2024-05-22,app_performance,18,140,0.12857142857142856,App Performance
2024-05-23,app_performance,17,134,0.12686567164179105,App Performance
2024-05-24,app_performance,21,132,0.1590909090909091,App Performance
2024-05-25,app_performance,24,125,0.192,App Performance
2024-05-26,app_performance,25,148,0.16891891891891891,App Performance
2024-05-27,app_performance,19,108,0.17592592592592593,App Performance
2024-05-28,app_performance,26,125,0.208,App Performance
2024-05-29,app_performance,17,122,0.13934426229508196,App Performance
2024-05-30,app_performance,15,133,0.11278195488721804,App Performance
2024-05-31,app_performance,20,121,0.1652892561983471,App Performance
2024-06-01,app_performance,20,128,0.15625,App Performance
2024-06-02,app_performance,14,122,0.11475409836065574,App Performance
2024-06-03,app_performance,22,130,0.16923076923076924,App Performance
2024-06-04,app_performance,26,133,0.19548872180451127,App Performance
2024-06-05,app_performance,20,125,0.16,App Performance
2024-06-06,app_performance,24,145,0.16551724137931034,App Performance
2024-06-07,app_performance,19,126,0.15079365079365079,App Performance
2024-06-08,app_performance,25,136,0.18382352941176472,App Performance
2024-06-09,app_performance,14,120,0.11666666666666667,App Performance
2024-06-10,app_performance,13,107,0.12149532710280374,App Performance
2024-06-11,app_performance,25,143,0.17482517482517482,App Performance
2024-06-12,app_performance,28,128,0.21875,App Performance
2024-06-13,app_performance,19,136,0.13970588235294118,App Performance
2024-06-14,app_performance,22,125,0.176,App Performance
2024-06-15,app_performance,25,133,0.18796992481203006,App Performance
2024-06-16,app_performance,24,155,0.15483870967741936,App Performance
2024-06-17,app_performance,17,129,0.13178294573643412,App Performance
2024-06-18,app_performance,20,133,0.15037593984962405,App Performance
2024-06-19,app_performance,19,120,0.15833333333333333,App Performance
2024-06-20,app_performance,20,119,0.16806722689075632,App Performance
2024-06-21,app_performance,23,129,0.17829457364341086,App Performance
2024-06-22,app_performance,27,146,0.18493150684931506,App Performance
2024-06-23,app_performance,18,146,0.1232876712328767,App Performance
2024-06-24,app_performance,22,144,0.1527777777777778,App Performance
2024-06-25,app_performance,26,162,0.16049382716049382,App Performance
2024-06-26,app_performance,20,129,0.15503875968992248,App Performance
2024-06-27,app_performance,24,148,0.16216216216216217,App Performance
2024-06-28,app_performance,13,106,0.12264150943396226,App Performance
2024-06-29,app_performance,22,124,0.1774193548387097,App Performance
2024-06-30,app_performance,22,156,0.14102564102564102,App Performance
2024-07-01,app_performance,13,126,0.10317460317460317,App Performance
2024-07-02,app_performance,20,122,0.16393442622950818,App Performance
2024-07-03,app_performance,15,124,0.12096774193548387,App Performance
2024-07-04,app_performance,20,146,0.136986301369863,App Performance
2024-07-05,app_performance,30,154,0.19480519480519481,App Performance
2024-07-06,app_performance,19,128,0.1484375,App Performance
2024-07-07,app_performance,23,125,0.184,App Performance
2024-07-08,app_performance,14,130,0.1076923076923077,App Performance
2024-07-09,app_performance,34,153,0.2222222222222222,App Performance
2024-07-10,app_performance,22,141,0.15602836879432624,App Performance
2024-07-11,app_performance,23,132,0.17424242424242425,App Performance
2024-07-12,app_performance,19,137,0.1386861313868613,App Performance
2024-07-13,app_performance,15,130,0.11538461538461539,App Performance
2024-07-14,app_performance,19,130,0.14615384615384616,App Performance
2024-07-15,app_performance,17,115,0.14782608695652175,App Performance
2024-07-16,app_performance,32,149,0.21476510067114093,App Performance
2024-07-17,app_performance,30,125,0.24,App Performance
2024-07-18,app_performance,24,120,0.2,App Performance
2024-07-19,app_performance,21,129,0.16279069767441862,App Performance
2024-07-20,app_performance,25,143,0.17482517482517482,App Performance
2024-07-21,app_performance,21,145,0.14482758620689656,App Performance
2024-07-22,app_performance,23,148,0.1554054054054054,App Performance
2024-07-23,app_performance,17,145,0.11724137931034483,App Performance
2024-07-24,app_performance,25,115,0.21739130434782608,App Performance
2024-07-25,app_performance,33,147,0.22448979591836735,App Performance
2024-07-26,app_performance,25,139,0.17985611510791366,App Performance
2024-07-27,app_performance,11,123,0.08943089430894309,App Performance
2024-07-28,app_performance,22,123,0.17886178861788618,App Performance
2024-07-29,app_performance,15,126,0.11904761904761904,App Performance
2024-07-30,app_performance,19,138,0.13768115942028986,App Performance
2024-07-31,app_performance,13,120,0.10833333333333334,App Performance
2024-08-01,app_performance,18,124,0.14516129032258066,App Performance
2024-08-02,app_performance,24,134,0.1791044776119403,App Performance
2024-08-03,app_performance,13,131,0.09923664122137404,App Performance
2024-08-04,app_performance,20,119,0.16806722689075632,App Performance
2024-08-05,app_performance,26,115,0.22608695652173913,App Performance
2024-08-06,app_performance,21,139,0.1510791366906475,App Performance
2024-08-07,app_performance,20,123,0.16260162601626016,App Performance
2024-08-08,app_performance,24,134,0.1791044776119403,App Performance
2024-08-09,app_performance,14,119,0.11764705882352941,App Performance
2024-08-10,app_performance,19,127,0.14960629921259844,App Performance
2024-08-11,app_performance,16,140,0.11428571428571428,App Performance
2024-08-12,app_performance,17,142,0.11971830985915492,App Performance
2024-08-13,app_performance,14,133,0.10526315789473684,App Performance
2024-08-14,app_performance,20,145,0.13793103448275862,App Performance
2024-08-15,app_performance,20,121,0.1652892561983471,App Performance
2024-08-16,app_performance,20,93,0.21505376344086022,App Performance
2024-08-17,app_performance,24,134,0.1791044776119403,App Performance
2024-08-18,app_performance,20,145,0.13793103448275862,App Performance
2024-08-19,app_performance,21,132,0.1590909090909091,App Performance
2024-08-20,app_performance,26,151,0.17218543046357615,App Performance
2024-08-21,app_performance,20,135,0.14814814814814814,App Performance
2024-08-22,app_performance,13,107,0.12149532710280374,App Performance
2024-08-23,app_performance,17,116,0.14655172413793102,App Performance
2024-08-24,app_performance,19,145,0.1310344827586207,App Performance
2024-08-25,app_performance,26,124,0.20967741935483872,App Performance
2024-08-26,app_performance,26,134,0.19402985074626866,App Performance
2024-08-27,app_performance,11,123,0.08943089430894309,App Performance
2024-08-28,app_performance,22,133,0.16541353383458646,App Performance
2024-08-29,app_performance,21,148,0.14189189189189189,App Performance
2024-08-30,app_performance,16,141,0.11347517730496454,App Performance
2024-08-31,app_performance,25,143,0.17482517482517482,App Performance
2024-09-01,app_performance,26,117,0.2222222222222222,App Performance
2024-09-02,app_performance,31,130,0.23846153846153847,App Performance
2024-09-03,app_performance,25,149,0.16778523489932887,App Performance
2024-09-04,app_performance,21,141,0.14893617021276595,App Performance
2024-09-05,app_performance,21,129,0.16279069767441862,App Performance
2024-09-06,app_performance,17,137,0.12408759124087591,App Performance
2024-09-07,app_performance,35,143,0.24475524475524477,App Performance
2024-09-08,app_performance,20,140,0.14285714285714285,App Performance
2024-09-09,app_performance,19,133,0.14285714285714285,App Performance
2024-09-10,app_performance,24,131,0.183206106870229,App Performance
2024-09-11,app_performance,18,123,0.14634146341463414,App Performance
2024-09-12,app_performance,21,128,0.1640625,App Performance
2024-09-13,app_performance,17,133,0.12781954887218044,App Performance
2024-09-14,app_performance,30,141,0.2127659574468085,App Performance
2024-09-15,app_performance,27,122,0.22131147540983606,App Performance
2024-09-16,app_performance,20,136,0.14705882352941177,App Performance
2024-09-17,app_performance,21,136,0.15441176470588236,App Performance
2024-09-18,app_performance,14,128,0.109375,App Performance
2024-09-19,app_performance,19,122,0.1557377049180328,App Performance
2024-09-20,app_performance,22,154,0.14285714285714285,App Performance
2024-09-21,app_performance,21,149,0.14093959731543623,App Performance
2024-09-22,app_performance,14,121,0.11570247933884298,App Performance
2024-09-23,app_performance,22,142,0.15492957746478872,App Performance
2024-09-24,app_performance,22,119,0.18487394957983194,App Performance
2024-09-25,app_performance,23,144,0.1597222222222222,App Performance
2024-09-26,app_performance,22,120,0.18333333333333332,App Performance
2024-09-27,app_performance,17,111,0.15315315315315314,App Performance
2024-09-28,app_performance,16,135,0.11851851851851852,App Performance
2024-09-29,app_performance,27,156,0.17307692307692307,App Performance
2024-09-30,app_performance,10,116,0.08620689655172414,App Performance
2024-10-01,app_performance,21,133,0.15789473684210525,App Performance
2024-10-02,app_performance,16,114,0.14035087719298245,App Performance
2024-10-03,app_performance,22,110,0.2,App Performance
2024-10-04,app_performance,21,134,0.15671641791044777,App Performance
2024-10-05,app_performance,23,143,0.16083916083916083,App Performance
2024-10-06,app_performance,24,142,0.16901408450704225,App Performance
2024-10-07,app_performance,21,124,0.1693548387096774,App Performance
2024-10-08,app_performance,10,122,0.08196721311475409,App Performance
2024-10-09,app_performance,25,129,0.1937984496124031,App Performance
2024-10-10,app_performance,26,130,0.2,App Performance
2024-10-11,app_performance,28,141,0.19858156028368795,App Performance
2024-10-12,app_performance,26,119,0.2184873949579832,App Performance
2024-10-13,app_performance,29,145,0.2,App Performance
2024-10-14,app_performance,23,130,0.17692307692307693,App Performance
2024-10-15,app_performance,15,120,0.125,App Performance
2024-10-16,app_performance,19,112,0.16964285714285715,App Performance
2024-10-17,app_performance,20,133,0.15037593984962405,App Performance
2024-10-18,app_performance,28,112,0.25,App Performance
2024-10-19,app_performance,26,134,0.19402985074626866,App Performance
2024-10-20,app_performance,27,128,0.2109375,App Performance
2024-10-21,app_performance,26,127,0.2047244094488189,App Performance
2024-10-22,app_performance,26,136,0.19117647058823528,App Performance
2024-10-23,app_performance,23,143,0.16083916083916083,App Performance
2024-10-24,app_performance,27,118,0.2288135593220339,App Performance
2024-10-25,app_performance,11,148,0.07432432432432433,App Performance
2024-10-26,app_performance,27,133,0.20300751879699247,App Performance
2024-10-27,app_performance,14,124,0.11290322580645161,App Performance
2024-10-28,app_performance,28,133,0.21052631578947367,App Performance
2024-10-29,app_performance,25,128,0.1953125,App Performance
2024-10-30,app_performance,11,115,0.09565217391304348,App Performance
2024-10-31,app_performance,18,127,0.14173228346456693,App Performance
2024-11-01,app_performance,26,136,0.19117647058823528,App Performance
2024-11-02,app_performance,15,132,0.11363636363636363,App Performance
2024-11-03,app_performance,21,117,0.1794871794871795,App Performance
2024-11-04,app_performance,35,179,0.19553072625698323,App Performance
2024-11-05,app_performance,22,140,0.15714285714285714,App Performance
2024-11-06,app_performance,22,146,0.1506849315068493,App Performance
2024-11-07,app_performance,22,124,0.1774193548387097,App Performance
2024-11-08,app_performance,34,150,0.22666666666666666,App Performance
2024-11-09,app_performance,19,141,0.1347517730496454,App Performance
2024-11-10,app_performance,16,127,0.12598425196850394,App Performance
2024-11-11,app_performance,25,120,0.20833333333333334,App Performance
2024-11-12,app_performance,18,126,0.14285714285714285,App Performance
2024-11-13,app_performance,19,139,0.1366906474820144,App Performance
2024-11-14,app_performance,14,126,0.1111111111111111,App Performance
2024-11-15,app_performance,18,109,0.1651376146788991,App Performance
2024-11-16,app_performance,25,139,0.17985611510791366,App Performance
2024-11-17,app_performance,18,120,0.15,App Performance
2024-11-18,app_performance,16,138,0.11594202898550725,App Performance
2024-11-19,app_performance,22,135,0.16296296296296298,App Performance
2024-11-20,app_performance,14,118,0.11864406779661017,App Performance
2024-11-21,app_performance,22,133,0.16541353383458646,App Performance
2024-11-22,app_performance,23,142,0.1619718309859155,App Performance
2024-11-23,app_performance,23,134,0.17164179104477612,App Performance
2024-11-24,app_performance,15,134,0.11194029850746269,App Performance
2024-11-25,app_performance,18,111,0.16216216216216217,App Performance
2024-11-26,app_performance,26,143,0.18181818181818182,App Performance
2024-11-27,app_performance,19,136,0.13970588235294118,App Performance
2024-11-28,app_performance,17,134,0.12686567164179105,App Performance
2024-11-29,app_performance,25,131,0.19083969465648856,App Performance
2024-11-30,app_performance,18,140,0.12857142857142856,App Performance
2024-12-01,app_performance,19,138,0.13768115942028986,App Performance
2024-12-02,app_performance,20,124,0.16129032258064516,App Performance
2024-12-03,app_performance,20,134,0.14925373134328357,App Performance
2024-12-04,app_performance,22,130,0.16923076923076924,App Performance
2024-12-05,app_performance,27,135,0.2,App Performance
2024-12-06,app_performance,20,140,0.14285714285714285,App Performance
2024-12-07,app_performance,13,141,0.09219858156028368,App Performance
2024-12-08,app_performance,17,138,0.12318840579710146,App Performance
2024-12-09,app_performance,21,145,0.14482758620689656,App Performance
2024-12-10,app_performance,24,141,0.1702127659574468,App Performance
2024-12-11,app_performance,27,137,0.19708029197080293,App Performance
2024-12-12,app_performance,15,142,0.1056338028169014,App Performance
2024-12-13,app_performance,12,140,0.08571428571428572,App Performance
2024-12-14,app_performance,19,124,0.1532258064516129,App Performance
2024-12-15,app_performance,13,128,0.1015625,App Performance
2024-12-16,app_performance,26,132,0.19696969696969696,App Performance
2024-12-17,app_performance,13,115,0.11304347826086956,App Performance
2024-12-18,app_performance,17,122,0.13934426229508196,App Performance
2024-12-19,app_performance,23,120,0.19166666666666668,App Performance
2024-12-20,app_performance,23,132,0.17424242424242425,App Performance
2024-12-21,app_performance,21,107,0.19626168224299065,App Performance
2024-12-22,app_performance,20,143,0.13986013986013987,App Performance
2024-12-23,app_performance,20,129,0.15503875968992248,App Performance
2024-12-24,app_performance,19,103,0.18446601941747573,App Performance
2024-12-25,app_performance,15,117,0.1282051282051282,App Performance
2024-12-26,app_performance,19,131,0.1450381679389313,App Performance
2024-12-27,app_performance,16,136,0.11764705882352941,App Performance
2024-12-28,app_performance,19,134,0.1417910447761194,App Performance
2024-12-29,app_performance,22,135,0.16296296296296298,App Performance
2024-12-30,app_performance,22,149,0.1476510067114094,App Performance
2024-12-31,app_performance,17,129,0.13178294573643412,App Performance
2025-01-01,app_performance,21,118,0.17796610169491525,App Performance
2025-01-02,app_performance,22,134,0.16417910447761194,App Performance
2025-01-03,app_performance,21,137,0.15328467153284672,App Performance
2025-01-04,app_performance,27,119,0.226890756302521,App Performance
2025-01-05,app_performance,33,148,0.22297297297297297,App Performance
2025-01-06,app_performance,28,156,0.1794871794871795,App Performance
2025-01-07,app_performance,21,126,0.16666666666666666,App Performance
2025-01-08,app_performance,25,150,0.16666666666666666,App Performance
2025-01-09,app_performance,20,131,0.15267175572519084,App Performance
2025-01-10,app_performance,28,128,0.21875,App Performance
2025-01-11,app_performance,23,148,0.1554054054054054,App Performance
2025-01-12,app_performance,35,136,0.25735294117647056,App Performance
2025-01-13,app_performance,24,123,0.1951219512195122,App Performance
2025-01-14,app_performance,18,135,0.13333333333333333,App Performance
2025-01-15,app_performance,13,139,0.09352517985611511,App Performance
2025-01-16,app_performance,25,148,0.16891891891891891,App Performance
2025-01-17,app_performance,26,156,0.16666666666666666,App Performance
2025-01-18,app_performance,13,120,0.10833333333333334,App Performance
2025-01-19,app_performance,15,120,0.125,App Performance
2025-01-20,app_performance,26,132,0.19696969696969696,App Performance
2025-01-21,app_performance,25,130,0.19230769230769232,App Performance
2025-01-22,app_performance,14,152,0.09210526315789473,App Performance
2025-01-23,app_performance,21,139,0.1510791366906475,App Performance
2025-01-24,app_performance,16,126,0.12698412698412698,App Performance
2025-01-25,app_performance,21,143,0.14685314685314685,App Performance
2025-01-26,app_performance,27,148,0.18243243243243243,App Performance
2025-01-27,app_performance,16,113,0.1415929203539823,App Performance
2025-01-28,app_performance,18,156,0.11538461538461539,App Performance
2025-01-29,app_performance,27,137,0.19708029197080293,App Performance
2025-01-30,app_performance,15,136,0.11029411764705882,App Performance
2025-01-31,app_performance,14,136,0.10294117647058823,App Performance
2025-02-01,app_performance,14,132,0.10606060606060606,App Performance
2025-02-02,app_performance,14,138,0.10144927536231885,App Performance
2025-02-03,app_performance,12,138,0.08695652173913043,App Performance
2025-02-04,app_performance,15,132,0.11363636363636363,App Performance
2025-02-05,app_performance,20,139,0.14388489208633093,App Performance
2025-02-06,app_performance,28,143,0.1958041958041958,App Performance
2025-02-07,app_performance,29,149,0.19463087248322147,App Performance
2025-02-08,app_performance,21,128,0.1640625,App Performance
2025-02-09,app_performance,26,139,0.18705035971223022,App Performance
2025-02-10,app_performance,25,138,0.18115942028985507,App Performance
2025-02-11,app_performance,17,129,0.13178294573643412,App Performance
2025-02-12,app_performance,27,140,0.19285714285714287,App Performance
2025-02-13,app_performance,24,148,0.16216216216216217,App Performance
2025-02-14,app_performance,11,116,0.09482758620689655,App Performance
2025-02-15,app_performance,22,128,0.171875,App Performance
2025-02-16,app_performance,17,143,0.11888111888111888,App Performance
2025-02-17,app_performance,20,136,0.14705882352941177,App Performance
2025-02-18,app_performance,28,145,0.19310344827586207,App Performance
2025-02-19,app_performance,18,117,0.15384615384615385,App Performance
2025-02-20,app_performance,22,143,0.15384615384615385,App Performance
2025-02-21,app_performance,18,139,0.12949640287769784,App Performance
2025-02-22,app_performance,20,114,0.17543859649122806,App Performance
2025-02-23,app_performance,12,123,0.0975609756097561,App Performance
2025-02-24,app_performance,22,135,0.16296296296296298,App Performance
2025-02-25,app_performance,24,139,0.17266187050359713,App Performance
2025-02-26,app_performance,24,127,0.1889763779527559,App Performance
2025-02-27,app_performance,24,120,0.2,App Performance
2025-02-28,app_performance,16,130,0.12307692307692308,App Performance
2025-03-01,app_performance,26,137,0.1897810218978102,App Performance
2025-03-02,app_performance,28,141,0.19858156028368795,App Performance
2025-03-03,app_performance,23,128,0.1796875,App Performance
2025-03-04,app_performance,13,142,0.09154929577464789,App Performance
2025-03-05,app_performance,17,137,0.12408759124087591,App Performance
2025-03-06,app_performance,19,143,0.13286713286713286,App Performance
2025-03-07,app_performance,19,123,0.15447154471544716,App Performance
2025-03-08,app_performance,25,128,0.1953125,App Performance
2025-03-09,app_performance,15,135,0.1111111111111111,App Performance
2025-03-10,app_performance,28,127,0.2204724409448819,App Performance
2025-03-11,app_performance,22,138,0.15942028985507245,App Performance
2025-03-12,app_performance,15,133,0.11278195488721804,App Performance
2025-03-13,app_performance,17,121,0.14049586776859505,App Performance
2025-03-14,app_performance,18,140,0.12857142857142856,App Performance
2025-03-15,app_performance,12,131,0.0916030534351145,App Performance
2025-03-16,app_performance,29,134,0.21641791044776118,App Performance
2025-03-17,app_performance,29,135,0.21481481481481482,App Performance
2025-03-18,app_performance,16,99,0.16161616161616163,App Performance
2025-03-19,app_performance,16,121,0.1322314049586777,App Performance
2025-03-20,app_performance,34,120,0.2833333333333333,App Performance
2025-03-21,app_performance,22,138,0.15942028985507245,App Performance
2025-03-22,app_performance,18,142,0.1267605633802817,App Performance
2025-03-23,app_performance,23,121,0.19008264462809918,App Performance
2025-03-24,app_performance,20,146,0.136986301369863,App Performance
2025-03-25,app_performance,22,119,0.18487394957983194,App Performance
2025-03-26,app_performance,30,137,0.21897810218978103,App Performance
2025-03-27,app_performance,26,131,0.1984732824427481,App Performance
2025-03-28,app_performance,21,125,0.168,App Performance
2025-03-29,app_performance,21,125,0.168,App Performance
2025-03-30,app_performance,20,137,0.145985401459854,App Performance
2025-03-31,app_performance,20,150,0.13333333333333333,App Performance
2025-04-01,app_performance,23,152,0.1513157894736842,App Performance
2025-04-02,app_performance,20,145,0.13793103448275862,App Performance
2025-04-03,app_performance,18,138,0.13043478260869565,App Performance
2025-04-04,app_performance,11,116,0.09482758620689655,App Performance
2025-04-05,app_performance,23,148,0.1554054054054054,App Performance
2025-04-06,app_performance,24,139,0.17266187050359713,App Performance
2025-04-07,app_performance,24,119,0.20168067226890757,App Performance
2025-04-08,app_performance,29,127,0.2283464566929134,App Performance
2025-04-09,app_performance,15,124,0.12096774193548387,App Performance
2025-04-10,app_performance,20,147,0.1360544217687075,App Performance
2025-04-11,app_performance,21,150,0.14,App Performance
2025-04-12,app_performance,28,158,0.17721518987341772,App Performance
2025-04-13,app_performance,15,109,0.13761467889908258,App Performance
2025-04-14,app_performance,20,132,0.15151515151515152,App Performance
2025-04-15,app_performance,29,149,0.19463087248322147,App Performance
2025-04-16,app_performance,19,130,0.14615384615384616,App Performance
2025-04-17,app_performance,22,123,0.17886178861788618,App Performance
2025-04-18,app_performance,23,139,0.16546762589928057,App Performance
2025-04-19,app_performance,22,110,0.2,App Performance
2025-04-20,app_performance,15,128,0.1171875,App Performance
2025-04-21,app_performance,19,132,0.14393939393939395,App Performance
2025-04-22,app_performance,19,137,0.1386861313868613,App Performance
2025-04-23,app_performance,23,130,0.17692307692307693,App Performance
2025-04-24,app_performance,19,145,0.1310344827586207,App Performance
2025-04-25,app_performance,19,121,0.15702479338842976,App Performance
2025-04-26,app_performance,17,129,0.13178294573643412,App Performance
2025-04-27,app_performance,18,127,0.14173228346456693,App Performance
2025-04-28,app_performance,21,118,0.17796610169491525,App Performance
2025-04-29,app_performance,15,122,0.12295081967213115,App Performance
2025-04-30,app_performance,19,125,0.152,App Performance
2025-05-01,app_performance,23,149,0.15436241610738255,App Performance
2025-05-02,app_performance,21,122,0.1721311475409836,App Performance
2025-05-03,app_performance,18,129,0.13953488372093023,App Performance
2025-05-04,app_performance,19,139,0.1366906474820144,App Performance
2025-05-05,app_performance,18,126,0.14285714285714285,App Performance
2025-05-06,app_performance,25,150,0.16666666666666666,App Performance
2025-05-07,app_performance,24,130,0.18461538461538463,App Performance
2025-05-08,app_performance,19,118,0.16101694915254236,App Performance
2025-05-09,app_performance,19,142,0.13380281690140844,App Performance
2025-05-10,app_performance,12,124,0.0967741935483871,App Performance
2025-05-11,app_performance,17,132,0.12878787878787878,App Performance
2025-05-12,app_performance,25,138,0.18115942028985507,App Performance
2025-05-13,app_performance,19,129,0.14728682170542637,App Performance
2025-05-14,app_performance,14,119,0.11764705882352941,App Performance
2025-05-15,app_performance,16,124,0.12903225806451613,App Performance
2025-05-16,app_performance,21,139,0.1510791366906475,App Performance
2025-05-17,app_performance,18,124,0.14516129032258066,App Performance
2025-05-18,app_performance,16,121,0.1322314049586777,App Performance
2025-05-19,app_performance,16,114,0.14035087719298245,App Performance
2025-05-20,app_performance,21,130,0.16153846153846155,App Performance
2025-05-21,app_performance,13,108,0.12037037037037036,App Performance
2025-05-22,app_performance,22,156,0.14102564102564102,App Performance
2025-05-23,app_performance,24,148,0.16216216216216217,App Performance
2025-05-24,app_performance,20,137,0.145985401459854,App Performance
2025-05-25,app_performance,19,141,0.1347517730496454,App Performance
2025-05-26,app_performance,16,119,0.13445378151260504,App Performance
2025-05-27,app_performance,19,160,0.11875,App Performance
2025-05-28,app_performance,21,147,0.14285714285714285,App Performance
2025-05-29,app_performance,13,116,0.11206896551724138,App Performance
2025-05-30,app_performance,23,133,0.17293233082706766,App Performance
2025-05-31,app_performance,21,140,0.15,App Performance
2025-06-01,app_performance,20,132,0.15151515151515152,App Performance
2025-06-02,app_performance,17,118,0.1440677966101695,App Performance
2025-06-03,app_performance,19,121,0.15702479338842976,App Performance
2025-06-04,app_performance,24,141,0.1702127659574468,App Performance
2025-06-05,app_performance,16,116,0.13793103448275862,App Performance
2025-06-06,app_performance,16,140,0.11428571428571428,App Performance
2025-06-07,app_performance,22,138,0.15942028985507245,App Performance
2025-06-08,app_performance,23,142,0.1619718309859155,App Performance
2025-06-09,app_performance,23,126,0.18253968253968253,App Performance
2025-06-10,app_performance,23,152,0.1513157894736842,App Performance
2025-06-11,app_performance,19,133,0.14285714285714285,App Performance
2025-06-12,app_performance,26,137,0.1897810218978102,App Performance
2025-06-13,app_performance,25,137,0.18248175182481752,App Performance
2025-06-14,app_performance,25,113,0.22123893805309736,App Performance
2025-06-15,app_performance,14,104,0.1346153846153846,App Performance
2025-06-16,app_performance,13,132,0.09848484848484848,App Performance
2025-06-17,app_performance,25,117,0.21367521367521367,App Performance
2025-06-18,app_performance,24,136,0.17647058823529413,App Performance
2025-06-19,app_performance,18,130,0.13846153846153847,App Performance
2025-06-20,app_performance,18,137,0.13138686131386862,App Performance
2025-06-21,app_performance,26,146,0.1780821917808219,App Performance
2025-06-22,app_performance,24,134,0.1791044776119403,App Performance
2025-06-23,app_performance,18,116,0.15517241379310345,App Performance
2025-06-24,app_performance,24,134,0.1791044776119403,App Performance
2025-06-25,app_performance,14,118,0.11864406779661017,App Performance
2025-06-26,app_performance,27,119,0.226890756302521,App Performance
2025-06-27,app_performance,26,143,0.18181818181818182,App Performance
2025-06-28,app_performance,23,132,0.17424242424242425,App Performance
2025-06-29,app_performance,30,140,0.21428571428571427,App Performance
2025-06-30,app_performance,18,133,0.13533834586466165,App Performance
2025-07-01,app_performance,20,118,0.1694915254237288,App Performance
2025-07-02,app_performance,9,128,0.0703125,App Performance
2025-07-03,app_performance,16,124,0.12903225806451613,App Performance
2025-07-04,app_performance,17,124,0.13709677419354838,App Performance
2025-07-05,app_performance,22,126,0.1746031746031746,App Performance
2025-07-06,app_performance,16,131,0.12213740458015267,App Performance
2025-07-07,app_performance,14,116,0.1206896551724138,App Performance
2025-07-08,app_performance,23,158,0.14556962025316456,App Performance
2025-07-09,app_performance,20,134,0.14925373134328357,App Performance
2025-07-10,app_performance,20,151,0.13245033112582782,App Performance
2025-07-11,app_performance,23,139,0.16546762589928057,App Performance
2025-07-12,app_performance,34,141,0.24113475177304963,App Performance
2025-07-13,app_performance,13,122,0.10655737704918032,App Performance
2025-07-14,app_performance,22,123,0.17886178861788618,App Performance
2025-07-15,app_performance,13,120,0.10833333333333334,App Performance
2025-07-16,app_performance,22,112,0.19642857142857142,App Performance
2025-07-17,app_performance,20,136,0.14705882352941177,App Performance
2025-07-18,app_performance,22,141,0.15602836879432624,App Performance
2025-07-19,app_performance,17,145,0.11724137931034483,App Performance
2025-07-20,app_performance,24,147,0.16326530612244897,App Performance
2025-07-21,app_performance,17,124,0.13709677419354838,App Performance
2025-07-22,app_performance,16,125,0.128,App Performance
2025-07-23,app_performance,16,129,0.12403100775193798,App Performance
2025-07-24,app_performance,27,154,0.17532467532467533,App Performance
2025-07-25,app_performance,21,126,0.16666666666666666,App Performance
2025-07-26,app_performance,16,146,0.1095890410958904,App Performance
2025-07-27,app_performance,20,144,0.1388888888888889,App Performance
2025-07-28,app_performance,25,148,0.16891891891891891,App Performance
2025-07-29,app_performance,20,101,0.19801980198019803,App Performance
2025-07-30,app_performance,17,133,0.12781954887218044,App Performance
2025-07-31,app_performance,22,133,0.16541353383458646,App Performance
2025-08-01,app_performance,29,143,0.20279720279720279,App Performance
2025-08-02,app_performance,18,151,0.11920529801324503,App Performance
2025-08-03,app_performance,17,130,0.13076923076923078,App Performance
2025-08-04,app_performance,24,143,0.16783216783216784,App Performance
2025-08-05,app_performance,28,122,0.22950819672131148,App Performance
2025-08-06,app_performance,19,143,0.13286713286713286,App Performance
2025-08-07,app_performance,19,116,0.16379310344827586,App Performance
2025-08-08,app_performance,19,124,0.1532258064516129,App Performance
2025-08-09,app_performance,22,125,0.176,App Performance
2025-08-10,app_performance,17,158,0.10759493670886076,App Performance
2025-08-11,app_performance,14,131,0.10687022900763359,App Performance
2025-08-12,app_performance,26,155,0.16774193548387098,App Performance
2025-08-13,app_performance,22,119,0.18487394957983194,App Performance
2025-08-14,app_performance,17,136,0.125,App Performance
2025-08-15,app_performance,23,142,0.1619718309859155,App Performance
2025-08-16,app_performance,21,117,0.1794871794871795,App Performance
2025-08-17,app_performance,26,138,0.18840579710144928,App Performance
2025-08-18,app_performance,23,117,0.19658119658119658,App Performance
2025-08-19,app_performance,18,129,0.13953488372093023,App Performance
2025-08-20,app_performance,18,146,0.1232876712328767,App Performance
2025-08-21,app_performance,17,145,0.11724137931034483,App Performance
2025-08-22,app_performance,24,146,0.1643835616438356,App Performance
2025-08-23,app_performance,20,122,0.16393442622950818,App Performance
2025-08-24,app_performance,17,129,0.13178294573643412,App Performance
2025-08-25,app_performance,20,129,0.15503875968992248,App Performance
2025-08-26,app_performance,18,124,0.14516129032258066,App Performance
2025-08-27,app_performance,18,126,0.14285714285714285,App Performance
2025-08-28,app_performance,17,123,0.13821138211382114,App Performance
2025-08-29,app_performance,14,121,0.11570247933884298,App Performance
2025-08-30,app_performance,19,127,0.14960629921259844,App Performance
2025-08-31,app_performance,13,124,0.10483870967741936,App Performance
2025-09-01,app_performance,18,132,0.13636363636363635,App Performance
2025-09-02,app_performance,17,132,0.12878787878787878,App Performance
2025-09-03,app_performance,23,136,0.16911764705882354,App Performance
2025-09-04,app_performance,17,133,0.12781954887218044,App Performance
2025-09-05,app_performance,13,113,0.11504424778761062,App Performance
2025-09-06,app_performance,28,122,0.22950819672131148,App Performance
2025-09-07,app_performance,16,141,0.11347517730496454,App Performance
2025-09-08,app_performance,25,141,0.1773049645390071,App Performance
2025-09-09,app_performance,21,152,0.13815789473684212,App Performance
2025-09-10,app_performance,19,127,0.14960629921259844,App Performance
2025-09-11,app_performance,23,129,0.17829457364341086,App Performance
2025-09-12,app_performance,25,129,0.1937984496124031,App Performance
2025-09-13,app_performance,11,115,0.09565217391304348,App Performance
2025-09-14,app_performance,21,119,0.17647058823529413,App Performance
2025-09-15,app_performance,21,132,0.1590909090909091,App Performance
2025-09-16,app_performance,21,133,0.15789473684210525,App Performance
2025-09-17,app_performance,19,137,0.1386861313868613,App Performance
2025-09-18,app_performance,24,135,0.17777777777777778,App Performance
2025-09-19,app_performance,15,138,0.10869565217391304,App Performance
2025-09-20,app_performance,33,142,0.2323943661971831,App Performance
2025-09-21,app_performance,16,118,0.13559322033898305,App Performance
2025-09-22,app_performance,15,117,0.1282051282051282,App Performance
2025-09-23,app_performance,20,125,0.16,App Performance
2025-09-24,app_performance,22,129,0.17054263565891473,App Performance
2025-09-25,app_performance,13,113,0.11504424778761062,App Performance
2025-09-26,app_performance,22,135,0.16296296296296298,App Performance
2025-09-27,app_performance,19,146,0.13013698630136986,App Performance
2025-09-28,app_performance,21,140,0.15,App Performance
2025-09-29,app_performance,17,122,0.13934426229508196,App Performance
2025-09-30,app_performance,22,134,0.16417910447761194,App Performance
2025-10-01,app_performance,18,135,0.13333333333333333,App Performance
2025-10-02,app_performance,21,114,0.18421052631578946,App Performance
2025-10-03,app_performance,17,125,0.136,App Performance
2025-10-04,app_performance,13,139,0.09352517985611511,App Performance
2025-10-05,app_performance,19,118,0.16101694915254236,App Performance
2025-10-06,app_performance,26,130,0.2,App Performance
2025-10-07,app_performance,20,130,0.15384615384615385,App Performance
2025-10-08,app_performance,24,129,0.18604651162790697,App Performance
2025-10-09,app_performance,20,141,0.14184397163120568,App Performance
2025-10-10,app_performance,24,127,0.1889763779527559,App Performance
2025-10-11,app_performance,33,142,0.2323943661971831,App Performance
2025-10-12,app_performance,13,116,0.11206896551724138,App Performance
2025-10-13,app_performance,23,121,0.19008264462809918,App Performance
2025-10-14,app_performance,20,123,0.16260162601626016,App Performance
2025-10-15,app_performance,12,137,0.08759124087591241,App Performance
2025-10-16,app_performance,16,143,0.11188811188811189,App Performance
2025-10-17,app_performance,21,107,0.19626168224299065,App Performance
2025-10-18,app_performance,19,143,0.13286713286713286,App Performance
2025-10-19,app_performance,16,114,0.14035087719298245,App Performance
2025-10-20,app_performance,11,110,0.1,App Performance
2025-10-21,app_performance,15,115,0.13043478260869565,App Performance
2025-10-22,app_performance,14,115,0.12173913043478261,App Performance
2025-10-23,app_performance,22,140,0.15714285714285714,App Performance
2025-10-24,app_performance,21,130,0.16153846153846155,App Performance
2025-10-25,app_performance,23,133,0.17293233082706766,App Performance
2025-10-26,app_performance,19,138,0.13768115942028986,App Performance
2025-10-27,app_performance,20,132,0.15151515151515152,App Performance
2025-10-28,app_performance,26,142,0.18309859154929578,App Performance
2025-10-29,app_performance,20,134,0.14925373134328357,App Performance
2025-10-30,app_performance,22,130,0.16923076923076924,App Performance
2025-10-31,app_performance,16,105,0.1523809523809524,App Performance
2025-11-01,app_performance,24,149,0.1610738255033557,App Performance
2025-11-02,app_performance,20,128,0.15625,App Performance
2025-11-03,app_performance,19,136,0.13970588235294118,App Performance
2025-11-04,app_performance,23,130,0.17692307692307693,App Performance
2025-11-05,app_performance,15,133,0.11278195488721804,App Performance
2025-11-06,app_performance,11,126,0.0873015873015873,App Performance
2025-11-07,app_performance,17,146,0.11643835616438356,App Performance
2025-11-08,app_performance,28,142,0.19718309859154928,App Performance
2025-11-09,app_performance,19,118,0.16101694915254236,App Performance
2025-11-10,app_performance,15,129,0.11627906976744186,App Performance
2025-11-11,app_performance,21,145,0.14482758620689656,App Performance
2025-11-12,app_performance,12,112,0.10714285714285714,App Performance
2025-11-13,app_performance,21,136,0.15441176470588236,App Performance
2025-11-14,app_performance,25,117,0.21367521367521367,App Performance
2025-11-15,app_performance,16,110,0.14545454545454545,App Performance
2025-11-16,app_performance,18,137,0.13138686131386862,App Performance
2025-11-17,app_performance,26,149,0.174496644295302,App Performance
2025-11-18,app_performance,25,134,0.1865671641791045,App Performance
2025-11-19,app_performance,24,123,0.1951219512195122,App Performance
2025-11-20,app_performance,26,143,0.18181818181818182,App Performance
2025-11-21,app_performance,20,120,0.16666666666666666,App Performance
2025-11-22,app_performance,18,130,0.13846153846153847,App Performance
2025-11-23,app_performance,15,129,0.11627906976744186,App Performance
2025-11-24,app_performance,24,121,0.19834710743801653,App Performance
2025-11-25,app_performance,12,119,0.10084033613445378,App Performance
2025-11-26,app_performance,18,119,0.15126050420168066,App Performance
2025-11-27,app_performance,29,140,0.20714285714285716,App Performance
2025-11-28,app_performance,21,129,0.16279069767441862,App Performance
2025-11-29,app_performance,20,151,0.13245033112582782,App Performance
2025-11-30,app_performance,9,129,0.06976744186046512,App Performance
2025-12-01,app_performance,31,168,0.18452380952380953,App Performance
2025-12-02,app_performance,13,119,0.1092436974789916,App Performance
2025-12-03,app_performance,22,133,0.16541353383458646,App Performance
2025-12-04,app_performance,23,139,0.16546762589928057,App Performance
2025-12-05,app_performance,23,113,0.20353982300884957,App Performance
2025-12-06,app_performance,19,134,0.1417910447761194,App Performance
2025-12-07,app_performance,25,124,0.20161290322580644,App Performance
2025-12-08,app_performance,19,153,0.12418300653594772,App Performance
2025-12-09,app_performance,19,134,0.1417910447761194,App Performance
2025-12-10,app_performance,16,147,0.10884353741496598,App Performance
2025-12-11,app_performance,22,132,0.16666666666666666,App Performance
2025-12-12,app_performance,22,131,0.16793893129770993,App Performance
2025-12-13,app_performance,20,137,0.145985401459854,App Performance
2025-12-14,app_performance,18,105,0.17142857142857143,App Performance
2025-12-15,app_performance,14,122,0.11475409836065574,App Performance
2025-12-16,app_performance,15,136,0.11029411764705882,App Performance
2025-12-17,app_performance,20,128,0.15625,App Performance
2025-12-18,app_performance,14,118,0.11864406779661017,App Performance
2025-12-19,app_performance,21,140,0.15,App Performance
2025-12-20,app_performance,23,145,0.15862068965517243,App Performance
2025-12-21,app_performance,13,121,0.10743801652892562,App Performance
2025-12-22,app_performance,19,138,0.13768115942028986,App Performance
2025-12-23,app_performance,28,137,0.20437956204379562,App Performance
2025-12-24,app_performance,22,123,0.17886178861788618,App Performance
2025-12-25,app_performance,20,123,0.16260162601626016,App Performance
2025-12-26,app_performance,21,135,0.15555555555555556,App Performance
2025-12-27,app_performance,9,119,0.07563025210084033,App Performance
2025-12-28,app_performance,21,151,0.1390728476821192,App Performance
2025-12-29,app_performance,16,130,0.12307692307692308,App Performance
2025-12-30,app_performance,16,115,0.1391304347826087,App Performance
2025-12-31,app_performance,30,134,0.22388059701492538,App Performance
2026-01-01,app_performance,21,140,0.15,App Performance
2026-01-02,app_performance,22,116,0.1896551724137931,App Performance
2026-01-03,app_performance,18,132,0.13636363636363635,App Performance
2026-01-04,app_performance,23,123,0.18699186991869918,App Performance
2026-01-05,app_performance,16,125,0.128,App Performance
2026-01-06,app_performance,19,137,0.1386861313868613,App Performance
2026-01-07,app_performance,22,123,0.17886178861788618,App Performance
2026-01-08,app_performance,20,111,0.18018018018018017,App Performance
2026-01-09,app_performance,25,127,0.1968503937007874,App Performance
2026-01-10,app_performance,33,143,0.23076923076923078,App Performance
2026-01-11,app_performance,19,118,0.16101694915254236,App Performance
2026-01-12,app_performance,20,145,0.13793103448275862,App Performance
2026-01-13,app_performance,18,138,0.13043478260869565,App Performance
2026-01-14,app_performance,17,127,0.13385826771653545,App Performance
2026-01-15,app_performance,17,135,0.1259259259259259,App Performance
2026-01-16,app_performance,20,120,0.16666666666666666,App Performance
2026-01-17,app_performance,21,120,0.175,App Performance
2026-01-18,app_performance,19,131,0.1450381679389313,App Performance
2026-01-19,app_performance,21,136,0.15441176470588236,App Performance
2026-01-20,app_performance,16,127,0.12598425196850394,App Performance
2026-01-21,app_performance,19,130,0.14615384615384616,App Performance
2026-01-22,app_performance,20,149,0.1342281879194631,App Performance
2026-01-23,app_performance,24,115,0.20869565217391303,App Performance
2026-01-24,app_performance,21,134,0.15671641791044777,App Performance
2026-01-25,app_performance,23,124,0.18548387096774194,App Performance
2026-01-26,app_performance,36,125,0.288,App Performance
2026-01-27,app_performance,22,139,0.15827338129496402,App Performance
2026-01-28,app_performance,18,121,0.1487603305785124,App Performance
2026-01-29,app_performance,17,132,0.12878787878787878,App Performance
2026-01-30,app_performance,27,140,0.19285714285714287,App Performance
2026-01-31,app_performance,17,114,0.14912280701754385,App Performance
2026-02-01,app_performance,10,115,0.08695652173913043,App Performance
2026-02-02,app_performance,19,147,0.1292517006802721,App Performance
2026-02-03,app_performance,19,153,0.12418300653594772,App Performance
2026-02-04,app_performance,26,136,0.19117647058823528,App Performance
2026-02-05,app_performance,21,133,0.15789473684210525,App Performance
2026-02-06,app_performance,25,126,0.1984126984126984,App Performance
2026-02-07,app_performance,26,143,0.18181818181818182,App Performance
2026-02-08,app_performance,22,140,0.15714285714285714,App Performance
2026-02-09,app_performance,19,137,0.1386861313868613,App Performance
2026-02-10,app_performance,16,134,0.11940298507462686,App Performance
2026-02-11,app_performance,29,121,0.2396694214876033,App Performance
2026-02-12,app_performance,20,130,0.15384615384615385,App Performance
2026-02-13,app_performance,24,131,0.183206106870229,App Performance
2026-02-14,app_performance,18,129,0.13953488372093023,App Performance
2026-02-15,app_performance,29,141,0.20567375886524822,App Performance
2026-02-16,app_performance,22,149,0.1476510067114094,App Performance
2026-02-17,app_performance,15,118,0.1271186440677966,App Performance
2026-02-18,app_performance,16,121,0.1322314049586777,App Performance
2026-02-19,app_performance,16,123,0.13008130081300814,App Performance
2026-02-20,app_performance,20,131,0.15267175572519084,App Performance
2026-02-21,app_performance,13,156,0.08333333333333333,App Performance
2026-02-22,app_performance,21,118,0.17796610169491525,App Performance
2026-02-23,app_performance,16,145,0.1103448275862069,App Performance
2026-02-24,app_performance,21,140,0.15,App Performance
2026-02-25,app_performance,11,114,0.09649122807017543,App Performance
2026-02-26,app_performance,17,140,0.12142857142857143,App Performance
2026-02-27,app_performance,18,138,0.13043478260869565,App Performance
2026-02-28,app_performance,18,113,0.1592920353982301,App Performance
2026-03-01,app_performance,26,137,0.1897810218978102,App Performance
2026-03-02,app_performance,17,131,0.1297709923664122,App Performance
2026-03-03,app_performance,30,164,0.18292682926829268,App Performance
2026-03-04,app_performance,16,144,0.1111111111111111,App Performance
2026-03-05,app_performance,21,147,0.14285714285714285,App Performance
2026-03-06,app_performance,22,131,0.16793893129770993,App Performance
2026-03-07,app_performance,15,133,0.11278195488721804,App Performance
2026-03-08,app_performance,29,128,0.2265625,App Performance
2026-03-09,app_performance,18,124,0.14516129032258066,App Performance
2026-03-10,app_performance,21,129,0.16279069767441862,App Performance
2026-03-11,app_performance,20,127,0.15748031496062992,App Performance
2026-03-12,app_performance,19,120,0.15833333333333333,App Performance
2026-03-13,app_performance,15,139,0.1079136690647482,App Performance
2026-03-14,app_performance,18,131,0.13740458015267176,App Performance
2026-03-15,app_performance,20,123,0.16260162601626016,App Performance
2026-03-16,app_performance,22,119,0.18487394957983194,App Performance
2026-03-17,app_performance,25,138,0.18115942028985507,App Performance
2026-03-18,app_performance,31,150,0.20666666666666667,App Performance
2026-03-19,app_performance,18,136,0.1323529411764706,App Performance
2026-03-20,app_performance,23,142,0.1619718309859155,App Performance
2026-03-21,app_performance,18,114,0.15789473684210525,App Performance
2026-03-22,app_performance,14,146,0.0958904109589041,App Performance
2026-03-23,app_performance,28,139,0.2014388489208633,App Performance
2026-03-24,app_performance,16,121,0.1322314049586777,App Performance
2026-03-25,app_performance,18,140,0.12857142857142856,App Performance
2026-03-26,app_performance,21,138,0.15217391304347827,App Performance
2026-03-27,app_performance,24,139,0.17266187050359713,App Performance
2026-03-28,app_performance,17,116,0.14655172413793102,App Performance
2026-03-29,app_performance,18,130,0.13846153846153847,App Performance
2026-03-30,app_performance,23,145,0.15862068965517243,App Performance
2026-03-31,app_performance,14,125,0.112,App Performance
2026-04-01,app_performance,11,126,0.0873015873015873,App Performance
2026-04-02,app_performance,15,124,0.12096774193548387,App Performance
2026-04-03,app_performance,22,139,0.15827338129496402,App Performance
2026-04-04,app_performance,26,138,0.18840579710144928,App Performance
2026-04-05,app_performance,17,134,0.12686567164179105,App Performance
2026-04-06,app_performance,22,144,0.1527777777777778,App Performance
2026-04-07,app_performance,16,135,0.11851851851851852,App Performance
2026-04-08,app_performance,19,116,0.16379310344827586,App Performance
2026-04-09,app_performance,14,131,0.10687022900763359,App Performance
2026-04-10,app_performance,22,137,0.16058394160583941,App Performance
2026-04-11,app_performance,20,131,0.15267175572519084,App Performance
2026-04-12,app_performance,14,129,0.10852713178294573,App Performance
2026-04-13,app_performance,21,121,0.17355371900826447,App Performance
2026-04-14,app_performance,18,132,0.13636363636363635,App Performance
2026-04-15,app_performance,24,131,0.183206106870229,App Performance
2026-04-16,app_performance,28,135,0.2074074074074074,App Performance
2026-04-17,app_performance,21,125,0.168,App Performance
2026-04-18,app_performance,26,137,0.1897810218978102,App Performance
2026-04-19,app_performance,16,118,0.13559322033898305,App Performance
2026-04-20,app_performance,24,140,0.17142857142857143,App Performance
2026-04-21,app_performance,17,128,0.1328125,App Performance
2026-04-22,app_performance,20,139,0.14388489208633093,App Performance
2026-04-23,app_performance,17,125,0.136,App Performance
2026-04-24,app_performance,20,130,0.15384615384615385,App Performance
2026-04-25,app_performance,16,107,0.14953271028037382,App Performance
2026-04-26,app_performance,30,140,0.21428571428571427,App Performance
2026-04-27,app_performance,29,140,0.20714285714285716,App Performance
2026-04-28,app_performance,14,113,0.12389380530973451,App Performance
2026-04-29,app_performance,27,138,0.1956521739130435,App Performance
2026-04-30,app_performance,20,126,0.15873015873015872,App Performance
2026-05-01,app_performance,28,141,0.19858156028368795,App Performance
2026-05-02,app_performance,24,128,0.1875,App Performance
2026-05-03,app_performance,20,137,0.145985401459854,App Performance
2026-05-04,app_performance,19,143,0.13286713286713286,App Performance
2026-05-05,app_performance,24,155,0.15483870967741936,App Performance
2026-05-06,app_performance,17,127,0.13385826771653545,App Performance
2026-05-07,app_performance,28,139,0.2014388489208633,App Performance
2026-05-08,app_performance,15,136,0.11029411764705882,App Performance
2026-05-09,app_performance,24,130,0.18461538461538463,App Performance
2026-05-10,app_performance,23,134,0.17164179104477612,App Performance
2026-05-11,app_performance,23,125,0.184,App Performance
2026-05-12,app_performance,21,132,0.1590909090909091,App Performance
2026-05-13,app_performance,19,123,0.15447154471544716,App Performance
2026-05-14,app_performance,19,132,0.14393939393939395,App Performance
2026-05-15,app_performance,21,131,0.16030534351145037,App Performance
2026-05-16,app_performance,25,136,0.18382352941176472,App Performance
2026-05-17,app_performance,22,135,0.16296296296296298,App Performance
2026-05-18,app_performance,19,120,0.15833333333333333,App Performance
2026-05-19,app_performance,25,138,0.18115942028985507,App Performance
2026-05-20,app_performance,26,140,0.18571428571428572,App Performance
2026-05-21,app_performance,16,118,0.13559322033898305,App Performance
2026-05-22,app_performance,24,141,0.1702127659574468,App Performance
2026-05-23,app_performance,29,130,0.2230769230769231,App Performance
2026-05-24,app_performance,22,124,0.1774193548387097,App Performance
2026-05-25,app_performance,15,128,0.1171875,App Performance
2026-05-26,app_performance,14,111,0.12612612612612611,App Performance
2026-05-27,app_performance,26,136,0.19117647058823528,App Performance
2026-05-28,app_performance,11,125,0.088,App Performance
2026-05-29,app_performance,14,125,0.112,App Performance
2026-05-30,app_performance,17,111,0.15315315315315314,App Performance
2026-05-31,app_performance,30,154,0.19480519480519481,App Performance
2026-06-01,app_performance,22,125,0.176,App Performance
2026-06-02,app_performance,24,144,0.16666666666666666,App Performance
2026-06-03,app_performance,22,141,0.15602836879432624,App Performance
2026-06-04,app_performance,18,134,0.13432835820895522,App Performance
2026-06-05,app_performance,24,138,0.17391304347826086,App Performance
2026-06-06,app_performance,19,133,0.14285714285714285,App Performance
2026-06-07,app_performance,23,132,0.17424242424242425,App Performance
2026-06-08,app_performance,14,124,0.11290322580645161,App Performance
2026-06-09,app_performance,22,141,0.15602836879432624,App Performance
2026-06-10,app_performance,13,122,0.10655737704918032,App Performance
2026-06-11,app_performance,31,143,0.21678321678321677,App Performance
2026-06-12,app_performance,13,126,0.10317460317460317,App Performance
2026-06-13,app_performance,18,115,0.1565217391304348,App Performance
2026-06-14,app_performance,28,126,0.2222222222222222,App Performance
2026-06-15,app_performance,21,126,0.16666666666666666,App Performance
2026-06-16,app_performance,28,130,0.2153846153846154,App Performance
2026-06-17,app_performance,25,131,0.19083969465648856,App Performance
2026-06-18,app_performance,13,131,0.09923664122137404,App Performance
2026-06-19,app_performance,23,147,0.1564625850340136,App Performance
2026-06-20,app_performance,19,115,0.16521739130434782,App Performance
2026-06-21,app_performance,18,124,0.14516129032258066,App Performance
2026-06-22,app_performance,25,142,0.176056338028169,App Performance
2026-06-23,app_performance,18,131,0.13740458015267176,App Performance
2026-06-24,app_performance,22,123,0.17886178861788618,App Performance
2026-06-25,app_performance,16,129,0.12403100775193798,App Performance
2026-06-26,app_performance,19,146,0.13013698630136986,App Performance
2026-06-27,app_performance,22,123,0.17886178861788618,App Performance
2026-06-28,app_performance,29,137,0.2116788321167883,App Performance
2026-06-29,app_performance,18,119,0.15126050420168066,App Performance
2024-01-01,customer_support,34,132,0.25757575757575757,Customer Service
2024-01-02,customer_support,29,132,0.2196969696969697,Customer Service
2024-01-03,customer_support,32,146,0.2191780821917808,Customer Service
2024-01-04,customer_support,37,154,0.24025974025974026,Customer Service
2024-01-05,customer_support,27,134,0.20149253731343283,Customer Service
2024-01-06,customer_support,32,142,0.22535211267605634,Customer Service
2024-01-07,customer_support,28,148,0.1891891891891892,Customer Service
2024-01-08,customer_support,34,140,0.24285714285714285,Customer Service
2024-01-09,customer_support,32,152,0.21052631578947367,Customer Service
2024-01-10,customer_support,26,134,0.19402985074626866,Customer Service
2024-01-11,customer_support,34,145,0.23448275862068965,Customer Service
2024-01-12,customer_support,31,104,0.2980769230769231,Customer Service
2024-01-13,customer_support,28,140,0.2,Customer Service
2024-01-14,customer_support,25,142,0.176056338028169,Customer Service
2024-01-15,customer_support,25,130,0.19230769230769232,Customer Service
2024-01-16,customer_support,25,113,0.22123893805309736,Customer Service
2024-01-17,customer_support,35,130,0.2692307692307692,Customer Service
2024-01-18,customer_support,31,145,0.21379310344827587,Customer Service
2024-01-19,customer_support,27,133,0.20300751879699247,Customer Service
2024-01-20,customer_support,23,137,0.1678832116788321,Customer Service
2024-01-21,customer_support,29,144,0.2013888888888889,Customer Service
2024-01-22,customer_support,26,147,0.17687074829931973,Customer Service
2024-01-23,customer_support,37,153,0.24183006535947713,Customer Service
2024-01-24,customer_support,25,132,0.1893939393939394,Customer Service
2024-01-25,customer_support,33,147,0.22448979591836735,Customer Service
2024-01-26,customer_support,23,133,0.17293233082706766,Customer Service
2024-01-27,customer_support,29,146,0.19863013698630136,Customer Service
2024-01-28,customer_support,27,138,0.1956521739130435,Customer Service
2024-01-29,customer_support,25,127,0.1968503937007874,Customer Service
2024-01-30,customer_support,29,131,0.22137404580152673,Customer Service
2024-01-31,customer_support,36,123,0.2926829268292683,Customer Service
2024-02-01,customer_support,27,140,0.19285714285714287,Customer Service
2024-02-02,customer_support,20,116,0.1724137931034483,Customer Service
2024-02-03,customer_support,28,113,0.24778761061946902,Customer Service
2024-02-04,customer_support,23,138,0.16666666666666666,Customer Service
2024-02-05,customer_support,25,135,0.18518518518518517,Customer Service
2024-02-06,customer_support,29,124,0.23387096774193547,Customer Service
2024-02-07,customer_support,31,131,0.2366412213740458,Customer Service
2024-02-08,customer_support,21,110,0.19090909090909092,Customer Service
2024-02-09,customer_support,15,125,0.12,Customer Service
2024-02-10,customer_support,34,138,0.2463768115942029,Customer Service
2024-02-11,customer_support,34,125,0.272,Customer Service
2024-02-12,customer_support,26,151,0.17218543046357615,Customer Service
2024-02-13,customer_support,20,119,0.16806722689075632,Customer Service
2024-02-14,customer_support,33,158,0.2088607594936709,Customer Service
2024-02-15,customer_support,30,126,0.23809523809523808,Customer Service
2024-02-16,customer_support,28,120,0.23333333333333334,Customer Service
2024-02-17,customer_support,26,126,0.20634920634920634,Customer Service
2024-02-18,customer_support,30,130,0.23076923076923078,Customer Service
2024-02-19,customer_support,27,140,0.19285714285714287,Customer Service
2024-02-20,customer_support,31,133,0.23308270676691728,Customer Service
2024-02-21,customer_support,27,141,0.19148936170212766,Customer Service
2024-02-22,customer_support,23,138,0.16666666666666666,Customer Service
2024-02-23,customer_support,29,139,0.20863309352517986,Customer Service
2024-02-24,customer_support,27,128,0.2109375,Customer Service
2024-02-25,customer_support,24,126,0.19047619047619047,Customer Service
2024-02-26,customer_support,27,119,0.226890756302521,Customer Service
2024-02-27,customer_support,23,125,0.184,Customer Service
2024-02-28,customer_support,31,126,0.24603174603174602,Customer Service
2024-02-29,customer_support,20,126,0.15873015873015872,Customer Service
2024-03-01,customer_support,25,121,0.2066115702479339,Customer Service
2024-03-02,customer_support,30,141,0.2127659574468085,Customer Service
2024-03-03,customer_support,31,136,0.22794117647058823,Customer Service
2024-03-04,customer_support,31,128,0.2421875,Customer Service
2024-03-05,customer_support,23,109,0.21100917431192662,Customer Service
2024-03-06,customer_support,33,111,0.2972972972972973,Customer Service
2024-03-07,customer_support,28,129,0.21705426356589147,Customer Service
2024-03-08,customer_support,16,113,0.1415929203539823,Customer Service
2024-03-09,customer_support,29,127,0.2283464566929134,Customer Service
2024-03-10,customer_support,26,128,0.203125,Customer Service
2024-03-11,customer_support,31,133,0.23308270676691728,Customer Service
2024-03-12,customer_support,31,109,0.28440366972477066,Customer Service
2024-03-13,customer_support,26,134,0.19402985074626866,Customer Service
2024-03-14,customer_support,18,122,0.14754098360655737,Customer Service
2024-03-15,customer_support,33,152,0.21710526315789475,Customer Service
2024-03-16,customer_support,31,139,0.22302158273381295,Customer Service
2024-03-17,customer_support,24,135,0.17777777777777778,Customer Service
2024-03-18,customer_support,35,143,0.24475524475524477,Customer Service
2024-03-19,customer_support,29,140,0.20714285714285716,Customer Service
2024-03-20,customer_support,35,122,0.28688524590163933,Customer Service
2024-03-21,customer_support,26,126,0.20634920634920634,Customer Service
2024-03-22,customer_support,33,123,0.2682926829268293,Customer Service
2024-03-23,customer_support,20,124,0.16129032258064516,Customer Service
2024-03-24,customer_support,26,158,0.16455696202531644,Customer Service
2024-03-25,customer_support,30,156,0.19230769230769232,Customer Service
2024-03-26,customer_support,35,131,0.26717557251908397,Customer Service
2024-03-27,customer_support,31,134,0.23134328358208955,Customer Service
2024-03-28,customer_support,28,130,0.2153846153846154,Customer Service
2024-03-29,customer_support,40,151,0.26490066225165565,Customer Service
2024-03-30,customer_support,15,121,0.12396694214876033,Customer Service
2024-03-31,customer_support,33,133,0.24812030075187969,Customer Service
2024-04-01,customer_support,33,136,0.2426470588235294,Customer Service
2024-04-02,customer_support,29,124,0.23387096774193547,Customer Service
2024-04-03,customer_support,26,117,0.2222222222222222,Customer Service
2024-04-04,customer_support,24,132,0.18181818181818182,Customer Service
2024-04-05,customer_support,28,135,0.2074074074074074,Customer Service
2024-04-06,customer_support,34,132,0.25757575757575757,Customer Service
2024-04-07,customer_support,29,124,0.23387096774193547,Customer Service
2024-04-08,customer_support,27,139,0.19424460431654678,Customer Service
2024-04-09,customer_support,30,130,0.23076923076923078,Customer Service
2024-04-10,customer_support,33,152,0.21710526315789475,Customer Service
2024-04-11,customer_support,16,108,0.14814814814814814,Customer Service
2024-04-12,customer_support,26,133,0.19548872180451127,Customer Service
2024-04-13,customer_support,25,123,0.2032520325203252,Customer Service
2024-04-14,customer_support,41,143,0.2867132867132867,Customer Service
2024-04-15,customer_support,31,130,0.23846153846153847,Customer Service
2024-04-16,customer_support,31,127,0.2440944881889764,Customer Service
2024-04-17,customer_support,33,121,0.2727272727272727,Customer Service
2024-04-18,customer_support,30,155,0.1935483870967742,Customer Service
2024-04-19,customer_support,25,137,0.18248175182481752,Customer Service
2024-04-20,customer_support,29,147,0.19727891156462585,Customer Service
2024-04-21,customer_support,25,137,0.18248175182481752,Customer Service
2024-04-22,customer_support,29,130,0.2230769230769231,Customer Service
2024-04-23,customer_support,27,119,0.226890756302521,Customer Service
2024-04-24,customer_support,22,121,0.18181818181818182,Customer Service
2024-04-25,customer_support,32,124,0.25806451612903225,Customer Service
2024-04-26,customer_support,26,138,0.18840579710144928,Customer Service
2024-04-27,customer_support,28,118,0.23728813559322035,Customer Service
2024-04-28,customer_support,23,127,0.18110236220472442,Customer Service
2024-04-29,customer_support,23,131,0.17557251908396945,Customer Service
2024-04-30,customer_support,27,137,0.19708029197080293,Customer Service
2024-05-01,customer_support,25,136,0.18382352941176472,Customer Service
2024-05-02,customer_support,23,101,0.22772277227722773,Customer Service
2024-05-03,customer_support,32,138,0.2318840579710145,Customer Service
2024-05-04,customer_support,30,135,0.2222222222222222,Customer Service
2024-05-05,customer_support,29,116,0.25,Customer Service
2024-05-06,customer_support,25,140,0.17857142857142858,Customer Service
2024-05-07,customer_support,25,124,0.20161290322580644,Customer Service
2024-05-08,customer_support,25,141,0.1773049645390071,Customer Service
2024-05-09,customer_support,25,125,0.2,Customer Service
2024-05-10,customer_support,27,133,0.20300751879699247,Customer Service
2024-05-11,customer_support,31,137,0.22627737226277372,Customer Service
2024-05-12,customer_support,31,133,0.23308270676691728,Customer Service
2024-05-13,customer_support,29,151,0.19205298013245034,Customer Service
2024-05-14,customer_support,26,119,0.2184873949579832,Customer Service
2024-05-15,customer_support,25,114,0.21929824561403508,Customer Service
2024-05-16,customer_support,29,129,0.2248062015503876,Customer Service
2024-05-17,customer_support,30,117,0.2564102564102564,Customer Service
2024-05-18,customer_support,30,130,0.23076923076923078,Customer Service
2024-05-19,customer_support,28,123,0.22764227642276422,Customer Service
2024-05-20,customer_support,29,141,0.20567375886524822,Customer Service
2024-05-21,customer_support,28,130,0.2153846153846154,Customer Service
2024-05-22,customer_support,36,140,0.2571428571428571,Customer Service
2024-05-23,customer_support,25,134,0.1865671641791045,Customer Service
2024-05-24,customer_support,23,132,0.17424242424242425,Customer Service
2024-05-25,customer_support,28,125,0.224,Customer Service
2024-05-26,customer_support,30,148,0.20270270270270271,Customer Service
2024-05-27,customer_support,22,108,0.2037037037037037,Customer Service
2024-05-28,customer_support,21,125,0.168,Customer Service
2024-05-29,customer_support,31,122,0.2540983606557377,Customer Service
2024-05-30,customer_support,29,133,0.21804511278195488,Customer Service
2024-05-31,customer_support,22,121,0.18181818181818182,Customer Service
2024-06-01,customer_support,32,128,0.25,Customer Service
2024-06-02,customer_support,30,122,0.2459016393442623,Customer Service
2024-06-03,customer_support,34,130,0.26153846153846155,Customer Service
2024-06-04,customer_support,30,133,0.22556390977443608,Customer Service
2024-06-05,customer_support,28,125,0.224,Customer Service
2024-06-06,customer_support,32,145,0.2206896551724138,Customer Service
2024-06-07,customer_support,31,126,0.24603174603174602,Customer Service
2024-06-08,customer_support,25,136,0.18382352941176472,Customer Service
2024-06-09,customer_support,25,120,0.20833333333333334,Customer Service
2024-06-10,customer_support,28,107,0.2616822429906542,Customer Service
2024-06-11,customer_support,29,143,0.20279720279720279,Customer Service
2024-06-12,customer_support,23,128,0.1796875,Customer Service
2024-06-13,customer_support,33,136,0.2426470588235294,Customer Service
2024-06-14,customer_support,24,125,0.192,Customer Service
2024-06-15,customer_support,20,133,0.15037593984962405,Customer Service
2024-06-16,customer_support,36,155,0.23225806451612904,Customer Service
2024-06-17,customer_support,25,129,0.1937984496124031,Customer Service
2024-06-18,customer_support,33,133,0.24812030075187969,Customer Service
2024-06-19,customer_support,23,120,0.19166666666666668,Customer Service
2024-06-20,customer_support,32,119,0.2689075630252101,Customer Service
2024-06-21,customer_support,24,129,0.18604651162790697,Customer Service
2024-06-22,customer_support,38,146,0.2602739726027397,Customer Service
2024-06-23,customer_support,38,146,0.2602739726027397,Customer Service
2024-06-24,customer_support,35,144,0.24305555555555555,Customer Service
2024-06-25,customer_support,29,162,0.17901234567901234,Customer Service
2024-06-26,customer_support,29,129,0.2248062015503876,Customer Service
2024-06-27,customer_support,33,148,0.22297297297297297,Customer Service
2024-06-28,customer_support,20,106,0.18867924528301888,Customer Service
2024-06-29,customer_support,18,124,0.14516129032258066,Customer Service
2024-06-30,customer_support,33,156,0.21153846153846154,Customer Service
2024-07-01,customer_support,34,126,0.2698412698412698,Customer Service
2024-07-02,customer_support,31,122,0.2540983606557377,Customer Service
2024-07-03,customer_support,24,124,0.1935483870967742,Customer Service
2024-07-04,customer_support,36,146,0.2465753424657534,Customer Service
2024-07-05,customer_support,37,154,0.24025974025974026,Customer Service
2024-07-06,customer_support,35,128,0.2734375,Customer Service
2024-07-07,customer_support,21,125,0.168,Customer Service
2024-07-08,customer_support,29,130,0.2230769230769231,Customer Service
2024-07-09,customer_support,44,153,0.2875816993464052,Customer Service
2024-07-10,customer_support,29,141,0.20567375886524822,Customer Service
2024-07-11,customer_support,31,132,0.23484848484848486,Customer Service
2024-07-12,customer_support,27,137,0.19708029197080293,Customer Service
2024-07-13,customer_support,27,130,0.2076923076923077,Customer Service
2024-07-14,customer_support,25,130,0.19230769230769232,Customer Service
2024-07-15,customer_support,32,115,0.2782608695652174,Customer Service
2024-07-16,customer_support,37,149,0.2483221476510067,Customer Service
2024-07-17,customer_support,16,125,0.128,Customer Service
2024-07-18,customer_support,19,120,0.15833333333333333,Customer Service
2024-07-19,customer_support,21,129,0.16279069767441862,Customer Service
2024-07-20,customer_support,29,143,0.20279720279720279,Customer Service
2024-07-21,customer_support,33,145,0.22758620689655173,Customer Service
2024-07-22,customer_support,36,148,0.24324324324324326,Customer Service
2024-07-23,customer_support,29,145,0.2,Customer Service
2024-07-24,customer_support,20,115,0.17391304347826086,Customer Service
2024-07-25,customer_support,29,147,0.19727891156462585,Customer Service
2024-07-26,customer_support,31,139,0.22302158273381295,Customer Service
2024-07-27,customer_support,23,123,0.18699186991869918,Customer Service
2024-07-28,customer_support,32,123,0.2601626016260163,Customer Service
2024-07-29,customer_support,27,126,0.21428571428571427,Customer Service
2024-07-30,customer_support,30,138,0.21739130434782608,Customer Service
2024-07-31,customer_support,23,120,0.19166666666666668,Customer Service
2024-08-01,customer_support,35,124,0.28225806451612906,Customer Service
2024-08-02,customer_support,27,134,0.20149253731343283,Customer Service
2024-08-03,customer_support,37,131,0.2824427480916031,Customer Service
2024-08-04,customer_support,23,119,0.19327731092436976,Customer Service
2024-08-05,customer_support,23,115,0.2,Customer Service
2024-08-06,customer_support,29,139,0.20863309352517986,Customer Service
2024-08-07,customer_support,25,123,0.2032520325203252,Customer Service
2024-08-08,customer_support,28,134,0.208955223880597,Customer Service
2024-08-09,customer_support,16,119,0.13445378151260504,Customer Service
2024-08-10,customer_support,27,127,0.2125984251968504,Customer Service
2024-08-11,customer_support,32,140,0.22857142857142856,Customer Service
2024-08-12,customer_support,33,142,0.2323943661971831,Customer Service
2024-08-13,customer_support,21,133,0.15789473684210525,Customer Service
2024-08-14,customer_support,23,145,0.15862068965517243,Customer Service
2024-08-15,customer_support,25,121,0.2066115702479339,Customer Service
2024-08-16,customer_support,25,93,0.26881720430107525,Customer Service
2024-08-17,customer_support,33,134,0.2462686567164179,Customer Service
2024-08-18,customer_support,37,145,0.25517241379310346,Customer Service
2024-08-19,customer_support,28,132,0.21212121212121213,Customer Service
2024-08-20,customer_support,36,151,0.23841059602649006,Customer Service
2024-08-21,customer_support,29,135,0.21481481481481482,Customer Service
2024-08-22,customer_support,22,107,0.205607476635514,Customer Service
2024-08-23,customer_support,25,116,0.21551724137931033,Customer Service
2024-08-24,customer_support,30,145,0.20689655172413793,Customer Service
2024-08-25,customer_support,28,124,0.22580645161290322,Customer Service
2024-08-26,customer_support,17,134,0.12686567164179105,Customer Service
2024-08-27,customer_support,29,123,0.23577235772357724,Customer Service
2024-08-28,customer_support,24,133,0.18045112781954886,Customer Service
2024-08-29,customer_support,28,148,0.1891891891891892,Customer Service
2024-08-30,customer_support,36,141,0.2553191489361702,Customer Service
2024-08-31,customer_support,27,143,0.1888111888111888,Customer Service
2024-09-01,customer_support,32,117,0.27350427350427353,Customer Service
2024-09-02,customer_support,14,130,0.1076923076923077,Customer Service
2024-09-03,customer_support,39,149,0.26174496644295303,Customer Service
2024-09-04,customer_support,24,141,0.1702127659574468,Customer Service
2024-09-05,customer_support,34,129,0.26356589147286824,Customer Service
2024-09-06,customer_support,27,137,0.19708029197080293,Customer Service
2024-09-07,customer_support,29,143,0.20279720279720279,Customer Service
2024-09-08,customer_support,29,140,0.20714285714285716,Customer Service
2024-09-09,customer_support,25,133,0.18796992481203006,Customer Service
2024-09-10,customer_support,28,131,0.21374045801526717,Customer Service
2024-09-11,customer_support,33,123,0.2682926829268293,Customer Service
2024-09-12,customer_support,28,128,0.21875,Customer Service
2024-09-13,customer_support,32,133,0.24060150375939848,Customer Service
2024-09-14,customer_support,29,141,0.20567375886524822,Customer Service
2024-09-15,customer_support,29,122,0.23770491803278687,Customer Service
2024-09-16,customer_support,23,136,0.16911764705882354,Customer Service
2024-09-17,customer_support,21,136,0.15441176470588236,Customer Service
2024-09-18,customer_support,30,128,0.234375,Customer Service
2024-09-19,customer_support,31,122,0.2540983606557377,Customer Service
2024-09-20,customer_support,43,154,0.2792207792207792,Customer Service
2024-09-21,customer_support,36,149,0.24161073825503357,Customer Service
2024-09-22,customer_support,35,121,0.2892561983471074,Customer Service
2024-09-23,customer_support,27,142,0.19014084507042253,Customer Service
2024-09-24,customer_support,20,119,0.16806722689075632,Customer Service
2024-09-25,customer_support,33,144,0.22916666666666666,Customer Service
2024-09-26,customer_support,25,120,0.20833333333333334,Customer Service
2024-09-27,customer_support,27,111,0.24324324324324326,Customer Service
2024-09-28,customer_support,28,135,0.2074074074074074,Customer Service
2024-09-29,customer_support,30,156,0.19230769230769232,Customer Service
2024-09-30,customer_support,25,116,0.21551724137931033,Customer Service
2024-10-01,customer_support,26,133,0.19548872180451127,Customer Service
2024-10-02,customer_support,28,114,0.24561403508771928,Customer Service
2024-10-03,customer_support,21,110,0.19090909090909092,Customer Service
2024-10-04,customer_support,43,134,0.3208955223880597,Customer Service
2024-10-05,customer_support,35,143,0.24475524475524477,Customer Service
2024-10-06,customer_support,24,142,0.16901408450704225,Customer Service
2024-10-07,customer_support,33,124,0.2661290322580645,Customer Service
2024-10-08,customer_support,25,122,0.20491803278688525,Customer Service
2024-10-09,customer_support,27,129,0.20930232558139536,Customer Service
2024-10-10,customer_support,27,130,0.2076923076923077,Customer Service
2024-10-11,customer_support,29,141,0.20567375886524822,Customer Service
2024-10-12,customer_support,21,119,0.17647058823529413,Customer Service
2024-10-13,customer_support,31,145,0.21379310344827587,Customer Service
2024-10-14,customer_support,25,130,0.19230769230769232,Customer Service
2024-10-15,customer_support,23,120,0.19166666666666668,Customer Service
2024-10-16,customer_support,32,112,0.2857142857142857,Customer Service
2024-10-17,customer_support,27,133,0.20300751879699247,Customer Service
2024-10-18,customer_support,20,112,0.17857142857142858,Customer Service
2024-10-19,customer_support,31,134,0.23134328358208955,Customer Service
2024-10-20,customer_support,23,128,0.1796875,Customer Service
2024-10-21,customer_support,26,127,0.2047244094488189,Customer Service
2024-10-22,customer_support,28,136,0.20588235294117646,Customer Service
2024-10-23,customer_support,34,143,0.23776223776223776,Customer Service
2024-10-24,customer_support,26,118,0.22033898305084745,Customer Service
2024-10-25,customer_support,28,148,0.1891891891891892,Customer Service
2024-10-26,customer_support,28,133,0.21052631578947367,Customer Service
2024-10-27,customer_support,26,124,0.20967741935483872,Customer Service
2024-10-28,customer_support,32,133,0.24060150375939848,Customer Service
2024-10-29,customer_support,27,128,0.2109375,Customer Service
2024-10-30,customer_support,22,115,0.19130434782608696,Customer Service
2024-10-31,customer_support,18,127,0.14173228346456693,Customer Service
2024-11-01,customer_support,27,136,0.19852941176470587,Customer Service
2024-11-02,customer_support,25,132,0.1893939393939394,Customer Service
2024-11-03,customer_support,32,117,0.27350427350427353,Customer Service
2024-11-04,customer_support,41,179,0.22905027932960895,Customer Service
2024-11-05,customer_support,33,140,0.2357142857142857,Customer Service
2024-11-06,customer_support,30,146,0.2054794520547945,Customer Service
2024-11-07,customer_support,29,124,0.23387096774193547,Customer Service
2024-11-08,customer_support,31,150,0.20666666666666667,Customer Service
2024-11-09,customer_support,20,141,0.14184397163120568,Customer Service
2024-11-10,customer_support,29,127,0.2283464566929134,Customer Service
2024-11-11,customer_support,28,120,0.23333333333333334,Customer Service
2024-11-12,customer_support,35,126,0.2777777777777778,Customer Service
2024-11-13,customer_support,32,139,0.2302158273381295,Customer Service
2024-11-14,customer_support,28,126,0.2222222222222222,Customer Service
2024-11-15,customer_support,23,109,0.21100917431192662,Customer Service
2024-11-16,customer_support,27,139,0.19424460431654678,Customer Service
2024-11-17,customer_support,19,120,0.15833333333333333,Customer Service
2024-11-18,customer_support,37,138,0.26811594202898553,Customer Service
2024-11-19,customer_support,28,135,0.2074074074074074,Customer Service
2024-11-20,customer_support,24,118,0.2033898305084746,Customer Service
2024-11-21,customer_support,24,133,0.18045112781954886,Customer Service
2024-11-22,customer_support,32,142,0.22535211267605634,Customer Service
2024-11-23,customer_support,23,134,0.17164179104477612,Customer Service
2024-11-24,customer_support,29,134,0.21641791044776118,Customer Service
2024-11-25,customer_support,18,111,0.16216216216216217,Customer Service
2024-11-26,customer_support,26,143,0.18181818181818182,Customer Service
2024-11-27,customer_support,33,136,0.2426470588235294,Customer Service
2024-11-28,customer_support,35,134,0.26119402985074625,Customer Service
2024-11-29,customer_support,24,131,0.183206106870229,Customer Service
2024-11-30,customer_support,30,140,0.21428571428571427,Customer Service
2024-12-01,customer_support,33,138,0.2391304347826087,Customer Service
2024-12-02,customer_support,22,124,0.1774193548387097,Customer Service
2024-12-03,customer_support,32,134,0.23880597014925373,Customer Service
2024-12-04,customer_support,32,130,0.24615384615384617,Customer Service
2024-12-05,customer_support,22,135,0.16296296296296298,Customer Service
2024-12-06,customer_support,34,140,0.24285714285714285,Customer Service
2024-12-07,customer_support,35,141,0.24822695035460993,Customer Service
2024-12-08,customer_support,37,138,0.26811594202898553,Customer Service
2024-12-09,customer_support,32,145,0.2206896551724138,Customer Service
2024-12-10,customer_support,24,141,0.1702127659574468,Customer Service
2024-12-11,customer_support,27,137,0.19708029197080293,Customer Service
2024-12-12,customer_support,36,142,0.2535211267605634,Customer Service
2024-12-13,customer_support,39,140,0.2785714285714286,Customer Service
2024-12-14,customer_support,34,124,0.27419354838709675,Customer Service
2024-12-15,customer_support,22,128,0.171875,Customer Service
2024-12-16,customer_support,27,132,0.20454545454545456,Customer Service
2024-12-17,customer_support,21,115,0.1826086956521739,Customer Service
2024-12-18,customer_support,23,122,0.1885245901639344,Customer Service
2024-12-19,customer_support,27,120,0.225,Customer Service
2024-12-20,customer_support,26,132,0.19696969696969696,Customer Service
2024-12-21,customer_support,18,107,0.16822429906542055,Customer Service
2024-12-22,customer_support,36,143,0.2517482517482518,Customer Service
2024-12-23,customer_support,23,129,0.17829457364341086,Customer Service
2024-12-24,customer_support,23,103,0.22330097087378642,Customer Service
2024-12-25,customer_support,32,117,0.27350427350427353,Customer Service
2024-12-26,customer_support,27,131,0.20610687022900764,Customer Service
2024-12-27,customer_support,33,136,0.2426470588235294,Customer Service
2024-12-28,customer_support,34,134,0.2537313432835821,Customer Service
2024-12-29,customer_support,29,135,0.21481481481481482,Customer Service
2024-12-30,customer_support,33,149,0.2214765100671141,Customer Service
2024-12-31,customer_support,30,129,0.23255813953488372,Customer Service
2025-01-01,customer_support,26,118,0.22033898305084745,Customer Service
2025-01-02,customer_support,33,134,0.2462686567164179,Customer Service
2025-01-03,customer_support,32,137,0.23357664233576642,Customer Service
2025-01-04,customer_support,22,119,0.18487394957983194,Customer Service
2025-01-05,customer_support,24,148,0.16216216216216217,Customer Service
2025-01-06,customer_support,37,156,0.23717948717948717,Customer Service
2025-01-07,customer_support,34,126,0.2698412698412698,Customer Service
2025-01-08,customer_support,33,150,0.22,Customer Service
2025-01-09,customer_support,29,131,0.22137404580152673,Customer Service
2025-01-10,customer_support,30,128,0.234375,Customer Service
2025-01-11,customer_support,40,148,0.2702702702702703,Customer Service
2025-01-12,customer_support,27,136,0.19852941176470587,Customer Service
2025-01-13,customer_support,25,123,0.2032520325203252,Customer Service
2025-01-14,customer_support,29,135,0.21481481481481482,Customer Service
2025-01-15,customer_support,27,139,0.19424460431654678,Customer Service
2025-01-16,customer_support,31,148,0.20945945945945946,Customer Service
2025-01-17,customer_support,42,156,0.2692307692307692,Customer Service
2025-01-18,customer_support,30,120,0.25,Customer Service
2025-01-19,customer_support,27,120,0.225,Customer Service
2025-01-20,customer_support,26,132,0.19696969696969696,Customer Service
2025-01-21,customer_support,22,130,0.16923076923076924,Customer Service
2025-01-22,customer_support,33,152,0.21710526315789475,Customer Service
2025-01-23,customer_support,28,139,0.2014388489208633,Customer Service
2025-01-24,customer_support,31,126,0.24603174603174602,Customer Service
2025-01-25,customer_support,48,143,0.3356643356643357,Customer Service
2025-01-26,customer_support,29,148,0.19594594594594594,Customer Service
2025-01-27,customer_support,20,113,0.17699115044247787,Customer Service
2025-01-28,customer_support,41,156,0.26282051282051283,Customer Service
2025-01-29,customer_support,26,137,0.1897810218978102,Customer Service
2025-01-30,customer_support,29,136,0.21323529411764705,Customer Service
2025-01-31,customer_support,36,136,0.2647058823529412,Customer Service
2025-02-01,customer_support,34,132,0.25757575757575757,Customer Service
2025-02-02,customer_support,33,138,0.2391304347826087,Customer Service
2025-02-03,customer_support,30,138,0.21739130434782608,Customer Service
2025-02-04,customer_support,32,132,0.24242424242424243,Customer Service
2025-02-05,customer_support,22,139,0.15827338129496402,Customer Service
2025-02-06,customer_support,29,143,0.20279720279720279,Customer Service
2025-02-07,customer_support,27,149,0.18120805369127516,Customer Service
2025-02-08,customer_support,31,128,0.2421875,Customer Service
2025-02-09,customer_support,27,139,0.19424460431654678,Customer Service
2025-02-10,customer_support,31,138,0.2246376811594203,Customer Service
2025-02-11,customer_support,28,129,0.21705426356589147,Customer Service
2025-02-12,customer_support,31,140,0.22142857142857142,Customer Service
2025-02-13,customer_support,32,148,0.21621621621621623,Customer Service
2025-02-14,customer_support,17,116,0.14655172413793102,Customer Service
2025-02-15,customer_support,23,128,0.1796875,Customer Service
2025-02-16,customer_support,38,143,0.26573426573426573,Customer Service
2025-02-17,customer_support,30,136,0.22058823529411764,Customer Service
2025-02-18,customer_support,24,145,0.16551724137931034,Customer Service
2025-02-19,customer_support,22,117,0.18803418803418803,Customer Service
2025-02-20,customer_support,22,143,0.15384615384615385,Customer Service
2025-02-21,customer_support,33,139,0.23741007194244604,Customer Service
2025-02-22,customer_support,16,114,0.14035087719298245,Customer Service
2025-02-23,customer_support,22,123,0.17886178861788618,Customer Service
2025-02-24,customer_support,32,135,0.23703703703703705,Customer Service
2025-02-25,customer_support,31,139,0.22302158273381295,Customer Service
2025-02-26,customer_support,24,127,0.1889763779527559,Customer Service
2025-02-27,customer_support,21,120,0.175,Customer Service
2025-02-28,customer_support,23,130,0.17692307692307693,Customer Service
2025-03-01,customer_support,30,137,0.21897810218978103,Customer Service
2025-03-02,customer_support,30,141,0.2127659574468085,Customer Service
2025-03-03,customer_support,23,128,0.1796875,Customer Service
2025-03-04,customer_support,26,142,0.18309859154929578,Customer Service
2025-03-05,customer_support,27,137,0.19708029197080293,Customer Service
2025-03-06,customer_support,35,143,0.24475524475524477,Customer Service
2025-03-07,customer_support,27,123,0.21951219512195122,Customer Service
2025-03-08,customer_support,29,128,0.2265625,Customer Service
2025-03-09,customer_support,32,135,0.23703703703703705,Customer Service
2025-03-10,customer_support,23,127,0.18110236220472442,Customer Service
2025-03-11,customer_support,26,138,0.18840579710144928,Customer Service
2025-03-12,customer_support,25,133,0.18796992481203006,Customer Service
2025-03-13,customer_support,30,121,0.24793388429752067,Customer Service
2025-03-14,customer_support,35,140,0.25,Customer Service
2025-03-15,customer_support,21,131,0.16030534351145037,Customer Service
2025-03-16,customer_support,43,134,0.3208955223880597,Customer Service
2025-03-17,customer_support,25,135,0.18518518518518517,Customer Service
2025-03-18,customer_support,24,99,0.24242424242424243,Customer Service
2025-03-19,customer_support,25,121,0.2066115702479339,Customer Service
2025-03-20,customer_support,28,120,0.23333333333333334,Customer Service
2025-03-21,customer_support,32,138,0.2318840579710145,Customer Service
2025-03-22,customer_support,30,142,0.2112676056338028,Customer Service
2025-03-23,customer_support,28,121,0.23140495867768596,Customer Service
2025-03-24,customer_support,35,146,0.23972602739726026,Customer Service
2025-03-25,customer_support,28,119,0.23529411764705882,Customer Service
2025-03-26,customer_support,24,137,0.17518248175182483,Customer Service
2025-03-27,customer_support,22,131,0.16793893129770993,Customer Service
2025-03-28,customer_support,22,125,0.176,Customer Service
2025-03-29,customer_support,33,125,0.264,Customer Service
2025-03-30,customer_support,34,137,0.24817518248175183,Customer Service
2025-03-31,customer_support,36,150,0.24,Customer Service
2025-04-01,customer_support,40,152,0.2631578947368421,Customer Service
2025-04-02,customer_support,36,145,0.2482758620689655,Customer Service
2025-04-03,customer_support,31,138,0.2246376811594203,Customer Service
2025-04-04,customer_support,23,116,0.19827586206896552,Customer Service
2025-04-05,customer_support,23,148,0.1554054054054054,Customer Service
2025-04-06,customer_support,27,139,0.19424460431654678,Customer Service
2025-04-07,customer_support,27,119,0.226890756302521,Customer Service
2025-04-08,customer_support,19,127,0.14960629921259844,Customer Service
2025-04-09,customer_support,35,124,0.28225806451612906,Customer Service
2025-04-10,customer_support,40,147,0.272108843537415,Customer Service
2025-04-11,customer_support,24,150,0.16,Customer Service
2025-04-12,customer_support,42,158,0.26582278481012656,Customer Service
2025-04-13,customer_support,15,109,0.13761467889908258,Customer Service
2025-04-14,customer_support,24,132,0.18181818181818182,Customer Service
2025-04-15,customer_support,29,149,0.19463087248322147,Customer Service
2025-04-16,customer_support,27,130,0.2076923076923077,Customer Service
2025-04-17,customer_support,27,123,0.21951219512195122,Customer Service
2025-04-18,customer_support,23,139,0.16546762589928057,Customer Service
2025-04-19,customer_support,23,110,0.20909090909090908,Customer Service
2025-04-20,customer_support,30,128,0.234375,Customer Service
2025-04-21,customer_support,26,132,0.19696969696969696,Customer Service
2025-04-22,customer_support,35,137,0.25547445255474455,Customer Service
2025-04-23,customer_support,20,130,0.15384615384615385,Customer Service
2025-04-24,customer_support,45,145,0.3103448275862069,Customer Service
2025-04-25,customer_support,29,121,0.2396694214876033,Customer Service
2025-04-26,customer_support,33,129,0.2558139534883721,Customer Service
2025-04-27,customer_support,24,127,0.1889763779527559,Customer Service
2025-04-28,customer_support,22,118,0.1864406779661017,Customer Service
2025-04-29,customer_support,26,122,0.21311475409836064,Customer Service
2025-04-30,customer_support,28,125,0.224,Customer Service
2025-05-01,customer_support,35,149,0.2348993288590604,Customer Service
2025-05-02,customer_support,23,122,0.1885245901639344,Customer Service
2025-05-03,customer_support,33,129,0.2558139534883721,Customer Service
2025-05-04,customer_support,29,139,0.20863309352517986,Customer Service
2025-05-05,customer_support,24,126,0.19047619047619047,Customer Service
2025-05-06,customer_support,34,150,0.22666666666666666,Customer Service
2025-05-07,customer_support,20,130,0.15384615384615385,Customer Service
2025-05-08,customer_support,27,118,0.2288135593220339,Customer Service
2025-05-09,customer_support,36,142,0.2535211267605634,Customer Service
2025-05-10,customer_support,19,124,0.1532258064516129,Customer Service
2025-05-11,customer_support,26,132,0.19696969696969696,Customer Service
2025-05-12,customer_support,26,138,0.18840579710144928,Customer Service
2025-05-13,customer_support,32,129,0.24806201550387597,Customer Service
2025-05-14,customer_support,31,119,0.2605042016806723,Customer Service
2025-05-15,customer_support,27,124,0.21774193548387097,Customer Service
2025-05-16,customer_support,29,139,0.20863309352517986,Customer Service
2025-05-17,customer_support,26,124,0.20967741935483872,Customer Service
2025-05-18,customer_support,34,121,0.2809917355371901,Customer Service
2025-05-19,customer_support,27,114,0.23684210526315788,Customer Service
2025-05-20,customer_support,37,130,0.2846153846153846,Customer Service
2025-05-21,customer_support,16,108,0.14814814814814814,Customer Service
2025-05-22,customer_support,34,156,0.21794871794871795,Customer Service
2025-05-23,customer_support,26,148,0.17567567567567569,Customer Service
2025-05-24,customer_support,30,137,0.21897810218978103,Customer Service
2025-05-25,customer_support,31,141,0.2198581560283688,Customer Service
2025-05-26,customer_support,28,119,0.23529411764705882,Customer Service
2025-05-27,customer_support,41,160,0.25625,Customer Service
2025-05-28,customer_support,32,147,0.21768707482993196,Customer Service
2025-05-29,customer_support,25,116,0.21551724137931033,Customer Service
2025-05-30,customer_support,26,133,0.19548872180451127,Customer Service
2025-05-31,customer_support,39,140,0.2785714285714286,Customer Service
2025-06-01,customer_support,26,132,0.19696969696969696,Customer Service
2025-06-02,customer_support,14,118,0.11864406779661017,Customer Service
2025-06-03,customer_support,22,121,0.18181818181818182,Customer Service
2025-06-04,customer_support,24,141,0.1702127659574468,Customer Service
2025-06-05,customer_support,18,116,0.15517241379310345,Customer Service
2025-06-06,customer_support,27,140,0.19285714285714287,Customer Service
2025-06-07,customer_support,30,138,0.21739130434782608,Customer Service
2025-06-08,customer_support,28,142,0.19718309859154928,Customer Service
2025-06-09,customer_support,27,126,0.21428571428571427,Customer Service
2025-06-10,customer_support,26,152,0.17105263157894737,Customer Service
2025-06-11,customer_support,25,133,0.18796992481203006,Customer Service
2025-06-12,customer_support,42,137,0.30656934306569344,Customer Service
2025-06-13,customer_support,27,137,0.19708029197080293,Customer Service
2025-06-14,customer_support,27,113,0.23893805309734514,Customer Service
2025-06-15,customer_support,25,104,0.2403846153846154,Customer Service
2025-06-16,customer_support,34,132,0.25757575757575757,Customer Service
2025-06-17,customer_support,26,117,0.2222222222222222,Customer Service
2025-06-18,customer_support,28,136,0.20588235294117646,Customer Service
2025-06-19,customer_support,29,130,0.2230769230769231,Customer Service
2025-06-20,customer_support,30,137,0.21897810218978103,Customer Service
2025-06-21,customer_support,26,146,0.1780821917808219,Customer Service
2025-06-22,customer_support,30,134,0.22388059701492538,Customer Service
2025-06-23,customer_support,21,116,0.1810344827586207,Customer Service
2025-06-24,customer_support,34,134,0.2537313432835821,Customer Service
2025-06-25,customer_support,20,118,0.1694915254237288,Customer Service
2025-06-26,customer_support,21,119,0.17647058823529413,Customer Service
2025-06-27,customer_support,28,143,0.1958041958041958,Customer Service
2025-06-28,customer_support,35,132,0.26515151515151514,Customer Service
2025-06-29,customer_support,23,140,0.16428571428571428,Customer Service
2025-06-30,customer_support,32,133,0.24060150375939848,Customer Service
2025-07-01,customer_support,27,118,0.2288135593220339,Customer Service
2025-07-02,customer_support,24,128,0.1875,Customer Service
2025-07-03,customer_support,28,124,0.22580645161290322,Customer Service
2025-07-04,customer_support,27,124,0.21774193548387097,Customer Service
2025-07-05,customer_support,30,126,0.23809523809523808,Customer Service
2025-07-06,customer_support,26,131,0.1984732824427481,Customer Service
2025-07-07,customer_support,28,116,0.2413793103448276,Customer Service
2025-07-08,customer_support,39,158,0.2468354430379747,Customer Service
2025-07-09,customer_support,37,134,0.27611940298507465,Customer Service
2025-07-10,customer_support,35,151,0.23178807947019867,Customer Service
2025-07-11,customer_support,34,139,0.2446043165467626,Customer Service
2025-07-12,customer_support,33,141,0.23404255319148937,Customer Service
2025-07-13,customer_support,21,122,0.1721311475409836,Customer Service
2025-07-14,customer_support,27,123,0.21951219512195122,Customer Service
2025-07-15,customer_support,25,120,0.20833333333333334,Customer Service
2025-07-16,customer_support,18,112,0.16071428571428573,Customer Service
2025-07-17,customer_support,19,136,0.13970588235294118,Customer Service
2025-07-18,customer_support,34,141,0.24113475177304963,Customer Service
2025-07-19,customer_support,33,145,0.22758620689655173,Customer Service
2025-07-20,customer_support,27,147,0.1836734693877551,Customer Service
2025-07-21,customer_support,28,124,0.22580645161290322,Customer Service
2025-07-22,customer_support,24,125,0.192,Customer Service
2025-07-23,customer_support,26,129,0.20155038759689922,Customer Service
2025-07-24,customer_support,35,154,0.22727272727272727,Customer Service
2025-07-25,customer_support,34,126,0.2698412698412698,Customer Service
2025-07-26,customer_support,24,146,0.1643835616438356,Customer Service
2025-07-27,customer_support,32,144,0.2222222222222222,Customer Service
2025-07-28,customer_support,34,148,0.22972972972972974,Customer Service
2025-07-29,customer_support,23,101,0.22772277227722773,Customer Service
2025-07-30,customer_support,31,133,0.23308270676691728,Customer Service
2025-07-31,customer_support,31,133,0.23308270676691728,Customer Service
2025-08-01,customer_support,34,143,0.23776223776223776,Customer Service
2025-08-02,customer_support,34,151,0.2251655629139073,Customer Service
2025-08-03,customer_support,28,130,0.2153846153846154,Customer Service
2025-08-04,customer_support,30,143,0.2097902097902098,Customer Service
2025-08-05,customer_support,28,122,0.22950819672131148,Customer Service
2025-08-06,customer_support,36,143,0.2517482517482518,Customer Service
2025-08-07,customer_support,23,116,0.19827586206896552,Customer Service
2025-08-08,customer_support,16,124,0.12903225806451613,Customer Service
2025-08-09,customer_support,25,125,0.2,Customer Service
2025-08-10,customer_support,34,158,0.21518987341772153,Customer Service
2025-08-11,customer_support,31,131,0.2366412213740458,Customer Service
2025-08-12,customer_support,34,155,0.21935483870967742,Customer Service
2025-08-13,customer_support,29,119,0.24369747899159663,Customer Service
2025-08-14,customer_support,28,136,0.20588235294117646,Customer Service
2025-08-15,customer_support,32,142,0.22535211267605634,Customer Service
2025-08-16,customer_support,19,117,0.1623931623931624,Customer Service
2025-08-17,customer_support,29,138,0.21014492753623187,Customer Service
2025-08-18,customer_support,22,117,0.18803418803418803,Customer Service
2025-08-19,customer_support,25,129,0.1937984496124031,Customer Service
2025-08-20,customer_support,37,146,0.2534246575342466,Customer Service
2025-08-21,customer_support,33,145,0.22758620689655173,Customer Service
2025-08-22,customer_support,39,146,0.2671232876712329,Customer Service
2025-08-23,customer_support,28,122,0.22950819672131148,Customer Service
2025-08-24,customer_support,17,129,0.13178294573643412,Customer Service
2025-08-25,customer_support,35,129,0.2713178294573643,Customer Service
2025-08-26,customer_support,21,124,0.1693548387096774,Customer Service
2025-08-27,customer_support,22,126,0.1746031746031746,Customer Service
2025-08-28,customer_support,23,123,0.18699186991869918,Customer Service
2025-08-29,customer_support,30,121,0.24793388429752067,Customer Service
2025-08-30,customer_support,24,127,0.1889763779527559,Customer Service
2025-08-31,customer_support,31,124,0.25,Customer Service
2025-09-01,customer_support,25,132,0.1893939393939394,Customer Service
2025-09-02,customer_support,29,132,0.2196969696969697,Customer Service
2025-09-03,customer_support,39,136,0.2867647058823529,Customer Service
2025-09-04,customer_support,27,133,0.20300751879699247,Customer Service
2025-09-05,customer_support,20,113,0.17699115044247787,Customer Service
2025-09-06,customer_support,18,122,0.14754098360655737,Customer Service
2025-09-07,customer_support,32,141,0.22695035460992907,Customer Service
2025-09-08,customer_support,35,141,0.24822695035460993,Customer Service
2025-09-09,customer_support,31,152,0.20394736842105263,Customer Service
2025-09-10,customer_support,23,127,0.18110236220472442,Customer Service
2025-09-11,customer_support,29,129,0.2248062015503876,Customer Service
2025-09-12,customer_support,26,129,0.20155038759689922,Customer Service
2025-09-13,customer_support,26,115,0.22608695652173913,Customer Service
2025-09-14,customer_support,22,119,0.18487394957983194,Customer Service
2025-09-15,customer_support,24,132,0.18181818181818182,Customer Service
2025-09-16,customer_support,32,133,0.24060150375939848,Customer Service
2025-09-17,customer_support,24,137,0.17518248175182483,Customer Service
2025-09-18,customer_support,27,135,0.2,Customer Service
2025-09-19,customer_support,35,138,0.2536231884057971,Customer Service
2025-09-20,customer_support,27,142,0.19014084507042253,Customer Service
2025-09-21,customer_support,23,118,0.19491525423728814,Customer Service
2025-09-22,customer_support,20,117,0.17094017094017094,Customer Service
2025-09-23,customer_support,27,125,0.216,Customer Service
2025-09-24,customer_support,22,129,0.17054263565891473,Customer Service
2025-09-25,customer_support,34,113,0.3008849557522124,Customer Service
2025-09-26,customer_support,21,135,0.15555555555555556,Customer Service
2025-09-27,customer_support,34,146,0.2328767123287671,Customer Service
2025-09-28,customer_support,29,140,0.20714285714285716,Customer Service
2025-09-29,customer_support,25,122,0.20491803278688525,Customer Service
2025-09-30,customer_support,23,134,0.17164179104477612,Customer Service
2025-10-01,customer_support,32,135,0.23703703703703705,Customer Service
2025-10-02,customer_support,20,114,0.17543859649122806,Customer Service
2025-10-03,customer_support,25,125,0.2,Customer Service
2025-10-04,customer_support,38,139,0.2733812949640288,Customer Service
2025-10-05,customer_support,21,118,0.17796610169491525,Customer Service
2025-10-06,customer_support,24,130,0.18461538461538463,Customer Service
2025-10-07,customer_support,31,130,0.23846153846153847,Customer Service
2025-10-08,customer_support,30,129,0.23255813953488372,Customer Service
2025-10-09,customer_support,33,141,0.23404255319148937,Customer Service
2025-10-10,customer_support,29,127,0.2283464566929134,Customer Service
2025-10-11,customer_support,33,142,0.2323943661971831,Customer Service
2025-10-12,customer_support,32,116,0.27586206896551724,Customer Service
2025-10-13,customer_support,21,121,0.17355371900826447,Customer Service
2025-10-14,customer_support,27,123,0.21951219512195122,Customer Service
2025-10-15,customer_support,23,137,0.1678832116788321,Customer Service
2025-10-16,customer_support,34,143,0.23776223776223776,Customer Service
2025-10-17,customer_support,15,107,0.14018691588785046,Customer Service
2025-10-18,customer_support,23,143,0.16083916083916083,Customer Service
2025-10-19,customer_support,26,114,0.22807017543859648,Customer Service
2025-10-20,customer_support,29,110,0.2636363636363636,Customer Service
2025-10-21,customer_support,22,115,0.19130434782608696,Customer Service
2025-10-22,customer_support,23,115,0.2,Customer Service
2025-10-23,customer_support,32,140,0.22857142857142856,Customer Service
2025-10-24,customer_support,30,130,0.23076923076923078,Customer Service
2025-10-25,customer_support,31,133,0.23308270676691728,Customer Service
2025-10-26,customer_support,23,138,0.16666666666666666,Customer Service
2025-10-27,customer_support,29,132,0.2196969696969697,Customer Service
2025-10-28,customer_support,27,142,0.19014084507042253,Customer Service
2025-10-29,customer_support,25,134,0.1865671641791045,Customer Service
2025-10-30,customer_support,34,130,0.26153846153846155,Customer Service
2025-10-31,customer_support,24,105,0.22857142857142856,Customer Service
2025-11-01,customer_support,26,149,0.174496644295302,Customer Service
2025-11-02,customer_support,18,128,0.140625,Customer Service
2025-11-03,customer_support,31,136,0.22794117647058823,Customer Service
2025-11-04,customer_support,28,130,0.2153846153846154,Customer Service
2025-11-05,customer_support,30,133,0.22556390977443608,Customer Service
2025-11-06,customer_support,32,126,0.25396825396825395,Customer Service
2025-11-07,customer_support,36,146,0.2465753424657534,Customer Service
2025-11-08,customer_support,32,142,0.22535211267605634,Customer Service
2025-11-09,customer_support,28,118,0.23728813559322035,Customer Service
2025-11-10,customer_support,35,129,0.2713178294573643,Customer Service
2025-11-11,customer_support,23,145,0.15862068965517243,Customer Service
2025-11-12,customer_support,26,112,0.23214285714285715,Customer Service
2025-11-13,customer_support,26,136,0.19117647058823528,Customer Service
2025-11-14,customer_support,20,117,0.17094017094017094,Customer Service
2025-11-15,customer_support,22,110,0.2,Customer Service
2025-11-16,customer_support,28,137,0.20437956204379562,Customer Service
2025-11-17,customer_support,29,149,0.19463087248322147,Customer Service
2025-11-18,customer_support,32,134,0.23880597014925373,Customer Service
2025-11-19,customer_support,26,123,0.21138211382113822,Customer Service
2025-11-20,customer_support,31,143,0.21678321678321677,Customer Service
2025-11-21,customer_support,15,120,0.125,Customer Service
2025-11-22,customer_support,22,130,0.16923076923076924,Customer Service
2025-11-23,customer_support,18,129,0.13953488372093023,Customer Service
2025-11-24,customer_support,24,121,0.19834710743801653,Customer Service
2025-11-25,customer_support,24,119,0.20168067226890757,Customer Service
2025-11-26,customer_support,22,119,0.18487394957983194,Customer Service
2025-11-27,customer_support,34,140,0.24285714285714285,Customer Service
2025-11-28,customer_support,34,129,0.26356589147286824,Customer Service
2025-11-29,customer_support,36,151,0.23841059602649006,Customer Service
2025-11-30,customer_support,27,129,0.20930232558139536,Customer Service
2025-12-01,customer_support,33,168,0.19642857142857142,Customer Service
2025-12-02,customer_support,28,119,0.23529411764705882,Customer Service
2025-12-03,customer_support,24,133,0.18045112781954886,Customer Service
2025-12-04,customer_support,31,139,0.22302158273381295,Customer Service
2025-12-05,customer_support,16,113,0.1415929203539823,Customer Service
2025-12-06,customer_support,27,134,0.20149253731343283,Customer Service
2025-12-07,customer_support,25,124,0.20161290322580644,Customer Service
2025-12-08,customer_support,31,153,0.20261437908496732,Customer Service
2025-12-09,customer_support,36,134,0.26865671641791045,Customer Service
2025-12-10,customer_support,29,147,0.19727891156462585,Customer Service
2025-12-11,customer_support,33,132,0.25,Customer Service
2025-12-12,customer_support,31,131,0.2366412213740458,Customer Service
2025-12-13,customer_support,23,137,0.1678832116788321,Customer Service
2025-12-14,customer_support,18,105,0.17142857142857143,Customer Service
2025-12-15,customer_support,33,122,0.27049180327868855,Customer Service
2025-12-16,customer_support,30,136,0.22058823529411764,Customer Service
2025-12-17,customer_support,25,128,0.1953125,Customer Service
2025-12-18,customer_support,26,118,0.22033898305084745,Customer Service
2025-12-19,customer_support,27,140,0.19285714285714287,Customer Service
2025-12-20,customer_support,33,145,0.22758620689655173,Customer Service
2025-12-21,customer_support,27,121,0.2231404958677686,Customer Service
2025-12-22,customer_support,37,138,0.26811594202898553,Customer Service
2025-12-23,customer_support,32,137,0.23357664233576642,Customer Service
2025-12-24,customer_support,26,123,0.21138211382113822,Customer Service
2025-12-25,customer_support,27,123,0.21951219512195122,Customer Service
2025-12-26,customer_support,33,135,0.24444444444444444,Customer Service
2025-12-27,customer_support,24,119,0.20168067226890757,Customer Service
2025-12-28,customer_support,37,151,0.24503311258278146,Customer Service
2025-12-29,customer_support,27,130,0.2076923076923077,Customer Service
2025-12-30,customer_support,23,115,0.2,Customer Service
2025-12-31,customer_support,30,134,0.22388059701492538,Customer Service
2026-01-01,customer_support,32,140,0.22857142857142856,Customer Service
2026-01-02,customer_support,24,116,0.20689655172413793,Customer Service
2026-01-03,customer_support,30,132,0.22727272727272727,Customer Service
2026-01-04,customer_support,32,123,0.2601626016260163,Customer Service
2026-01-05,customer_support,33,125,0.264,Customer Service
2026-01-06,customer_support,32,137,0.23357664233576642,Customer Service
2026-01-07,customer_support,20,123,0.16260162601626016,Customer Service
2026-01-08,customer_support,21,111,0.1891891891891892,Customer Service
2026-01-09,customer_support,19,127,0.14960629921259844,Customer Service
2026-01-10,customer_support,24,143,0.16783216783216784,Customer Service
2026-01-11,customer_support,24,118,0.2033898305084746,Customer Service
2026-01-12,customer_support,25,145,0.1724137931034483,Customer Service
2026-01-13,customer_support,26,138,0.18840579710144928,Customer Service
2026-01-14,customer_support,39,127,0.30708661417322836,Customer Service
2026-01-15,customer_support,32,135,0.23703703703703705,Customer Service
2026-01-16,customer_support,27,120,0.225,Customer Service
2026-01-17,customer_support,16,120,0.13333333333333333,Customer Service
2026-01-18,customer_support,25,131,0.19083969465648856,Customer Service
2026-01-19,customer_support,28,136,0.20588235294117646,Customer Service
2026-01-20,customer_support,25,127,0.1968503937007874,Customer Service
2026-01-21,customer_support,25,130,0.19230769230769232,Customer Service
2026-01-22,customer_support,33,149,0.2214765100671141,Customer Service
2026-01-23,customer_support,24,115,0.20869565217391303,Customer Service
2026-01-24,customer_support,34,134,0.2537313432835821,Customer Service
2026-01-25,customer_support,26,124,0.20967741935483872,Customer Service
2026-01-26,customer_support,20,125,0.16,Customer Service
2026-01-27,customer_support,33,139,0.23741007194244604,Customer Service
2026-01-28,customer_support,27,121,0.2231404958677686,Customer Service
2026-01-29,customer_support,31,132,0.23484848484848486,Customer Service
2026-01-30,customer_support,25,140,0.17857142857142858,Customer Service
2026-01-31,customer_support,23,114,0.20175438596491227,Customer Service
2026-02-01,customer_support,21,115,0.1826086956521739,Customer Service
2026-02-02,customer_support,39,147,0.2653061224489796,Customer Service
2026-02-03,customer_support,30,153,0.19607843137254902,Customer Service
2026-02-04,customer_support,26,136,0.19117647058823528,Customer Service
2026-02-05,customer_support,25,133,0.18796992481203006,Customer Service
2026-02-06,customer_support,27,126,0.21428571428571427,Customer Service
2026-02-07,customer_support,30,143,0.2097902097902098,Customer Service
2026-02-08,customer_support,33,140,0.2357142857142857,Customer Service
2026-02-09,customer_support,24,137,0.17518248175182483,Customer Service
2026-02-10,customer_support,28,134,0.208955223880597,Customer Service
2026-02-11,customer_support,27,121,0.2231404958677686,Customer Service
2026-02-12,customer_support,34,130,0.26153846153846155,Customer Service
2026-02-13,customer_support,25,131,0.19083969465648856,Customer Service
2026-02-14,customer_support,24,129,0.18604651162790697,Customer Service
2026-02-15,customer_support,32,141,0.22695035460992907,Customer Service
2026-02-16,customer_support,25,149,0.16778523489932887,Customer Service
2026-02-17,customer_support,17,118,0.1440677966101695,Customer Service
2026-02-18,customer_support,34,121,0.2809917355371901,Customer Service
2026-02-19,customer_support,33,123,0.2682926829268293,Customer Service
2026-02-20,customer_support,28,131,0.21374045801526717,Customer Service
2026-02-21,customer_support,31,156,0.1987179487179487,Customer Service
2026-02-22,customer_support,25,118,0.211864406779661,Customer Service
2026-02-23,customer_support,33,145,0.22758620689655173,Customer Service
2026-02-24,customer_support,30,140,0.21428571428571427,Customer Service
2026-02-25,customer_support,22,114,0.19298245614035087,Customer Service
2026-02-26,customer_support,27,140,0.19285714285714287,Customer Service
2026-02-27,customer_support,25,138,0.18115942028985507,Customer Service
2026-02-28,customer_support,21,113,0.18584070796460178,Customer Service
2026-03-01,customer_support,33,137,0.24087591240875914,Customer Service
2026-03-02,customer_support,31,131,0.2366412213740458,Customer Service
2026-03-03,customer_support,36,164,0.21951219512195122,Customer Service
2026-03-04,customer_support,32,144,0.2222222222222222,Customer Service
2026-03-05,customer_support,36,147,0.24489795918367346,Customer Service
2026-03-06,customer_support,24,131,0.183206106870229,Customer Service
2026-03-07,customer_support,27,133,0.20300751879699247,Customer Service
2026-03-08,customer_support,26,128,0.203125,Customer Service
2026-03-09,customer_support,17,124,0.13709677419354838,Customer Service
2026-03-10,customer_support,25,129,0.1937984496124031,Customer Service
2026-03-11,customer_support,26,127,0.2047244094488189,Customer Service
2026-03-12,customer_support,22,120,0.18333333333333332,Customer Service
2026-03-13,customer_support,28,139,0.2014388489208633,Customer Service
2026-03-14,customer_support,25,131,0.19083969465648856,Customer Service
2026-03-15,customer_support,26,123,0.21138211382113822,Customer Service
2026-03-16,customer_support,30,119,0.25210084033613445,Customer Service
2026-03-17,customer_support,36,138,0.2608695652173913,Customer Service
2026-03-18,customer_support,31,150,0.20666666666666667,Customer Service
2026-03-19,customer_support,26,136,0.19117647058823528,Customer Service
2026-03-20,customer_support,31,142,0.21830985915492956,Customer Service
2026-03-21,customer_support,21,114,0.18421052631578946,Customer Service
2026-03-22,customer_support,34,146,0.2328767123287671,Customer Service
2026-03-23,customer_support,31,139,0.22302158273381295,Customer Service
2026-03-24,customer_support,15,121,0.12396694214876033,Customer Service
2026-03-25,customer_support,34,140,0.24285714285714285,Customer Service
2026-03-26,customer_support,28,138,0.2028985507246377,Customer Service
2026-03-27,customer_support,37,139,0.26618705035971224,Customer Service
2026-03-28,customer_support,29,116,0.25,Customer Service
2026-03-29,customer_support,31,130,0.23846153846153847,Customer Service
2026-03-30,customer_support,24,145,0.16551724137931034,Customer Service
2026-03-31,customer_support,29,125,0.232,Customer Service
2026-04-01,customer_support,32,126,0.25396825396825395,Customer Service
2026-04-02,customer_support,29,124,0.23387096774193547,Customer Service
2026-04-03,customer_support,33,139,0.23741007194244604,Customer Service
2026-04-04,customer_support,26,138,0.18840579710144928,Customer Service
2026-04-05,customer_support,38,134,0.2835820895522388,Customer Service
2026-04-06,customer_support,42,144,0.2916666666666667,Customer Service
2026-04-07,customer_support,38,135,0.2814814814814815,Customer Service
2026-04-08,customer_support,26,116,0.22413793103448276,Customer Service
2026-04-09,customer_support,23,131,0.17557251908396945,Customer Service
2026-04-10,customer_support,36,137,0.26277372262773724,Customer Service
2026-04-11,customer_support,26,131,0.1984732824427481,Customer Service
2026-04-12,customer_support,31,129,0.24031007751937986,Customer Service
2026-04-13,customer_support,24,121,0.19834710743801653,Customer Service
2026-04-14,customer_support,18,132,0.13636363636363635,Customer Service
2026-04-15,customer_support,34,131,0.2595419847328244,Customer Service
2026-04-16,customer_support,32,135,0.23703703703703705,Customer Service
2026-04-17,customer_support,27,125,0.216,Customer Service
2026-04-18,customer_support,36,137,0.26277372262773724,Customer Service
2026-04-19,customer_support,22,118,0.1864406779661017,Customer Service
2026-04-20,customer_support,28,140,0.2,Customer Service
2026-04-21,customer_support,31,128,0.2421875,Customer Service
2026-04-22,customer_support,31,139,0.22302158273381295,Customer Service
2026-04-23,customer_support,18,125,0.144,Customer Service
2026-04-24,customer_support,40,130,0.3076923076923077,Customer Service
2026-04-25,customer_support,19,107,0.17757009345794392,Customer Service
2026-04-26,customer_support,35,140,0.25,Customer Service
2026-04-27,customer_support,24,140,0.17142857142857143,Customer Service
2026-04-28,customer_support,24,113,0.21238938053097345,Customer Service
2026-04-29,customer_support,28,138,0.2028985507246377,Customer Service
2026-04-30,customer_support,26,126,0.20634920634920634,Customer Service
2026-05-01,customer_support,28,141,0.19858156028368795,Customer Service
2026-05-02,customer_support,21,128,0.1640625,Customer Service
2026-05-03,customer_support,36,137,0.26277372262773724,Customer Service
2026-05-04,customer_support,31,143,0.21678321678321677,Customer Service
2026-05-05,customer_support,23,155,0.14838709677419354,Customer Service
2026-05-06,customer_support,30,127,0.23622047244094488,Customer Service
2026-05-07,customer_support,23,139,0.16546762589928057,Customer Service
2026-05-08,customer_support,26,136,0.19117647058823528,Customer Service
2026-05-09,customer_support,25,130,0.19230769230769232,Customer Service
2026-05-10,customer_support,31,134,0.23134328358208955,Customer Service
2026-05-11,customer_support,25,125,0.2,Customer Service
2026-05-12,customer_support,31,132,0.23484848484848486,Customer Service
2026-05-13,customer_support,24,123,0.1951219512195122,Customer Service
2026-05-14,customer_support,33,132,0.25,Customer Service
2026-05-15,customer_support,24,131,0.183206106870229,Customer Service
2026-05-16,customer_support,23,136,0.16911764705882354,Customer Service
2026-05-17,customer_support,33,135,0.24444444444444444,Customer Service
2026-05-18,customer_support,28,120,0.23333333333333334,Customer Service
2026-05-19,customer_support,26,138,0.18840579710144928,Customer Service
2026-05-20,customer_support,29,140,0.20714285714285716,Customer Service
2026-05-21,customer_support,24,118,0.2033898305084746,Customer Service
2026-05-22,customer_support,28,141,0.19858156028368795,Customer Service
2026-05-23,customer_support,23,130,0.17692307692307693,Customer Service
2026-05-24,customer_support,19,124,0.1532258064516129,Customer Service
2026-05-25,customer_support,25,128,0.1953125,Customer Service
2026-05-26,customer_support,20,111,0.18018018018018017,Customer Service
2026-05-27,customer_support,21,136,0.15441176470588236,Customer Service
2026-05-28,customer_support,33,125,0.264,Customer Service
2026-05-29,customer_support,24,125,0.192,Customer Service
2026-05-30,customer_support,22,111,0.1981981981981982,Customer Service
2026-05-31,customer_support,42,154,0.2727272727272727,Customer Service
2026-06-01,customer_support,30,125,0.24,Customer Service
2026-06-02,customer_support,33,144,0.22916666666666666,Customer Service
2026-06-03,customer_support,32,141,0.22695035460992907,Customer Service
2026-06-04,customer_support,27,134,0.20149253731343283,Customer Service
2026-06-05,customer_support,34,138,0.2463768115942029,Customer Service
2026-06-06,customer_support,28,133,0.21052631578947367,Customer Service
2026-06-07,customer_support,32,132,0.24242424242424243,Customer Service
2026-06-08,customer_support,34,124,0.27419354838709675,Customer Service
2026-06-09,customer_support,38,141,0.2695035460992908,Customer Service
2026-06-10,customer_support,30,122,0.2459016393442623,Customer Service
2026-06-11,customer_support,30,143,0.2097902097902098,Customer Service
2026-06-12,customer_support,24,126,0.19047619047619047,Customer Service
2026-06-13,customer_support,31,115,0.26956521739130435,Customer Service
2026-06-14,customer_support,26,126,0.20634920634920634,Customer Service
2026-06-15,customer_support,23,126,0.18253968253968253,Customer Service
2026-06-16,customer_support,33,130,0.25384615384615383,Customer Service
2026-06-17,customer_support,39,131,0.29770992366412213,Customer Service
2026-06-18,customer_support,23,131,0.17557251908396945,Customer Service
2026-06-19,customer_support,34,147,0.23129251700680273,Customer Service
2026-06-20,customer_support,23,115,0.2,Customer Service
2026-06-21,customer_support,25,124,0.20161290322580644,Customer Service
2026-06-22,customer_support,33,142,0.2323943661971831,Customer Service
2026-06-23,customer_support,27,131,0.20610687022900764,Customer Service
2026-06-24,customer_support,28,123,0.22764227642276422,Customer Service
2026-06-25,customer_support,32,129,0.24806201550387597,Customer Service
2026-06-26,customer_support,24,146,0.1643835616438356,Customer Service
2026-06-27,customer_support,17,123,0.13821138211382114,Customer Service
2026-06-28,customer_support,24,137,0.17518248175182483,Customer Service
2026-06-29,customer_support,18,119,0.15126050420168066,Customer Service
2024-01-01,delivery_delay,31,132,0.23484848484848486,Delivery Delay
2024-01-02,delivery_delay,33,132,0.25,Delivery Delay
2024-01-03,delivery_delay,24,146,0.1643835616438356,Delivery Delay
2024-01-04,delivery_delay,37,154,0.24025974025974026,Delivery Delay
2024-01-05,delivery_delay,29,134,0.21641791044776118,Delivery Delay
2024-01-06,delivery_delay,30,142,0.2112676056338028,Delivery Delay
2024-01-07,delivery_delay,43,148,0.2905405405405405,Delivery Delay
2024-01-08,delivery_delay,35,140,0.25,Delivery Delay
2024-01-09,delivery_delay,41,152,0.26973684210526316,Delivery Delay
2024-01-10,delivery_delay,39,134,0.291044776119403,Delivery Delay
2024-01-11,delivery_delay,43,145,0.296551724137931,Delivery Delay
2024-01-12,delivery_delay,29,104,0.27884615384615385,Delivery Delay
2024-01-13,delivery_delay,36,140,0.2571428571428571,Delivery Delay
2024-01-14,delivery_delay,38,142,0.2676056338028169,Delivery Delay
2024-01-15,delivery_delay,31,130,0.23846153846153847,Delivery Delay
2024-01-16,delivery_delay,37,113,0.3274336283185841,Delivery Delay
2024-01-17,delivery_delay,21,130,0.16153846153846155,Delivery Delay
2024-01-18,delivery_delay,37,145,0.25517241379310346,Delivery Delay
2024-01-19,delivery_delay,31,133,0.23308270676691728,Delivery Delay
2024-01-20,delivery_delay,33,137,0.24087591240875914,Delivery Delay
2024-01-21,delivery_delay,23,144,0.1597222222222222,Delivery Delay
2024-01-22,delivery_delay,40,147,0.272108843537415,Delivery Delay
2024-01-23,delivery_delay,39,153,0.2549019607843137,Delivery Delay
2024-01-24,delivery_delay,34,132,0.25757575757575757,Delivery Delay
2024-01-25,delivery_delay,49,147,0.3333333333333333,Delivery Delay
2024-01-26,delivery_delay,27,133,0.20300751879699247,Delivery Delay
2024-01-27,delivery_delay,37,146,0.2534246575342466,Delivery Delay
2024-01-28,delivery_delay,42,138,0.30434782608695654,Delivery Delay
2024-01-29,delivery_delay,28,127,0.2204724409448819,Delivery Delay
2024-01-30,delivery_delay,33,131,0.25190839694656486,Delivery Delay
2024-01-31,delivery_delay,30,123,0.24390243902439024,Delivery Delay
2024-02-01,delivery_delay,28,140,0.2,Delivery Delay
2024-02-02,delivery_delay,31,116,0.2672413793103448,Delivery Delay
2024-02-03,delivery_delay,29,113,0.25663716814159293,Delivery Delay
2024-02-04,delivery_delay,39,138,0.2826086956521739,Delivery Delay
2024-02-05,delivery_delay,29,135,0.21481481481481482,Delivery Delay
2024-02-06,delivery_delay,27,124,0.21774193548387097,Delivery Delay
2024-02-07,delivery_delay,42,131,0.32061068702290074,Delivery Delay
2024-02-08,delivery_delay,24,110,0.21818181818181817,Delivery Delay
2024-02-09,delivery_delay,26,125,0.208,Delivery Delay
2024-02-10,delivery_delay,34,138,0.2463768115942029,Delivery Delay
2024-02-11,delivery_delay,27,125,0.216,Delivery Delay
2024-02-12,delivery_delay,24,151,0.15894039735099338,Delivery Delay
2024-02-13,delivery_delay,26,119,0.2184873949579832,Delivery Delay
2024-02-14,delivery_delay,33,158,0.2088607594936709,Delivery Delay
2024-02-15,delivery_delay,31,126,0.24603174603174602,Delivery Delay
2024-02-16,delivery_delay,28,120,0.23333333333333334,Delivery Delay
2024-02-17,delivery_delay,36,126,0.2857142857142857,Delivery Delay
2024-02-18,delivery_delay,27,130,0.2076923076923077,Delivery Delay
2024-02-19,delivery_delay,39,140,0.2785714285714286,Delivery Delay
2024-02-20,delivery_delay,38,133,0.2857142857142857,Delivery Delay
2024-02-21,delivery_delay,34,141,0.24113475177304963,Delivery Delay
2024-02-22,delivery_delay,29,138,0.21014492753623187,Delivery Delay
2024-02-23,delivery_delay,38,139,0.2733812949640288,Delivery Delay
2024-02-24,delivery_delay,39,128,0.3046875,Delivery Delay
2024-02-25,delivery_delay,38,126,0.30158730158730157,Delivery Delay
2024-02-26,delivery_delay,34,119,0.2857142857142857,Delivery Delay
2024-02-27,delivery_delay,43,125,0.344,Delivery Delay
2024-02-28,delivery_delay,30,126,0.23809523809523808,Delivery Delay
2024-02-29,delivery_delay,29,126,0.23015873015873015,Delivery Delay
2024-03-01,delivery_delay,22,121,0.18181818181818182,Delivery Delay
2024-03-02,delivery_delay,31,141,0.2198581560283688,Delivery Delay
2024-03-03,delivery_delay,28,136,0.20588235294117646,Delivery Delay
2024-03-04,delivery_delay,33,128,0.2578125,Delivery Delay
2024-03-05,delivery_delay,35,109,0.3211009174311927,Delivery Delay
2024-03-06,delivery_delay,29,111,0.26126126126126126,Delivery Delay
2024-03-07,delivery_delay,30,129,0.23255813953488372,Delivery Delay
2024-03-08,delivery_delay,32,113,0.2831858407079646,Delivery Delay
2024-03-09,delivery_delay,36,127,0.28346456692913385,Delivery Delay
2024-03-10,delivery_delay,29,128,0.2265625,Delivery Delay
2024-03-11,delivery_delay,34,133,0.2556390977443609,Delivery Delay
2024-03-12,delivery_delay,26,109,0.23853211009174313,Delivery Delay
2024-03-13,delivery_delay,38,134,0.2835820895522388,Delivery Delay
2024-03-14,delivery_delay,28,122,0.22950819672131148,Delivery Delay
2024-03-15,delivery_delay,40,152,0.2631578947368421,Delivery Delay
2024-03-16,delivery_delay,36,139,0.2589928057553957,Delivery Delay
2024-03-17,delivery_delay,34,135,0.2518518518518518,Delivery Delay
2024-03-18,delivery_delay,33,143,0.23076923076923078,Delivery Delay
2024-03-19,delivery_delay,32,140,0.22857142857142856,Delivery Delay
2024-03-20,delivery_delay,35,122,0.28688524590163933,Delivery Delay
2024-03-21,delivery_delay,29,126,0.23015873015873015,Delivery Delay
2024-03-22,delivery_delay,34,123,0.2764227642276423,Delivery Delay
2024-03-23,delivery_delay,30,124,0.24193548387096775,Delivery Delay
2024-03-24,delivery_delay,51,158,0.3227848101265823,Delivery Delay
2024-03-25,delivery_delay,40,156,0.2564102564102564,Delivery Delay
2024-03-26,delivery_delay,32,131,0.24427480916030533,Delivery Delay
2024-03-27,delivery_delay,27,134,0.20149253731343283,Delivery Delay
2024-03-28,delivery_delay,31,130,0.23846153846153847,Delivery Delay
2024-03-29,delivery_delay,34,151,0.2251655629139073,Delivery Delay
2024-03-30,delivery_delay,22,121,0.18181818181818182,Delivery Delay
2024-03-31,delivery_delay,35,133,0.2631578947368421,Delivery Delay
2024-04-01,delivery_delay,30,136,0.22058823529411764,Delivery Delay
2024-04-02,delivery_delay,26,124,0.20967741935483872,Delivery Delay
2024-04-03,delivery_delay,24,117,0.20512820512820512,Delivery Delay
2024-04-04,delivery_delay,35,132,0.26515151515151514,Delivery Delay
2024-04-05,delivery_delay,36,135,0.26666666666666666,Delivery Delay
2024-04-06,delivery_delay,35,132,0.26515151515151514,Delivery Delay
2024-04-07,delivery_delay,30,124,0.24193548387096775,Delivery Delay
2024-04-08,delivery_delay,43,139,0.30935251798561153,Delivery Delay
2024-04-09,delivery_delay,30,130,0.23076923076923078,Delivery Delay
2024-04-10,delivery_delay,38,152,0.25,Delivery Delay
2024-04-11,delivery_delay,23,108,0.21296296296296297,Delivery Delay
2024-04-12,delivery_delay,33,133,0.24812030075187969,Delivery Delay
2024-04-13,delivery_delay,27,123,0.21951219512195122,Delivery Delay
2024-04-14,delivery_delay,33,143,0.23076923076923078,Delivery Delay
2024-04-15,delivery_delay,32,130,0.24615384615384617,Delivery Delay
2024-04-16,delivery_delay,32,127,0.25196850393700787,Delivery Delay
2024-04-17,delivery_delay,30,121,0.24793388429752067,Delivery Delay
2024-04-18,delivery_delay,46,155,0.2967741935483871,Delivery Delay
2024-04-19,delivery_delay,42,137,0.30656934306569344,Delivery Delay
2024-04-20,delivery_delay,39,147,0.2653061224489796,Delivery Delay
2024-04-21,delivery_delay,27,137,0.19708029197080293,Delivery Delay
2024-04-22,delivery_delay,31,130,0.23846153846153847,Delivery Delay
2024-04-23,delivery_delay,32,119,0.2689075630252101,Delivery Delay
2024-04-24,delivery_delay,32,121,0.2644628099173554,Delivery Delay
2024-04-25,delivery_delay,27,124,0.21774193548387097,Delivery Delay
2024-04-26,delivery_delay,36,138,0.2608695652173913,Delivery Delay
2024-04-27,delivery_delay,28,118,0.23728813559322035,Delivery Delay
2024-04-28,delivery_delay,36,127,0.28346456692913385,Delivery Delay
2024-04-29,delivery_delay,21,131,0.16030534351145037,Delivery Delay
2024-04-30,delivery_delay,30,137,0.21897810218978103,Delivery Delay
2024-05-01,delivery_delay,43,136,0.3161764705882353,Delivery Delay
2024-05-02,delivery_delay,19,101,0.18811881188118812,Delivery Delay
2024-05-03,delivery_delay,31,138,0.2246376811594203,Delivery Delay
2024-05-04,delivery_delay,35,135,0.25925925925925924,Delivery Delay
2024-05-05,delivery_delay,24,116,0.20689655172413793,Delivery Delay
2024-05-06,delivery_delay,32,140,0.22857142857142856,Delivery Delay
2024-05-07,delivery_delay,28,124,0.22580645161290322,Delivery Delay
2024-05-08,delivery_delay,26,141,0.18439716312056736,Delivery Delay
2024-05-09,delivery_delay,23,125,0.184,Delivery Delay
2024-05-10,delivery_delay,29,133,0.21804511278195488,Delivery Delay
2024-05-11,delivery_delay,30,137,0.21897810218978103,Delivery Delay
2024-05-12,delivery_delay,22,133,0.16541353383458646,Delivery Delay
2024-05-13,delivery_delay,33,151,0.2185430463576159,Delivery Delay
2024-05-14,delivery_delay,33,119,0.2773109243697479,Delivery Delay
2024-05-15,delivery_delay,27,114,0.23684210526315788,Delivery Delay
2024-05-16,delivery_delay,22,129,0.17054263565891473,Delivery Delay
2024-05-17,delivery_delay,29,117,0.24786324786324787,Delivery Delay
2024-05-18,delivery_delay,33,130,0.25384615384615383,Delivery Delay
2024-05-19,delivery_delay,32,123,0.2601626016260163,Delivery Delay
2024-05-20,delivery_delay,37,141,0.2624113475177305,Delivery Delay
2024-05-21,delivery_delay,40,130,0.3076923076923077,Delivery Delay
2024-05-22,delivery_delay,36,140,0.2571428571428571,Delivery Delay
2024-05-23,delivery_delay,24,134,0.1791044776119403,Delivery Delay
2024-05-24,delivery_delay,31,132,0.23484848484848486,Delivery Delay
2024-05-25,delivery_delay,26,125,0.208,Delivery Delay
2024-05-26,delivery_delay,42,148,0.28378378378378377,Delivery Delay
2024-05-27,delivery_delay,27,108,0.25,Delivery Delay
2024-05-28,delivery_delay,31,125,0.248,Delivery Delay
2024-05-29,delivery_delay,19,122,0.1557377049180328,Delivery Delay
2024-05-30,delivery_delay,35,133,0.2631578947368421,Delivery Delay
2024-05-31,delivery_delay,30,121,0.24793388429752067,Delivery Delay
2024-06-01,delivery_delay,34,128,0.265625,Delivery Delay
2024-06-02,delivery_delay,30,122,0.2459016393442623,Delivery Delay
2024-06-03,delivery_delay,30,130,0.23076923076923078,Delivery Delay
2024-06-04,delivery_delay,28,133,0.21052631578947367,Delivery Delay
2024-06-05,delivery_delay,30,125,0.24,Delivery Delay
2024-06-06,delivery_delay,22,145,0.15172413793103448,Delivery Delay
2024-06-07,delivery_delay,22,126,0.1746031746031746,Delivery Delay
2024-06-08,delivery_delay,38,136,0.27941176470588236,Delivery Delay
2024-06-09,delivery_delay,30,120,0.25,Delivery Delay
2024-06-10,delivery_delay,23,107,0.21495327102803738,Delivery Delay
2024-06-11,delivery_delay,33,143,0.23076923076923078,Delivery Delay
2024-06-12,delivery_delay,29,128,0.2265625,Delivery Delay
2024-06-13,delivery_delay,31,136,0.22794117647058823,Delivery Delay
2024-06-14,delivery_delay,29,125,0.232,Delivery Delay
2024-06-15,delivery_delay,30,133,0.22556390977443608,Delivery Delay
2024-06-16,delivery_delay,33,155,0.2129032258064516,Delivery Delay
2024-06-17,delivery_delay,37,129,0.2868217054263566,Delivery Delay
2024-06-18,delivery_delay,28,133,0.21052631578947367,Delivery Delay
2024-06-19,delivery_delay,28,120,0.23333333333333334,Delivery Delay
2024-06-20,delivery_delay,29,119,0.24369747899159663,Delivery Delay
2024-06-21,delivery_delay,26,129,0.20155038759689922,Delivery Delay
2024-06-22,delivery_delay,35,146,0.23972602739726026,Delivery Delay
2024-06-23,delivery_delay,29,146,0.19863013698630136,Delivery Delay
2024-06-24,delivery_delay,38,144,0.2638888888888889,Delivery Delay
2024-06-25,delivery_delay,46,162,0.2839506172839506,Delivery Delay
2024-06-26,delivery_delay,28,129,0.21705426356589147,Delivery Delay
2024-06-27,delivery_delay,35,148,0.23648648648648649,Delivery Delay
2024-06-28,delivery_delay,28,106,0.2641509433962264,Delivery Delay
2024-06-29,delivery_delay,29,124,0.23387096774193547,Delivery Delay
2024-06-30,delivery_delay,36,156,0.23076923076923078,Delivery Delay
2024-07-01,delivery_delay,25,126,0.1984126984126984,Delivery Delay
2024-07-02,delivery_delay,29,122,0.23770491803278687,Delivery Delay
2024-07-03,delivery_delay,30,124,0.24193548387096775,Delivery Delay
2024-07-04,delivery_delay,34,146,0.2328767123287671,Delivery Delay
2024-07-05,delivery_delay,41,154,0.2662337662337662,Delivery Delay
2024-07-06,delivery_delay,26,128,0.203125,Delivery Delay
2024-07-07,delivery_delay,37,125,0.296,Delivery Delay
2024-07-08,delivery_delay,28,130,0.2153846153846154,Delivery Delay
2024-07-09,delivery_delay,31,153,0.20261437908496732,Delivery Delay
2024-07-10,delivery_delay,33,141,0.23404255319148937,Delivery Delay
2024-07-11,delivery_delay,28,132,0.21212121212121213,Delivery Delay
2024-07-12,delivery_delay,39,137,0.2846715328467153,Delivery Delay
2024-07-13,delivery_delay,34,130,0.26153846153846155,Delivery Delay
2024-07-14,delivery_delay,39,130,0.3,Delivery Delay
2024-07-15,delivery_delay,43,115,0.3739130434782609,Delivery Delay
2024-07-16,delivery_delay,40,149,0.2684563758389262,Delivery Delay
2024-07-17,delivery_delay,37,125,0.296,Delivery Delay
2024-07-18,delivery_delay,31,120,0.25833333333333336,Delivery Delay
2024-07-19,delivery_delay,35,129,0.2713178294573643,Delivery Delay
2024-07-20,delivery_delay,40,143,0.27972027972027974,Delivery Delay
2024-07-21,delivery_delay,28,145,0.19310344827586207,Delivery Delay
2024-07-22,delivery_delay,28,148,0.1891891891891892,Delivery Delay
2024-07-23,delivery_delay,35,145,0.2413793103448276,Delivery Delay
2024-07-24,delivery_delay,27,115,0.23478260869565218,Delivery Delay
2024-07-25,delivery_delay,31,147,0.2108843537414966,Delivery Delay
2024-07-26,delivery_delay,27,139,0.19424460431654678,Delivery Delay
2024-07-27,delivery_delay,36,123,0.2926829268292683,Delivery Delay
2024-07-28,delivery_delay,29,123,0.23577235772357724,Delivery Delay
2024-07-29,delivery_delay,35,126,0.2777777777777778,Delivery Delay
2024-07-30,delivery_delay,29,138,0.21014492753623187,Delivery Delay
2024-07-31,delivery_delay,19,120,0.15833333333333333,Delivery Delay
2024-08-01,delivery_delay,34,124,0.27419354838709675,Delivery Delay
2024-08-02,delivery_delay,33,134,0.2462686567164179,Delivery Delay
2024-08-03,delivery_delay,33,131,0.25190839694656486,Delivery Delay
2024-08-04,delivery_delay,23,119,0.19327731092436976,Delivery Delay
2024-08-05,delivery_delay,31,115,0.26956521739130435,Delivery Delay
2024-08-06,delivery_delay,36,139,0.2589928057553957,Delivery Delay
2024-08-07,delivery_delay,26,123,0.21138211382113822,Delivery Delay
2024-08-08,delivery_delay,34,134,0.2537313432835821,Delivery Delay
2024-08-09,delivery_delay,35,119,0.29411764705882354,Delivery Delay
2024-08-10,delivery_delay,34,127,0.2677165354330709,Delivery Delay
2024-08-11,delivery_delay,28,140,0.2,Delivery Delay
2024-08-12,delivery_delay,36,142,0.2535211267605634,Delivery Delay
2024-08-13,delivery_delay,28,133,0.21052631578947367,Delivery Delay
2024-08-14,delivery_delay,27,145,0.18620689655172415,Delivery Delay
2024-08-15,delivery_delay,30,121,0.24793388429752067,Delivery Delay
2024-08-16,delivery_delay,20,93,0.21505376344086022,Delivery Delay
2024-08-17,delivery_delay,23,134,0.17164179104477612,Delivery Delay
2024-08-18,delivery_delay,36,145,0.2482758620689655,Delivery Delay
2024-08-19,delivery_delay,22,132,0.16666666666666666,Delivery Delay
2024-08-20,delivery_delay,33,151,0.2185430463576159,Delivery Delay
2024-08-21,delivery_delay,29,135,0.21481481481481482,Delivery Delay
2024-08-22,delivery_delay,28,107,0.2616822429906542,Delivery Delay
2024-08-23,delivery_delay,31,116,0.2672413793103448,Delivery Delay
2024-08-24,delivery_delay,28,145,0.19310344827586207,Delivery Delay
2024-08-25,delivery_delay,24,124,0.1935483870967742,Delivery Delay
2024-08-26,delivery_delay,30,134,0.22388059701492538,Delivery Delay
2024-08-27,delivery_delay,34,123,0.2764227642276423,Delivery Delay
2024-08-28,delivery_delay,34,133,0.2556390977443609,Delivery Delay
2024-08-29,delivery_delay,33,148,0.22297297297297297,Delivery Delay
2024-08-30,delivery_delay,36,141,0.2553191489361702,Delivery Delay
2024-08-31,delivery_delay,35,143,0.24475524475524477,Delivery Delay
2024-09-01,delivery_delay,24,117,0.20512820512820512,Delivery Delay
2024-09-02,delivery_delay,31,130,0.23846153846153847,Delivery Delay
2024-09-03,delivery_delay,28,149,0.18791946308724833,Delivery Delay
2024-09-04,delivery_delay,35,141,0.24822695035460993,Delivery Delay
2024-09-05,delivery_delay,31,129,0.24031007751937986,Delivery Delay
2024-09-06,delivery_delay,40,137,0.291970802919708,Delivery Delay
2024-09-07,delivery_delay,42,143,0.2937062937062937,Delivery Delay
2024-09-08,delivery_delay,28,140,0.2,Delivery Delay
2024-09-09,delivery_delay,29,133,0.21804511278195488,Delivery Delay
2024-09-10,delivery_delay,36,131,0.2748091603053435,Delivery Delay
2024-09-11,delivery_delay,29,123,0.23577235772357724,Delivery Delay
2024-09-12,delivery_delay,17,128,0.1328125,Delivery Delay
2024-09-13,delivery_delay,43,133,0.3233082706766917,Delivery Delay
2024-09-14,delivery_delay,33,141,0.23404255319148937,Delivery Delay
2024-09-15,delivery_delay,24,122,0.19672131147540983,Delivery Delay
2024-09-16,delivery_delay,37,136,0.27205882352941174,Delivery Delay
2024-09-17,delivery_delay,38,136,0.27941176470588236,Delivery Delay
2024-09-18,delivery_delay,33,128,0.2578125,Delivery Delay
2024-09-19,delivery_delay,38,122,0.3114754098360656,Delivery Delay
2024-09-20,delivery_delay,36,154,0.23376623376623376,Delivery Delay
2024-09-21,delivery_delay,38,149,0.2550335570469799,Delivery Delay
2024-09-22,delivery_delay,26,121,0.21487603305785125,Delivery Delay
2024-09-23,delivery_delay,40,142,0.28169014084507044,Delivery Delay
2024-09-24,delivery_delay,37,119,0.31092436974789917,Delivery Delay
2024-09-25,delivery_delay,37,144,0.2569444444444444,Delivery Delay
2024-09-26,delivery_delay,31,120,0.25833333333333336,Delivery Delay
2024-09-27,delivery_delay,25,111,0.22522522522522523,Delivery Delay
2024-09-28,delivery_delay,31,135,0.22962962962962963,Delivery Delay
2024-09-29,delivery_delay,39,156,0.25,Delivery Delay
2024-09-30,delivery_delay,29,116,0.25,Delivery Delay
2024-10-01,delivery_delay,28,133,0.21052631578947367,Delivery Delay
2024-10-02,delivery_delay,25,114,0.21929824561403508,Delivery Delay
2024-10-03,delivery_delay,30,110,0.2727272727272727,Delivery Delay
2024-10-04,delivery_delay,35,134,0.26119402985074625,Delivery Delay
2024-10-05,delivery_delay,40,143,0.27972027972027974,Delivery Delay
2024-10-06,delivery_delay,28,142,0.19718309859154928,Delivery Delay
2024-10-07,delivery_delay,38,124,0.3064516129032258,Delivery Delay
2024-10-08,delivery_delay,29,122,0.23770491803278687,Delivery Delay
2024-10-09,delivery_delay,32,129,0.24806201550387597,Delivery Delay
2024-10-10,delivery_delay,24,130,0.18461538461538463,Delivery Delay
2024-10-11,delivery_delay,31,141,0.2198581560283688,Delivery Delay
2024-10-12,delivery_delay,26,119,0.2184873949579832,Delivery Delay
2024-10-13,delivery_delay,27,145,0.18620689655172415,Delivery Delay
2024-10-14,delivery_delay,26,130,0.2,Delivery Delay
2024-10-15,delivery_delay,30,120,0.25,Delivery Delay
2024-10-16,delivery_delay,17,112,0.15178571428571427,Delivery Delay
2024-10-17,delivery_delay,32,133,0.24060150375939848,Delivery Delay
2024-10-18,delivery_delay,22,112,0.19642857142857142,Delivery Delay
2024-10-19,delivery_delay,37,134,0.27611940298507465,Delivery Delay
2024-10-20,delivery_delay,38,128,0.296875,Delivery Delay
2024-10-21,delivery_delay,22,127,0.1732283464566929,Delivery Delay
2024-10-22,delivery_delay,28,136,0.20588235294117646,Delivery Delay
2024-10-23,delivery_delay,37,143,0.25874125874125875,Delivery Delay
2024-10-24,delivery_delay,20,118,0.1694915254237288,Delivery Delay
2024-10-25,delivery_delay,35,148,0.23648648648648649,Delivery Delay
2024-10-26,delivery_delay,35,133,0.2631578947368421,Delivery Delay
2024-10-27,delivery_delay,33,124,0.2661290322580645,Delivery Delay
2024-10-28,delivery_delay,34,133,0.2556390977443609,Delivery Delay
2024-10-29,delivery_delay,33,128,0.2578125,Delivery Delay
2024-10-30,delivery_delay,22,115,0.19130434782608696,Delivery Delay
2024-10-31,delivery_delay,34,127,0.2677165354330709,Delivery Delay
2024-11-01,delivery_delay,34,136,0.25,Delivery Delay
2024-11-02,delivery_delay,43,132,0.32575757575757575,Delivery Delay
2024-11-03,delivery_delay,29,117,0.24786324786324787,Delivery Delay
2024-11-04,delivery_delay,53,179,0.29608938547486036,Delivery Delay
2024-11-05,delivery_delay,37,140,0.2642857142857143,Delivery Delay
2024-11-06,delivery_delay,35,146,0.23972602739726026,Delivery Delay
2024-11-07,delivery_delay,37,124,0.29838709677419356,Delivery Delay
2024-11-08,delivery_delay,40,150,0.26666666666666666,Delivery Delay
2024-11-09,delivery_delay,34,141,0.24113475177304963,Delivery Delay
2024-11-10,delivery_delay,30,127,0.23622047244094488,Delivery Delay
2024-11-11,delivery_delay,44,120,0.36666666666666664,Delivery Delay
2024-11-12,delivery_delay,26,126,0.20634920634920634,Delivery Delay
2024-11-13,delivery_delay,40,139,0.28776978417266186,Delivery Delay
2024-11-14,delivery_delay,26,126,0.20634920634920634,Delivery Delay
2024-11-15,delivery_delay,25,109,0.22935779816513763,Delivery Delay
2024-11-16,delivery_delay,41,139,0.2949640287769784,Delivery Delay
2024-11-17,delivery_delay,34,120,0.2833333333333333,Delivery Delay
2024-11-18,delivery_delay,28,138,0.2028985507246377,Delivery Delay
2024-11-19,delivery_delay,36,135,0.26666666666666666,Delivery Delay
2024-11-20,delivery_delay,32,118,0.2711864406779661,Delivery Delay
2024-11-21,delivery_delay,30,133,0.22556390977443608,Delivery Delay
2024-11-22,delivery_delay,33,142,0.2323943661971831,Delivery Delay
2024-11-23,delivery_delay,26,134,0.19402985074626866,Delivery Delay
2024-11-24,delivery_delay,34,134,0.2537313432835821,Delivery Delay
2024-11-25,delivery_delay,27,111,0.24324324324324326,Delivery Delay
2024-11-26,delivery_delay,31,143,0.21678321678321677,Delivery Delay
2024-11-27,delivery_delay,30,136,0.22058823529411764,Delivery Delay
2024-11-28,delivery_delay,34,134,0.2537313432835821,Delivery Delay
2024-11-29,delivery_delay,35,131,0.26717557251908397,Delivery Delay
2024-11-30,delivery_delay,35,140,0.25,Delivery Delay
2024-12-01,delivery_delay,32,138,0.2318840579710145,Delivery Delay
2024-12-02,delivery_delay,31,124,0.25,Delivery Delay
2024-12-03,delivery_delay,33,134,0.2462686567164179,Delivery Delay
2024-12-04,delivery_delay,35,130,0.2692307692307692,Delivery Delay
2024-12-05,delivery_delay,39,135,0.28888888888888886,Delivery Delay
2024-12-06,delivery_delay,35,140,0.25,Delivery Delay
2024-12-07,delivery_delay,36,141,0.2553191489361702,Delivery Delay
2024-12-08,delivery_delay,36,138,0.2608695652173913,Delivery Delay
2024-12-09,delivery_delay,43,145,0.296551724137931,Delivery Delay
2024-12-10,delivery_delay,28,141,0.19858156028368795,Delivery Delay
2024-12-11,delivery_delay,41,137,0.29927007299270075,Delivery Delay
2024-12-12,delivery_delay,38,142,0.2676056338028169,Delivery Delay
2024-12-13,delivery_delay,34,140,0.24285714285714285,Delivery Delay
2024-12-14,delivery_delay,32,124,0.25806451612903225,Delivery Delay
2024-12-15,delivery_delay,36,128,0.28125,Delivery Delay
2024-12-16,delivery_delay,20,132,0.15151515151515152,Delivery Delay
2024-12-17,delivery_delay,12,115,0.10434782608695652,Delivery Delay
2024-12-18,delivery_delay,32,122,0.26229508196721313,Delivery Delay
2024-12-19,delivery_delay,29,120,0.24166666666666667,Delivery Delay
2024-12-20,delivery_delay,26,132,0.19696969696969696,Delivery Delay
2024-12-21,delivery_delay,22,107,0.205607476635514,Delivery Delay
2024-12-22,delivery_delay,37,143,0.25874125874125875,Delivery Delay
2024-12-23,delivery_delay,27,129,0.20930232558139536,Delivery Delay
2024-12-24,delivery_delay,24,103,0.23300970873786409,Delivery Delay
2024-12-25,delivery_delay,29,117,0.24786324786324787,Delivery Delay
2024-12-26,delivery_delay,31,131,0.2366412213740458,Delivery Delay
2024-12-27,delivery_delay,29,136,0.21323529411764705,Delivery Delay
2024-12-28,delivery_delay,35,134,0.26119402985074625,Delivery Delay
2024-12-29,delivery_delay,32,135,0.23703703703703705,Delivery Delay
2024-12-30,delivery_delay,35,149,0.2348993288590604,Delivery Delay
2024-12-31,delivery_delay,26,129,0.20155038759689922,Delivery Delay
2025-01-01,delivery_delay,34,118,0.288135593220339,Delivery Delay
2025-01-02,delivery_delay,33,134,0.2462686567164179,Delivery Delay
2025-01-03,delivery_delay,37,137,0.27007299270072993,Delivery Delay
2025-01-04,delivery_delay,23,119,0.19327731092436976,Delivery Delay
2025-01-05,delivery_delay,34,148,0.22972972972972974,Delivery Delay
2025-01-06,delivery_delay,33,156,0.21153846153846154,Delivery Delay
2025-01-07,delivery_delay,34,126,0.2698412698412698,Delivery Delay
2025-01-08,delivery_delay,37,150,0.24666666666666667,Delivery Delay
2025-01-09,delivery_delay,33,131,0.25190839694656486,Delivery Delay
2025-01-10,delivery_delay,33,128,0.2578125,Delivery Delay
2025-01-11,delivery_delay,43,148,0.2905405405405405,Delivery Delay
2025-01-12,delivery_delay,41,136,0.3014705882352941,Delivery Delay
2025-01-13,delivery_delay,36,123,0.2926829268292683,Delivery Delay
2025-01-14,delivery_delay,31,135,0.22962962962962963,Delivery Delay
2025-01-15,delivery_delay,32,139,0.2302158273381295,Delivery Delay
2025-01-16,delivery_delay,40,148,0.2702702702702703,Delivery Delay
2025-01-17,delivery_delay,42,156,0.2692307692307692,Delivery Delay
2025-01-18,delivery_delay,26,120,0.21666666666666667,Delivery Delay
2025-01-19,delivery_delay,39,120,0.325,Delivery Delay
2025-01-20,delivery_delay,27,132,0.20454545454545456,Delivery Delay
2025-01-21,delivery_delay,35,130,0.2692307692307692,Delivery Delay
2025-01-22,delivery_delay,36,152,0.23684210526315788,Delivery Delay
2025-01-23,delivery_delay,35,139,0.2517985611510791,Delivery Delay
2025-01-24,delivery_delay,34,126,0.2698412698412698,Delivery Delay
2025-01-25,delivery_delay,28,143,0.1958041958041958,Delivery Delay
2025-01-26,delivery_delay,29,148,0.19594594594594594,Delivery Delay
2025-01-27,delivery_delay,28,113,0.24778761061946902,Delivery Delay
2025-01-28,delivery_delay,42,156,0.2692307692307692,Delivery Delay
2025-01-29,delivery_delay,36,137,0.26277372262773724,Delivery Delay
2025-01-30,delivery_delay,35,136,0.25735294117647056,Delivery Delay
2025-01-31,delivery_delay,33,136,0.2426470588235294,Delivery Delay
2025-02-01,delivery_delay,29,132,0.2196969696969697,Delivery Delay
2025-02-02,delivery_delay,35,138,0.2536231884057971,Delivery Delay
2025-02-03,delivery_delay,31,138,0.2246376811594203,Delivery Delay
2025-02-04,delivery_delay,33,132,0.25,Delivery Delay
2025-02-05,delivery_delay,36,139,0.2589928057553957,Delivery Delay
2025-02-06,delivery_delay,34,143,0.23776223776223776,Delivery Delay
2025-02-07,delivery_delay,34,149,0.22818791946308725,Delivery Delay
2025-02-08,delivery_delay,25,128,0.1953125,Delivery Delay
2025-02-09,delivery_delay,32,139,0.2302158273381295,Delivery Delay
2025-02-10,delivery_delay,37,138,0.26811594202898553,Delivery Delay
2025-02-11,delivery_delay,39,129,0.3023255813953488,Delivery Delay
2025-02-12,delivery_delay,38,140,0.2714285714285714,Delivery Delay
2025-02-13,delivery_delay,36,148,0.24324324324324326,Delivery Delay
2025-02-14,delivery_delay,31,116,0.2672413793103448,Delivery Delay
2025-02-15,delivery_delay,26,128,0.203125,Delivery Delay
2025-02-16,delivery_delay,35,143,0.24475524475524477,Delivery Delay
2025-02-17,delivery_delay,31,136,0.22794117647058823,Delivery Delay
2025-02-18,delivery_delay,41,145,0.2827586206896552,Delivery Delay
2025-02-19,delivery_delay,24,117,0.20512820512820512,Delivery Delay
2025-02-20,delivery_delay,38,143,0.26573426573426573,Delivery Delay
2025-02-21,delivery_delay,34,139,0.2446043165467626,Delivery Delay
2025-02-22,delivery_delay,19,114,0.16666666666666666,Delivery Delay
2025-02-23,delivery_delay,32,123,0.2601626016260163,Delivery Delay
2025-02-24,delivery_delay,33,135,0.24444444444444444,Delivery Delay
2025-02-25,delivery_delay,35,139,0.2517985611510791,Delivery Delay
2025-02-26,delivery_delay,30,127,0.23622047244094488,Delivery Delay
2025-02-27,delivery_delay,25,120,0.20833333333333334,Delivery Delay
2025-02-28,delivery_delay,36,130,0.27692307692307694,Delivery Delay
2025-03-01,delivery_delay,36,137,0.26277372262773724,Delivery Delay
2025-03-02,delivery_delay,42,141,0.2978723404255319,Delivery Delay
2025-03-03,delivery_delay,28,128,0.21875,Delivery Delay
2025-03-04,delivery_delay,40,142,0.28169014084507044,Delivery Delay
2025-03-05,delivery_delay,35,137,0.25547445255474455,Delivery Delay
2025-03-06,delivery_delay,23,143,0.16083916083916083,Delivery Delay
2025-03-07,delivery_delay,25,123,0.2032520325203252,Delivery Delay
2025-03-08,delivery_delay,37,128,0.2890625,Delivery Delay
2025-03-09,delivery_delay,29,135,0.21481481481481482,Delivery Delay
2025-03-10,delivery_delay,30,127,0.23622047244094488,Delivery Delay
2025-03-11,delivery_delay,29,138,0.21014492753623187,Delivery Delay
2025-03-12,delivery_delay,22,133,0.16541353383458646,Delivery Delay
2025-03-13,delivery_delay,31,121,0.256198347107438,Delivery Delay
2025-03-14,delivery_delay,33,140,0.2357142857142857,Delivery Delay
2025-03-15,delivery_delay,27,131,0.20610687022900764,Delivery Delay
2025-03-16,delivery_delay,34,134,0.2537313432835821,Delivery Delay
2025-03-17,delivery_delay,39,135,0.28888888888888886,Delivery Delay
2025-03-18,delivery_delay,20,99,0.20202020202020202,Delivery Delay
2025-03-19,delivery_delay,25,121,0.2066115702479339,Delivery Delay
2025-03-20,delivery_delay,21,120,0.175,Delivery Delay
2025-03-21,delivery_delay,32,138,0.2318840579710145,Delivery Delay
2025-03-22,delivery_delay,34,142,0.23943661971830985,Delivery Delay
2025-03-23,delivery_delay,25,121,0.2066115702479339,Delivery Delay
2025-03-24,delivery_delay,34,146,0.2328767123287671,Delivery Delay
2025-03-25,delivery_delay,32,119,0.2689075630252101,Delivery Delay
2025-03-26,delivery_delay,29,137,0.2116788321167883,Delivery Delay
2025-03-27,delivery_delay,31,131,0.2366412213740458,Delivery Delay
2025-03-28,delivery_delay,31,125,0.248,Delivery Delay
2025-03-29,delivery_delay,30,125,0.24,Delivery Delay
2025-03-30,delivery_delay,32,137,0.23357664233576642,Delivery Delay
2025-03-31,delivery_delay,39,150,0.26,Delivery Delay
2025-04-01,delivery_delay,41,152,0.26973684210526316,Delivery Delay
2025-04-02,delivery_delay,46,145,0.31724137931034485,Delivery Delay
2025-04-03,delivery_delay,31,138,0.2246376811594203,Delivery Delay
2025-04-04,delivery_delay,27,116,0.23275862068965517,Delivery Delay
2025-04-05,delivery_delay,38,148,0.25675675675675674,Delivery Delay
2025-04-06,delivery_delay,26,139,0.18705035971223022,Delivery Delay
2025-04-07,delivery_delay,20,119,0.16806722689075632,Delivery Delay
2025-04-08,delivery_delay,32,127,0.25196850393700787,Delivery Delay
2025-04-09,delivery_delay,36,124,0.2903225806451613,Delivery Delay
2025-04-10,delivery_delay,35,147,0.23809523809523808,Delivery Delay
2025-04-11,delivery_delay,40,150,0.26666666666666666,Delivery Delay
2025-04-12,delivery_delay,33,158,0.2088607594936709,Delivery Delay
2025-04-13,delivery_delay,28,109,0.25688073394495414,Delivery Delay
2025-04-14,delivery_delay,41,132,0.3106060606060606,Delivery Delay
2025-04-15,delivery_delay,33,149,0.2214765100671141,Delivery Delay
2025-04-16,delivery_delay,35,130,0.2692307692307692,Delivery Delay
2025-04-17,delivery_delay,29,123,0.23577235772357724,Delivery Delay
2025-04-18,delivery_delay,36,139,0.2589928057553957,Delivery Delay
2025-04-19,delivery_delay,26,110,0.23636363636363636,Delivery Delay
2025-04-20,delivery_delay,32,128,0.25,Delivery Delay
2025-04-21,delivery_delay,33,132,0.25,Delivery Delay
2025-04-22,delivery_delay,26,137,0.1897810218978102,Delivery Delay
2025-04-23,delivery_delay,29,130,0.2230769230769231,Delivery Delay
2025-04-24,delivery_delay,29,145,0.2,Delivery Delay
2025-04-25,delivery_delay,30,121,0.24793388429752067,Delivery Delay
2025-04-26,delivery_delay,40,129,0.31007751937984496,Delivery Delay
2025-04-27,delivery_delay,25,127,0.1968503937007874,Delivery Delay
2025-04-28,delivery_delay,19,118,0.16101694915254236,Delivery Delay
2025-04-29,delivery_delay,31,122,0.2540983606557377,Delivery Delay
2025-04-30,delivery_delay,31,125,0.248,Delivery Delay
2025-05-01,delivery_delay,39,149,0.26174496644295303,Delivery Delay
2025-05-02,delivery_delay,29,122,0.23770491803278687,Delivery Delay
2025-05-03,delivery_delay,32,129,0.24806201550387597,Delivery Delay
2025-05-04,delivery_delay,33,139,0.23741007194244604,Delivery Delay
2025-05-05,delivery_delay,40,126,0.31746031746031744,Delivery Delay
2025-05-06,delivery_delay,38,150,0.25333333333333335,Delivery Delay
2025-05-07,delivery_delay,34,130,0.26153846153846155,Delivery Delay
2025-05-08,delivery_delay,24,118,0.2033898305084746,Delivery Delay
2025-05-09,delivery_delay,28,142,0.19718309859154928,Delivery Delay
2025-05-10,delivery_delay,30,124,0.24193548387096775,Delivery Delay
2025-05-11,delivery_delay,36,132,0.2727272727272727,Delivery Delay
2025-05-12,delivery_delay,40,138,0.2898550724637681,Delivery Delay
2025-05-13,delivery_delay,32,129,0.24806201550387597,Delivery Delay
2025-05-14,delivery_delay,26,119,0.2184873949579832,Delivery Delay
2025-05-15,delivery_delay,33,124,0.2661290322580645,Delivery Delay
2025-05-16,delivery_delay,40,139,0.28776978417266186,Delivery Delay
2025-05-17,delivery_delay,37,124,0.29838709677419356,Delivery Delay
2025-05-18,delivery_delay,30,121,0.24793388429752067,Delivery Delay
2025-05-19,delivery_delay,29,114,0.2543859649122807,Delivery Delay
2025-05-20,delivery_delay,36,130,0.27692307692307694,Delivery Delay
2025-05-21,delivery_delay,23,108,0.21296296296296297,Delivery Delay
2025-05-22,delivery_delay,36,156,0.23076923076923078,Delivery Delay
2025-05-23,delivery_delay,47,148,0.31756756756756754,Delivery Delay
2025-05-24,delivery_delay,40,137,0.291970802919708,Delivery Delay
2025-05-25,delivery_delay,33,141,0.23404255319148937,Delivery Delay
2025-05-26,delivery_delay,21,119,0.17647058823529413,Delivery Delay
2025-05-27,delivery_delay,31,160,0.19375,Delivery Delay
2025-05-28,delivery_delay,34,147,0.23129251700680273,Delivery Delay
2025-05-29,delivery_delay,21,116,0.1810344827586207,Delivery Delay
2025-05-30,delivery_delay,27,133,0.20300751879699247,Delivery Delay
2025-05-31,delivery_delay,32,140,0.22857142857142856,Delivery Delay
2025-06-01,delivery_delay,32,132,0.24242424242424243,Delivery Delay
2025-06-02,delivery_delay,27,118,0.2288135593220339,Delivery Delay
2025-06-03,delivery_delay,25,121,0.2066115702479339,Delivery Delay
2025-06-04,delivery_delay,34,141,0.24113475177304963,Delivery Delay
2025-06-05,delivery_delay,25,116,0.21551724137931033,Delivery Delay
2025-06-06,delivery_delay,37,140,0.2642857142857143,Delivery Delay
2025-06-07,delivery_delay,39,138,0.2826086956521739,Delivery Delay
2025-06-08,delivery_delay,35,142,0.24647887323943662,Delivery Delay
2025-06-09,delivery_delay,26,126,0.20634920634920634,Delivery Delay
2025-06-10,delivery_delay,41,152,0.26973684210526316,Delivery Delay
2025-06-11,delivery_delay,29,133,0.21804511278195488,Delivery Delay
2025-06-12,delivery_delay,39,137,0.2846715328467153,Delivery Delay
2025-06-13,delivery_delay,27,137,0.19708029197080293,Delivery Delay
2025-06-14,delivery_delay,24,113,0.21238938053097345,Delivery Delay
2025-06-15,delivery_delay,25,104,0.2403846153846154,Delivery Delay
2025-06-16,delivery_delay,37,132,0.2803030303030303,Delivery Delay
2025-06-17,delivery_delay,26,117,0.2222222222222222,Delivery Delay
2025-06-18,delivery_delay,29,136,0.21323529411764705,Delivery Delay
2025-06-19,delivery_delay,37,130,0.2846153846153846,Delivery Delay
2025-06-20,delivery_delay,34,137,0.24817518248175183,Delivery Delay
2025-06-21,delivery_delay,33,146,0.22602739726027396,Delivery Delay
2025-06-22,delivery_delay,23,134,0.17164179104477612,Delivery Delay
2025-06-23,delivery_delay,23,116,0.19827586206896552,Delivery Delay
2025-06-24,delivery_delay,26,134,0.19402985074626866,Delivery Delay
2025-06-25,delivery_delay,26,118,0.22033898305084745,Delivery Delay
2025-06-26,delivery_delay,31,119,0.2605042016806723,Delivery Delay
2025-06-27,delivery_delay,31,143,0.21678321678321677,Delivery Delay
2025-06-28,delivery_delay,34,132,0.25757575757575757,Delivery Delay
2025-06-29,delivery_delay,31,140,0.22142857142857142,Delivery Delay
2025-06-30,delivery_delay,22,133,0.16541353383458646,Delivery Delay
2025-07-01,delivery_delay,27,118,0.2288135593220339,Delivery Delay
2025-07-02,delivery_delay,32,128,0.25,Delivery Delay
2025-07-03,delivery_delay,29,124,0.23387096774193547,Delivery Delay
2025-07-04,delivery_delay,42,124,0.3387096774193548,Delivery Delay
2025-07-05,delivery_delay,36,126,0.2857142857142857,Delivery Delay
2025-07-06,delivery_delay,29,131,0.22137404580152673,Delivery Delay
2025-07-07,delivery_delay,26,116,0.22413793103448276,Delivery Delay
2025-07-08,delivery_delay,42,158,0.26582278481012656,Delivery Delay
2025-07-09,delivery_delay,31,134,0.23134328358208955,Delivery Delay
2025-07-10,delivery_delay,23,151,0.152317880794702,Delivery Delay
2025-07-11,delivery_delay,30,139,0.2158273381294964,Delivery Delay
2025-07-12,delivery_delay,37,141,0.2624113475177305,Delivery Delay
2025-07-13,delivery_delay,35,122,0.28688524590163933,Delivery Delay
2025-07-14,delivery_delay,32,123,0.2601626016260163,Delivery Delay
2025-07-15,delivery_delay,33,120,0.275,Delivery Delay
2025-07-16,delivery_delay,31,112,0.2767857142857143,Delivery Delay
2025-07-17,delivery_delay,32,136,0.23529411764705882,Delivery Delay
2025-07-18,delivery_delay,37,141,0.2624113475177305,Delivery Delay
2025-07-19,delivery_delay,37,145,0.25517241379310346,Delivery Delay
2025-07-20,delivery_delay,30,147,0.20408163265306123,Delivery Delay
2025-07-21,delivery_delay,31,124,0.25,Delivery Delay
2025-07-22,delivery_delay,25,125,0.2,Delivery Delay
2025-07-23,delivery_delay,28,129,0.21705426356589147,Delivery Delay
2025-07-24,delivery_delay,37,154,0.24025974025974026,Delivery Delay
2025-07-25,delivery_delay,27,126,0.21428571428571427,Delivery Delay
2025-07-26,delivery_delay,37,146,0.2534246575342466,Delivery Delay
2025-07-27,delivery_delay,30,144,0.20833333333333334,Delivery Delay
2025-07-28,delivery_delay,38,148,0.25675675675675674,Delivery Delay
2025-07-29,delivery_delay,25,101,0.24752475247524752,Delivery Delay
2025-07-30,delivery_delay,30,133,0.22556390977443608,Delivery Delay
2025-07-31,delivery_delay,37,133,0.2781954887218045,Delivery Delay
2025-08-01,delivery_delay,41,143,0.2867132867132867,Delivery Delay
2025-08-02,delivery_delay,38,151,0.25165562913907286,Delivery Delay
2025-08-03,delivery_delay,33,130,0.25384615384615383,Delivery Delay
2025-08-04,delivery_delay,20,143,0.13986013986013987,Delivery Delay
2025-08-05,delivery_delay,26,122,0.21311475409836064,Delivery Delay
2025-08-06,delivery_delay,33,143,0.23076923076923078,Delivery Delay
2025-08-07,delivery_delay,26,116,0.22413793103448276,Delivery Delay
2025-08-08,delivery_delay,32,124,0.25806451612903225,Delivery Delay
2025-08-09,delivery_delay,29,125,0.232,Delivery Delay
2025-08-10,delivery_delay,29,158,0.18354430379746836,Delivery Delay
2025-08-11,delivery_delay,27,131,0.20610687022900764,Delivery Delay
2025-08-12,delivery_delay,43,155,0.27741935483870966,Delivery Delay
2025-08-13,delivery_delay,29,119,0.24369747899159663,Delivery Delay
2025-08-14,delivery_delay,36,136,0.2647058823529412,Delivery Delay
2025-08-15,delivery_delay,28,142,0.19718309859154928,Delivery Delay
2025-08-16,delivery_delay,23,117,0.19658119658119658,Delivery Delay
2025-08-17,delivery_delay,26,138,0.18840579710144928,Delivery Delay
2025-08-18,delivery_delay,31,117,0.26495726495726496,Delivery Delay
2025-08-19,delivery_delay,35,129,0.2713178294573643,Delivery Delay
2025-08-20,delivery_delay,40,146,0.273972602739726,Delivery Delay
2025-08-21,delivery_delay,31,145,0.21379310344827587,Delivery Delay
2025-08-22,delivery_delay,34,146,0.2328767123287671,Delivery Delay
2025-08-23,delivery_delay,34,122,0.2786885245901639,Delivery Delay
2025-08-24,delivery_delay,28,129,0.21705426356589147,Delivery Delay
2025-08-25,delivery_delay,33,129,0.2558139534883721,Delivery Delay
2025-08-26,delivery_delay,19,124,0.1532258064516129,Delivery Delay
2025-08-27,delivery_delay,34,126,0.2698412698412698,Delivery Delay
2025-08-28,delivery_delay,40,123,0.3252032520325203,Delivery Delay
2025-08-29,delivery_delay,19,121,0.15702479338842976,Delivery Delay
2025-08-30,delivery_delay,31,127,0.2440944881889764,Delivery Delay
2025-08-31,delivery_delay,18,124,0.14516129032258066,Delivery Delay
2025-09-01,delivery_delay,34,132,0.25757575757575757,Delivery Delay
2025-09-02,delivery_delay,30,132,0.22727272727272727,Delivery Delay
2025-09-03,delivery_delay,32,136,0.23529411764705882,Delivery Delay
2025-09-04,delivery_delay,38,133,0.2857142857142857,Delivery Delay
2025-09-05,delivery_delay,30,113,0.26548672566371684,Delivery Delay
2025-09-06,delivery_delay,33,122,0.27049180327868855,Delivery Delay
2025-09-07,delivery_delay,39,141,0.2765957446808511,Delivery Delay
2025-09-08,delivery_delay,30,141,0.2127659574468085,Delivery Delay
2025-09-09,delivery_delay,37,152,0.24342105263157895,Delivery Delay
2025-09-10,delivery_delay,26,127,0.2047244094488189,Delivery Delay
2025-09-11,delivery_delay,31,129,0.24031007751937986,Delivery Delay
2025-09-12,delivery_delay,27,129,0.20930232558139536,Delivery Delay
2025-09-13,delivery_delay,26,115,0.22608695652173913,Delivery Delay
2025-09-14,delivery_delay,27,119,0.226890756302521,Delivery Delay
2025-09-15,delivery_delay,24,132,0.18181818181818182,Delivery Delay
2025-09-16,delivery_delay,32,133,0.24060150375939848,Delivery Delay
2025-09-17,delivery_delay,29,137,0.2116788321167883,Delivery Delay
2025-09-18,delivery_delay,32,135,0.23703703703703705,Delivery Delay
2025-09-19,delivery_delay,41,138,0.2971014492753623,Delivery Delay
2025-09-20,delivery_delay,44,142,0.30985915492957744,Delivery Delay
2025-09-21,delivery_delay,24,118,0.2033898305084746,Delivery Delay
2025-09-22,delivery_delay,32,117,0.27350427350427353,Delivery Delay
2025-09-23,delivery_delay,31,125,0.248,Delivery Delay
2025-09-24,delivery_delay,34,129,0.26356589147286824,Delivery Delay
2025-09-25,delivery_delay,26,113,0.23008849557522124,Delivery Delay
2025-09-26,delivery_delay,38,135,0.2814814814814815,Delivery Delay
2025-09-27,delivery_delay,26,146,0.1780821917808219,Delivery Delay
2025-09-28,delivery_delay,24,140,0.17142857142857143,Delivery Delay
2025-09-29,delivery_delay,30,122,0.2459016393442623,Delivery Delay
2025-09-30,delivery_delay,27,134,0.20149253731343283,Delivery Delay
2025-10-01,delivery_delay,32,135,0.23703703703703705,Delivery Delay
2025-10-02,delivery_delay,26,114,0.22807017543859648,Delivery Delay
2025-10-03,delivery_delay,35,125,0.28,Delivery Delay
2025-10-04,delivery_delay,27,139,0.19424460431654678,Delivery Delay
2025-10-05,delivery_delay,26,118,0.22033898305084745,Delivery Delay
2025-10-06,delivery_delay,34,130,0.26153846153846155,Delivery Delay
2025-10-07,delivery_delay,33,130,0.25384615384615383,Delivery Delay
2025-10-08,delivery_delay,22,129,0.17054263565891473,Delivery Delay
2025-10-09,delivery_delay,35,141,0.24822695035460993,Delivery Delay
2025-10-10,delivery_delay,27,127,0.2125984251968504,Delivery Delay
2025-10-11,delivery_delay,28,142,0.19718309859154928,Delivery Delay
2025-10-12,delivery_delay,19,116,0.16379310344827586,Delivery Delay
2025-10-13,delivery_delay,24,121,0.19834710743801653,Delivery Delay
2025-10-14,delivery_delay,15,123,0.12195121951219512,Delivery Delay
2025-10-15,delivery_delay,37,137,0.27007299270072993,Delivery Delay
2025-10-16,delivery_delay,43,143,0.3006993006993007,Delivery Delay
2025-10-17,delivery_delay,29,107,0.27102803738317754,Delivery Delay
2025-10-18,delivery_delay,37,143,0.25874125874125875,Delivery Delay
2025-10-19,delivery_delay,34,114,0.2982456140350877,Delivery Delay
2025-10-20,delivery_delay,24,110,0.21818181818181817,Delivery Delay
2025-10-21,delivery_delay,37,115,0.3217391304347826,Delivery Delay
2025-10-22,delivery_delay,25,115,0.21739130434782608,Delivery Delay
2025-10-23,delivery_delay,31,140,0.22142857142857142,Delivery Delay
2025-10-24,delivery_delay,31,130,0.23846153846153847,Delivery Delay
2025-10-25,delivery_delay,29,133,0.21804511278195488,Delivery Delay
2025-10-26,delivery_delay,40,138,0.2898550724637681,Delivery Delay
2025-10-27,delivery_delay,34,132,0.25757575757575757,Delivery Delay
2025-10-28,delivery_delay,34,142,0.23943661971830985,Delivery Delay
2025-10-29,delivery_delay,31,134,0.23134328358208955,Delivery Delay
2025-10-30,delivery_delay,30,130,0.23076923076923078,Delivery Delay
2025-10-31,delivery_delay,26,105,0.24761904761904763,Delivery Delay
2025-11-01,delivery_delay,44,149,0.2953020134228188,Delivery Delay
2025-11-02,delivery_delay,25,128,0.1953125,Delivery Delay
2025-11-03,delivery_delay,22,136,0.16176470588235295,Delivery Delay
2025-11-04,delivery_delay,32,130,0.24615384615384617,Delivery Delay
2025-11-05,delivery_delay,33,133,0.24812030075187969,Delivery Delay
2025-11-06,delivery_delay,32,126,0.25396825396825395,Delivery Delay
2025-11-07,delivery_delay,35,146,0.23972602739726026,Delivery Delay
2025-11-08,delivery_delay,44,142,0.30985915492957744,Delivery Delay
2025-11-09,delivery_delay,25,118,0.211864406779661,Delivery Delay
2025-11-10,delivery_delay,29,129,0.2248062015503876,Delivery Delay
2025-11-11,delivery_delay,42,145,0.2896551724137931,Delivery Delay
2025-11-12,delivery_delay,27,112,0.24107142857142858,Delivery Delay
2025-11-13,delivery_delay,28,136,0.20588235294117646,Delivery Delay
2025-11-14,delivery_delay,24,117,0.20512820512820512,Delivery Delay
2025-11-15,delivery_delay,22,110,0.2,Delivery Delay
2025-11-16,delivery_delay,29,137,0.2116788321167883,Delivery Delay
2025-11-17,delivery_delay,33,149,0.2214765100671141,Delivery Delay
2025-11-18,delivery_delay,29,134,0.21641791044776118,Delivery Delay
2025-11-19,delivery_delay,34,123,0.2764227642276423,Delivery Delay
2025-11-20,delivery_delay,27,143,0.1888111888111888,Delivery Delay
2025-11-21,delivery_delay,23,120,0.19166666666666668,Delivery Delay
2025-11-22,delivery_delay,37,130,0.2846153846153846,Delivery Delay
2025-11-23,delivery_delay,29,129,0.2248062015503876,Delivery Delay
2025-11-24,delivery_delay,29,121,0.2396694214876033,Delivery Delay
2025-11-25,delivery_delay,34,119,0.2857142857142857,Delivery Delay
2025-11-26,delivery_delay,28,119,0.23529411764705882,Delivery Delay
2025-11-27,delivery_delay,33,140,0.2357142857142857,Delivery Delay
2025-11-28,delivery_delay,27,129,0.20930232558139536,Delivery Delay
2025-11-29,delivery_delay,39,151,0.2582781456953642,Delivery Delay
2025-11-30,delivery_delay,39,129,0.3023255813953488,Delivery Delay
2025-12-01,delivery_delay,30,168,0.17857142857142858,Delivery Delay
2025-12-02,delivery_delay,27,119,0.226890756302521,Delivery Delay
2025-12-03,delivery_delay,19,133,0.14285714285714285,Delivery Delay
2025-12-04,delivery_delay,29,139,0.20863309352517986,Delivery Delay
2025-12-05,delivery_delay,37,113,0.3274336283185841,Delivery Delay
2025-12-06,delivery_delay,38,134,0.2835820895522388,Delivery Delay
2025-12-07,delivery_delay,35,124,0.28225806451612906,Delivery Delay
2025-12-08,delivery_delay,34,153,0.2222222222222222,Delivery Delay
2025-12-09,delivery_delay,36,134,0.26865671641791045,Delivery Delay
2025-12-10,delivery_delay,33,147,0.22448979591836735,Delivery Delay
2025-12-11,delivery_delay,36,132,0.2727272727272727,Delivery Delay
2025-12-12,delivery_delay,28,131,0.21374045801526717,Delivery Delay
2025-12-13,delivery_delay,48,137,0.35036496350364965,Delivery Delay
2025-12-14,delivery_delay,25,105,0.23809523809523808,Delivery Delay
2025-12-15,delivery_delay,29,122,0.23770491803278687,Delivery Delay
2025-12-16,delivery_delay,36,136,0.2647058823529412,Delivery Delay
2025-12-17,delivery_delay,31,128,0.2421875,Delivery Delay
2025-12-18,delivery_delay,27,118,0.2288135593220339,Delivery Delay
2025-12-19,delivery_delay,38,140,0.2714285714285714,Delivery Delay
2025-12-20,delivery_delay,28,145,0.19310344827586207,Delivery Delay
2025-12-21,delivery_delay,40,121,0.3305785123966942,Delivery Delay
2025-12-22,delivery_delay,27,138,0.1956521739130435,Delivery Delay
2025-12-23,delivery_delay,29,137,0.2116788321167883,Delivery Delay
2025-12-24,delivery_delay,30,123,0.24390243902439024,Delivery Delay
2025-12-25,delivery_delay,23,123,0.18699186991869918,Delivery Delay
2025-12-26,delivery_delay,31,135,0.22962962962962963,Delivery Delay
2025-12-27,delivery_delay,30,119,0.25210084033613445,Delivery Delay
2025-12-28,delivery_delay,35,151,0.23178807947019867,Delivery Delay
2025-12-29,delivery_delay,38,130,0.2923076923076923,Delivery Delay
2025-12-30,delivery_delay,25,115,0.21739130434782608,Delivery Delay
2025-12-31,delivery_delay,42,134,0.31343283582089554,Delivery Delay
2026-01-01,delivery_delay,28,140,0.2,Delivery Delay
2026-01-02,delivery_delay,27,116,0.23275862068965517,Delivery Delay
2026-01-03,delivery_delay,33,132,0.25,Delivery Delay
2026-01-04,delivery_delay,28,123,0.22764227642276422,Delivery Delay
2026-01-05,delivery_delay,30,125,0.24,Delivery Delay
2026-01-06,delivery_delay,35,137,0.25547445255474455,Delivery Delay
2026-01-07,delivery_delay,33,123,0.2682926829268293,Delivery Delay
2026-01-08,delivery_delay,31,111,0.27927927927927926,Delivery Delay
2026-01-09,delivery_delay,26,127,0.2047244094488189,Delivery Delay
2026-01-10,delivery_delay,23,143,0.16083916083916083,Delivery Delay
2026-01-11,delivery_delay,29,118,0.2457627118644068,Delivery Delay
2026-01-12,delivery_delay,31,145,0.21379310344827587,Delivery Delay
2026-01-13,delivery_delay,39,138,0.2826086956521739,Delivery Delay
2026-01-14,delivery_delay,32,127,0.25196850393700787,Delivery Delay
2026-01-15,delivery_delay,28,135,0.2074074074074074,Delivery Delay
2026-01-16,delivery_delay,27,120,0.225,Delivery Delay
2026-01-17,delivery_delay,21,120,0.175,Delivery Delay
2026-01-18,delivery_delay,33,131,0.25190839694656486,Delivery Delay
2026-01-19,delivery_delay,36,136,0.2647058823529412,Delivery Delay
2026-01-20,delivery_delay,25,127,0.1968503937007874,Delivery Delay
2026-01-21,delivery_delay,36,130,0.27692307692307694,Delivery Delay
2026-01-22,delivery_delay,33,149,0.2214765100671141,Delivery Delay
2026-01-23,delivery_delay,25,115,0.21739130434782608,Delivery Delay
2026-01-24,delivery_delay,34,134,0.2537313432835821,Delivery Delay
2026-01-25,delivery_delay,30,124,0.24193548387096775,Delivery Delay
2026-01-26,delivery_delay,28,125,0.224,Delivery Delay
2026-01-27,delivery_delay,32,139,0.2302158273381295,Delivery Delay
2026-01-28,delivery_delay,31,121,0.256198347107438,Delivery Delay
2026-01-29,delivery_delay,34,132,0.25757575757575757,Delivery Delay
2026-01-30,delivery_delay,34,140,0.24285714285714285,Delivery Delay
2026-01-31,delivery_delay,25,114,0.21929824561403508,Delivery Delay
2026-02-01,delivery_delay,32,115,0.2782608695652174,Delivery Delay
2026-02-02,delivery_delay,32,147,0.21768707482993196,Delivery Delay
2026-02-03,delivery_delay,34,153,0.2222222222222222,Delivery Delay
2026-02-04,delivery_delay,28,136,0.20588235294117646,Delivery Delay
2026-02-05,delivery_delay,39,133,0.2932330827067669,Delivery Delay
2026-02-06,delivery_delay,29,126,0.23015873015873015,Delivery Delay
2026-02-07,delivery_delay,24,143,0.16783216783216784,Delivery Delay
2026-02-08,delivery_delay,34,140,0.24285714285714285,Delivery Delay
2026-02-09,delivery_delay,36,137,0.26277372262773724,Delivery Delay
2026-02-10,delivery_delay,34,134,0.2537313432835821,Delivery Delay
2026-02-11,delivery_delay,30,121,0.24793388429752067,Delivery Delay
2026-02-12,delivery_delay,23,130,0.17692307692307693,Delivery Delay
2026-02-13,delivery_delay,24,131,0.183206106870229,Delivery Delay
2026-02-14,delivery_delay,32,129,0.24806201550387597,Delivery Delay
2026-02-15,delivery_delay,38,141,0.2695035460992908,Delivery Delay
2026-02-16,delivery_delay,40,149,0.2684563758389262,Delivery Delay
2026-02-17,delivery_delay,38,118,0.3220338983050847,Delivery Delay
2026-02-18,delivery_delay,37,121,0.30578512396694213,Delivery Delay
2026-02-19,delivery_delay,27,123,0.21951219512195122,Delivery Delay
2026-02-20,delivery_delay,34,131,0.2595419847328244,Delivery Delay
2026-02-21,delivery_delay,38,156,0.24358974358974358,Delivery Delay
2026-02-22,delivery_delay,30,118,0.2542372881355932,Delivery Delay
2026-02-23,delivery_delay,25,145,0.1724137931034483,Delivery Delay
2026-02-24,delivery_delay,35,140,0.25,Delivery Delay
2026-02-25,delivery_delay,22,114,0.19298245614035087,Delivery Delay
2026-02-26,delivery_delay,32,140,0.22857142857142856,Delivery Delay
2026-02-27,delivery_delay,32,138,0.2318840579710145,Delivery Delay
2026-02-28,delivery_delay,34,113,0.3008849557522124,Delivery Delay
2026-03-01,delivery_delay,29,137,0.2116788321167883,Delivery Delay
2026-03-02,delivery_delay,32,131,0.24427480916030533,Delivery Delay
2026-03-03,delivery_delay,46,164,0.2804878048780488,Delivery Delay
2026-03-04,delivery_delay,30,144,0.20833333333333334,Delivery Delay
2026-03-05,delivery_delay,32,147,0.21768707482993196,Delivery Delay
2026-03-06,delivery_delay,29,131,0.22137404580152673,Delivery Delay
2026-03-07,delivery_delay,33,133,0.24812030075187969,Delivery Delay
2026-03-08,delivery_delay,37,128,0.2890625,Delivery Delay
2026-03-09,delivery_delay,30,124,0.24193548387096775,Delivery Delay
2026-03-10,delivery_delay,41,129,0.3178294573643411,Delivery Delay
2026-03-11,delivery_delay,25,127,0.1968503937007874,Delivery Delay
2026-03-12,delivery_delay,25,120,0.20833333333333334,Delivery Delay
2026-03-13,delivery_delay,35,139,0.2517985611510791,Delivery Delay
2026-03-14,delivery_delay,32,131,0.24427480916030533,Delivery Delay
2026-03-15,delivery_delay,32,123,0.2601626016260163,Delivery Delay
2026-03-16,delivery_delay,26,119,0.2184873949579832,Delivery Delay
2026-03-17,delivery_delay,28,138,0.2028985507246377,Delivery Delay
2026-03-18,delivery_delay,35,150,0.23333333333333334,Delivery Delay
2026-03-19,delivery_delay,44,136,0.3235294117647059,Delivery Delay
2026-03-20,delivery_delay,39,142,0.2746478873239437,Delivery Delay
2026-03-21,delivery_delay,23,114,0.20175438596491227,Delivery Delay
2026-03-22,delivery_delay,41,146,0.2808219178082192,Delivery Delay
2026-03-23,delivery_delay,27,139,0.19424460431654678,Delivery Delay
2026-03-24,delivery_delay,26,121,0.21487603305785125,Delivery Delay
2026-03-25,delivery_delay,33,140,0.2357142857142857,Delivery Delay
2026-03-26,delivery_delay,28,138,0.2028985507246377,Delivery Delay
2026-03-27,delivery_delay,32,139,0.2302158273381295,Delivery Delay
2026-03-28,delivery_delay,30,116,0.25862068965517243,Delivery Delay
2026-03-29,delivery_delay,31,130,0.23846153846153847,Delivery Delay
2026-03-30,delivery_delay,35,145,0.2413793103448276,Delivery Delay
2026-03-31,delivery_delay,35,125,0.28,Delivery Delay
2026-04-01,delivery_delay,26,126,0.20634920634920634,Delivery Delay
2026-04-02,delivery_delay,31,124,0.25,Delivery Delay
2026-04-03,delivery_delay,36,139,0.2589928057553957,Delivery Delay
2026-04-04,delivery_delay,34,138,0.2463768115942029,Delivery Delay
2026-04-05,delivery_delay,39,134,0.291044776119403,Delivery Delay
2026-04-06,delivery_delay,26,144,0.18055555555555555,Delivery Delay
2026-04-07,delivery_delay,29,135,0.21481481481481482,Delivery Delay
2026-04-08,delivery_delay,24,116,0.20689655172413793,Delivery Delay
2026-04-09,delivery_delay,30,131,0.22900763358778625,Delivery Delay
2026-04-10,delivery_delay,31,137,0.22627737226277372,Delivery Delay
2026-04-11,delivery_delay,23,131,0.17557251908396945,Delivery Delay
2026-04-12,delivery_delay,36,129,0.27906976744186046,Delivery Delay
2026-04-13,delivery_delay,22,121,0.18181818181818182,Delivery Delay
2026-04-14,delivery_delay,33,132,0.25,Delivery Delay
2026-04-15,delivery_delay,35,131,0.26717557251908397,Delivery Delay
2026-04-16,delivery_delay,32,135,0.23703703703703705,Delivery Delay
2026-04-17,delivery_delay,26,125,0.208,Delivery Delay
2026-04-18,delivery_delay,29,137,0.2116788321167883,Delivery Delay
2026-04-19,delivery_delay,27,118,0.2288135593220339,Delivery Delay
2026-04-20,delivery_delay,34,140,0.24285714285714285,Delivery Delay
2026-04-21,delivery_delay,23,128,0.1796875,Delivery Delay
2026-04-22,delivery_delay,40,139,0.28776978417266186,Delivery Delay
2026-04-23,delivery_delay,33,125,0.264,Delivery Delay
2026-04-24,delivery_delay,19,130,0.14615384615384616,Delivery Delay
2026-04-25,delivery_delay,27,107,0.2523364485981308,Delivery Delay
2026-04-26,delivery_delay,22,140,0.15714285714285714,Delivery Delay
2026-04-27,delivery_delay,41,140,0.29285714285714287,Delivery Delay
2026-04-28,delivery_delay,24,113,0.21238938053097345,Delivery Delay
2026-04-29,delivery_delay,28,138,0.2028985507246377,Delivery Delay
2026-04-30,delivery_delay,44,126,0.3492063492063492,Delivery Delay
2026-05-01,delivery_delay,30,141,0.2127659574468085,Delivery Delay
2026-05-02,delivery_delay,28,128,0.21875,Delivery Delay
2026-05-03,delivery_delay,24,137,0.17518248175182483,Delivery Delay
2026-05-04,delivery_delay,26,143,0.18181818181818182,Delivery Delay
2026-05-05,delivery_delay,38,155,0.24516129032258063,Delivery Delay
2026-05-06,delivery_delay,32,127,0.25196850393700787,Delivery Delay
2026-05-07,delivery_delay,36,139,0.2589928057553957,Delivery Delay
2026-05-08,delivery_delay,33,136,0.2426470588235294,Delivery Delay
2026-05-09,delivery_delay,35,130,0.2692307692307692,Delivery Delay
2026-05-10,delivery_delay,30,134,0.22388059701492538,Delivery Delay
2026-05-11,delivery_delay,28,125,0.224,Delivery Delay
2026-05-12,delivery_delay,37,132,0.2803030303030303,Delivery Delay
2026-05-13,delivery_delay,32,123,0.2601626016260163,Delivery Delay
2026-05-14,delivery_delay,38,132,0.2878787878787879,Delivery Delay
2026-05-15,delivery_delay,30,131,0.22900763358778625,Delivery Delay
2026-05-16,delivery_delay,32,136,0.23529411764705882,Delivery Delay
2026-05-17,delivery_delay,28,135,0.2074074074074074,Delivery Delay
2026-05-18,delivery_delay,29,120,0.24166666666666667,Delivery Delay
2026-05-19,delivery_delay,34,138,0.2463768115942029,Delivery Delay
2026-05-20,delivery_delay,28,140,0.2,Delivery Delay
2026-05-21,delivery_delay,33,118,0.2796610169491525,Delivery Delay
2026-05-22,delivery_delay,26,141,0.18439716312056736,Delivery Delay
2026-05-23,delivery_delay,37,130,0.2846153846153846,Delivery Delay
2026-05-24,delivery_delay,32,124,0.25806451612903225,Delivery Delay
2026-05-25,delivery_delay,27,128,0.2109375,Delivery Delay
2026-05-26,delivery_delay,23,111,0.2072072072072072,Delivery Delay
2026-05-27,delivery_delay,36,136,0.2647058823529412,Delivery Delay
2026-05-28,delivery_delay,23,125,0.184,Delivery Delay
2026-05-29,delivery_delay,31,125,0.248,Delivery Delay
2026-05-30,delivery_delay,29,111,0.26126126126126126,Delivery Delay
2026-05-31,delivery_delay,27,154,0.17532467532467533,Delivery Delay
2026-06-01,delivery_delay,39,125,0.312,Delivery Delay
2026-06-02,delivery_delay,24,144,0.16666666666666666,Delivery Delay
2026-06-03,delivery_delay,31,141,0.2198581560283688,Delivery Delay
2026-06-04,delivery_delay,31,134,0.23134328358208955,Delivery Delay
2026-06-05,delivery_delay,31,138,0.2246376811594203,Delivery Delay
2026-06-06,delivery_delay,32,133,0.24060150375939848,Delivery Delay
2026-06-07,delivery_delay,32,132,0.24242424242424243,Delivery Delay
2026-06-08,delivery_delay,36,124,0.2903225806451613,Delivery Delay
2026-06-09,delivery_delay,28,141,0.19858156028368795,Delivery Delay
2026-06-10,delivery_delay,27,122,0.22131147540983606,Delivery Delay
2026-06-11,delivery_delay,39,143,0.2727272727272727,Delivery Delay
2026-06-12,delivery_delay,30,126,0.23809523809523808,Delivery Delay
2026-06-13,delivery_delay,26,115,0.22608695652173913,Delivery Delay
2026-06-14,delivery_delay,28,126,0.2222222222222222,Delivery Delay
2026-06-15,delivery_delay,28,126,0.2222222222222222,Delivery Delay
2026-06-16,delivery_delay,34,130,0.26153846153846155,Delivery Delay
2026-06-17,delivery_delay,35,131,0.26717557251908397,Delivery Delay
2026-06-18,delivery_delay,37,131,0.2824427480916031,Delivery Delay
2026-06-19,delivery_delay,45,147,0.30612244897959184,Delivery Delay
2026-06-20,delivery_delay,27,115,0.23478260869565218,Delivery Delay
2026-06-21,delivery_delay,31,124,0.25,Delivery Delay
2026-06-22,delivery_delay,47,142,0.33098591549295775,Delivery Delay
2026-06-23,delivery_delay,29,131,0.22137404580152673,Delivery Delay
2026-06-24,delivery_delay,23,123,0.18699186991869918,Delivery Delay
2026-06-25,delivery_delay,27,129,0.20930232558139536,Delivery Delay
2026-06-26,delivery_delay,37,146,0.2534246575342466,Delivery Delay
2026-06-27,delivery_delay,31,123,0.25203252032520324,Delivery Delay
2026-06-28,delivery_delay,29,137,0.2116788321167883,Delivery Delay
2026-06-29,delivery_delay,28,119,0.23529411764705882,Delivery Delay
2024-01-01,feature_request,9,132,0.06818181818181818,Feature Requests
2024-01-02,feature_request,9,132,0.06818181818181818,Feature Requests
2024-01-03,feature_request,7,146,0.04794520547945205,Feature Requests
2024-01-04,feature_request,11,154,0.07142857142857142,Feature Requests
2024-01-05,feature_request,16,134,0.11940298507462686,Feature Requests
2024-01-06,feature_request,8,142,0.056338028169014086,Feature Requests
2024-01-07,feature_request,11,148,0.07432432432432433,Feature Requests
2024-01-08,feature_request,12,140,0.08571428571428572,Feature Requests
2024-01-09,feature_request,15,152,0.09868421052631579,Feature Requests
2024-01-10,feature_request,10,134,0.07462686567164178,Feature Requests
2024-01-11,feature_request,14,145,0.09655172413793103,Feature Requests
2024-01-12,feature_request,8,104,0.07692307692307693,Feature Requests
2024-01-13,feature_request,12,140,0.08571428571428572,Feature Requests
2024-01-14,feature_request,10,142,0.07042253521126761,Feature Requests
2024-01-15,feature_request,9,130,0.06923076923076923,Feature Requests
2024-01-16,feature_request,8,113,0.07079646017699115,Feature Requests
2024-01-17,feature_request,8,130,0.06153846153846154,Feature Requests
2024-01-18,feature_request,10,145,0.06896551724137931,Feature Requests
2024-01-19,feature_request,10,133,0.07518796992481203,Feature Requests
2024-01-20,feature_request,14,137,0.10218978102189781,Feature Requests
2024-01-21,feature_request,14,144,0.09722222222222222,Feature Requests
2024-01-22,feature_request,14,147,0.09523809523809523,Feature Requests
2024-01-23,feature_request,10,153,0.06535947712418301,Feature Requests
2024-01-24,feature_request,6,132,0.045454545454545456,Feature Requests
2024-01-25,feature_request,12,147,0.08163265306122448,Feature Requests
2024-01-26,feature_request,9,133,0.06766917293233082,Feature Requests
2024-01-27,feature_request,16,146,0.1095890410958904,Feature Requests
2024-01-28,feature_request,12,138,0.08695652173913043,Feature Requests
2024-01-29,feature_request,9,127,0.07086614173228346,Feature Requests
2024-01-30,feature_request,15,131,0.11450381679389313,Feature Requests
2024-01-31,feature_request,9,123,0.07317073170731707,Feature Requests
2024-02-01,feature_request,13,140,0.09285714285714286,Feature Requests
2024-02-02,feature_request,8,116,0.06896551724137931,Feature Requests
2024-02-03,feature_request,6,113,0.05309734513274336,Feature Requests
2024-02-04,feature_request,15,138,0.10869565217391304,Feature Requests
2024-02-05,feature_request,9,135,0.06666666666666667,Feature Requests
2024-02-06,feature_request,7,124,0.056451612903225805,Feature Requests
2024-02-07,feature_request,7,131,0.05343511450381679,Feature Requests
2024-02-08,feature_request,10,110,0.09090909090909091,Feature Requests
2024-02-09,feature_request,13,125,0.104,Feature Requests
2024-02-10,feature_request,9,138,0.06521739130434782,Feature Requests
2024-02-11,feature_request,9,125,0.072,Feature Requests
2024-02-12,feature_request,13,151,0.08609271523178808,Feature Requests
2024-02-13,feature_request,10,119,0.08403361344537816,Feature Requests
2024-02-14,feature_request,16,158,0.10126582278481013,Feature Requests
2024-02-15,feature_request,7,126,0.05555555555555555,Feature Requests
2024-02-16,feature_request,17,120,0.14166666666666666,Feature Requests
2024-02-17,feature_request,19,126,0.15079365079365079,Feature Requests
2024-02-18,feature_request,10,130,0.07692307692307693,Feature Requests
2024-02-19,feature_request,12,140,0.08571428571428572,Feature Requests
2024-02-20,feature_request,7,133,0.05263157894736842,Feature Requests
2024-02-21,feature_request,11,141,0.07801418439716312,Feature Requests
2024-02-22,feature_request,12,138,0.08695652173913043,Feature Requests
2024-02-23,feature_request,14,139,0.10071942446043165,Feature Requests
2024-02-24,feature_request,9,128,0.0703125,Feature Requests
2024-02-25,feature_request,9,126,0.07142857142857142,Feature Requests
2024-02-26,feature_request,9,119,0.07563025210084033,Feature Requests
2024-02-27,feature_request,6,125,0.048,Feature Requests
2024-02-28,feature_request,14,126,0.1111111111111111,Feature Requests
2024-02-29,feature_request,7,126,0.05555555555555555,Feature Requests
2024-03-01,feature_request,7,121,0.05785123966942149,Feature Requests
2024-03-02,feature_request,8,141,0.05673758865248227,Feature Requests
2024-03-03,feature_request,6,136,0.04411764705882353,Feature Requests
2024-03-04,feature_request,10,128,0.078125,Feature Requests
2024-03-05,feature_request,7,109,0.06422018348623854,Feature Requests
2024-03-06,feature_request,9,111,0.08108108108108109,Feature Requests
2024-03-07,feature_request,14,129,0.10852713178294573,Feature Requests
2024-03-08,feature_request,13,113,0.11504424778761062,Feature Requests
2024-03-09,feature_request,10,127,0.07874015748031496,Feature Requests
2024-03-10,feature_request,9,128,0.0703125,Feature Requests
2024-03-11,feature_request,8,133,0.06015037593984962,Feature Requests
2024-03-12,feature_request,18,109,0.1651376146788991,Feature Requests
2024-03-13,feature_request,14,134,0.1044776119402985,Feature Requests
2024-03-14,feature_request,7,122,0.05737704918032787,Feature Requests
2024-03-15,feature_request,15,152,0.09868421052631579,Feature Requests
2024-03-16,feature_request,11,139,0.07913669064748201,Feature Requests
2024-03-17,feature_request,14,135,0.1037037037037037,Feature Requests
2024-03-18,feature_request,8,143,0.055944055944055944,Feature Requests
2024-03-19,feature_request,9,140,0.06428571428571428,Feature Requests
2024-03-20,feature_request,6,122,0.04918032786885246,Feature Requests
2024-03-21,feature_request,9,126,0.07142857142857142,Feature Requests
2024-03-22,feature_request,6,123,0.04878048780487805,Feature Requests
2024-03-23,feature_request,10,124,0.08064516129032258,Feature Requests
2024-03-24,feature_request,14,158,0.08860759493670886,Feature Requests
2024-03-25,feature_request,12,156,0.07692307692307693,Feature Requests
2024-03-26,feature_request,8,131,0.061068702290076333,Feature Requests
2024-03-27,feature_request,11,134,0.08208955223880597,Feature Requests
2024-03-28,feature_request,10,130,0.07692307692307693,Feature Requests
2024-03-29,feature_request,6,151,0.039735099337748346,Feature Requests
2024-03-30,feature_request,10,121,0.08264462809917356,Feature Requests
2024-03-31,feature_request,9,133,0.06766917293233082,Feature Requests
2024-04-01,feature_request,12,136,0.08823529411764706,Feature Requests
2024-04-02,feature_request,9,124,0.07258064516129033,Feature Requests
2024-04-03,feature_request,9,117,0.07692307692307693,Feature Requests
2024-04-04,feature_request,12,132,0.09090909090909091,Feature Requests
2024-04-05,feature_request,8,135,0.05925925925925926,Feature Requests
2024-04-06,feature_request,10,132,0.07575757575757576,Feature Requests
2024-04-07,feature_request,6,124,0.04838709677419355,Feature Requests
2024-04-08,feature_request,11,139,0.07913669064748201,Feature Requests
2024-04-09,feature_request,15,130,0.11538461538461539,Feature Requests
2024-04-10,feature_request,12,152,0.07894736842105263,Feature Requests
2024-04-11,feature_request,9,108,0.08333333333333333,Feature Requests
2024-04-12,feature_request,8,133,0.06015037593984962,Feature Requests
2024-04-13,feature_request,11,123,0.08943089430894309,Feature Requests
2024-04-14,feature_request,12,143,0.08391608391608392,Feature Requests
2024-04-15,feature_request,7,130,0.05384615384615385,Feature Requests
2024-04-16,feature_request,6,127,0.047244094488188976,Feature Requests
2024-04-17,feature_request,11,121,0.09090909090909091,Feature Requests
2024-04-18,feature_request,8,155,0.05161290322580645,Feature Requests
2024-04-19,feature_request,8,137,0.058394160583941604,Feature Requests
2024-04-20,feature_request,11,147,0.07482993197278912,Feature Requests
2024-04-21,feature_request,13,137,0.0948905109489051,Feature Requests
2024-04-22,feature_request,11,130,0.08461538461538462,Feature Requests
2024-04-23,feature_request,11,119,0.09243697478991597,Feature Requests
2024-04-24,feature_request,7,121,0.05785123966942149,Feature Requests
2024-04-25,feature_request,8,124,0.06451612903225806,Feature Requests
2024-04-26,feature_request,16,138,0.11594202898550725,Feature Requests
2024-04-27,feature_request,5,118,0.0423728813559322,Feature Requests
2024-04-28,feature_request,11,127,0.08661417322834646,Feature Requests
2024-04-29,feature_request,10,131,0.07633587786259542,Feature Requests
2024-04-30,feature_request,8,137,0.058394160583941604,Feature Requests
2024-05-01,feature_request,12,136,0.08823529411764706,Feature Requests
2024-05-02,feature_request,12,101,0.1188118811881188,Feature Requests
2024-05-03,feature_request,10,138,0.07246376811594203,Feature Requests
2024-05-04,feature_request,9,135,0.06666666666666667,Feature Requests
2024-05-05,feature_request,10,116,0.08620689655172414,Feature Requests
2024-05-06,feature_request,8,140,0.05714285714285714,Feature Requests
2024-05-07,feature_request,13,124,0.10483870967741936,Feature Requests
2024-05-08,feature_request,7,141,0.04964539007092199,Feature Requests
2024-05-09,feature_request,11,125,0.088,Feature Requests
2024-05-10,feature_request,18,133,0.13533834586466165,Feature Requests
2024-05-11,feature_request,13,137,0.0948905109489051,Feature Requests
2024-05-12,feature_request,8,133,0.06015037593984962,Feature Requests
2024-05-13,feature_request,8,151,0.052980132450331126,Feature Requests
2024-05-14,feature_request,9,119,0.07563025210084033,Feature Requests
2024-05-15,feature_request,8,114,0.07017543859649122,Feature Requests
2024-05-16,feature_request,12,129,0.09302325581395349,Feature Requests
2024-05-17,feature_request,8,117,0.06837606837606838,Feature Requests
2024-05-18,feature_request,10,130,0.07692307692307693,Feature Requests
2024-05-19,feature_request,12,123,0.0975609756097561,Feature Requests
2024-05-20,feature_request,13,141,0.09219858156028368,Feature Requests
2024-05-21,feature_request,5,130,0.038461538461538464,Feature Requests
2024-05-22,feature_request,8,140,0.05714285714285714,Feature Requests
2024-05-23,feature_request,14,134,0.1044776119402985,Feature Requests
2024-05-24,feature_request,12,132,0.09090909090909091,Feature Requests
2024-05-25,feature_request,5,125,0.04,Feature Requests
2024-05-26,feature_request,14,148,0.0945945945945946,Feature Requests
2024-05-27,feature_request,11,108,0.10185185185185185,Feature Requests
2024-05-28,feature_request,8,125,0.064,Feature Requests
2024-05-29,feature_request,16,122,0.13114754098360656,Feature Requests
2024-05-30,feature_request,13,133,0.09774436090225563,Feature Requests
2024-05-31,feature_request,9,121,0.0743801652892562,Feature Requests
2024-06-01,feature_request,8,128,0.0625,Feature Requests
2024-06-02,feature_request,10,122,0.08196721311475409,Feature Requests
2024-06-03,feature_request,10,130,0.07692307692307693,Feature Requests
2024-06-04,feature_request,10,133,0.07518796992481203,Feature Requests
2024-06-05,feature_request,8,125,0.064,Feature Requests
2024-06-06,feature_request,11,145,0.07586206896551724,Feature Requests
2024-06-07,feature_request,8,126,0.06349206349206349,Feature Requests
2024-06-08,feature_request,14,136,0.10294117647058823,Feature Requests
2024-06-09,feature_request,7,120,0.058333333333333334,Feature Requests
2024-06-10,feature_request,12,107,0.11214953271028037,Feature Requests
2024-06-11,feature_request,15,143,0.1048951048951049,Feature Requests
2024-06-12,feature_request,9,128,0.0703125,Feature Requests
2024-06-13,feature_request,17,136,0.125,Feature Requests
2024-06-14,feature_request,11,125,0.088,Feature Requests
2024-06-15,feature_request,15,133,0.11278195488721804,Feature Requests
2024-06-16,feature_request,19,155,0.12258064516129032,Feature Requests
2024-06-17,feature_request,6,129,0.046511627906976744,Feature Requests
2024-06-18,feature_request,11,133,0.08270676691729323,Feature Requests
2024-06-19,feature_request,7,120,0.058333333333333334,Feature Requests
2024-06-20,feature_request,3,119,0.025210084033613446,Feature Requests
2024-06-21,feature_request,13,129,0.10077519379844961,Feature Requests
2024-06-22,feature_request,10,146,0.0684931506849315,Feature Requests
2024-06-23,feature_request,12,146,0.0821917808219178,Feature Requests
2024-06-24,feature_request,13,144,0.09027777777777778,Feature Requests
2024-06-25,feature_request,6,162,0.037037037037037035,Feature Requests
2024-06-26,feature_request,9,129,0.06976744186046512,Feature Requests
2024-06-27,feature_request,7,148,0.0472972972972973,Feature Requests
2024-06-28,feature_request,10,106,0.09433962264150944,Feature Requests
2024-06-29,feature_request,8,124,0.06451612903225806,Feature Requests
2024-06-30,feature_request,14,156,0.08974358974358974,Feature Requests
2024-07-01,feature_request,12,126,0.09523809523809523,Feature Requests
2024-07-02,feature_request,6,122,0.04918032786885246,Feature Requests
2024-07-03,feature_request,13,124,0.10483870967741936,Feature Requests
2024-07-04,feature_request,16,146,0.1095890410958904,Feature Requests
2024-07-05,feature_request,8,154,0.05194805194805195,Feature Requests
2024-07-06,feature_request,12,128,0.09375,Feature Requests
2024-07-07,feature_request,8,125,0.064,Feature Requests
2024-07-08,feature_request,10,130,0.07692307692307693,Feature Requests
2024-07-09,feature_request,13,153,0.08496732026143791,Feature Requests
2024-07-10,feature_request,15,141,0.10638297872340426,Feature Requests
2024-07-11,feature_request,8,132,0.06060606060606061,Feature Requests
2024-07-12,feature_request,13,137,0.0948905109489051,Feature Requests
2024-07-13,feature_request,11,130,0.08461538461538462,Feature Requests
2024-07-14,feature_request,7,130,0.05384615384615385,Feature Requests
2024-07-15,feature_request,10,115,0.08695652173913043,Feature Requests
2024-07-16,feature_request,10,149,0.06711409395973154,Feature Requests
2024-07-17,feature_request,12,125,0.096,Feature Requests
2024-07-18,feature_request,7,120,0.058333333333333334,Feature Requests
2024-07-19,feature_request,7,129,0.05426356589147287,Feature Requests
2024-07-20,feature_request,11,143,0.07692307692307693,Feature Requests
2024-07-21,feature_request,7,145,0.04827586206896552,Feature Requests
2024-07-22,feature_request,15,148,0.10135135135135136,Feature Requests
2024-07-23,feature_request,12,145,0.08275862068965517,Feature Requests
2024-07-24,feature_request,11,115,0.09565217391304348,Feature Requests
2024-07-25,feature_request,10,147,0.06802721088435375,Feature Requests
2024-07-26,feature_request,8,139,0.05755395683453238,Feature Requests
2024-07-27,feature_request,10,123,0.08130081300813008,Feature Requests
2024-07-28,feature_request,17,123,0.13821138211382114,Feature Requests
2024-07-29,feature_request,15,126,0.11904761904761904,Feature Requests
2024-07-30,feature_request,7,138,0.050724637681159424,Feature Requests
2024-07-31,feature_request,14,120,0.11666666666666667,Feature Requests
2024-08-01,feature_request,11,124,0.08870967741935484,Feature Requests
2024-08-02,feature_request,9,134,0.06716417910447761,Feature Requests
2024-08-03,feature_request,8,131,0.061068702290076333,Feature Requests
2024-08-04,feature_request,10,119,0.08403361344537816,Feature Requests
2024-08-05,feature_request,10,115,0.08695652173913043,Feature Requests
2024-08-06,feature_request,9,139,0.06474820143884892,Feature Requests
2024-08-07,feature_request,7,123,0.056910569105691054,Feature Requests
2024-08-08,feature_request,15,134,0.11194029850746269,Feature Requests
2024-08-09,feature_request,10,119,0.08403361344537816,Feature Requests
2024-08-10,feature_request,7,127,0.05511811023622047,Feature Requests
2024-08-11,feature_request,15,140,0.10714285714285714,Feature Requests
2024-08-12,feature_request,16,142,0.11267605633802817,Feature Requests
2024-08-13,feature_request,11,133,0.08270676691729323,Feature Requests
2024-08-14,feature_request,13,145,0.0896551724137931,Feature Requests
2024-08-15,feature_request,7,121,0.05785123966942149,Feature Requests
2024-08-16,feature_request,8,93,0.08602150537634409,Feature Requests
2024-08-17,feature_request,14,134,0.1044776119402985,Feature Requests
2024-08-18,feature_request,11,145,0.07586206896551724,Feature Requests
2024-08-19,feature_request,12,132,0.09090909090909091,Feature Requests
2024-08-20,feature_request,13,151,0.08609271523178808,Feature Requests
2024-08-21,feature_request,10,135,0.07407407407407407,Feature Requests
2024-08-22,feature_request,6,107,0.056074766355140186,Feature Requests
2024-08-23,feature_request,9,116,0.07758620689655173,Feature Requests
2024-08-24,feature_request,12,145,0.08275862068965517,Feature Requests
2024-08-25,feature_request,11,124,0.08870967741935484,Feature Requests
2024-08-26,feature_request,8,134,0.05970149253731343,Feature Requests
2024-08-27,feature_request,8,123,0.06504065040650407,Feature Requests
2024-08-28,feature_request,16,133,0.12030075187969924,Feature Requests
2024-08-29,feature_request,11,148,0.07432432432432433,Feature Requests
2024-08-30,feature_request,9,141,0.06382978723404255,Feature Requests
2024-08-31,feature_request,12,143,0.08391608391608392,Feature Requests
2024-09-01,feature_request,8,117,0.06837606837606838,Feature Requests
2024-09-02,feature_request,10,130,0.07692307692307693,Feature Requests
2024-09-03,feature_request,10,149,0.06711409395973154,Feature Requests
2024-09-04,feature_request,13,141,0.09219858156028368,Feature Requests
2024-09-05,feature_request,14,129,0.10852713178294573,Feature Requests
2024-09-06,feature_request,6,137,0.043795620437956206,Feature Requests
2024-09-07,feature_request,7,143,0.04895104895104895,Feature Requests
2024-09-08,feature_request,15,140,0.10714285714285714,Feature Requests
2024-09-09,feature_request,18,133,0.13533834586466165,Feature Requests
2024-09-10,feature_request,17,131,0.1297709923664122,Feature Requests
2024-09-11,feature_request,12,123,0.0975609756097561,Feature Requests
2024-09-12,feature_request,11,128,0.0859375,Feature Requests
2024-09-13,feature_request,9,133,0.06766917293233082,Feature Requests
2024-09-14,feature_request,16,141,0.11347517730496454,Feature Requests
2024-09-15,feature_request,10,122,0.08196721311475409,Feature Requests
2024-09-16,feature_request,9,136,0.0661764705882353,Feature Requests
2024-09-17,feature_request,8,136,0.058823529411764705,Feature Requests
2024-09-18,feature_request,14,128,0.109375,Feature Requests
2024-09-19,feature_request,9,122,0.07377049180327869,Feature Requests
2024-09-20,feature_request,16,154,0.1038961038961039,Feature Requests
2024-09-21,feature_request,9,149,0.06040268456375839,Feature Requests
2024-09-22,feature_request,9,121,0.0743801652892562,Feature Requests
2024-09-23,feature_request,10,142,0.07042253521126761,Feature Requests
2024-09-24,feature_request,4,119,0.03361344537815126,Feature Requests
2024-09-25,feature_request,16,144,0.1111111111111111,Feature Requests
2024-09-26,feature_request,9,120,0.075,Feature Requests
2024-09-27,feature_request,10,111,0.09009009009009009,Feature Requests
2024-09-28,feature_request,16,135,0.11851851851851852,Feature Requests
2024-09-29,feature_request,15,156,0.09615384615384616,Feature Requests
2024-09-30,feature_request,18,116,0.15517241379310345,Feature Requests
2024-10-01,feature_request,12,133,0.09022556390977443,Feature Requests
2024-10-02,feature_request,7,114,0.06140350877192982,Feature Requests
2024-10-03,feature_request,12,110,0.10909090909090909,Feature Requests
2024-10-04,feature_request,13,134,0.09701492537313433,Feature Requests
2024-10-05,feature_request,11,143,0.07692307692307693,Feature Requests
2024-10-06,feature_request,11,142,0.07746478873239436,Feature Requests
2024-10-07,feature_request,11,124,0.08870967741935484,Feature Requests
2024-10-08,feature_request,9,122,0.07377049180327869,Feature Requests
2024-10-09,feature_request,9,129,0.06976744186046512,Feature Requests
2024-10-10,feature_request,12,130,0.09230769230769231,Feature Requests
2024-10-11,feature_request,10,141,0.07092198581560284,Feature Requests
2024-10-12,feature_request,11,119,0.09243697478991597,Feature Requests
2024-10-13,feature_request,10,145,0.06896551724137931,Feature Requests
2024-10-14,feature_request,11,130,0.08461538461538462,Feature Requests
2024-10-15,feature_request,10,120,0.08333333333333333,Feature Requests
2024-10-16,feature_request,10,112,0.08928571428571429,Feature Requests
2024-10-17,feature_request,14,133,0.10526315789473684,Feature Requests
2024-10-18,feature_request,5,112,0.044642857142857144,Feature Requests
2024-10-19,feature_request,11,134,0.08208955223880597,Feature Requests
2024-10-20,feature_request,9,128,0.0703125,Feature Requests
2024-10-21,feature_request,11,127,0.08661417322834646,Feature Requests
2024-10-22,feature_request,13,136,0.09558823529411764,Feature Requests
2024-10-23,feature_request,11,143,0.07692307692307693,Feature Requests
2024-10-24,feature_request,10,118,0.0847457627118644,Feature Requests
2024-10-25,feature_request,10,148,0.06756756756756757,Feature Requests
2024-10-26,feature_request,10,133,0.07518796992481203,Feature Requests
2024-10-27,feature_request,8,124,0.06451612903225806,Feature Requests
2024-10-28,feature_request,9,133,0.06766917293233082,Feature Requests
2024-10-29,feature_request,9,128,0.0703125,Feature Requests
2024-10-30,feature_request,10,115,0.08695652173913043,Feature Requests
2024-10-31,feature_request,8,127,0.06299212598425197,Feature Requests
2024-11-01,feature_request,10,136,0.07352941176470588,Feature Requests
2024-11-02,feature_request,11,132,0.08333333333333333,Feature Requests
2024-11-03,feature_request,7,117,0.05982905982905983,Feature Requests
2024-11-04,feature_request,16,179,0.0893854748603352,Feature Requests
2024-11-05,feature_request,10,140,0.07142857142857142,Feature Requests
2024-11-06,feature_request,8,146,0.0547945205479452,Feature Requests
2024-11-07,feature_request,9,124,0.07258064516129033,Feature Requests
2024-11-08,feature_request,11,150,0.07333333333333333,Feature Requests
2024-11-09,feature_request,16,141,0.11347517730496454,Feature Requests
2024-11-10,feature_request,15,127,0.11811023622047244,Feature Requests
2024-11-11,feature_request,7,120,0.058333333333333334,Feature Requests
2024-11-12,feature_request,11,126,0.0873015873015873,Feature Requests
2024-11-13,feature_request,4,139,0.02877697841726619,Feature Requests
2024-11-14,feature_request,14,126,0.1111111111111111,Feature Requests
2024-11-15,feature_request,8,109,0.07339449541284404,Feature Requests
2024-11-16,feature_request,11,139,0.07913669064748201,Feature Requests
2024-11-17,feature_request,6,120,0.05,Feature Requests
2024-11-18,feature_request,10,138,0.07246376811594203,Feature Requests
2024-11-19,feature_request,12,135,0.08888888888888889,Feature Requests
2024-11-20,feature_request,10,118,0.0847457627118644,Feature Requests
2024-11-21,feature_request,15,133,0.11278195488721804,Feature Requests
2024-11-22,feature_request,17,142,0.11971830985915492,Feature Requests
2024-11-23,feature_request,8,134,0.05970149253731343,Feature Requests
2024-11-24,feature_request,12,134,0.08955223880597014,Feature Requests
2024-11-25,feature_request,10,111,0.09009009009009009,Feature Requests
2024-11-26,feature_request,13,143,0.09090909090909091,Feature Requests
2024-11-27,feature_request,15,136,0.11029411764705882,Feature Requests
2024-11-28,feature_request,8,134,0.05970149253731343,Feature Requests
2024-11-29,feature_request,10,131,0.07633587786259542,Feature Requests
2024-11-30,feature_request,20,140,0.14285714285714285,Feature Requests
2024-12-01,feature_request,10,138,0.07246376811594203,Feature Requests
2024-12-02,feature_request,10,124,0.08064516129032258,Feature Requests
2024-12-03,feature_request,9,134,0.06716417910447761,Feature Requests
2024-12-04,feature_request,9,130,0.06923076923076923,Feature Requests
2024-12-05,feature_request,14,135,0.1037037037037037,Feature Requests
2024-12-06,feature_request,11,140,0.07857142857142857,Feature Requests
2024-12-07,feature_request,9,141,0.06382978723404255,Feature Requests
2024-12-08,feature_request,9,138,0.06521739130434782,Feature Requests
2024-12-09,feature_request,14,145,0.09655172413793103,Feature Requests
2024-12-10,feature_request,12,141,0.0851063829787234,Feature Requests
2024-12-11,feature_request,11,137,0.08029197080291971,Feature Requests
2024-12-12,feature_request,11,142,0.07746478873239436,Feature Requests
2024-12-13,feature_request,13,140,0.09285714285714286,Feature Requests
2024-12-14,feature_request,11,124,0.08870967741935484,Feature Requests
2024-12-15,feature_request,11,128,0.0859375,Feature Requests
2024-12-16,feature_request,10,132,0.07575757575757576,Feature Requests
2024-12-17,feature_request,11,115,0.09565217391304348,Feature Requests
2024-12-18,feature_request,6,122,0.04918032786885246,Feature Requests
2024-12-19,feature_request,8,120,0.06666666666666667,Feature Requests
2024-12-20,feature_request,13,132,0.09848484848484848,Feature Requests
2024-12-21,feature_request,10,107,0.09345794392523364,Feature Requests
2024-12-22,feature_request,9,143,0.06293706293706294,Feature Requests
2024-12-23,feature_request,10,129,0.07751937984496124,Feature Requests
2024-12-24,feature_request,11,103,0.10679611650485436,Feature Requests
2024-12-25,feature_request,9,117,0.07692307692307693,Feature Requests
2024-12-26,feature_request,16,131,0.12213740458015267,Feature Requests
2024-12-27,feature_request,12,136,0.08823529411764706,Feature Requests
2024-12-28,feature_request,11,134,0.08208955223880597,Feature Requests
2024-12-29,feature_request,13,135,0.0962962962962963,Feature Requests
2024-12-30,feature_request,12,149,0.08053691275167785,Feature Requests
2024-12-31,feature_request,10,129,0.07751937984496124,Feature Requests
2025-01-01,feature_request,13,118,0.11016949152542373,Feature Requests
2025-01-02,feature_request,9,134,0.06716417910447761,Feature Requests
2025-01-03,feature_request,5,137,0.0364963503649635,Feature Requests
2025-01-04,feature_request,5,119,0.04201680672268908,Feature Requests
2025-01-05,feature_request,12,148,0.08108108108108109,Feature Requests
2025-01-06,feature_request,7,156,0.04487179487179487,Feature Requests
2025-01-07,feature_request,11,126,0.0873015873015873,Feature Requests
2025-01-08,feature_request,8,150,0.05333333333333334,Feature Requests
2025-01-09,feature_request,10,131,0.07633587786259542,Feature Requests
2025-01-10,feature_request,15,128,0.1171875,Feature Requests
2025-01-11,feature_request,16,148,0.10810810810810811,Feature Requests
2025-01-12,feature_request,15,136,0.11029411764705882,Feature Requests
2025-01-13,feature_request,8,123,0.06504065040650407,Feature Requests
2025-01-14,feature_request,12,135,0.08888888888888889,Feature Requests
2025-01-15,feature_request,13,139,0.09352517985611511,Feature Requests
2025-01-16,feature_request,13,148,0.08783783783783784,Feature Requests
2025-01-17,feature_request,16,156,0.10256410256410256,Feature Requests
2025-01-18,feature_request,10,120,0.08333333333333333,Feature Requests
2025-01-19,feature_request,9,120,0.075,Feature Requests
2025-01-20,feature_request,9,132,0.06818181818181818,Feature Requests
2025-01-21,feature_request,11,130,0.08461538461538462,Feature Requests
2025-01-22,feature_request,12,152,0.07894736842105263,Feature Requests
2025-01-23,feature_request,5,139,0.03597122302158273,Feature Requests
2025-01-24,feature_request,11,126,0.0873015873015873,Feature Requests
2025-01-25,feature_request,14,143,0.0979020979020979,Feature Requests
2025-01-26,feature_request,8,148,0.05405405405405406,Feature Requests
2025-01-27,feature_request,4,113,0.035398230088495575,Feature Requests
2025-01-28,feature_request,18,156,0.11538461538461539,Feature Requests
2025-01-29,feature_request,12,137,0.08759124087591241,Feature Requests
2025-01-30,feature_request,12,136,0.08823529411764706,Feature Requests
2025-01-31,feature_request,6,136,0.04411764705882353,Feature Requests
2025-02-01,feature_request,5,132,0.03787878787878788,Feature Requests
2025-02-02,feature_request,13,138,0.09420289855072464,Feature Requests
2025-02-03,feature_request,5,138,0.036231884057971016,Feature Requests
2025-02-04,feature_request,14,132,0.10606060606060606,Feature Requests
2025-02-05,feature_request,13,139,0.09352517985611511,Feature Requests
2025-02-06,feature_request,10,143,0.06993006993006994,Feature Requests
2025-02-07,feature_request,15,149,0.10067114093959731,Feature Requests
2025-02-08,feature_request,8,128,0.0625,Feature Requests
2025-02-09,feature_request,7,139,0.050359712230215826,Feature Requests
2025-02-10,feature_request,15,138,0.10869565217391304,Feature Requests
2025-02-11,feature_request,8,129,0.06201550387596899,Feature Requests
2025-02-12,feature_request,10,140,0.07142857142857142,Feature Requests
2025-02-13,feature_request,13,148,0.08783783783783784,Feature Requests
2025-02-14,feature_request,11,116,0.09482758620689655,Feature Requests
2025-02-15,feature_request,16,128,0.125,Feature Requests
2025-02-16,feature_request,13,143,0.09090909090909091,Feature Requests
2025-02-17,feature_request,13,136,0.09558823529411764,Feature Requests
2025-02-18,feature_request,12,145,0.08275862068965517,Feature Requests
2025-02-19,feature_request,8,117,0.06837606837606838,Feature Requests
2025-02-20,feature_request,15,143,0.1048951048951049,Feature Requests
2025-02-21,feature_request,8,139,0.05755395683453238,Feature Requests
2025-02-22,feature_request,14,114,0.12280701754385964,Feature Requests
2025-02-23,feature_request,9,123,0.07317073170731707,Feature Requests
2025-02-24,feature_request,9,135,0.06666666666666667,Feature Requests
2025-02-25,feature_request,9,139,0.06474820143884892,Feature Requests
2025-02-26,feature_request,10,127,0.07874015748031496,Feature Requests
2025-02-27,feature_request,8,120,0.06666666666666667,Feature Requests
2025-02-28,feature_request,6,130,0.046153846153846156,Feature Requests
2025-03-01,feature_request,11,137,0.08029197080291971,Feature Requests
2025-03-02,feature_request,14,141,0.09929078014184398,Feature Requests
2025-03-03,feature_request,15,128,0.1171875,Feature Requests
2025-03-04,feature_request,18,142,0.1267605633802817,Feature Requests
2025-03-05,feature_request,15,137,0.10948905109489052,Feature Requests
2025-03-06,feature_request,14,143,0.0979020979020979,Feature Requests
2025-03-07,feature_request,9,123,0.07317073170731707,Feature Requests
2025-03-08,feature_request,7,128,0.0546875,Feature Requests
2025-03-09,feature_request,9,135,0.06666666666666667,Feature Requests
2025-03-10,feature_request,6,127,0.047244094488188976,Feature Requests
2025-03-11,feature_request,16,138,0.11594202898550725,Feature Requests
2025-03-12,feature_request,15,133,0.11278195488721804,Feature Requests
2025-03-13,feature_request,8,121,0.06611570247933884,Feature Requests
2025-03-14,feature_request,11,140,0.07857142857142857,Feature Requests
2025-03-15,feature_request,9,131,0.06870229007633588,Feature Requests
2025-03-16,feature_request,10,134,0.07462686567164178,Feature Requests
2025-03-17,feature_request,12,135,0.08888888888888889,Feature Requests
2025-03-18,feature_request,15,99,0.15151515151515152,Feature Requests
2025-03-19,feature_request,10,121,0.08264462809917356,Feature Requests
2025-03-20,feature_request,10,120,0.08333333333333333,Feature Requests
2025-03-21,feature_request,9,138,0.06521739130434782,Feature Requests
2025-03-22,feature_request,11,142,0.07746478873239436,Feature Requests
2025-03-23,feature_request,8,121,0.06611570247933884,Feature Requests
2025-03-24,feature_request,13,146,0.08904109589041095,Feature Requests
2025-03-25,feature_request,11,119,0.09243697478991597,Feature Requests
2025-03-26,feature_request,9,137,0.06569343065693431,Feature Requests
2025-03-27,feature_request,8,131,0.061068702290076333,Feature Requests
2025-03-28,feature_request,4,125,0.032,Feature Requests
2025-03-29,feature_request,8,125,0.064,Feature Requests
2025-03-30,feature_request,6,137,0.043795620437956206,Feature Requests
2025-03-31,feature_request,13,150,0.08666666666666667,Feature Requests
2025-04-01,feature_request,12,152,0.07894736842105263,Feature Requests
2025-04-02,feature_request,10,145,0.06896551724137931,Feature Requests
2025-04-03,feature_request,10,138,0.07246376811594203,Feature Requests
2025-04-04,feature_request,12,116,0.10344827586206896,Feature Requests
2025-04-05,feature_request,16,148,0.10810810810810811,Feature Requests
2025-04-06,feature_request,7,139,0.050359712230215826,Feature Requests
2025-04-07,feature_request,9,119,0.07563025210084033,Feature Requests
2025-04-08,feature_request,9,127,0.07086614173228346,Feature Requests
2025-04-09,feature_request,9,124,0.07258064516129033,Feature Requests
2025-04-10,feature_request,12,147,0.08163265306122448,Feature Requests
2025-04-11,feature_request,13,150,0.08666666666666667,Feature Requests
2025-04-12,feature_request,13,158,0.08227848101265822,Feature Requests
2025-04-13,feature_request,15,109,0.13761467889908258,Feature Requests
2025-04-14,feature_request,13,132,0.09848484848484848,Feature Requests
2025-04-15,feature_request,15,149,0.10067114093959731,Feature Requests
2025-04-16,feature_request,8,130,0.06153846153846154,Feature Requests
2025-04-17,feature_request,11,123,0.08943089430894309,Feature Requests
2025-04-18,feature_request,15,139,0.1079136690647482,Feature Requests
2025-04-19,feature_request,10,110,0.09090909090909091,Feature Requests
2025-04-20,feature_request,6,128,0.046875,Feature Requests
2025-04-21,feature_request,8,132,0.06060606060606061,Feature Requests
2025-04-22,feature_request,12,137,0.08759124087591241,Feature Requests
2025-04-23,feature_request,8,130,0.06153846153846154,Feature Requests
2025-04-24,feature_request,13,145,0.0896551724137931,Feature Requests
2025-04-25,feature_request,10,121,0.08264462809917356,Feature Requests
2025-04-26,feature_request,8,129,0.06201550387596899,Feature Requests
2025-04-27,feature_request,9,127,0.07086614173228346,Feature Requests
2025-04-28,feature_request,11,118,0.09322033898305085,Feature Requests
2025-04-29,feature_request,10,122,0.08196721311475409,Feature Requests
2025-04-30,feature_request,14,125,0.112,Feature Requests
2025-05-01,feature_request,6,149,0.040268456375838924,Feature Requests
2025-05-02,feature_request,7,122,0.05737704918032787,Feature Requests
2025-05-03,feature_request,9,129,0.06976744186046512,Feature Requests
2025-05-04,feature_request,11,139,0.07913669064748201,Feature Requests
2025-05-05,feature_request,13,126,0.10317460317460317,Feature Requests
2025-05-06,feature_request,11,150,0.07333333333333333,Feature Requests
2025-05-07,feature_request,10,130,0.07692307692307693,Feature Requests
2025-05-08,feature_request,9,118,0.07627118644067797,Feature Requests
2025-05-09,feature_request,7,142,0.04929577464788732,Feature Requests
2025-05-10,feature_request,6,124,0.04838709677419355,Feature Requests
2025-05-11,feature_request,11,132,0.08333333333333333,Feature Requests
2025-05-12,feature_request,14,138,0.10144927536231885,Feature Requests
2025-05-13,feature_request,12,129,0.09302325581395349,Feature Requests
2025-05-14,feature_request,11,119,0.09243697478991597,Feature Requests
2025-05-15,feature_request,5,124,0.04032258064516129,Feature Requests
2025-05-16,feature_request,15,139,0.1079136690647482,Feature Requests
2025-05-17,feature_request,6,124,0.04838709677419355,Feature Requests
2025-05-18,feature_request,9,121,0.0743801652892562,Feature Requests
2025-05-19,feature_request,9,114,0.07894736842105263,Feature Requests
2025-05-20,feature_request,11,130,0.08461538461538462,Feature Requests
2025-05-21,feature_request,3,108,0.027777777777777776,Feature Requests
2025-05-22,feature_request,13,156,0.08333333333333333,Feature Requests
2025-05-23,feature_request,18,148,0.12162162162162163,Feature Requests
2025-05-24,feature_request,9,137,0.06569343065693431,Feature Requests
2025-05-25,feature_request,8,141,0.05673758865248227,Feature Requests
2025-05-26,feature_request,11,119,0.09243697478991597,Feature Requests
2025-05-27,feature_request,13,160,0.08125,Feature Requests
2025-05-28,feature_request,7,147,0.047619047619047616,Feature Requests
2025-05-29,feature_request,10,116,0.08620689655172414,Feature Requests
2025-05-30,feature_request,13,133,0.09774436090225563,Feature Requests
2025-05-31,feature_request,11,140,0.07857142857142857,Feature Requests
2025-06-01,feature_request,5,132,0.03787878787878788,Feature Requests
2025-06-02,feature_request,6,118,0.05084745762711865,Feature Requests
2025-06-03,feature_request,8,121,0.06611570247933884,Feature Requests
2025-06-04,feature_request,8,141,0.05673758865248227,Feature Requests
2025-06-05,feature_request,6,116,0.05172413793103448,Feature Requests
2025-06-06,feature_request,12,140,0.08571428571428572,Feature Requests
2025-06-07,feature_request,6,138,0.043478260869565216,Feature Requests
2025-06-08,feature_request,11,142,0.07746478873239436,Feature Requests
2025-06-09,feature_request,9,126,0.07142857142857142,Feature Requests
2025-06-10,feature_request,13,152,0.08552631578947369,Feature Requests
2025-06-11,feature_request,9,133,0.06766917293233082,Feature Requests
2025-06-12,feature_request,11,137,0.08029197080291971,Feature Requests
2025-06-13,feature_request,12,137,0.08759124087591241,Feature Requests
2025-06-14,feature_request,10,113,0.08849557522123894,Feature Requests
2025-06-15,feature_request,9,104,0.08653846153846154,Feature Requests
2025-06-16,feature_request,8,132,0.06060606060606061,Feature Requests
2025-06-17,feature_request,9,117,0.07692307692307693,Feature Requests
2025-06-18,feature_request,11,136,0.08088235294117647,Feature Requests
2025-06-19,feature_request,17,130,0.13076923076923078,Feature Requests
2025-06-20,feature_request,13,137,0.0948905109489051,Feature Requests
2025-06-21,feature_request,14,146,0.0958904109589041,Feature Requests
2025-06-22,feature_request,11,134,0.08208955223880597,Feature Requests
2025-06-23,feature_request,15,116,0.12931034482758622,Feature Requests
2025-06-24,feature_request,6,134,0.04477611940298507,Feature Requests
2025-06-25,feature_request,12,118,0.1016949152542373,Feature Requests
2025-06-26,feature_request,15,119,0.12605042016806722,Feature Requests
2025-06-27,feature_request,14,143,0.0979020979020979,Feature Requests
2025-06-28,feature_request,14,132,0.10606060606060606,Feature Requests
2025-06-29,feature_request,11,140,0.07857142857142857,Feature Requests
2025-06-30,feature_request,12,133,0.09022556390977443,Feature Requests
2025-07-01,feature_request,7,118,0.059322033898305086,Feature Requests
2025-07-02,feature_request,9,128,0.0703125,Feature Requests
2025-07-03,feature_request,8,124,0.06451612903225806,Feature Requests
2025-07-04,feature_request,3,124,0.024193548387096774,Feature Requests
2025-07-05,feature_request,5,126,0.03968253968253968,Feature Requests
2025-07-06,feature_request,14,131,0.10687022900763359,Feature Requests
2025-07-07,feature_request,9,116,0.07758620689655173,Feature Requests
2025-07-08,feature_request,13,158,0.08227848101265822,Feature Requests
2025-07-09,feature_request,8,134,0.05970149253731343,Feature Requests
2025-07-10,feature_request,13,151,0.08609271523178808,Feature Requests
2025-07-11,feature_request,11,139,0.07913669064748201,Feature Requests
2025-07-12,feature_request,10,141,0.07092198581560284,Feature Requests
2025-07-13,feature_request,12,122,0.09836065573770492,Feature Requests
2025-07-14,feature_request,10,123,0.08130081300813008,Feature Requests
2025-07-15,feature_request,7,120,0.058333333333333334,Feature Requests
2025-07-16,feature_request,9,112,0.08035714285714286,Feature Requests
2025-07-17,feature_request,10,136,0.07352941176470588,Feature Requests
2025-07-18,feature_request,17,141,0.12056737588652482,Feature Requests
2025-07-19,feature_request,16,145,0.1103448275862069,Feature Requests
2025-07-20,feature_request,16,147,0.10884353741496598,Feature Requests
2025-07-21,feature_request,9,124,0.07258064516129033,Feature Requests
2025-07-22,feature_request,10,125,0.08,Feature Requests
2025-07-23,feature_request,10,129,0.07751937984496124,Feature Requests
2025-07-24,feature_request,16,154,0.1038961038961039,Feature Requests
2025-07-25,feature_request,8,126,0.06349206349206349,Feature Requests
2025-07-26,feature_request,10,146,0.0684931506849315,Feature Requests
2025-07-27,feature_request,11,144,0.0763888888888889,Feature Requests
2025-07-28,feature_request,12,148,0.08108108108108109,Feature Requests
2025-07-29,feature_request,6,101,0.0594059405940594,Feature Requests
2025-07-30,feature_request,12,133,0.09022556390977443,Feature Requests
2025-07-31,feature_request,14,133,0.10526315789473684,Feature Requests
2025-08-01,feature_request,11,143,0.07692307692307693,Feature Requests
2025-08-02,feature_request,10,151,0.06622516556291391,Feature Requests
2025-08-03,feature_request,6,130,0.046153846153846156,Feature Requests
2025-08-04,feature_request,12,143,0.08391608391608392,Feature Requests
2025-08-05,feature_request,7,122,0.05737704918032787,Feature Requests
2025-08-06,feature_request,16,143,0.11188811188811189,Feature Requests
2025-08-07,feature_request,8,116,0.06896551724137931,Feature Requests
2025-08-08,feature_request,15,124,0.12096774193548387,Feature Requests
2025-08-09,feature_request,10,125,0.08,Feature Requests
2025-08-10,feature_request,13,158,0.08227848101265822,Feature Requests
2025-08-11,feature_request,14,131,0.10687022900763359,Feature Requests
2025-08-12,feature_request,9,155,0.05806451612903226,Feature Requests
2025-08-13,feature_request,8,119,0.06722689075630252,Feature Requests
2025-08-14,feature_request,8,136,0.058823529411764705,Feature Requests
2025-08-15,feature_request,9,142,0.06338028169014084,Feature Requests
2025-08-16,feature_request,18,117,0.15384615384615385,Feature Requests
2025-08-17,feature_request,13,138,0.09420289855072464,Feature Requests
2025-08-18,feature_request,7,117,0.05982905982905983,Feature Requests
2025-08-19,feature_request,10,129,0.07751937984496124,Feature Requests
2025-08-20,feature_request,16,146,0.1095890410958904,Feature Requests
2025-08-21,feature_request,12,145,0.08275862068965517,Feature Requests
2025-08-22,feature_request,11,146,0.07534246575342465,Feature Requests
2025-08-23,feature_request,7,122,0.05737704918032787,Feature Requests
2025-08-24,feature_request,15,129,0.11627906976744186,Feature Requests
2025-08-25,feature_request,9,129,0.06976744186046512,Feature Requests
2025-08-26,feature_request,11,124,0.08870967741935484,Feature Requests
2025-08-27,feature_request,11,126,0.0873015873015873,Feature Requests
2025-08-28,feature_request,9,123,0.07317073170731707,Feature Requests
2025-08-29,feature_request,17,121,0.14049586776859505,Feature Requests
2025-08-30,feature_request,10,127,0.07874015748031496,Feature Requests
2025-08-31,feature_request,11,124,0.08870967741935484,Feature Requests
2025-09-01,feature_request,12,132,0.09090909090909091,Feature Requests
2025-09-02,feature_request,5,132,0.03787878787878788,Feature Requests
2025-09-03,feature_request,12,136,0.08823529411764706,Feature Requests
2025-09-04,feature_request,7,133,0.05263157894736842,Feature Requests
2025-09-05,feature_request,10,113,0.08849557522123894,Feature Requests
2025-09-06,feature_request,7,122,0.05737704918032787,Feature Requests
2025-09-07,feature_request,13,141,0.09219858156028368,Feature Requests
2025-09-08,feature_request,10,141,0.07092198581560284,Feature Requests
2025-09-09,feature_request,8,152,0.05263157894736842,Feature Requests
2025-09-10,feature_request,14,127,0.11023622047244094,Feature Requests
2025-09-11,feature_request,12,129,0.09302325581395349,Feature Requests
2025-09-12,feature_request,6,129,0.046511627906976744,Feature Requests
2025-09-13,feature_request,11,115,0.09565217391304348,Feature Requests
2025-09-14,feature_request,8,119,0.06722689075630252,Feature Requests
2025-09-15,feature_request,18,132,0.13636363636363635,Feature Requests
2025-09-16,feature_request,12,133,0.09022556390977443,Feature Requests
2025-09-17,feature_request,17,137,0.12408759124087591,Feature Requests
2025-09-18,feature_request,12,135,0.08888888888888889,Feature Requests
2025-09-19,feature_request,7,138,0.050724637681159424,Feature Requests
2025-09-20,feature_request,10,142,0.07042253521126761,Feature Requests
2025-09-21,feature_request,9,118,0.07627118644067797,Feature Requests
2025-09-22,feature_request,7,117,0.05982905982905983,Feature Requests
2025-09-23,feature_request,10,125,0.08,Feature Requests
2025-09-24,feature_request,10,129,0.07751937984496124,Feature Requests
2025-09-25,feature_request,7,113,0.061946902654867256,Feature Requests
2025-09-26,feature_request,11,135,0.08148148148148149,Feature Requests
2025-09-27,feature_request,15,146,0.10273972602739725,Feature Requests
2025-09-28,feature_request,14,140,0.1,Feature Requests
2025-09-29,feature_request,8,122,0.06557377049180328,Feature Requests
2025-09-30,feature_request,15,134,0.11194029850746269,Feature Requests
2025-10-01,feature_request,7,135,0.05185185185185185,Feature Requests
2025-10-02,feature_request,11,114,0.09649122807017543,Feature Requests
2025-10-03,feature_request,8,125,0.064,Feature Requests
2025-10-04,feature_request,9,139,0.06474820143884892,Feature Requests
2025-10-05,feature_request,12,118,0.1016949152542373,Feature Requests
2025-10-06,feature_request,8,130,0.06153846153846154,Feature Requests
2025-10-07,feature_request,9,130,0.06923076923076923,Feature Requests
2025-10-08,feature_request,16,129,0.12403100775193798,Feature Requests
2025-10-09,feature_request,8,141,0.05673758865248227,Feature Requests
2025-10-10,feature_request,14,127,0.11023622047244094,Feature Requests
2025-10-11,feature_request,12,142,0.08450704225352113,Feature Requests
2025-10-12,feature_request,10,116,0.08620689655172414,Feature Requests
2025-10-13,feature_request,5,121,0.04132231404958678,Feature Requests
2025-10-14,feature_request,6,123,0.04878048780487805,Feature Requests
2025-10-15,feature_request,17,137,0.12408759124087591,Feature Requests
2025-10-16,feature_request,18,143,0.1258741258741259,Feature Requests
2025-10-17,feature_request,5,107,0.04672897196261682,Feature Requests
2025-10-18,feature_request,12,143,0.08391608391608392,Feature Requests
2025-10-19,feature_request,10,114,0.08771929824561403,Feature Requests
2025-10-20,feature_request,10,110,0.09090909090909091,Feature Requests
2025-10-21,feature_request,7,115,0.06086956521739131,Feature Requests
2025-10-22,feature_request,10,115,0.08695652173913043,Feature Requests
2025-10-23,feature_request,8,140,0.05714285714285714,Feature Requests
2025-10-24,feature_request,8,130,0.06153846153846154,Feature Requests
2025-10-25,feature_request,13,133,0.09774436090225563,Feature Requests
2025-10-26,feature_request,6,138,0.043478260869565216,Feature Requests
2025-10-27,feature_request,6,132,0.045454545454545456,Feature Requests
2025-10-28,feature_request,12,142,0.08450704225352113,Feature Requests
2025-10-29,feature_request,11,134,0.08208955223880597,Feature Requests
2025-10-30,feature_request,6,130,0.046153846153846156,Feature Requests
2025-10-31,feature_request,6,105,0.05714285714285714,Feature Requests
2025-11-01,feature_request,16,149,0.10738255033557047,Feature Requests
2025-11-02,feature_request,9,128,0.0703125,Feature Requests
2025-11-03,feature_request,15,136,0.11029411764705882,Feature Requests
2025-11-04,feature_request,13,130,0.1,Feature Requests
2025-11-05,feature_request,10,133,0.07518796992481203,Feature Requests
2025-11-06,feature_request,9,126,0.07142857142857142,Feature Requests
2025-11-07,feature_request,14,146,0.0958904109589041,Feature Requests
2025-11-08,feature_request,10,142,0.07042253521126761,Feature Requests
2025-11-09,feature_request,7,118,0.059322033898305086,Feature Requests
2025-11-10,feature_request,12,129,0.09302325581395349,Feature Requests
2025-11-11,feature_request,10,145,0.06896551724137931,Feature Requests
2025-11-12,feature_request,9,112,0.08035714285714286,Feature Requests
2025-11-13,feature_request,15,136,0.11029411764705882,Feature Requests
2025-11-14,feature_request,9,117,0.07692307692307693,Feature Requests
2025-11-15,feature_request,9,110,0.08181818181818182,Feature Requests
2025-11-16,feature_request,10,137,0.072992700729927,Feature Requests
2025-11-17,feature_request,16,149,0.10738255033557047,Feature Requests
2025-11-18,feature_request,16,134,0.11940298507462686,Feature Requests
2025-11-19,feature_request,6,123,0.04878048780487805,Feature Requests
2025-11-20,feature_request,13,143,0.09090909090909091,Feature Requests
2025-11-21,feature_request,10,120,0.08333333333333333,Feature Requests
2025-11-22,feature_request,10,130,0.07692307692307693,Feature Requests
2025-11-23,feature_request,14,129,0.10852713178294573,Feature Requests
2025-11-24,feature_request,9,121,0.0743801652892562,Feature Requests
2025-11-25,feature_request,10,119,0.08403361344537816,Feature Requests
2025-11-26,feature_request,9,119,0.07563025210084033,Feature Requests
2025-11-27,feature_request,10,140,0.07142857142857142,Feature Requests
2025-11-28,feature_request,11,129,0.08527131782945736,Feature Requests
2025-11-29,feature_request,10,151,0.06622516556291391,Feature Requests
2025-11-30,feature_request,10,129,0.07751937984496124,Feature Requests
2025-12-01,feature_request,9,168,0.05357142857142857,Feature Requests
2025-12-02,feature_request,8,119,0.06722689075630252,Feature Requests
2025-12-03,feature_request,13,133,0.09774436090225563,Feature Requests
2025-12-04,feature_request,14,139,0.10071942446043165,Feature Requests
2025-12-05,feature_request,9,113,0.07964601769911504,Feature Requests
2025-12-06,feature_request,15,134,0.11194029850746269,Feature Requests
2025-12-07,feature_request,9,124,0.07258064516129033,Feature Requests
2025-12-08,feature_request,11,153,0.0718954248366013,Feature Requests
2025-12-09,feature_request,8,134,0.05970149253731343,Feature Requests
2025-12-10,feature_request,14,147,0.09523809523809523,Feature Requests
2025-12-11,feature_request,6,132,0.045454545454545456,Feature Requests
2025-12-12,feature_request,13,131,0.09923664122137404,Feature Requests
2025-12-13,feature_request,10,137,0.072992700729927,Feature Requests
2025-12-14,feature_request,8,105,0.0761904761904762,Feature Requests
2025-12-15,feature_request,12,122,0.09836065573770492,Feature Requests
2025-12-16,feature_request,9,136,0.0661764705882353,Feature Requests
2025-12-17,feature_request,10,128,0.078125,Feature Requests
2025-12-18,feature_request,12,118,0.1016949152542373,Feature Requests
2025-12-19,feature_request,14,140,0.1,Feature Requests
2025-12-20,feature_request,12,145,0.08275862068965517,Feature Requests
2025-12-21,feature_request,9,121,0.0743801652892562,Feature Requests
2025-12-22,feature_request,16,138,0.11594202898550725,Feature Requests
2025-12-23,feature_request,7,137,0.051094890510948905,Feature Requests
2025-12-24,feature_request,7,123,0.056910569105691054,Feature Requests
2025-12-25,feature_request,9,123,0.07317073170731707,Feature Requests
2025-12-26,feature_request,11,135,0.08148148148148149,Feature Requests
2025-12-27,feature_request,11,119,0.09243697478991597,Feature Requests
2025-12-28,feature_request,12,151,0.07947019867549669,Feature Requests
2025-12-29,feature_request,18,130,0.13846153846153847,Feature Requests
2025-12-30,feature_request,11,115,0.09565217391304348,Feature Requests
2025-12-31,feature_request,7,134,0.05223880597014925,Feature Requests
2026-01-01,feature_request,19,140,0.1357142857142857,Feature Requests
2026-01-02,feature_request,13,116,0.11206896551724138,Feature Requests
2026-01-03,feature_request,9,132,0.06818181818181818,Feature Requests
2026-01-04,feature_request,7,123,0.056910569105691054,Feature Requests
2026-01-05,feature_request,18,125,0.144,Feature Requests
2026-01-06,feature_request,13,137,0.0948905109489051,Feature Requests
2026-01-07,feature_request,4,123,0.032520325203252036,Feature Requests
2026-01-08,feature_request,7,111,0.06306306306306306,Feature Requests
2026-01-09,feature_request,8,127,0.06299212598425197,Feature Requests
2026-01-10,feature_request,16,143,0.11188811188811189,Feature Requests
2026-01-11,feature_request,11,118,0.09322033898305085,Feature Requests
2026-01-12,feature_request,9,145,0.06206896551724138,Feature Requests
2026-01-13,feature_request,12,138,0.08695652173913043,Feature Requests
2026-01-14,feature_request,8,127,0.06299212598425197,Feature Requests
2026-01-15,feature_request,9,135,0.06666666666666667,Feature Requests
2026-01-16,feature_request,14,120,0.11666666666666667,Feature Requests
2026-01-17,feature_request,16,120,0.13333333333333333,Feature Requests
2026-01-18,feature_request,8,131,0.061068702290076333,Feature Requests
2026-01-19,feature_request,8,136,0.058823529411764705,Feature Requests
2026-01-20,feature_request,12,127,0.09448818897637795,Feature Requests
2026-01-21,feature_request,10,130,0.07692307692307693,Feature Requests
2026-01-22,feature_request,7,149,0.04697986577181208,Feature Requests
2026-01-23,feature_request,12,115,0.10434782608695652,Feature Requests
2026-01-24,feature_request,10,134,0.07462686567164178,Feature Requests
2026-01-25,feature_request,16,124,0.12903225806451613,Feature Requests
2026-01-26,feature_request,12,125,0.096,Feature Requests
2026-01-27,feature_request,8,139,0.05755395683453238,Feature Requests
2026-01-28,feature_request,11,121,0.09090909090909091,Feature Requests
2026-01-29,feature_request,9,132,0.06818181818181818,Feature Requests
2026-01-30,feature_request,19,140,0.1357142857142857,Feature Requests
2026-01-31,feature_request,12,114,0.10526315789473684,Feature Requests
2026-02-01,feature_request,11,115,0.09565217391304348,Feature Requests
2026-02-02,feature_request,12,147,0.08163265306122448,Feature Requests
2026-02-03,feature_request,9,153,0.058823529411764705,Feature Requests
2026-02-04,feature_request,16,136,0.11764705882352941,Feature Requests
2026-02-05,feature_request,6,133,0.045112781954887216,Feature Requests
2026-02-06,feature_request,12,126,0.09523809523809523,Feature Requests
2026-02-07,feature_request,13,143,0.09090909090909091,Feature Requests
2026-02-08,feature_request,27,140,0.19285714285714287,Feature Requests
2026-02-09,feature_request,9,137,0.06569343065693431,Feature Requests
2026-02-10,feature_request,8,134,0.05970149253731343,Feature Requests
2026-02-11,feature_request,10,121,0.08264462809917356,Feature Requests
2026-02-12,feature_request,12,130,0.09230769230769231,Feature Requests
2026-02-13,feature_request,8,131,0.061068702290076333,Feature Requests
2026-02-14,feature_request,6,129,0.046511627906976744,Feature Requests
2026-02-15,feature_request,9,141,0.06382978723404255,Feature Requests
2026-02-16,feature_request,10,149,0.06711409395973154,Feature Requests
2026-02-17,feature_request,11,118,0.09322033898305085,Feature Requests
2026-02-18,feature_request,9,121,0.0743801652892562,Feature Requests
2026-02-19,feature_request,15,123,0.12195121951219512,Feature Requests
2026-02-20,feature_request,2,131,0.015267175572519083,Feature Requests
2026-02-21,feature_request,12,156,0.07692307692307693,Feature Requests
2026-02-22,feature_request,11,118,0.09322033898305085,Feature Requests
2026-02-23,feature_request,8,145,0.05517241379310345,Feature Requests
2026-02-24,feature_request,7,140,0.05,Feature Requests
2026-02-25,feature_request,11,114,0.09649122807017543,Feature Requests
2026-02-26,feature_request,11,140,0.07857142857142857,Feature Requests
2026-02-27,feature_request,8,138,0.057971014492753624,Feature Requests
2026-02-28,feature_request,10,113,0.08849557522123894,Feature Requests
2026-03-01,feature_request,16,137,0.11678832116788321,Feature Requests
2026-03-02,feature_request,9,131,0.06870229007633588,Feature Requests
2026-03-03,feature_request,10,164,0.06097560975609756,Feature Requests
2026-03-04,feature_request,12,144,0.08333333333333333,Feature Requests
2026-03-05,feature_request,6,147,0.04081632653061224,Feature Requests
2026-03-06,feature_request,11,131,0.08396946564885496,Feature Requests
2026-03-07,feature_request,9,133,0.06766917293233082,Feature Requests
2026-03-08,feature_request,11,128,0.0859375,Feature Requests
2026-03-09,feature_request,17,124,0.13709677419354838,Feature Requests
2026-03-10,feature_request,5,129,0.03875968992248062,Feature Requests
2026-03-11,feature_request,12,127,0.09448818897637795,Feature Requests
2026-03-12,feature_request,14,120,0.11666666666666667,Feature Requests
2026-03-13,feature_request,16,139,0.11510791366906475,Feature Requests
2026-03-14,feature_request,12,131,0.0916030534351145,Feature Requests
2026-03-15,feature_request,9,123,0.07317073170731707,Feature Requests
2026-03-16,feature_request,6,119,0.05042016806722689,Feature Requests
2026-03-17,feature_request,10,138,0.07246376811594203,Feature Requests
2026-03-18,feature_request,9,150,0.06,Feature Requests
2026-03-19,feature_request,9,136,0.0661764705882353,Feature Requests
2026-03-20,feature_request,9,142,0.06338028169014084,Feature Requests
2026-03-21,feature_request,9,114,0.07894736842105263,Feature Requests
2026-03-22,feature_request,10,146,0.0684931506849315,Feature Requests
2026-03-23,feature_request,17,139,0.1223021582733813,Feature Requests
2026-03-24,feature_request,12,121,0.09917355371900827,Feature Requests
2026-03-25,feature_request,10,140,0.07142857142857142,Feature Requests
2026-03-26,feature_request,12,138,0.08695652173913043,Feature Requests
2026-03-27,feature_request,7,139,0.050359712230215826,Feature Requests
2026-03-28,feature_request,7,116,0.0603448275862069,Feature Requests
2026-03-29,feature_request,9,130,0.06923076923076923,Feature Requests
2026-03-30,feature_request,9,145,0.06206896551724138,Feature Requests
2026-03-31,feature_request,10,125,0.08,Feature Requests
2026-04-01,feature_request,16,126,0.12698412698412698,Feature Requests
2026-04-02,feature_request,7,124,0.056451612903225805,Feature Requests
2026-04-03,feature_request,3,139,0.02158273381294964,Feature Requests
2026-04-04,feature_request,14,138,0.10144927536231885,Feature Requests
2026-04-05,feature_request,6,134,0.04477611940298507,Feature Requests
2026-04-06,feature_request,13,144,0.09027777777777778,Feature Requests
2026-04-07,feature_request,8,135,0.05925925925925926,Feature Requests
2026-04-08,feature_request,9,116,0.07758620689655173,Feature Requests
2026-04-09,feature_request,5,131,0.03816793893129771,Feature Requests
2026-04-10,feature_request,12,137,0.08759124087591241,Feature Requests
2026-04-11,feature_request,15,131,0.11450381679389313,Feature Requests
2026-04-12,feature_request,12,129,0.09302325581395349,Feature Requests
2026-04-13,feature_request,7,121,0.05785123966942149,Feature Requests
2026-04-14,feature_request,11,132,0.08333333333333333,Feature Requests
2026-04-15,feature_request,15,131,0.11450381679389313,Feature Requests
2026-04-16,feature_request,14,135,0.1037037037037037,Feature Requests
2026-04-17,feature_request,9,125,0.072,Feature Requests
2026-04-18,feature_request,7,137,0.051094890510948905,Feature Requests
2026-04-19,feature_request,9,118,0.07627118644067797,Feature Requests
2026-04-20,feature_request,21,140,0.15,Feature Requests
2026-04-21,feature_request,10,128,0.078125,Feature Requests
2026-04-22,feature_request,13,139,0.09352517985611511,Feature Requests
2026-04-23,feature_request,9,125,0.072,Feature Requests
2026-04-24,feature_request,5,130,0.038461538461538464,Feature Requests
2026-04-25,feature_request,9,107,0.08411214953271028,Feature Requests
2026-04-26,feature_request,16,140,0.11428571428571428,Feature Requests
2026-04-27,feature_request,9,140,0.06428571428571428,Feature Requests
2026-04-28,feature_request,6,113,0.05309734513274336,Feature Requests
2026-04-29,feature_request,7,138,0.050724637681159424,Feature Requests
2026-04-30,feature_request,9,126,0.07142857142857142,Feature Requests
2026-05-01,feature_request,9,141,0.06382978723404255,Feature Requests
2026-05-02,feature_request,10,128,0.078125,Feature Requests
2026-05-03,feature_request,8,137,0.058394160583941604,Feature Requests
2026-05-04,feature_request,12,143,0.08391608391608392,Feature Requests
2026-05-05,feature_request,15,155,0.0967741935483871,Feature Requests
2026-05-06,feature_request,10,127,0.07874015748031496,Feature Requests
2026-05-07,feature_request,9,139,0.06474820143884892,Feature Requests
2026-05-08,feature_request,13,136,0.09558823529411764,Feature Requests
2026-05-09,feature_request,7,130,0.05384615384615385,Feature Requests
2026-05-10,feature_request,7,134,0.05223880597014925,Feature Requests
2026-05-11,feature_request,6,125,0.048,Feature Requests
2026-05-12,feature_request,10,132,0.07575757575757576,Feature Requests
2026-05-13,feature_request,14,123,0.11382113821138211,Feature Requests
2026-05-14,feature_request,13,132,0.09848484848484848,Feature Requests
2026-05-15,feature_request,13,131,0.09923664122137404,Feature Requests
2026-05-16,feature_request,12,136,0.08823529411764706,Feature Requests
2026-05-17,feature_request,9,135,0.06666666666666667,Feature Requests
2026-05-18,feature_request,10,120,0.08333333333333333,Feature Requests
2026-05-19,feature_request,11,138,0.07971014492753623,Feature Requests
2026-05-20,feature_request,16,140,0.11428571428571428,Feature Requests
2026-05-21,feature_request,15,118,0.1271186440677966,Feature Requests
2026-05-22,feature_request,12,141,0.0851063829787234,Feature Requests
2026-05-23,feature_request,11,130,0.08461538461538462,Feature Requests
2026-05-24,feature_request,9,124,0.07258064516129033,Feature Requests
2026-05-25,feature_request,9,128,0.0703125,Feature Requests
2026-05-26,feature_request,10,111,0.09009009009009009,Feature Requests
2026-05-27,feature_request,15,136,0.11029411764705882,Feature Requests
2026-05-28,feature_request,12,125,0.096,Feature Requests
2026-05-29,feature_request,6,125,0.048,Feature Requests
2026-05-30,feature_request,6,111,0.05405405405405406,Feature Requests
2026-05-31,feature_request,10,154,0.06493506493506493,Feature Requests
2026-06-01,feature_request,9,125,0.072,Feature Requests
2026-06-02,feature_request,9,144,0.0625,Feature Requests
2026-06-03,feature_request,12,141,0.0851063829787234,Feature Requests
2026-06-04,feature_request,11,134,0.08208955223880597,Feature Requests
2026-06-05,feature_request,17,138,0.12318840579710146,Feature Requests
2026-06-06,feature_request,10,133,0.07518796992481203,Feature Requests
2026-06-07,feature_request,12,132,0.09090909090909091,Feature Requests
2026-06-08,feature_request,9,124,0.07258064516129033,Feature Requests
2026-06-09,feature_request,7,141,0.04964539007092199,Feature Requests
2026-06-10,feature_request,12,122,0.09836065573770492,Feature Requests
2026-06-11,feature_request,12,143,0.08391608391608392,Feature Requests
2026-06-12,feature_request,11,126,0.0873015873015873,Feature Requests
2026-06-13,feature_request,7,115,0.06086956521739131,Feature Requests
2026-06-14,feature_request,11,126,0.0873015873015873,Feature Requests
2026-06-15,feature_request,10,126,0.07936507936507936,Feature Requests
2026-06-16,feature_request,7,130,0.05384615384615385,Feature Requests
2026-06-17,feature_request,12,131,0.0916030534351145,Feature Requests
2026-06-18,feature_request,11,131,0.08396946564885496,Feature Requests
2026-06-19,feature_request,17,147,0.11564625850340136,Feature Requests
2026-06-20,feature_request,10,115,0.08695652173913043,Feature Requests
2026-06-21,feature_request,7,124,0.056451612903225805,Feature Requests
2026-06-22,feature_request,11,142,0.07746478873239436,Feature Requests
2026-06-23,feature_request,13,131,0.09923664122137404,Feature Requests
2026-06-24,feature_request,5,123,0.04065040650406504,Feature Requests
2026-06-25,feature_request,8,129,0.06201550387596899,Feature Requests
2026-06-26,feature_request,7,146,0.04794520547945205,Feature Requests
2026-06-27,feature_request,7,123,0.056910569105691054,Feature Requests
2026-06-28,feature_request,17,137,0.12408759124087591,Feature Requests
2026-06-29,feature_request,13,119,0.1092436974789916,Feature Requests
2024-01-01,general_satisfaction,11,132,0.08333333333333333,General Satisfaction
2024-01-02,general_satisfaction,20,132,0.15151515151515152,General Satisfaction
2024-01-03,general_satisfaction,13,146,0.08904109589041095,General Satisfaction
2024-01-04,general_satisfaction,19,154,0.12337662337662338,General Satisfaction
2024-01-05,general_satisfaction,12,134,0.08955223880597014,General Satisfaction
2024-01-06,general_satisfaction,15,142,0.1056338028169014,General Satisfaction
2024-01-07,general_satisfaction,18,148,0.12162162162162163,General Satisfaction
2024-01-08,general_satisfaction,14,140,0.1,General Satisfaction
2024-01-09,general_satisfaction,18,152,0.11842105263157894,General Satisfaction
2024-01-10,general_satisfaction,20,134,0.14925373134328357,General Satisfaction
2024-01-11,general_satisfaction,22,145,0.15172413793103448,General Satisfaction
2024-01-12,general_satisfaction,6,104,0.057692307692307696,General Satisfaction
2024-01-13,general_satisfaction,22,140,0.15714285714285714,General Satisfaction
2024-01-14,general_satisfaction,17,142,0.11971830985915492,General Satisfaction
2024-01-15,general_satisfaction,21,130,0.16153846153846155,General Satisfaction
2024-01-16,general_satisfaction,17,113,0.1504424778761062,General Satisfaction
2024-01-17,general_satisfaction,15,130,0.11538461538461539,General Satisfaction
2024-01-18,general_satisfaction,15,145,0.10344827586206896,General Satisfaction
2024-01-19,general_satisfaction,13,133,0.09774436090225563,General Satisfaction
2024-01-20,general_satisfaction,16,137,0.11678832116788321,General Satisfaction
2024-01-21,general_satisfaction,23,144,0.1597222222222222,General Satisfaction
2024-01-22,general_satisfaction,16,147,0.10884353741496598,General Satisfaction
2024-01-23,general_satisfaction,15,153,0.09803921568627451,General Satisfaction
2024-01-24,general_satisfaction,19,132,0.14393939393939395,General Satisfaction
2024-01-25,general_satisfaction,19,147,0.1292517006802721,General Satisfaction
2024-01-26,general_satisfaction,15,133,0.11278195488721804,General Satisfaction
2024-01-27,general_satisfaction,18,146,0.1232876712328767,General Satisfaction
2024-01-28,general_satisfaction,12,138,0.08695652173913043,General Satisfaction
2024-01-29,general_satisfaction,19,127,0.14960629921259844,General Satisfaction
2024-01-30,general_satisfaction,8,131,0.061068702290076333,General Satisfaction
2024-01-31,general_satisfaction,11,123,0.08943089430894309,General Satisfaction
2024-02-01,general_satisfaction,17,140,0.12142857142857143,General Satisfaction
2024-02-02,general_satisfaction,14,116,0.1206896551724138,General Satisfaction
2024-02-03,general_satisfaction,11,113,0.09734513274336283,General Satisfaction
2024-02-04,general_satisfaction,12,138,0.08695652173913043,General Satisfaction
2024-02-05,general_satisfaction,9,135,0.06666666666666667,General Satisfaction
2024-02-06,general_satisfaction,19,124,0.1532258064516129,General Satisfaction
2024-02-07,general_satisfaction,20,131,0.15267175572519084,General Satisfaction
2024-02-08,general_satisfaction,14,110,0.12727272727272726,General Satisfaction
2024-02-09,general_satisfaction,20,125,0.16,General Satisfaction
2024-02-10,general_satisfaction,12,138,0.08695652173913043,General Satisfaction
2024-02-11,general_satisfaction,17,125,0.136,General Satisfaction
2024-02-12,general_satisfaction,15,151,0.09933774834437085,General Satisfaction
2024-02-13,general_satisfaction,13,119,0.1092436974789916,General Satisfaction
2024-02-14,general_satisfaction,17,158,0.10759493670886076,General Satisfaction
2024-02-15,general_satisfaction,15,126,0.11904761904761904,General Satisfaction
2024-02-16,general_satisfaction,15,120,0.125,General Satisfaction
2024-02-17,general_satisfaction,11,126,0.0873015873015873,General Satisfaction
2024-02-18,general_satisfaction,11,130,0.08461538461538462,General Satisfaction
2024-02-19,general_satisfaction,19,140,0.1357142857142857,General Satisfaction
2024-02-20,general_satisfaction,13,133,0.09774436090225563,General Satisfaction
2024-02-21,general_satisfaction,20,141,0.14184397163120568,General Satisfaction
2024-02-22,general_satisfaction,14,138,0.10144927536231885,General Satisfaction
2024-02-23,general_satisfaction,12,139,0.08633093525179857,General Satisfaction
2024-02-24,general_satisfaction,14,128,0.109375,General Satisfaction
2024-02-25,general_satisfaction,16,126,0.12698412698412698,General Satisfaction
2024-02-26,general_satisfaction,13,119,0.1092436974789916,General Satisfaction
2024-02-27,general_satisfaction,16,125,0.128,General Satisfaction
2024-02-28,general_satisfaction,14,126,0.1111111111111111,General Satisfaction
2024-02-29,general_satisfaction,17,126,0.1349206349206349,General Satisfaction
2024-03-01,general_satisfaction,12,121,0.09917355371900827,General Satisfaction
2024-03-02,general_satisfaction,21,141,0.14893617021276595,General Satisfaction
2024-03-03,general_satisfaction,18,136,0.1323529411764706,General Satisfaction
2024-03-04,general_satisfaction,14,128,0.109375,General Satisfaction
2024-03-05,general_satisfaction,10,109,0.09174311926605505,General Satisfaction
2024-03-06,general_satisfaction,12,111,0.10810810810810811,General Satisfaction
2024-03-07,general_satisfaction,10,129,0.07751937984496124,General Satisfaction
2024-03-08,general_satisfaction,15,113,0.13274336283185842,General Satisfaction
2024-03-09,general_satisfaction,16,127,0.12598425196850394,General Satisfaction
2024-03-10,general_satisfaction,10,128,0.078125,General Satisfaction
2024-03-11,general_satisfaction,12,133,0.09022556390977443,General Satisfaction
2024-03-12,general_satisfaction,15,109,0.13761467889908258,General Satisfaction
2024-03-13,general_satisfaction,13,134,0.09701492537313433,General Satisfaction
2024-03-14,general_satisfaction,18,122,0.14754098360655737,General Satisfaction
2024-03-15,general_satisfaction,16,152,0.10526315789473684,General Satisfaction
2024-03-16,general_satisfaction,11,139,0.07913669064748201,General Satisfaction
2024-03-17,general_satisfaction,15,135,0.1111111111111111,General Satisfaction
2024-03-18,general_satisfaction,15,143,0.1048951048951049,General Satisfaction
2024-03-19,general_satisfaction,21,140,0.15,General Satisfaction
2024-03-20,general_satisfaction,17,122,0.13934426229508196,General Satisfaction
2024-03-21,general_satisfaction,15,126,0.11904761904761904,General Satisfaction
2024-03-22,general_satisfaction,12,123,0.0975609756097561,General Satisfaction
2024-03-23,general_satisfaction,16,124,0.12903225806451613,General Satisfaction
2024-03-24,general_satisfaction,20,158,0.12658227848101267,General Satisfaction
2024-03-25,general_satisfaction,16,156,0.10256410256410256,General Satisfaction
2024-03-26,general_satisfaction,14,131,0.10687022900763359,General Satisfaction
2024-03-27,general_satisfaction,14,134,0.1044776119402985,General Satisfaction
2024-03-28,general_satisfaction,12,130,0.09230769230769231,General Satisfaction
2024-03-29,general_satisfaction,20,151,0.13245033112582782,General Satisfaction
2024-03-30,general_satisfaction,16,121,0.1322314049586777,General Satisfaction
2024-03-31,general_satisfaction,12,133,0.09022556390977443,General Satisfaction
2024-04-01,general_satisfaction,20,136,0.14705882352941177,General Satisfaction
2024-04-02,general_satisfaction,16,124,0.12903225806451613,General Satisfaction
2024-04-03,general_satisfaction,19,117,0.1623931623931624,General Satisfaction
2024-04-04,general_satisfaction,17,132,0.12878787878787878,General Satisfaction
2024-04-05,general_satisfaction,14,135,0.1037037037037037,General Satisfaction
2024-04-06,general_satisfaction,19,132,0.14393939393939395,General Satisfaction
2024-04-07,general_satisfaction,14,124,0.11290322580645161,General Satisfaction
2024-04-08,general_satisfaction,19,139,0.1366906474820144,General Satisfaction
2024-04-09,general_satisfaction,20,130,0.15384615384615385,General Satisfaction
2024-04-10,general_satisfaction,18,152,0.11842105263157894,General Satisfaction
2024-04-11,general_satisfaction,12,108,0.1111111111111111,General Satisfaction
2024-04-12,general_satisfaction,17,133,0.12781954887218044,General Satisfaction
2024-04-13,general_satisfaction,17,123,0.13821138211382114,General Satisfaction
2024-04-14,general_satisfaction,16,143,0.11188811188811189,General Satisfaction
2024-04-15,general_satisfaction,17,130,0.13076923076923078,General Satisfaction
2024-04-16,general_satisfaction,12,127,0.09448818897637795,General Satisfaction
2024-04-17,general_satisfaction,11,121,0.09090909090909091,General Satisfaction
2024-04-18,general_satisfaction,21,155,0.13548387096774195,General Satisfaction
2024-04-19,general_satisfaction,18,137,0.13138686131386862,General Satisfaction
2024-04-20,general_satisfaction,12,147,0.08163265306122448,General Satisfaction
2024-04-21,general_satisfaction,18,137,0.13138686131386862,General Satisfaction
2024-04-22,general_satisfaction,18,130,0.13846153846153847,General Satisfaction
2024-04-23,general_satisfaction,8,119,0.06722689075630252,General Satisfaction
2024-04-24,general_satisfaction,16,121,0.1322314049586777,General Satisfaction
2024-04-25,general_satisfaction,11,124,0.08870967741935484,General Satisfaction
2024-04-26,general_satisfaction,18,138,0.13043478260869565,General Satisfaction
2024-04-27,general_satisfaction,14,118,0.11864406779661017,General Satisfaction
2024-04-28,general_satisfaction,16,127,0.12598425196850394,General Satisfaction
2024-04-29,general_satisfaction,15,131,0.11450381679389313,General Satisfaction
2024-04-30,general_satisfaction,21,137,0.15328467153284672,General Satisfaction
2024-05-01,general_satisfaction,10,136,0.07352941176470588,General Satisfaction
2024-05-02,general_satisfaction,13,101,0.12871287128712872,General Satisfaction
2024-05-03,general_satisfaction,14,138,0.10144927536231885,General Satisfaction
2024-05-04,general_satisfaction,20,135,0.14814814814814814,General Satisfaction
2024-05-05,general_satisfaction,13,116,0.11206896551724138,General Satisfaction
2024-05-06,general_satisfaction,18,140,0.12857142857142856,General Satisfaction
2024-05-07,general_satisfaction,13,124,0.10483870967741936,General Satisfaction
2024-05-08,general_satisfaction,15,141,0.10638297872340426,General Satisfaction
2024-05-09,general_satisfaction,19,125,0.152,General Satisfaction
2024-05-10,general_satisfaction,22,133,0.16541353383458646,General Satisfaction
2024-05-11,general_satisfaction,19,137,0.1386861313868613,General Satisfaction
2024-05-12,general_satisfaction,14,133,0.10526315789473684,General Satisfaction
2024-05-13,general_satisfaction,24,151,0.15894039735099338,General Satisfaction
2024-05-14,general_satisfaction,9,119,0.07563025210084033,General Satisfaction
2024-05-15,general_satisfaction,21,114,0.18421052631578946,General Satisfaction
2024-05-16,general_satisfaction,15,129,0.11627906976744186,General Satisfaction
2024-05-17,general_satisfaction,13,117,0.1111111111111111,General Satisfaction
2024-05-18,general_satisfaction,12,130,0.09230769230769231,General Satisfaction
2024-05-19,general_satisfaction,11,123,0.08943089430894309,General Satisfaction
2024-05-20,general_satisfaction,22,141,0.15602836879432624,General Satisfaction
2024-05-21,general_satisfaction,17,130,0.13076923076923078,General Satisfaction
2024-05-22,general_satisfaction,18,140,0.12857142857142856,General Satisfaction
2024-05-23,general_satisfaction,15,134,0.11194029850746269,General Satisfaction
2024-05-24,general_satisfaction,15,132,0.11363636363636363,General Satisfaction
2024-05-25,general_satisfaction,21,125,0.168,General Satisfaction
2024-05-26,general_satisfaction,18,148,0.12162162162162163,General Satisfaction
2024-05-27,general_satisfaction,10,108,0.09259259259259259,General Satisfaction
2024-05-28,general_satisfaction,18,125,0.144,General Satisfaction
2024-05-29,general_satisfaction,17,122,0.13934426229508196,General Satisfaction
2024-05-30,general_satisfaction,19,133,0.14285714285714285,General Satisfaction
2024-05-31,general_satisfaction,22,121,0.18181818181818182,General Satisfaction
2024-06-01,general_satisfaction,13,128,0.1015625,General Satisfaction
2024-06-02,general_satisfaction,15,122,0.12295081967213115,General Satisfaction
2024-06-03,general_satisfaction,13,130,0.1,General Satisfaction
2024-06-04,general_satisfaction,9,133,0.06766917293233082,General Satisfaction
2024-06-05,general_satisfaction,12,125,0.096,General Satisfaction
2024-06-06,general_satisfaction,18,145,0.12413793103448276,General Satisfaction
2024-06-07,general_satisfaction,14,126,0.1111111111111111,General Satisfaction
2024-06-08,general_satisfaction,12,136,0.08823529411764706,General Satisfaction
2024-06-09,general_satisfaction,14,120,0.11666666666666667,General Satisfaction
2024-06-10,general_satisfaction,12,107,0.11214953271028037,General Satisfaction
2024-06-11,general_satisfaction,13,143,0.09090909090909091,General Satisfaction
2024-06-12,general_satisfaction,14,128,0.109375,General Satisfaction
2024-06-13,general_satisfaction,17,136,0.125,General Satisfaction
2024-06-14,general_satisfaction,14,125,0.112,General Satisfaction
2024-06-15,general_satisfaction,22,133,0.16541353383458646,General Satisfaction
2024-06-16,general_satisfaction,15,155,0.0967741935483871,General Satisfaction
2024-06-17,general_satisfaction,10,129,0.07751937984496124,General Satisfaction
2024-06-18,general_satisfaction,14,133,0.10526315789473684,General Satisfaction
2024-06-19,general_satisfaction,19,120,0.15833333333333333,General Satisfaction
2024-06-20,general_satisfaction,21,119,0.17647058823529413,General Satisfaction
2024-06-21,general_satisfaction,14,129,0.10852713178294573,General Satisfaction
2024-06-22,general_satisfaction,16,146,0.1095890410958904,General Satisfaction
2024-06-23,general_satisfaction,23,146,0.15753424657534246,General Satisfaction
2024-06-24,general_satisfaction,16,144,0.1111111111111111,General Satisfaction
2024-06-25,general_satisfaction,16,162,0.09876543209876543,General Satisfaction
2024-06-26,general_satisfaction,17,129,0.13178294573643412,General Satisfaction
2024-06-27,general_satisfaction,14,148,0.0945945945945946,General Satisfaction
2024-06-28,general_satisfaction,15,106,0.14150943396226415,General Satisfaction
2024-06-29,general_satisfaction,15,124,0.12096774193548387,General Satisfaction
2024-06-30,general_satisfaction,18,156,0.11538461538461539,General Satisfaction
2024-07-01,general_satisfaction,11,126,0.0873015873015873,General Satisfaction
2024-07-02,general_satisfaction,18,122,0.14754098360655737,General Satisfaction
2024-07-03,general_satisfaction,12,124,0.0967741935483871,General Satisfaction
2024-07-04,general_satisfaction,16,146,0.1095890410958904,General Satisfaction
2024-07-05,general_satisfaction,17,154,0.11038961038961038,General Satisfaction
2024-07-06,general_satisfaction,13,128,0.1015625,General Satisfaction
2024-07-07,general_satisfaction,16,125,0.128,General Satisfaction
2024-07-08,general_satisfaction,17,130,0.13076923076923078,General Satisfaction
2024-07-09,general_satisfaction,19,153,0.12418300653594772,General Satisfaction
2024-07-10,general_satisfaction,16,141,0.11347517730496454,General Satisfaction
2024-07-11,general_satisfaction,11,132,0.08333333333333333,General Satisfaction
2024-07-12,general_satisfaction,22,137,0.16058394160583941,General Satisfaction
2024-07-13,general_satisfaction,16,130,0.12307692307692308,General Satisfaction
2024-07-14,general_satisfaction,20,130,0.15384615384615385,General Satisfaction
2024-07-15,general_satisfaction,14,115,0.12173913043478261,General Satisfaction
2024-07-16,general_satisfaction,20,149,0.1342281879194631,General Satisfaction
2024-07-17,general_satisfaction,18,125,0.144,General Satisfaction
2024-07-18,general_satisfaction,16,120,0.13333333333333333,General Satisfaction
2024-07-19,general_satisfaction,12,129,0.09302325581395349,General Satisfaction
2024-07-20,general_satisfaction,16,143,0.11188811188811189,General Satisfaction
2024-07-21,general_satisfaction,21,145,0.14482758620689656,General Satisfaction
2024-07-22,general_satisfaction,27,148,0.18243243243243243,General Satisfaction
2024-07-23,general_satisfaction,28,145,0.19310344827586207,General Satisfaction
2024-07-24,general_satisfaction,16,115,0.1391304347826087,General Satisfaction
2024-07-25,general_satisfaction,18,147,0.12244897959183673,General Satisfaction
2024-07-26,general_satisfaction,14,139,0.10071942446043165,General Satisfaction
2024-07-27,general_satisfaction,16,123,0.13008130081300814,General Satisfaction
2024-07-28,general_satisfaction,8,123,0.06504065040650407,General Satisfaction
2024-07-29,general_satisfaction,15,126,0.11904761904761904,General Satisfaction
2024-07-30,general_satisfaction,18,138,0.13043478260869565,General Satisfaction
2024-07-31,general_satisfaction,16,120,0.13333333333333333,General Satisfaction
2024-08-01,general_satisfaction,19,124,0.1532258064516129,General Satisfaction
2024-08-02,general_satisfaction,18,134,0.13432835820895522,General Satisfaction
2024-08-03,general_satisfaction,19,131,0.1450381679389313,General Satisfaction
2024-08-04,general_satisfaction,16,119,0.13445378151260504,General Satisfaction
2024-08-05,general_satisfaction,8,115,0.06956521739130435,General Satisfaction
2024-08-06,general_satisfaction,9,139,0.06474820143884892,General Satisfaction
2024-08-07,general_satisfaction,20,123,0.16260162601626016,General Satisfaction
2024-08-08,general_satisfaction,16,134,0.11940298507462686,General Satisfaction
2024-08-09,general_satisfaction,12,119,0.10084033613445378,General Satisfaction
2024-08-10,general_satisfaction,20,127,0.15748031496062992,General Satisfaction
2024-08-11,general_satisfaction,17,140,0.12142857142857143,General Satisfaction
2024-08-12,general_satisfaction,17,142,0.11971830985915492,General Satisfaction
2024-08-13,general_satisfaction,11,133,0.08270676691729323,General Satisfaction
2024-08-14,general_satisfaction,26,145,0.1793103448275862,General Satisfaction
2024-08-15,general_satisfaction,16,121,0.1322314049586777,General Satisfaction
2024-08-16,general_satisfaction,7,93,0.07526881720430108,General Satisfaction
2024-08-17,general_satisfaction,20,134,0.14925373134328357,General Satisfaction
2024-08-18,general_satisfaction,21,145,0.14482758620689656,General Satisfaction
2024-08-19,general_satisfaction,15,132,0.11363636363636363,General Satisfaction
2024-08-20,general_satisfaction,16,151,0.10596026490066225,General Satisfaction
2024-08-21,general_satisfaction,21,135,0.15555555555555556,General Satisfaction
2024-08-22,general_satisfaction,15,107,0.14018691588785046,General Satisfaction
2024-08-23,general_satisfaction,12,116,0.10344827586206896,General Satisfaction
2024-08-24,general_satisfaction,28,145,0.19310344827586207,General Satisfaction
2024-08-25,general_satisfaction,15,124,0.12096774193548387,General Satisfaction
2024-08-26,general_satisfaction,18,134,0.13432835820895522,General Satisfaction
2024-08-27,general_satisfaction,15,123,0.12195121951219512,General Satisfaction
2024-08-28,general_satisfaction,14,133,0.10526315789473684,General Satisfaction
2024-08-29,general_satisfaction,19,148,0.12837837837837837,General Satisfaction
2024-08-30,general_satisfaction,16,141,0.11347517730496454,General Satisfaction
2024-08-31,general_satisfaction,15,143,0.1048951048951049,General Satisfaction
2024-09-01,general_satisfaction,15,117,0.1282051282051282,General Satisfaction
2024-09-02,general_satisfaction,19,130,0.14615384615384616,General Satisfaction
2024-09-03,general_satisfaction,18,149,0.12080536912751678,General Satisfaction
2024-09-04,general_satisfaction,22,141,0.15602836879432624,General Satisfaction
2024-09-05,general_satisfaction,18,129,0.13953488372093023,General Satisfaction
2024-09-06,general_satisfaction,6,137,0.043795620437956206,General Satisfaction
2024-09-07,general_satisfaction,17,143,0.11888111888111888,General Satisfaction
2024-09-08,general_satisfaction,13,140,0.09285714285714286,General Satisfaction
2024-09-09,general_satisfaction,18,133,0.13533834586466165,General Satisfaction
2024-09-10,general_satisfaction,9,131,0.06870229007633588,General Satisfaction
2024-09-11,general_satisfaction,12,123,0.0975609756097561,General Satisfaction
2024-09-12,general_satisfaction,17,128,0.1328125,General Satisfaction
2024-09-13,general_satisfaction,15,133,0.11278195488721804,General Satisfaction
2024-09-14,general_satisfaction,15,141,0.10638297872340426,General Satisfaction
2024-09-15,general_satisfaction,4,122,0.03278688524590164,General Satisfaction
2024-09-16,general_satisfaction,12,136,0.08823529411764706,General Satisfaction
2024-09-17,general_satisfaction,20,136,0.14705882352941177,General Satisfaction
2024-09-18,general_satisfaction,17,128,0.1328125,General Satisfaction
2024-09-19,general_satisfaction,14,122,0.11475409836065574,General Satisfaction
2024-09-20,general_satisfaction,17,154,0.11038961038961038,General Satisfaction
2024-09-21,general_satisfaction,20,149,0.1342281879194631,General Satisfaction
2024-09-22,general_satisfaction,10,121,0.08264462809917356,General Satisfaction
2024-09-23,general_satisfaction,16,142,0.11267605633802817,General Satisfaction
2024-09-24,general_satisfaction,12,119,0.10084033613445378,General Satisfaction
2024-09-25,general_satisfaction,19,144,0.13194444444444445,General Satisfaction
2024-09-26,general_satisfaction,14,120,0.11666666666666667,General Satisfaction
2024-09-27,general_satisfaction,7,111,0.06306306306306306,General Satisfaction
2024-09-28,general_satisfaction,16,135,0.11851851851851852,General Satisfaction
2024-09-29,general_satisfaction,14,156,0.08974358974358974,General Satisfaction
2024-09-30,general_satisfaction,8,116,0.06896551724137931,General Satisfaction
2024-10-01,general_satisfaction,15,133,0.11278195488721804,General Satisfaction
2024-10-02,general_satisfaction,13,114,0.11403508771929824,General Satisfaction
2024-10-03,general_satisfaction,12,110,0.10909090909090909,General Satisfaction
2024-10-04,general_satisfaction,16,134,0.11940298507462686,General Satisfaction
2024-10-05,general_satisfaction,18,143,0.1258741258741259,General Satisfaction
2024-10-06,general_satisfaction,17,142,0.11971830985915492,General Satisfaction
2024-10-07,general_satisfaction,18,124,0.14516129032258066,General Satisfaction
2024-10-08,general_satisfaction,15,122,0.12295081967213115,General Satisfaction
2024-10-09,general_satisfaction,17,129,0.13178294573643412,General Satisfaction
2024-10-10,general_satisfaction,17,130,0.13076923076923078,General Satisfaction
2024-10-11,general_satisfaction,9,141,0.06382978723404255,General Satisfaction
2024-10-12,general_satisfaction,15,119,0.12605042016806722,General Satisfaction
2024-10-13,general_satisfaction,19,145,0.1310344827586207,General Satisfaction
2024-10-14,general_satisfaction,24,130,0.18461538461538463,General Satisfaction
2024-10-15,general_satisfaction,18,120,0.15,General Satisfaction
2024-10-16,general_satisfaction,15,112,0.13392857142857142,General Satisfaction
2024-10-17,general_satisfaction,11,133,0.08270676691729323,General Satisfaction
2024-10-18,general_satisfaction,13,112,0.11607142857142858,General Satisfaction
2024-10-19,general_satisfaction,17,134,0.12686567164179105,General Satisfaction
2024-10-20,general_satisfaction,12,128,0.09375,General Satisfaction
2024-10-21,general_satisfaction,16,127,0.12598425196850394,General Satisfaction
2024-10-22,general_satisfaction,20,136,0.14705882352941177,General Satisfaction
2024-10-23,general_satisfaction,15,143,0.1048951048951049,General Satisfaction
2024-10-24,general_satisfaction,8,118,0.06779661016949153,General Satisfaction
2024-10-25,general_satisfaction,18,148,0.12162162162162163,General Satisfaction
2024-10-26,general_satisfaction,7,133,0.05263157894736842,General Satisfaction
2024-10-27,general_satisfaction,11,124,0.08870967741935484,General Satisfaction
2024-10-28,general_satisfaction,19,133,0.14285714285714285,General Satisfaction
2024-10-29,general_satisfaction,17,128,0.1328125,General Satisfaction
2024-10-30,general_satisfaction,12,115,0.10434782608695652,General Satisfaction
2024-10-31,general_satisfaction,9,127,0.07086614173228346,General Satisfaction
2024-11-01,general_satisfaction,16,136,0.11764705882352941,General Satisfaction
2024-11-02,general_satisfaction,15,132,0.11363636363636363,General Satisfaction
2024-11-03,general_satisfaction,15,117,0.1282051282051282,General Satisfaction
2024-11-04,general_satisfaction,22,179,0.12290502793296089,General Satisfaction
2024-11-05,general_satisfaction,18,140,0.12857142857142856,General Satisfaction
2024-11-06,general_satisfaction,13,146,0.08904109589041095,General Satisfaction
2024-11-07,general_satisfaction,19,124,0.1532258064516129,General Satisfaction
2024-11-08,general_satisfaction,18,150,0.12,General Satisfaction
2024-11-09,general_satisfaction,19,141,0.1347517730496454,General Satisfaction
2024-11-10,general_satisfaction,19,127,0.14960629921259844,General Satisfaction
2024-11-11,general_satisfaction,13,120,0.10833333333333334,General Satisfaction
2024-11-12,general_satisfaction,17,126,0.1349206349206349,General Satisfaction
2024-11-13,general_satisfaction,23,139,0.16546762589928057,General Satisfaction
2024-11-14,general_satisfaction,19,126,0.15079365079365079,General Satisfaction
2024-11-15,general_satisfaction,15,109,0.13761467889908258,General Satisfaction
2024-11-16,general_satisfaction,23,139,0.16546762589928057,General Satisfaction
2024-11-17,general_satisfaction,11,120,0.09166666666666666,General Satisfaction
2024-11-18,general_satisfaction,17,138,0.12318840579710146,General Satisfaction
2024-11-19,general_satisfaction,18,135,0.13333333333333333,General Satisfaction
2024-11-20,general_satisfaction,11,118,0.09322033898305085,General Satisfaction
2024-11-21,general_satisfaction,10,133,0.07518796992481203,General Satisfaction
2024-11-22,general_satisfaction,22,142,0.15492957746478872,General Satisfaction
2024-11-23,general_satisfaction,15,134,0.11194029850746269,General Satisfaction
2024-11-24,general_satisfaction,14,134,0.1044776119402985,General Satisfaction
2024-11-25,general_satisfaction,15,111,0.13513513513513514,General Satisfaction
2024-11-26,general_satisfaction,12,143,0.08391608391608392,General Satisfaction
2024-11-27,general_satisfaction,15,136,0.11029411764705882,General Satisfaction
2024-11-28,general_satisfaction,20,134,0.14925373134328357,General Satisfaction
2024-11-29,general_satisfaction,18,131,0.13740458015267176,General Satisfaction
2024-11-30,general_satisfaction,14,140,0.1,General Satisfaction
2024-12-01,general_satisfaction,21,138,0.15217391304347827,General Satisfaction
2024-12-02,general_satisfaction,19,124,0.1532258064516129,General Satisfaction
2024-12-03,general_satisfaction,23,134,0.17164179104477612,General Satisfaction
2024-12-04,general_satisfaction,18,130,0.13846153846153847,General Satisfaction
2024-12-05,general_satisfaction,22,135,0.16296296296296298,General Satisfaction
2024-12-06,general_satisfaction,21,140,0.15,General Satisfaction
2024-12-07,general_satisfaction,15,141,0.10638297872340426,General Satisfaction
2024-12-08,general_satisfaction,7,138,0.050724637681159424,General Satisfaction
2024-12-09,general_satisfaction,24,145,0.16551724137931034,General Satisfaction
2024-12-10,general_satisfaction,13,141,0.09219858156028368,General Satisfaction
2024-12-11,general_satisfaction,15,137,0.10948905109489052,General Satisfaction
2024-12-12,general_satisfaction,23,142,0.1619718309859155,General Satisfaction
2024-12-13,general_satisfaction,20,140,0.14285714285714285,General Satisfaction
2024-12-14,general_satisfaction,13,124,0.10483870967741936,General Satisfaction
2024-12-15,general_satisfaction,16,128,0.125,General Satisfaction
2024-12-16,general_satisfaction,16,132,0.12121212121212122,General Satisfaction
2024-12-17,general_satisfaction,13,115,0.11304347826086956,General Satisfaction
2024-12-18,general_satisfaction,22,122,0.18032786885245902,General Satisfaction
2024-12-19,general_satisfaction,12,120,0.1,General Satisfaction
2024-12-20,general_satisfaction,12,132,0.09090909090909091,General Satisfaction
2024-12-21,general_satisfaction,12,107,0.11214953271028037,General Satisfaction
2024-12-22,general_satisfaction,8,143,0.055944055944055944,General Satisfaction
2024-12-23,general_satisfaction,18,129,0.13953488372093023,General Satisfaction
2024-12-24,general_satisfaction,11,103,0.10679611650485436,General Satisfaction
2024-12-25,general_satisfaction,12,117,0.10256410256410256,General Satisfaction
2024-12-26,general_satisfaction,14,131,0.10687022900763359,General Satisfaction
2024-12-27,general_satisfaction,19,136,0.13970588235294118,General Satisfaction
2024-12-28,general_satisfaction,14,134,0.1044776119402985,General Satisfaction
2024-12-29,general_satisfaction,18,135,0.13333333333333333,General Satisfaction
2024-12-30,general_satisfaction,17,149,0.11409395973154363,General Satisfaction
2024-12-31,general_satisfaction,19,129,0.14728682170542637,General Satisfaction
2025-01-01,general_satisfaction,16,118,0.13559322033898305,General Satisfaction
2025-01-02,general_satisfaction,18,134,0.13432835820895522,General Satisfaction
2025-01-03,general_satisfaction,14,137,0.10218978102189781,General Satisfaction
2025-01-04,general_satisfaction,19,119,0.15966386554621848,General Satisfaction
2025-01-05,general_satisfaction,11,148,0.07432432432432433,General Satisfaction
2025-01-06,general_satisfaction,21,156,0.1346153846153846,General Satisfaction
2025-01-07,general_satisfaction,16,126,0.12698412698412698,General Satisfaction
2025-01-08,general_satisfaction,17,150,0.11333333333333333,General Satisfaction
2025-01-09,general_satisfaction,14,131,0.10687022900763359,General Satisfaction
2025-01-10,general_satisfaction,8,128,0.0625,General Satisfaction
2025-01-11,general_satisfaction,15,148,0.10135135135135136,General Satisfaction
2025-01-12,general_satisfaction,13,136,0.09558823529411764,General Satisfaction
2025-01-13,general_satisfaction,15,123,0.12195121951219512,General Satisfaction
2025-01-14,general_satisfaction,18,135,0.13333333333333333,General Satisfaction
2025-01-15,general_satisfaction,16,139,0.11510791366906475,General Satisfaction
2025-01-16,general_satisfaction,20,148,0.13513513513513514,General Satisfaction
2025-01-17,general_satisfaction,21,156,0.1346153846153846,General Satisfaction
2025-01-18,general_satisfaction,5,120,0.041666666666666664,General Satisfaction
2025-01-19,general_satisfaction,14,120,0.11666666666666667,General Satisfaction
2025-01-20,general_satisfaction,18,132,0.13636363636363635,General Satisfaction
2025-01-21,general_satisfaction,19,130,0.14615384615384616,General Satisfaction
2025-01-22,general_satisfaction,19,152,0.125,General Satisfaction
2025-01-23,general_satisfaction,14,139,0.10071942446043165,General Satisfaction
2025-01-24,general_satisfaction,10,126,0.07936507936507936,General Satisfaction
2025-01-25,general_satisfaction,15,143,0.1048951048951049,General Satisfaction
2025-01-26,general_satisfaction,19,148,0.12837837837837837,General Satisfaction
2025-01-27,general_satisfaction,8,113,0.07079646017699115,General Satisfaction
2025-01-28,general_satisfaction,18,156,0.11538461538461539,General Satisfaction
2025-01-29,general_satisfaction,7,137,0.051094890510948905,General Satisfaction
2025-01-30,general_satisfaction,12,136,0.08823529411764706,General Satisfaction
2025-01-31,general_satisfaction,17,136,0.125,General Satisfaction
2025-02-01,general_satisfaction,13,132,0.09848484848484848,General Satisfaction
2025-02-02,general_satisfaction,17,138,0.12318840579710146,General Satisfaction
2025-02-03,general_satisfaction,14,138,0.10144927536231885,General Satisfaction
2025-02-04,general_satisfaction,17,132,0.12878787878787878,General Satisfaction
2025-02-05,general_satisfaction,14,139,0.10071942446043165,General Satisfaction
2025-02-06,general_satisfaction,16,143,0.11188811188811189,General Satisfaction
2025-02-07,general_satisfaction,14,149,0.09395973154362416,General Satisfaction
2025-02-08,general_satisfaction,18,128,0.140625,General Satisfaction
2025-02-09,general_satisfaction,12,139,0.08633093525179857,General Satisfaction
2025-02-10,general_satisfaction,8,138,0.057971014492753624,General Satisfaction
2025-02-11,general_satisfaction,10,129,0.07751937984496124,General Satisfaction
2025-02-12,general_satisfaction,13,140,0.09285714285714286,General Satisfaction
2025-02-13,general_satisfaction,20,148,0.13513513513513514,General Satisfaction
2025-02-14,general_satisfaction,16,116,0.13793103448275862,General Satisfaction
2025-02-15,general_satisfaction,9,128,0.0703125,General Satisfaction
2025-02-16,general_satisfaction,18,143,0.1258741258741259,General Satisfaction
2025-02-17,general_satisfaction,14,136,0.10294117647058823,General Satisfaction
2025-02-18,general_satisfaction,17,145,0.11724137931034483,General Satisfaction
2025-02-19,general_satisfaction,20,117,0.17094017094017094,General Satisfaction
2025-02-20,general_satisfaction,18,143,0.1258741258741259,General Satisfaction
2025-02-21,general_satisfaction,16,139,0.11510791366906475,General Satisfaction
2025-02-22,general_satisfaction,8,114,0.07017543859649122,General Satisfaction
2025-02-23,general_satisfaction,16,123,0.13008130081300814,General Satisfaction
2025-02-24,general_satisfaction,14,135,0.1037037037037037,General Satisfaction
2025-02-25,general_satisfaction,18,139,0.12949640287769784,General Satisfaction
2025-02-26,general_satisfaction,16,127,0.12598425196850394,General Satisfaction
2025-02-27,general_satisfaction,14,120,0.11666666666666667,General Satisfaction
2025-02-28,general_satisfaction,7,130,0.05384615384615385,General Satisfaction
2025-03-01,general_satisfaction,21,137,0.15328467153284672,General Satisfaction
2025-03-02,general_satisfaction,16,141,0.11347517730496454,General Satisfaction
2025-03-03,general_satisfaction,16,128,0.125,General Satisfaction
2025-03-04,general_satisfaction,14,142,0.09859154929577464,General Satisfaction
2025-03-05,general_satisfaction,18,137,0.13138686131386862,General Satisfaction
2025-03-06,general_satisfaction,20,143,0.13986013986013987,General Satisfaction
2025-03-07,general_satisfaction,16,123,0.13008130081300814,General Satisfaction
2025-03-08,general_satisfaction,13,128,0.1015625,General Satisfaction
2025-03-09,general_satisfaction,9,135,0.06666666666666667,General Satisfaction
2025-03-10,general_satisfaction,18,127,0.14173228346456693,General Satisfaction
2025-03-11,general_satisfaction,19,138,0.13768115942028986,General Satisfaction
2025-03-12,general_satisfaction,20,133,0.15037593984962405,General Satisfaction
2025-03-13,general_satisfaction,11,121,0.09090909090909091,General Satisfaction
2025-03-14,general_satisfaction,19,140,0.1357142857142857,General Satisfaction
2025-03-15,general_satisfaction,20,131,0.15267175572519084,General Satisfaction
2025-03-16,general_satisfaction,10,134,0.07462686567164178,General Satisfaction
2025-03-17,general_satisfaction,21,135,0.15555555555555556,General Satisfaction
2025-03-18,general_satisfaction,14,99,0.1414141414141414,General Satisfaction
2025-03-19,general_satisfaction,15,121,0.12396694214876033,General Satisfaction
2025-03-20,general_satisfaction,14,120,0.11666666666666667,General Satisfaction
2025-03-21,general_satisfaction,15,138,0.10869565217391304,General Satisfaction
2025-03-22,general_satisfaction,20,142,0.14084507042253522,General Satisfaction
2025-03-23,general_satisfaction,18,121,0.1487603305785124,General Satisfaction
2025-03-24,general_satisfaction,20,146,0.136986301369863,General Satisfaction
2025-03-25,general_satisfaction,11,119,0.09243697478991597,General Satisfaction
2025-03-26,general_satisfaction,14,137,0.10218978102189781,General Satisfaction
2025-03-27,general_satisfaction,17,131,0.1297709923664122,General Satisfaction
2025-03-28,general_satisfaction,21,125,0.168,General Satisfaction
2025-03-29,general_satisfaction,11,125,0.088,General Satisfaction
2025-03-30,general_satisfaction,15,137,0.10948905109489052,General Satisfaction
2025-03-31,general_satisfaction,17,150,0.11333333333333333,General Satisfaction
2025-04-01,general_satisfaction,15,152,0.09868421052631579,General Satisfaction
2025-04-02,general_satisfaction,19,145,0.1310344827586207,General Satisfaction
2025-04-03,general_satisfaction,11,138,0.07971014492753623,General Satisfaction
2025-04-04,general_satisfaction,12,116,0.10344827586206896,General Satisfaction
2025-04-05,general_satisfaction,25,148,0.16891891891891891,General Satisfaction
2025-04-06,general_satisfaction,26,139,0.18705035971223022,General Satisfaction
2025-04-07,general_satisfaction,23,119,0.19327731092436976,General Satisfaction
2025-04-08,general_satisfaction,20,127,0.15748031496062992,General Satisfaction
2025-04-09,general_satisfaction,19,124,0.1532258064516129,General Satisfaction
2025-04-10,general_satisfaction,19,147,0.1292517006802721,General Satisfaction
2025-04-11,general_satisfaction,10,150,0.06666666666666667,General Satisfaction
2025-04-12,general_satisfaction,19,158,0.12025316455696203,General Satisfaction
2025-04-13,general_satisfaction,13,109,0.11926605504587157,General Satisfaction
2025-04-14,general_satisfaction,18,132,0.13636363636363635,General Satisfaction
2025-04-15,general_satisfaction,21,149,0.14093959731543623,General Satisfaction
2025-04-16,general_satisfaction,12,130,0.09230769230769231,General Satisfaction
2025-04-17,general_satisfaction,15,123,0.12195121951219512,General Satisfaction
2025-04-18,general_satisfaction,19,139,0.1366906474820144,General Satisfaction
2025-04-19,general_satisfaction,12,110,0.10909090909090909,General Satisfaction
2025-04-20,general_satisfaction,24,128,0.1875,General Satisfaction
2025-04-21,general_satisfaction,20,132,0.15151515151515152,General Satisfaction
2025-04-22,general_satisfaction,14,137,0.10218978102189781,General Satisfaction
2025-04-23,general_satisfaction,15,130,0.11538461538461539,General Satisfaction
2025-04-24,general_satisfaction,22,145,0.15172413793103448,General Satisfaction
2025-04-25,general_satisfaction,11,121,0.09090909090909091,General Satisfaction
2025-04-26,general_satisfaction,16,129,0.12403100775193798,General Satisfaction
2025-04-27,general_satisfaction,17,127,0.13385826771653545,General Satisfaction
2025-04-28,general_satisfaction,19,118,0.16101694915254236,General Satisfaction
2025-04-29,general_satisfaction,16,122,0.13114754098360656,General Satisfaction
2025-04-30,general_satisfaction,11,125,0.088,General Satisfaction
2025-05-01,general_satisfaction,19,149,0.12751677852348994,General Satisfaction
2025-05-02,general_satisfaction,11,122,0.09016393442622951,General Satisfaction
2025-05-03,general_satisfaction,19,129,0.14728682170542637,General Satisfaction
2025-05-04,general_satisfaction,20,139,0.14388489208633093,General Satisfaction
2025-05-05,general_satisfaction,11,126,0.0873015873015873,General Satisfaction
2025-05-06,general_satisfaction,20,150,0.13333333333333333,General Satisfaction
2025-05-07,general_satisfaction,15,130,0.11538461538461539,General Satisfaction
2025-05-08,general_satisfaction,21,118,0.17796610169491525,General Satisfaction
2025-05-09,general_satisfaction,22,142,0.15492957746478872,General Satisfaction
2025-05-10,general_satisfaction,24,124,0.1935483870967742,General Satisfaction
2025-05-11,general_satisfaction,16,132,0.12121212121212122,General Satisfaction
2025-05-12,general_satisfaction,10,138,0.07246376811594203,General Satisfaction
2025-05-13,general_satisfaction,12,129,0.09302325581395349,General Satisfaction
2025-05-14,general_satisfaction,6,119,0.05042016806722689,General Satisfaction
2025-05-15,general_satisfaction,18,124,0.14516129032258066,General Satisfaction
2025-05-16,general_satisfaction,18,139,0.12949640287769784,General Satisfaction
2025-05-17,general_satisfaction,15,124,0.12096774193548387,General Satisfaction
2025-05-18,general_satisfaction,12,121,0.09917355371900827,General Satisfaction
2025-05-19,general_satisfaction,11,114,0.09649122807017543,General Satisfaction
2025-05-20,general_satisfaction,16,130,0.12307692307692308,General Satisfaction
2025-05-21,general_satisfaction,14,108,0.12962962962962962,General Satisfaction
2025-05-22,general_satisfaction,23,156,0.14743589743589744,General Satisfaction
2025-05-23,general_satisfaction,9,148,0.060810810810810814,General Satisfaction
2025-05-24,general_satisfaction,10,137,0.072992700729927,General Satisfaction
2025-05-25,general_satisfaction,19,141,0.1347517730496454,General Satisfaction
2025-05-26,general_satisfaction,16,119,0.13445378151260504,General Satisfaction
2025-05-27,general_satisfaction,18,160,0.1125,General Satisfaction
2025-05-28,general_satisfaction,12,147,0.08163265306122448,General Satisfaction
2025-05-29,general_satisfaction,16,116,0.13793103448275862,General Satisfaction
2025-05-30,general_satisfaction,18,133,0.13533834586466165,General Satisfaction
2025-05-31,general_satisfaction,26,140,0.18571428571428572,General Satisfaction
2025-06-01,general_satisfaction,18,132,0.13636363636363635,General Satisfaction
2025-06-02,general_satisfaction,17,118,0.1440677966101695,General Satisfaction
2025-06-03,general_satisfaction,13,121,0.10743801652892562,General Satisfaction
2025-06-04,general_satisfaction,16,141,0.11347517730496454,General Satisfaction
2025-06-05,general_satisfaction,15,116,0.12931034482758622,General Satisfaction
2025-06-06,general_satisfaction,12,140,0.08571428571428572,General Satisfaction
2025-06-07,general_satisfaction,22,138,0.15942028985507245,General Satisfaction
2025-06-08,general_satisfaction,15,142,0.1056338028169014,General Satisfaction
2025-06-09,general_satisfaction,18,126,0.14285714285714285,General Satisfaction
2025-06-10,general_satisfaction,16,152,0.10526315789473684,General Satisfaction
2025-06-11,general_satisfaction,19,133,0.14285714285714285,General Satisfaction
2025-06-12,general_satisfaction,15,137,0.10948905109489052,General Satisfaction
2025-06-13,general_satisfaction,16,137,0.11678832116788321,General Satisfaction
2025-06-14,general_satisfaction,12,113,0.10619469026548672,General Satisfaction
2025-06-15,general_satisfaction,12,104,0.11538461538461539,General Satisfaction
2025-06-16,general_satisfaction,10,132,0.07575757575757576,General Satisfaction
2025-06-17,general_satisfaction,14,117,0.11965811965811966,General Satisfaction
2025-06-18,general_satisfaction,16,136,0.11764705882352941,General Satisfaction
2025-06-19,general_satisfaction,12,130,0.09230769230769231,General Satisfaction
2025-06-20,general_satisfaction,16,137,0.11678832116788321,General Satisfaction
2025-06-21,general_satisfaction,22,146,0.1506849315068493,General Satisfaction
2025-06-22,general_satisfaction,18,134,0.13432835820895522,General Satisfaction
2025-06-23,general_satisfaction,17,116,0.14655172413793102,General Satisfaction
2025-06-24,general_satisfaction,15,134,0.11194029850746269,General Satisfaction
2025-06-25,general_satisfaction,22,118,0.1864406779661017,General Satisfaction
2025-06-26,general_satisfaction,16,119,0.13445378151260504,General Satisfaction
2025-06-27,general_satisfaction,16,143,0.11188811188811189,General Satisfaction
2025-06-28,general_satisfaction,14,132,0.10606060606060606,General Satisfaction
2025-06-29,general_satisfaction,19,140,0.1357142857142857,General Satisfaction
2025-06-30,general_satisfaction,18,133,0.13533834586466165,General Satisfaction
2025-07-01,general_satisfaction,12,118,0.1016949152542373,General Satisfaction
2025-07-02,general_satisfaction,18,128,0.140625,General Satisfaction
2025-07-03,general_satisfaction,18,124,0.14516129032258066,General Satisfaction
2025-07-04,general_satisfaction,17,124,0.13709677419354838,General Satisfaction
2025-07-05,general_satisfaction,13,126,0.10317460317460317,General Satisfaction
2025-07-06,general_satisfaction,13,131,0.09923664122137404,General Satisfaction
2025-07-07,general_satisfaction,20,116,0.1724137931034483,General Satisfaction
2025-07-08,general_satisfaction,23,158,0.14556962025316456,General Satisfaction
2025-07-09,general_satisfaction,14,134,0.1044776119402985,General Satisfaction
2025-07-10,general_satisfaction,25,151,0.16556291390728478,General Satisfaction
2025-07-11,general_satisfaction,15,139,0.1079136690647482,General Satisfaction
2025-07-12,general_satisfaction,15,141,0.10638297872340426,General Satisfaction
2025-07-13,general_satisfaction,17,122,0.13934426229508196,General Satisfaction
2025-07-14,general_satisfaction,14,123,0.11382113821138211,General Satisfaction
2025-07-15,general_satisfaction,11,120,0.09166666666666666,General Satisfaction
2025-07-16,general_satisfaction,10,112,0.08928571428571429,General Satisfaction
2025-07-17,general_satisfaction,16,136,0.11764705882352941,General Satisfaction
2025-07-18,general_satisfaction,18,141,0.1276595744680851,General Satisfaction
2025-07-19,general_satisfaction,13,145,0.0896551724137931,General Satisfaction
2025-07-20,general_satisfaction,19,147,0.1292517006802721,General Satisfaction
2025-07-21,general_satisfaction,14,124,0.11290322580645161,General Satisfaction
2025-07-22,general_satisfaction,20,125,0.16,General Satisfaction
2025-07-23,general_satisfaction,14,129,0.10852713178294573,General Satisfaction
2025-07-24,general_satisfaction,12,154,0.07792207792207792,General Satisfaction
2025-07-25,general_satisfaction,13,126,0.10317460317460317,General Satisfaction
2025-07-26,general_satisfaction,17,146,0.11643835616438356,General Satisfaction
2025-07-27,general_satisfaction,15,144,0.10416666666666667,General Satisfaction
2025-07-28,general_satisfaction,17,148,0.11486486486486487,General Satisfaction
2025-07-29,general_satisfaction,15,101,0.1485148514851485,General Satisfaction
2025-07-30,general_satisfaction,22,133,0.16541353383458646,General Satisfaction
2025-07-31,general_satisfaction,17,133,0.12781954887218044,General Satisfaction
2025-08-01,general_satisfaction,20,143,0.13986013986013987,General Satisfaction
2025-08-02,general_satisfaction,27,151,0.17880794701986755,General Satisfaction
2025-08-03,general_satisfaction,14,130,0.1076923076923077,General Satisfaction
2025-08-04,general_satisfaction,25,143,0.17482517482517482,General Satisfaction
2025-08-05,general_satisfaction,8,122,0.06557377049180328,General Satisfaction
2025-08-06,general_satisfaction,16,143,0.11188811188811189,General Satisfaction
2025-08-07,general_satisfaction,8,116,0.06896551724137931,General Satisfaction
2025-08-08,general_satisfaction,16,124,0.12903225806451613,General Satisfaction
2025-08-09,general_satisfaction,14,125,0.112,General Satisfaction
2025-08-10,general_satisfaction,19,158,0.12025316455696203,General Satisfaction
2025-08-11,general_satisfaction,15,131,0.11450381679389313,General Satisfaction
2025-08-12,general_satisfaction,27,155,0.17419354838709677,General Satisfaction
2025-08-13,general_satisfaction,8,119,0.06722689075630252,General Satisfaction
2025-08-14,general_satisfaction,20,136,0.14705882352941177,General Satisfaction
2025-08-15,general_satisfaction,15,142,0.1056338028169014,General Satisfaction
2025-08-16,general_satisfaction,22,117,0.18803418803418803,General Satisfaction
2025-08-17,general_satisfaction,24,138,0.17391304347826086,General Satisfaction
2025-08-18,general_satisfaction,12,117,0.10256410256410256,General Satisfaction
2025-08-19,general_satisfaction,15,129,0.11627906976744186,General Satisfaction
2025-08-20,general_satisfaction,19,146,0.13013698630136986,General Satisfaction
2025-08-21,general_satisfaction,17,145,0.11724137931034483,General Satisfaction
2025-08-22,general_satisfaction,22,146,0.1506849315068493,General Satisfaction
2025-08-23,general_satisfaction,10,122,0.08196721311475409,General Satisfaction
2025-08-24,general_satisfaction,25,129,0.1937984496124031,General Satisfaction
2025-08-25,general_satisfaction,18,129,0.13953488372093023,General Satisfaction
2025-08-26,general_satisfaction,17,124,0.13709677419354838,General Satisfaction
2025-08-27,general_satisfaction,18,126,0.14285714285714285,General Satisfaction
2025-08-28,general_satisfaction,10,123,0.08130081300813008,General Satisfaction
2025-08-29,general_satisfaction,19,121,0.15702479338842976,General Satisfaction
2025-08-30,general_satisfaction,12,127,0.09448818897637795,General Satisfaction
2025-08-31,general_satisfaction,15,124,0.12096774193548387,General Satisfaction
2025-09-01,general_satisfaction,25,132,0.1893939393939394,General Satisfaction
2025-09-02,general_satisfaction,19,132,0.14393939393939395,General Satisfaction
2025-09-03,general_satisfaction,16,136,0.11764705882352941,General Satisfaction
2025-09-04,general_satisfaction,16,133,0.12030075187969924,General Satisfaction
2025-09-05,general_satisfaction,12,113,0.10619469026548672,General Satisfaction
2025-09-06,general_satisfaction,18,122,0.14754098360655737,General Satisfaction
2025-09-07,general_satisfaction,16,141,0.11347517730496454,General Satisfaction
2025-09-08,general_satisfaction,15,141,0.10638297872340426,General Satisfaction
2025-09-09,general_satisfaction,16,152,0.10526315789473684,General Satisfaction
2025-09-10,general_satisfaction,16,127,0.12598425196850394,General Satisfaction
2025-09-11,general_satisfaction,15,129,0.11627906976744186,General Satisfaction
2025-09-12,general_satisfaction,15,129,0.11627906976744186,General Satisfaction
2025-09-13,general_satisfaction,9,115,0.0782608695652174,General Satisfaction
2025-09-14,general_satisfaction,18,119,0.15126050420168066,General Satisfaction
2025-09-15,general_satisfaction,21,132,0.1590909090909091,General Satisfaction
2025-09-16,general_satisfaction,24,133,0.18045112781954886,General Satisfaction
2025-09-17,general_satisfaction,15,137,0.10948905109489052,General Satisfaction
2025-09-18,general_satisfaction,9,135,0.06666666666666667,General Satisfaction
2025-09-19,general_satisfaction,20,138,0.14492753623188406,General Satisfaction
2025-09-20,general_satisfaction,18,142,0.1267605633802817,General Satisfaction
2025-09-21,general_satisfaction,13,118,0.11016949152542373,General Satisfaction
2025-09-22,general_satisfaction,20,117,0.17094017094017094,General Satisfaction
2025-09-23,general_satisfaction,12,125,0.096,General Satisfaction
2025-09-24,general_satisfaction,17,129,0.13178294573643412,General Satisfaction
2025-09-25,general_satisfaction,9,113,0.07964601769911504,General Satisfaction
2025-09-26,general_satisfaction,11,135,0.08148148148148149,General Satisfaction
2025-09-27,general_satisfaction,11,146,0.07534246575342465,General Satisfaction
2025-09-28,general_satisfaction,18,140,0.12857142857142856,General Satisfaction
2025-09-29,general_satisfaction,17,122,0.13934426229508196,General Satisfaction
2025-09-30,general_satisfaction,13,134,0.09701492537313433,General Satisfaction
2025-10-01,general_satisfaction,17,135,0.1259259259259259,General Satisfaction
2025-10-02,general_satisfaction,17,114,0.14912280701754385,General Satisfaction
2025-10-03,general_satisfaction,14,125,0.112,General Satisfaction
2025-10-04,general_satisfaction,16,139,0.11510791366906475,General Satisfaction
2025-10-05,general_satisfaction,16,118,0.13559322033898305,General Satisfaction
2025-10-06,general_satisfaction,18,130,0.13846153846153847,General Satisfaction
2025-10-07,general_satisfaction,13,130,0.1,General Satisfaction
2025-10-08,general_satisfaction,15,129,0.11627906976744186,General Satisfaction
2025-10-09,general_satisfaction,18,141,0.1276595744680851,General Satisfaction
2025-10-10,general_satisfaction,21,127,0.16535433070866143,General Satisfaction
2025-10-11,general_satisfaction,12,142,0.08450704225352113,General Satisfaction
2025-10-12,general_satisfaction,13,116,0.11206896551724138,General Satisfaction
2025-10-13,general_satisfaction,17,121,0.14049586776859505,General Satisfaction
2025-10-14,general_satisfaction,14,123,0.11382113821138211,General Satisfaction
2025-10-15,general_satisfaction,15,137,0.10948905109489052,General Satisfaction
2025-10-16,general_satisfaction,16,143,0.11188811188811189,General Satisfaction
2025-10-17,general_satisfaction,15,107,0.14018691588785046,General Satisfaction
2025-10-18,general_satisfaction,23,143,0.16083916083916083,General Satisfaction
2025-10-19,general_satisfaction,14,114,0.12280701754385964,General Satisfaction
2025-10-20,general_satisfaction,16,110,0.14545454545454545,General Satisfaction
2025-10-21,general_satisfaction,11,115,0.09565217391304348,General Satisfaction
2025-10-22,general_satisfaction,15,115,0.13043478260869565,General Satisfaction
2025-10-23,general_satisfaction,18,140,0.12857142857142856,General Satisfaction
2025-10-24,general_satisfaction,14,130,0.1076923076923077,General Satisfaction
2025-10-25,general_satisfaction,17,133,0.12781954887218044,General Satisfaction
2025-10-26,general_satisfaction,18,138,0.13043478260869565,General Satisfaction
2025-10-27,general_satisfaction,24,132,0.18181818181818182,General Satisfaction
2025-10-28,general_satisfaction,14,142,0.09859154929577464,General Satisfaction
2025-10-29,general_satisfaction,17,134,0.12686567164179105,General Satisfaction
2025-10-30,general_satisfaction,11,130,0.08461538461538462,General Satisfaction
2025-10-31,general_satisfaction,7,105,0.06666666666666667,General Satisfaction
2025-11-01,general_satisfaction,21,149,0.14093959731543623,General Satisfaction
2025-11-02,general_satisfaction,20,128,0.15625,General Satisfaction
2025-11-03,general_satisfaction,17,136,0.125,General Satisfaction
2025-11-04,general_satisfaction,19,130,0.14615384615384616,General Satisfaction
2025-11-05,general_satisfaction,16,133,0.12030075187969924,General Satisfaction
2025-11-06,general_satisfaction,26,126,0.20634920634920634,General Satisfaction
2025-11-07,general_satisfaction,14,146,0.0958904109589041,General Satisfaction
2025-11-08,general_satisfaction,14,142,0.09859154929577464,General Satisfaction
2025-11-09,general_satisfaction,16,118,0.13559322033898305,General Satisfaction
2025-11-10,general_satisfaction,13,129,0.10077519379844961,General Satisfaction
2025-11-11,general_satisfaction,25,145,0.1724137931034483,General Satisfaction
2025-11-12,general_satisfaction,10,112,0.08928571428571429,General Satisfaction
2025-11-13,general_satisfaction,13,136,0.09558823529411764,General Satisfaction
2025-11-14,general_satisfaction,13,117,0.1111111111111111,General Satisfaction
2025-11-15,general_satisfaction,13,110,0.11818181818181818,General Satisfaction
2025-11-16,general_satisfaction,14,137,0.10218978102189781,General Satisfaction
2025-11-17,general_satisfaction,14,149,0.09395973154362416,General Satisfaction
2025-11-18,general_satisfaction,10,134,0.07462686567164178,General Satisfaction
2025-11-19,general_satisfaction,12,123,0.0975609756097561,General Satisfaction
2025-11-20,general_satisfaction,13,143,0.09090909090909091,General Satisfaction
2025-11-21,general_satisfaction,13,120,0.10833333333333334,General Satisfaction
2025-11-22,general_satisfaction,19,130,0.14615384615384616,General Satisfaction
2025-11-23,general_satisfaction,18,129,0.13953488372093023,General Satisfaction
2025-11-24,general_satisfaction,14,121,0.11570247933884298,General Satisfaction
2025-11-25,general_satisfaction,21,119,0.17647058823529413,General Satisfaction
2025-11-26,general_satisfaction,16,119,0.13445378151260504,General Satisfaction
2025-11-27,general_satisfaction,10,140,0.07142857142857142,General Satisfaction
2025-11-28,general_satisfaction,15,129,0.11627906976744186,General Satisfaction
2025-11-29,general_satisfaction,12,151,0.07947019867549669,General Satisfaction
2025-11-30,general_satisfaction,21,129,0.16279069767441862,General Satisfaction
2025-12-01,general_satisfaction,22,168,0.13095238095238096,General Satisfaction
2025-12-02,general_satisfaction,11,119,0.09243697478991597,General Satisfaction
2025-12-03,general_satisfaction,20,133,0.15037593984962405,General Satisfaction
2025-12-04,general_satisfaction,11,139,0.07913669064748201,General Satisfaction
2025-12-05,general_satisfaction,16,113,0.1415929203539823,General Satisfaction
2025-12-06,general_satisfaction,12,134,0.08955223880597014,General Satisfaction
2025-12-07,general_satisfaction,13,124,0.10483870967741936,General Satisfaction
2025-12-08,general_satisfaction,22,153,0.1437908496732026,General Satisfaction
2025-12-09,general_satisfaction,20,134,0.14925373134328357,General Satisfaction
2025-12-10,general_satisfaction,19,147,0.1292517006802721,General Satisfaction
2025-12-11,general_satisfaction,20,132,0.15151515151515152,General Satisfaction
2025-12-12,general_satisfaction,15,131,0.11450381679389313,General Satisfaction
2025-12-13,general_satisfaction,17,137,0.12408759124087591,General Satisfaction
2025-12-14,general_satisfaction,16,105,0.1523809523809524,General Satisfaction
2025-12-15,general_satisfaction,21,122,0.1721311475409836,General Satisfaction
2025-12-16,general_satisfaction,20,136,0.14705882352941177,General Satisfaction
2025-12-17,general_satisfaction,14,128,0.109375,General Satisfaction
2025-12-18,general_satisfaction,12,118,0.1016949152542373,General Satisfaction
2025-12-19,general_satisfaction,13,140,0.09285714285714286,General Satisfaction
2025-12-20,general_satisfaction,15,145,0.10344827586206896,General Satisfaction
2025-12-21,general_satisfaction,10,121,0.08264462809917356,General Satisfaction
2025-12-22,general_satisfaction,19,138,0.13768115942028986,General Satisfaction
2025-12-23,general_satisfaction,14,137,0.10218978102189781,General Satisfaction
2025-12-24,general_satisfaction,18,123,0.14634146341463414,General Satisfaction
2025-12-25,general_satisfaction,12,123,0.0975609756097561,General Satisfaction
2025-12-26,general_satisfaction,18,135,0.13333333333333333,General Satisfaction
2025-12-27,general_satisfaction,13,119,0.1092436974789916,General Satisfaction
2025-12-28,general_satisfaction,17,151,0.11258278145695365,General Satisfaction
2025-12-29,general_satisfaction,21,130,0.16153846153846155,General Satisfaction
2025-12-30,general_satisfaction,14,115,0.12173913043478261,General Satisfaction
2025-12-31,general_satisfaction,13,134,0.09701492537313433,General Satisfaction
2026-01-01,general_satisfaction,15,140,0.10714285714285714,General Satisfaction
2026-01-02,general_satisfaction,14,116,0.1206896551724138,General Satisfaction
2026-01-03,general_satisfaction,11,132,0.08333333333333333,General Satisfaction
2026-01-04,general_satisfaction,18,123,0.14634146341463414,General Satisfaction
2026-01-05,general_satisfaction,11,125,0.088,General Satisfaction
2026-01-06,general_satisfaction,9,137,0.06569343065693431,General Satisfaction
2026-01-07,general_satisfaction,16,123,0.13008130081300814,General Satisfaction
2026-01-08,general_satisfaction,10,111,0.09009009009009009,General Satisfaction
2026-01-09,general_satisfaction,17,127,0.13385826771653545,General Satisfaction
2026-01-10,general_satisfaction,17,143,0.11888111888111888,General Satisfaction
2026-01-11,general_satisfaction,16,118,0.13559322033898305,General Satisfaction
2026-01-12,general_satisfaction,12,145,0.08275862068965517,General Satisfaction
2026-01-13,general_satisfaction,12,138,0.08695652173913043,General Satisfaction
2026-01-14,general_satisfaction,19,127,0.14960629921259844,General Satisfaction
2026-01-15,general_satisfaction,14,135,0.1037037037037037,General Satisfaction
2026-01-16,general_satisfaction,18,120,0.15,General Satisfaction
2026-01-17,general_satisfaction,10,120,0.08333333333333333,General Satisfaction
2026-01-18,general_satisfaction,13,131,0.09923664122137404,General Satisfaction
2026-01-19,general_satisfaction,16,136,0.11764705882352941,General Satisfaction
2026-01-20,general_satisfaction,17,127,0.13385826771653545,General Satisfaction
2026-01-21,general_satisfaction,13,130,0.1,General Satisfaction
2026-01-22,general_satisfaction,24,149,0.1610738255033557,General Satisfaction
2026-01-23,general_satisfaction,15,115,0.13043478260869565,General Satisfaction
2026-01-24,general_satisfaction,12,134,0.08955223880597014,General Satisfaction
2026-01-25,general_satisfaction,14,124,0.11290322580645161,General Satisfaction
2026-01-26,general_satisfaction,20,125,0.16,General Satisfaction
2026-01-27,general_satisfaction,14,139,0.10071942446043165,General Satisfaction
2026-01-28,general_satisfaction,11,121,0.09090909090909091,General Satisfaction
2026-01-29,general_satisfaction,17,132,0.12878787878787878,General Satisfaction
2026-01-30,general_satisfaction,19,140,0.1357142857142857,General Satisfaction
2026-01-31,general_satisfaction,11,114,0.09649122807017543,General Satisfaction
2026-02-01,general_satisfaction,16,115,0.1391304347826087,General Satisfaction
2026-02-02,general_satisfaction,21,147,0.14285714285714285,General Satisfaction
2026-02-03,general_satisfaction,18,153,0.11764705882352941,General Satisfaction
2026-02-04,general_satisfaction,15,136,0.11029411764705882,General Satisfaction
2026-02-05,general_satisfaction,19,133,0.14285714285714285,General Satisfaction
2026-02-06,general_satisfaction,18,126,0.14285714285714285,General Satisfaction
2026-02-07,general_satisfaction,14,143,0.0979020979020979,General Satisfaction
2026-02-08,general_satisfaction,11,140,0.07857142857142857,General Satisfaction
2026-02-09,general_satisfaction,16,137,0.11678832116788321,General Satisfaction
2026-02-10,general_satisfaction,18,134,0.13432835820895522,General Satisfaction
2026-02-11,general_satisfaction,7,121,0.05785123966942149,General Satisfaction
2026-02-12,general_satisfaction,17,130,0.13076923076923078,General Satisfaction
2026-02-13,general_satisfaction,20,131,0.15267175572519084,General Satisfaction
2026-02-14,general_satisfaction,14,129,0.10852713178294573,General Satisfaction
2026-02-15,general_satisfaction,15,141,0.10638297872340426,General Satisfaction
2026-02-16,general_satisfaction,22,149,0.1476510067114094,General Satisfaction
2026-02-17,general_satisfaction,9,118,0.07627118644067797,General Satisfaction
2026-02-18,general_satisfaction,12,121,0.09917355371900827,General Satisfaction
2026-02-19,general_satisfaction,8,123,0.06504065040650407,General Satisfaction
2026-02-20,general_satisfaction,19,131,0.1450381679389313,General Satisfaction
2026-02-21,general_satisfaction,17,156,0.10897435897435898,General Satisfaction
2026-02-22,general_satisfaction,18,118,0.15254237288135594,General Satisfaction
2026-02-23,general_satisfaction,25,145,0.1724137931034483,General Satisfaction
2026-02-24,general_satisfaction,21,140,0.15,General Satisfaction
2026-02-25,general_satisfaction,19,114,0.16666666666666666,General Satisfaction
2026-02-26,general_satisfaction,19,140,0.1357142857142857,General Satisfaction
2026-02-27,general_satisfaction,13,138,0.09420289855072464,General Satisfaction
2026-02-28,general_satisfaction,12,113,0.10619469026548672,General Satisfaction
2026-03-01,general_satisfaction,15,137,0.10948905109489052,General Satisfaction
2026-03-02,general_satisfaction,13,131,0.09923664122137404,General Satisfaction
2026-03-03,general_satisfaction,20,164,0.12195121951219512,General Satisfaction
2026-03-04,general_satisfaction,21,144,0.14583333333333334,General Satisfaction
2026-03-05,general_satisfaction,20,147,0.1360544217687075,General Satisfaction
2026-03-06,general_satisfaction,15,131,0.11450381679389313,General Satisfaction
2026-03-07,general_satisfaction,19,133,0.14285714285714285,General Satisfaction
2026-03-08,general_satisfaction,15,128,0.1171875,General Satisfaction
2026-03-09,general_satisfaction,15,124,0.12096774193548387,General Satisfaction
2026-03-10,general_satisfaction,22,129,0.17054263565891473,General Satisfaction
2026-03-11,general_satisfaction,16,127,0.12598425196850394,General Satisfaction
2026-03-12,general_satisfaction,17,120,0.14166666666666666,General Satisfaction
2026-03-13,general_satisfaction,20,139,0.14388489208633093,General Satisfaction
2026-03-14,general_satisfaction,16,131,0.12213740458015267,General Satisfaction
2026-03-15,general_satisfaction,20,123,0.16260162601626016,General Satisfaction
2026-03-16,general_satisfaction,10,119,0.08403361344537816,General Satisfaction
2026-03-17,general_satisfaction,20,138,0.14492753623188406,General Satisfaction
2026-03-18,general_satisfaction,20,150,0.13333333333333333,General Satisfaction
2026-03-19,general_satisfaction,16,136,0.11764705882352941,General Satisfaction
2026-03-20,general_satisfaction,16,142,0.11267605633802817,General Satisfaction
2026-03-21,general_satisfaction,21,114,0.18421052631578946,General Satisfaction
2026-03-22,general_satisfaction,24,146,0.1643835616438356,General Satisfaction
2026-03-23,general_satisfaction,11,139,0.07913669064748201,General Satisfaction
2026-03-24,general_satisfaction,15,121,0.12396694214876033,General Satisfaction
2026-03-25,general_satisfaction,13,140,0.09285714285714286,General Satisfaction
2026-03-26,general_satisfaction,20,138,0.14492753623188406,General Satisfaction
2026-03-27,general_satisfaction,15,139,0.1079136690647482,General Satisfaction
2026-03-28,general_satisfaction,17,116,0.14655172413793102,General Satisfaction
2026-03-29,general_satisfaction,18,130,0.13846153846153847,General Satisfaction
2026-03-30,general_satisfaction,16,145,0.1103448275862069,General Satisfaction
2026-03-31,general_satisfaction,21,125,0.168,General Satisfaction
2026-04-01,general_satisfaction,16,126,0.12698412698412698,General Satisfaction
2026-04-02,general_satisfaction,16,124,0.12903225806451613,General Satisfaction
2026-04-03,general_satisfaction,12,139,0.08633093525179857,General Satisfaction
2026-04-04,general_satisfaction,18,138,0.13043478260869565,General Satisfaction
2026-04-05,general_satisfaction,13,134,0.09701492537313433,General Satisfaction
2026-04-06,general_satisfaction,13,144,0.09027777777777778,General Satisfaction
2026-04-07,general_satisfaction,12,135,0.08888888888888889,General Satisfaction
2026-04-08,general_satisfaction,7,116,0.0603448275862069,General Satisfaction
2026-04-09,general_satisfaction,14,131,0.10687022900763359,General Satisfaction
2026-04-10,general_satisfaction,10,137,0.072992700729927,General Satisfaction
2026-04-11,general_satisfaction,16,131,0.12213740458015267,General Satisfaction
2026-04-12,general_satisfaction,17,129,0.13178294573643412,General Satisfaction
2026-04-13,general_satisfaction,16,121,0.1322314049586777,General Satisfaction
2026-04-14,general_satisfaction,22,132,0.16666666666666666,General Satisfaction
2026-04-15,general_satisfaction,16,131,0.12213740458015267,General Satisfaction
2026-04-16,general_satisfaction,15,135,0.1111111111111111,General Satisfaction
2026-04-17,general_satisfaction,12,125,0.096,General Satisfaction
2026-04-18,general_satisfaction,19,137,0.1386861313868613,General Satisfaction
2026-04-19,general_satisfaction,15,118,0.1271186440677966,General Satisfaction
2026-04-20,general_satisfaction,13,140,0.09285714285714286,General Satisfaction
2026-04-21,general_satisfaction,10,128,0.078125,General Satisfaction
2026-04-22,general_satisfaction,18,139,0.12949640287769784,General Satisfaction
2026-04-23,general_satisfaction,23,125,0.184,General Satisfaction
2026-04-24,general_satisfaction,22,130,0.16923076923076924,General Satisfaction
2026-04-25,general_satisfaction,14,107,0.1308411214953271,General Satisfaction
2026-04-26,general_satisfaction,16,140,0.11428571428571428,General Satisfaction
2026-04-27,general_satisfaction,16,140,0.11428571428571428,General Satisfaction
2026-04-28,general_satisfaction,9,113,0.07964601769911504,General Satisfaction
2026-04-29,general_satisfaction,22,138,0.15942028985507245,General Satisfaction
2026-04-30,general_satisfaction,18,126,0.14285714285714285,General Satisfaction
2026-05-01,general_satisfaction,22,141,0.15602836879432624,General Satisfaction
2026-05-02,general_satisfaction,10,128,0.078125,General Satisfaction
2026-05-03,general_satisfaction,21,137,0.15328467153284672,General Satisfaction
2026-05-04,general_satisfaction,16,143,0.11188811188811189,General Satisfaction
2026-05-05,general_satisfaction,19,155,0.12258064516129032,General Satisfaction
2026-05-06,general_satisfaction,18,127,0.14173228346456693,General Satisfaction
2026-05-07,general_satisfaction,19,139,0.1366906474820144,General Satisfaction
2026-05-08,general_satisfaction,11,136,0.08088235294117647,General Satisfaction
2026-05-09,general_satisfaction,15,130,0.11538461538461539,General Satisfaction
2026-05-10,general_satisfaction,20,134,0.14925373134328357,General Satisfaction
2026-05-11,general_satisfaction,14,125,0.112,General Satisfaction
2026-05-12,general_satisfaction,18,132,0.13636363636363635,General Satisfaction
2026-05-13,general_satisfaction,12,123,0.0975609756097561,General Satisfaction
2026-05-14,general_satisfaction,18,132,0.13636363636363635,General Satisfaction
2026-05-15,general_satisfaction,14,131,0.10687022900763359,General Satisfaction
2026-05-16,general_satisfaction,20,136,0.14705882352941177,General Satisfaction
2026-05-17,general_satisfaction,11,135,0.08148148148148149,General Satisfaction
2026-05-18,general_satisfaction,18,120,0.15,General Satisfaction
2026-05-19,general_satisfaction,20,138,0.14492753623188406,General Satisfaction
2026-05-20,general_satisfaction,9,140,0.06428571428571428,General Satisfaction
2026-05-21,general_satisfaction,9,118,0.07627118644067797,General Satisfaction
2026-05-22,general_satisfaction,13,141,0.09219858156028368,General Satisfaction
2026-05-23,general_satisfaction,12,130,0.09230769230769231,General Satisfaction
2026-05-24,general_satisfaction,13,124,0.10483870967741936,General Satisfaction
2026-05-25,general_satisfaction,15,128,0.1171875,General Satisfaction
2026-05-26,general_satisfaction,9,111,0.08108108108108109,General Satisfaction
2026-05-27,general_satisfaction,19,136,0.13970588235294118,General Satisfaction
2026-05-28,general_satisfaction,15,125,0.12,General Satisfaction
2026-05-29,general_satisfaction,15,125,0.12,General Satisfaction
2026-05-30,general_satisfaction,11,111,0.0990990990990991,General Satisfaction
2026-05-31,general_satisfaction,19,154,0.12337662337662338,General Satisfaction
2026-06-01,general_satisfaction,17,125,0.136,General Satisfaction
2026-06-02,general_satisfaction,23,144,0.1597222222222222,General Satisfaction
2026-06-03,general_satisfaction,19,141,0.1347517730496454,General Satisfaction
2026-06-04,general_satisfaction,17,134,0.12686567164179105,General Satisfaction
2026-06-05,general_satisfaction,21,138,0.15217391304347827,General Satisfaction
2026-06-06,general_satisfaction,16,133,0.12030075187969924,General Satisfaction
2026-06-07,general_satisfaction,19,132,0.14393939393939395,General Satisfaction
2026-06-08,general_satisfaction,15,124,0.12096774193548387,General Satisfaction
2026-06-09,general_satisfaction,20,141,0.14184397163120568,General Satisfaction
2026-06-10,general_satisfaction,23,122,0.1885245901639344,General Satisfaction
2026-06-11,general_satisfaction,16,143,0.11188811188811189,General Satisfaction
2026-06-12,general_satisfaction,15,126,0.11904761904761904,General Satisfaction
2026-06-13,general_satisfaction,15,115,0.13043478260869565,General Satisfaction
2026-06-14,general_satisfaction,13,126,0.10317460317460317,General Satisfaction
2026-06-15,general_satisfaction,11,126,0.0873015873015873,General Satisfaction
2026-06-16,general_satisfaction,13,130,0.1,General Satisfaction
2026-06-17,general_satisfaction,13,131,0.09923664122137404,General Satisfaction
2026-06-18,general_satisfaction,13,131,0.09923664122137404,General Satisfaction
2026-06-19,general_satisfaction,14,147,0.09523809523809523,General Satisfaction
2026-06-20,general_satisfaction,14,115,0.12173913043478261,General Satisfaction
2026-06-21,general_satisfaction,14,124,0.11290322580645161,General Satisfaction
2026-06-22,general_satisfaction,14,142,0.09859154929577464,General Satisfaction
2026-06-23,general_satisfaction,13,131,0.09923664122137404,General Satisfaction
2026-06-24,general_satisfaction,13,123,0.10569105691056911,General Satisfaction
2026-06-25,general_satisfaction,11,129,0.08527131782945736,General Satisfaction
2026-06-26,general_satisfaction,22,146,0.1506849315068493,General Satisfaction
2026-06-27,general_satisfaction,13,123,0.10569105691056911,General Satisfaction
2026-06-28,general_satisfaction,16,137,0.11678832116788321,General Satisfaction
2026-06-29,general_satisfaction,13,119,0.1092436974789916,General Satisfaction
2024-01-01,packaging,16,132,0.12121212121212122,Packaging
2024-01-02,packaging,14,132,0.10606060606060606,Packaging
2024-01-03,packaging,19,146,0.13013698630136986,Packaging
2024-01-04,packaging,10,154,0.06493506493506493,Packaging
2024-01-05,packaging,21,134,0.15671641791044777,Packaging
2024-01-06,packaging,10,142,0.07042253521126761,Packaging
2024-01-07,packaging,12,148,0.08108108108108109,Packaging
2024-01-08,packaging,16,140,0.11428571428571428,Packaging
2024-01-09,packaging,14,152,0.09210526315789473,Packaging
2024-01-10,packaging,17,134,0.12686567164179105,Packaging
2024-01-11,packaging,15,145,0.10344827586206896,Packaging
2024-01-12,packaging,8,104,0.07692307692307693,Packaging
2024-01-13,packaging,13,140,0.09285714285714286,Packaging
2024-01-14,packaging,5,142,0.035211267605633804,Packaging
2024-01-15,packaging,8,130,0.06153846153846154,Packaging
2024-01-16,packaging,15,113,0.13274336283185842,Packaging
2024-01-17,packaging,14,130,0.1076923076923077,Packaging
2024-01-18,packaging,21,145,0.14482758620689656,Packaging
2024-01-19,packaging,13,133,0.09774436090225563,Packaging
2024-01-20,packaging,15,137,0.10948905109489052,Packaging
2024-01-21,packaging,13,144,0.09027777777777778,Packaging
2024-01-22,packaging,11,147,0.07482993197278912,Packaging
2024-01-23,packaging,18,153,0.11764705882352941,Packaging
2024-01-24,packaging,15,132,0.11363636363636363,Packaging
2024-01-25,packaging,14,147,0.09523809523809523,Packaging
2024-01-26,packaging,11,133,0.08270676691729323,Packaging
2024-01-27,packaging,17,146,0.11643835616438356,Packaging
2024-01-28,packaging,9,138,0.06521739130434782,Packaging
2024-01-29,packaging,15,127,0.11811023622047244,Packaging
2024-01-30,packaging,10,131,0.07633587786259542,Packaging
2024-01-31,packaging,12,123,0.0975609756097561,Packaging
2024-02-01,packaging,10,140,0.07142857142857142,Packaging
2024-02-02,packaging,11,116,0.09482758620689655,Packaging
2024-02-03,packaging,9,113,0.07964601769911504,Packaging
2024-02-04,packaging,20,138,0.14492753623188406,Packaging
2024-02-05,packaging,15,135,0.1111111111111111,Packaging
2024-02-06,packaging,10,124,0.08064516129032258,Packaging
2024-02-07,packaging,9,131,0.06870229007633588,Packaging
2024-02-08,packaging,10,110,0.09090909090909091,Packaging
2024-02-09,packaging,9,125,0.072,Packaging
2024-02-10,packaging,13,138,0.09420289855072464,Packaging
2024-02-11,packaging,12,125,0.096,Packaging
2024-02-12,packaging,25,151,0.16556291390728478,Packaging
2024-02-13,packaging,17,119,0.14285714285714285,Packaging
2024-02-14,packaging,16,158,0.10126582278481013,Packaging
2024-02-15,packaging,12,126,0.09523809523809523,Packaging
2024-02-16,packaging,11,120,0.09166666666666666,Packaging
2024-02-17,packaging,16,126,0.12698412698412698,Packaging
2024-02-18,packaging,11,130,0.08461538461538462,Packaging
2024-02-19,packaging,15,140,0.10714285714285714,Packaging
2024-02-20,packaging,10,133,0.07518796992481203,Packaging
2024-02-21,packaging,14,141,0.09929078014184398,Packaging
2024-02-22,packaging,11,138,0.07971014492753623,Packaging
2024-02-23,packaging,9,139,0.06474820143884892,Packaging
2024-02-24,packaging,11,128,0.0859375,Packaging
2024-02-25,packaging,15,126,0.11904761904761904,Packaging
2024-02-26,packaging,11,119,0.09243697478991597,Packaging
2024-02-27,packaging,13,125,0.104,Packaging
2024-02-28,packaging,9,126,0.07142857142857142,Packaging
2024-02-29,packaging,15,126,0.11904761904761904,Packaging
2024-03-01,packaging,12,121,0.09917355371900827,Packaging
2024-03-02,packaging,14,141,0.09929078014184398,Packaging
2024-03-03,packaging,14,136,0.10294117647058823,Packaging
2024-03-04,packaging,15,128,0.1171875,Packaging
2024-03-05,packaging,11,109,0.10091743119266056,Packaging
2024-03-06,packaging,12,111,0.10810810810810811,Packaging
2024-03-07,packaging,11,129,0.08527131782945736,Packaging
2024-03-08,packaging,10,113,0.08849557522123894,Packaging
2024-03-09,packaging,13,127,0.10236220472440945,Packaging
2024-03-10,packaging,18,128,0.140625,Packaging
2024-03-11,packaging,15,133,0.11278195488721804,Packaging
2024-03-12,packaging,10,109,0.09174311926605505,Packaging
2024-03-13,packaging,9,134,0.06716417910447761,Packaging
2024-03-14,packaging,15,122,0.12295081967213115,Packaging
2024-03-15,packaging,13,152,0.08552631578947369,Packaging
2024-03-16,packaging,17,139,0.1223021582733813,Packaging
2024-03-17,packaging,12,135,0.08888888888888889,Packaging
2024-03-18,packaging,20,143,0.13986013986013987,Packaging
2024-03-19,packaging,16,140,0.11428571428571428,Packaging
2024-03-20,packaging,20,122,0.16393442622950818,Packaging
2024-03-21,packaging,11,126,0.0873015873015873,Packaging
2024-03-22,packaging,8,123,0.06504065040650407,Packaging
2024-03-23,packaging,16,124,0.12903225806451613,Packaging
2024-03-24,packaging,15,158,0.0949367088607595,Packaging
2024-03-25,packaging,15,156,0.09615384615384616,Packaging
2024-03-26,packaging,8,131,0.061068702290076333,Packaging
2024-03-27,packaging,11,134,0.08208955223880597,Packaging
2024-03-28,packaging,10,130,0.07692307692307693,Packaging
2024-03-29,packaging,18,151,0.11920529801324503,Packaging
2024-03-30,packaging,14,121,0.11570247933884298,Packaging
2024-03-31,packaging,14,133,0.10526315789473684,Packaging
2024-04-01,packaging,14,136,0.10294117647058823,Packaging
2024-04-02,packaging,18,124,0.14516129032258066,Packaging
2024-04-03,packaging,6,117,0.05128205128205128,Packaging
2024-04-04,packaging,14,132,0.10606060606060606,Packaging
2024-04-05,packaging,22,135,0.16296296296296298,Packaging
2024-04-06,packaging,9,132,0.06818181818181818,Packaging
2024-04-07,packaging,11,124,0.08870967741935484,Packaging
2024-04-08,packaging,10,139,0.07194244604316546,Packaging
2024-04-09,packaging,17,130,0.13076923076923078,Packaging
2024-04-10,packaging,15,152,0.09868421052631579,Packaging
2024-04-11,packaging,14,108,0.12962962962962962,Packaging
2024-04-12,packaging,10,133,0.07518796992481203,Packaging
2024-04-13,packaging,8,123,0.06504065040650407,Packaging
2024-04-14,packaging,16,143,0.11188811188811189,Packaging
2024-04-15,packaging,13,130,0.1,Packaging
2024-04-16,packaging,7,127,0.05511811023622047,Packaging
2024-04-17,packaging,8,121,0.06611570247933884,Packaging
2024-04-18,packaging,14,155,0.09032258064516129,Packaging
2024-04-19,packaging,10,137,0.072992700729927,Packaging
2024-04-20,packaging,14,147,0.09523809523809523,Packaging
2024-04-21,packaging,13,137,0.0948905109489051,Packaging
2024-04-22,packaging,13,130,0.1,Packaging
2024-04-23,packaging,8,119,0.06722689075630252,Packaging
2024-04-24,packaging,12,121,0.09917355371900827,Packaging
2024-04-25,packaging,10,124,0.08064516129032258,Packaging
2024-04-26,packaging,16,138,0.11594202898550725,Packaging
2024-04-27,packaging,10,118,0.0847457627118644,Packaging
2024-04-28,packaging,10,127,0.07874015748031496,Packaging
2024-04-29,packaging,12,131,0.0916030534351145,Packaging
2024-04-30,packaging,13,137,0.0948905109489051,Packaging
2024-05-01,packaging,15,136,0.11029411764705882,Packaging
2024-05-02,packaging,14,101,0.13861386138613863,Packaging
2024-05-03,packaging,14,138,0.10144927536231885,Packaging
2024-05-04,packaging,8,135,0.05925925925925926,Packaging
2024-05-05,packaging,12,116,0.10344827586206896,Packaging
2024-05-06,packaging,18,140,0.12857142857142856,Packaging
2024-05-07,packaging,7,124,0.056451612903225805,Packaging
2024-05-08,packaging,12,141,0.0851063829787234,Packaging
2024-05-09,packaging,15,125,0.12,Packaging
2024-05-10,packaging,10,133,0.07518796992481203,Packaging
2024-05-11,packaging,10,137,0.072992700729927,Packaging
2024-05-12,packaging,13,133,0.09774436090225563,Packaging
2024-05-13,packaging,16,151,0.10596026490066225,Packaging
2024-05-14,packaging,12,119,0.10084033613445378,Packaging
2024-05-15,packaging,18,114,0.15789473684210525,Packaging
2024-05-16,packaging,6,129,0.046511627906976744,Packaging
2024-05-17,packaging,15,117,0.1282051282051282,Packaging
2024-05-18,packaging,14,130,0.1076923076923077,Packaging
2024-05-19,packaging,11,123,0.08943089430894309,Packaging
2024-05-20,packaging,9,141,0.06382978723404255,Packaging
2024-05-21,packaging,10,130,0.07692307692307693,Packaging
2024-05-22,packaging,13,140,0.09285714285714286,Packaging
2024-05-23,packaging,12,134,0.08955223880597014,Packaging
2024-05-24,packaging,7,132,0.05303030303030303,Packaging
2024-05-25,packaging,12,125,0.096,Packaging
2024-05-26,packaging,8,148,0.05405405405405406,Packaging
2024-05-27,packaging,13,108,0.12037037037037036,Packaging
2024-05-28,packaging,7,125,0.056,Packaging
2024-05-29,packaging,16,122,0.13114754098360656,Packaging
2024-05-30,packaging,17,133,0.12781954887218044,Packaging
2024-05-31,packaging,16,121,0.1322314049586777,Packaging
2024-06-01,packaging,10,128,0.078125,Packaging
2024-06-02,packaging,13,122,0.10655737704918032,Packaging
2024-06-03,packaging,16,130,0.12307692307692308,Packaging
2024-06-04,packaging,16,133,0.12030075187969924,Packaging
2024-06-05,packaging,8,125,0.064,Packaging
2024-06-06,packaging,8,145,0.05517241379310345,Packaging
2024-06-07,packaging,21,126,0.16666666666666666,Packaging
2024-06-08,packaging,14,136,0.10294117647058823,Packaging
2024-06-09,packaging,9,120,0.075,Packaging
2024-06-10,packaging,8,107,0.07476635514018691,Packaging
2024-06-11,packaging,22,143,0.15384615384615385,Packaging
2024-06-12,packaging,5,128,0.0390625,Packaging
2024-06-13,packaging,12,136,0.08823529411764706,Packaging
2024-06-14,packaging,12,125,0.096,Packaging
2024-06-15,packaging,10,133,0.07518796992481203,Packaging
2024-06-16,packaging,15,155,0.0967741935483871,Packaging
2024-06-17,packaging,20,129,0.15503875968992248,Packaging
2024-06-18,packaging,15,133,0.11278195488721804,Packaging
2024-06-19,packaging,11,120,0.09166666666666666,Packaging
2024-06-20,packaging,11,119,0.09243697478991597,Packaging
2024-06-21,packaging,16,129,0.12403100775193798,Packaging
2024-06-22,packaging,17,146,0.11643835616438356,Packaging
2024-06-23,packaging,12,146,0.0821917808219178,Packaging
2024-06-24,packaging,7,144,0.04861111111111111,Packaging
2024-06-25,packaging,14,162,0.08641975308641975,Packaging
2024-06-26,packaging,12,129,0.09302325581395349,Packaging
2024-06-27,packaging,8,148,0.05405405405405406,Packaging
2024-06-28,packaging,10,106,0.09433962264150944,Packaging
2024-06-29,packaging,11,124,0.08870967741935484,Packaging
2024-06-30,packaging,12,156,0.07692307692307693,Packaging
2024-07-01,packaging,13,126,0.10317460317460317,Packaging
2024-07-02,packaging,12,122,0.09836065573770492,Packaging
2024-07-03,packaging,15,124,0.12096774193548387,Packaging
2024-07-04,packaging,17,146,0.11643835616438356,Packaging
2024-07-05,packaging,20,154,0.12987012987012986,Packaging
2024-07-06,packaging,13,128,0.1015625,Packaging
2024-07-07,packaging,10,125,0.08,Packaging
2024-07-08,packaging,14,130,0.1076923076923077,Packaging
2024-07-09,packaging,12,153,0.0784313725490196,Packaging
2024-07-10,packaging,10,141,0.07092198581560284,Packaging
2024-07-11,packaging,13,132,0.09848484848484848,Packaging
2024-07-12,packaging,14,137,0.10218978102189781,Packaging
2024-07-13,packaging,17,130,0.13076923076923078,Packaging
2024-07-14,packaging,12,130,0.09230769230769231,Packaging
2024-07-15,packaging,8,115,0.06956521739130435,Packaging
2024-07-16,packaging,22,149,0.1476510067114094,Packaging
2024-07-17,packaging,6,125,0.048,Packaging
2024-07-18,packaging,17,120,0.14166666666666666,Packaging
2024-07-19,packaging,6,129,0.046511627906976744,Packaging
2024-07-20,packaging,13,143,0.09090909090909091,Packaging
2024-07-21,packaging,11,145,0.07586206896551724,Packaging
2024-07-22,packaging,16,148,0.10810810810810811,Packaging
2024-07-23,packaging,14,145,0.09655172413793103,Packaging
2024-07-24,packaging,11,115,0.09565217391304348,Packaging
2024-07-25,packaging,12,147,0.08163265306122448,Packaging
2024-07-26,packaging,14,139,0.10071942446043165,Packaging
2024-07-27,packaging,10,123,0.08130081300813008,Packaging
2024-07-28,packaging,6,123,0.04878048780487805,Packaging
2024-07-29,packaging,8,126,0.06349206349206349,Packaging
2024-07-30,packaging,22,138,0.15942028985507245,Packaging
2024-07-31,packaging,13,120,0.10833333333333334,Packaging
2024-08-01,packaging,18,124,0.14516129032258066,Packaging
2024-08-02,packaging,11,134,0.08208955223880597,Packaging
2024-08-03,packaging,10,131,0.07633587786259542,Packaging
2024-08-04,packaging,13,119,0.1092436974789916,Packaging
2024-08-05,packaging,7,115,0.06086956521739131,Packaging
2024-08-06,packaging,12,139,0.08633093525179857,Packaging
2024-08-07,packaging,9,123,0.07317073170731707,Packaging
2024-08-08,packaging,8,134,0.05970149253731343,Packaging
2024-08-09,packaging,9,119,0.07563025210084033,Packaging
2024-08-10,packaging,7,127,0.05511811023622047,Packaging
2024-08-11,packaging,15,140,0.10714285714285714,Packaging
2024-08-12,packaging,8,142,0.056338028169014086,Packaging
2024-08-13,packaging,11,133,0.08270676691729323,Packaging
2024-08-14,packaging,13,145,0.0896551724137931,Packaging
2024-08-15,packaging,10,121,0.08264462809917356,Packaging
2024-08-16,packaging,12,93,0.12903225806451613,Packaging
2024-08-17,packaging,13,134,0.09701492537313433,Packaging
2024-08-18,packaging,14,145,0.09655172413793103,Packaging
2024-08-19,packaging,8,132,0.06060606060606061,Packaging
2024-08-20,packaging,15,151,0.09933774834437085,Packaging
2024-08-21,packaging,8,135,0.05925925925925926,Packaging
2024-08-22,packaging,8,107,0.07476635514018691,Packaging
2024-08-23,packaging,11,116,0.09482758620689655,Packaging
2024-08-24,packaging,13,145,0.0896551724137931,Packaging
2024-08-25,packaging,11,124,0.08870967741935484,Packaging
2024-08-26,packaging,11,134,0.08208955223880597,Packaging
2024-08-27,packaging,9,123,0.07317073170731707,Packaging
2024-08-28,packaging,7,133,0.05263157894736842,Packaging
2024-08-29,packaging,7,148,0.0472972972972973,Packaging
2024-08-30,packaging,19,141,0.1347517730496454,Packaging
2024-08-31,packaging,17,143,0.11888111888111888,Packaging
2024-09-01,packaging,10,117,0.08547008547008547,Packaging
2024-09-02,packaging,10,130,0.07692307692307693,Packaging
2024-09-03,packaging,20,149,0.1342281879194631,Packaging
2024-09-04,packaging,13,141,0.09219858156028368,Packaging
2024-09-05,packaging,13,129,0.10077519379844961,Packaging
2024-09-06,packaging,15,137,0.10948905109489052,Packaging
2024-09-07,packaging,18,143,0.1258741258741259,Packaging
2024-09-08,packaging,12,140,0.08571428571428572,Packaging
2024-09-09,packaging,11,133,0.08270676691729323,Packaging
2024-09-10,packaging,8,131,0.061068702290076333,Packaging
2024-09-11,packaging,18,123,0.14634146341463414,Packaging
2024-09-12,packaging,12,128,0.09375,Packaging
2024-09-13,packaging,11,133,0.08270676691729323,Packaging
2024-09-14,packaging,16,141,0.11347517730496454,Packaging
2024-09-15,packaging,12,122,0.09836065573770492,Packaging
2024-09-16,packaging,19,136,0.13970588235294118,Packaging
2024-09-17,packaging,12,136,0.08823529411764706,Packaging
2024-09-18,packaging,9,128,0.0703125,Packaging
2024-09-19,packaging,11,122,0.09016393442622951,Packaging
2024-09-20,packaging,9,154,0.05844155844155844,Packaging
2024-09-21,packaging,19,149,0.12751677852348994,Packaging
2024-09-22,packaging,14,121,0.11570247933884298,Packaging
2024-09-23,packaging,10,142,0.07042253521126761,Packaging
2024-09-24,packaging,10,119,0.08403361344537816,Packaging
2024-09-25,packaging,14,144,0.09722222222222222,Packaging
2024-09-26,packaging,15,120,0.125,Packaging
2024-09-27,packaging,15,111,0.13513513513513514,Packaging
2024-09-28,packaging,14,135,0.1037037037037037,Packaging
2024-09-29,packaging,11,156,0.07051282051282051,Packaging
2024-09-30,packaging,13,116,0.11206896551724138,Packaging
2024-10-01,packaging,7,133,0.05263157894736842,Packaging
2024-10-02,packaging,7,114,0.06140350877192982,Packaging
2024-10-03,packaging,18,110,0.16363636363636364,Packaging
2024-10-04,packaging,10,134,0.07462686567164178,Packaging
2024-10-05,packaging,14,143,0.0979020979020979,Packaging
2024-10-06,packaging,10,142,0.07042253521126761,Packaging
2024-10-07,packaging,9,124,0.07258064516129033,Packaging
2024-10-08,packaging,11,122,0.09016393442622951,Packaging
2024-10-09,packaging,12,129,0.09302325581395349,Packaging
2024-10-10,packaging,12,130,0.09230769230769231,Packaging
2024-10-11,packaging,13,141,0.09219858156028368,Packaging
2024-10-12,packaging,16,119,0.13445378151260504,Packaging
2024-10-13,packaging,13,145,0.0896551724137931,Packaging
2024-10-14,packaging,12,130,0.09230769230769231,Packaging
2024-10-15,packaging,13,120,0.10833333333333334,Packaging
2024-10-16,packaging,8,112,0.07142857142857142,Packaging
2024-10-17,packaging,9,133,0.06766917293233082,Packaging
2024-10-18,packaging,15,112,0.13392857142857142,Packaging
2024-10-19,packaging,12,134,0.08955223880597014,Packaging
2024-10-20,packaging,16,128,0.125,Packaging
2024-10-21,packaging,11,127,0.08661417322834646,Packaging
2024-10-22,packaging,10,136,0.07352941176470588,Packaging
2024-10-23,packaging,13,143,0.09090909090909091,Packaging
2024-10-24,packaging,10,118,0.0847457627118644,Packaging
2024-10-25,packaging,18,148,0.12162162162162163,Packaging
2024-10-26,packaging,14,133,0.10526315789473684,Packaging
2024-10-27,packaging,13,124,0.10483870967741936,Packaging
2024-10-28,packaging,9,133,0.06766917293233082,Packaging
2024-10-29,packaging,9,128,0.0703125,Packaging
2024-10-30,packaging,20,115,0.17391304347826086,Packaging
2024-10-31,packaging,15,127,0.11811023622047244,Packaging
2024-11-01,packaging,12,136,0.08823529411764706,Packaging
2024-11-02,packaging,9,132,0.06818181818181818,Packaging
2024-11-03,packaging,11,117,0.09401709401709402,Packaging
2024-11-04,packaging,13,179,0.07262569832402235,Packaging
2024-11-05,packaging,12,140,0.08571428571428572,Packaging
2024-11-06,packaging,16,146,0.1095890410958904,Packaging
2024-11-07,packaging,16,124,0.12903225806451613,Packaging
2024-11-08,packaging,15,150,0.1,Packaging
2024-11-09,packaging,10,141,0.07092198581560284,Packaging
2024-11-10,packaging,9,127,0.07086614173228346,Packaging
2024-11-11,packaging,10,120,0.08333333333333333,Packaging
2024-11-12,packaging,13,126,0.10317460317460317,Packaging
2024-11-13,packaging,13,139,0.09352517985611511,Packaging
2024-11-14,packaging,13,126,0.10317460317460317,Packaging
2024-11-15,packaging,13,109,0.11926605504587157,Packaging
2024-11-16,packaging,6,139,0.04316546762589928,Packaging
2024-11-17,packaging,17,120,0.14166666666666666,Packaging
2024-11-18,packaging,19,138,0.13768115942028986,Packaging
2024-11-19,packaging,18,135,0.13333333333333333,Packaging
2024-11-20,packaging,7,118,0.059322033898305086,Packaging
2024-11-21,packaging,13,133,0.09774436090225563,Packaging
2024-11-22,packaging,16,142,0.11267605633802817,Packaging
2024-11-23,packaging,8,134,0.05970149253731343,Packaging
2024-11-24,packaging,14,134,0.1044776119402985,Packaging
2024-11-25,packaging,9,111,0.08108108108108109,Packaging
2024-11-26,packaging,13,143,0.09090909090909091,Packaging
2024-11-27,packaging,8,136,0.058823529411764705,Packaging
2024-11-28,packaging,7,134,0.05223880597014925,Packaging
2024-11-29,packaging,13,131,0.09923664122137404,Packaging
2024-11-30,packaging,8,140,0.05714285714285714,Packaging
2024-12-01,packaging,11,138,0.07971014492753623,Packaging
2024-12-02,packaging,12,124,0.0967741935483871,Packaging
2024-12-03,packaging,8,134,0.05970149253731343,Packaging
2024-12-04,packaging,10,130,0.07692307692307693,Packaging
2024-12-05,packaging,13,135,0.0962962962962963,Packaging
2024-12-06,packaging,5,140,0.03571428571428571,Packaging
2024-12-07,packaging,15,141,0.10638297872340426,Packaging
2024-12-08,packaging,21,138,0.15217391304347827,Packaging
2024-12-09,packaging,14,145,0.09655172413793103,Packaging
2024-12-10,packaging,16,141,0.11347517730496454,Packaging
2024-12-11,packaging,10,137,0.072992700729927,Packaging
2024-12-12,packaging,11,142,0.07746478873239436,Packaging
2024-12-13,packaging,12,140,0.08571428571428572,Packaging
2024-12-14,packaging,9,124,0.07258064516129033,Packaging
2024-12-15,packaging,14,128,0.109375,Packaging
2024-12-16,packaging,11,132,0.08333333333333333,Packaging
2024-12-17,packaging,16,115,0.1391304347826087,Packaging
2024-12-18,packaging,11,122,0.09016393442622951,Packaging
2024-12-19,packaging,9,120,0.075,Packaging
2024-12-20,packaging,16,132,0.12121212121212122,Packaging
2024-12-21,packaging,9,107,0.08411214953271028,Packaging
2024-12-22,packaging,12,143,0.08391608391608392,Packaging
2024-12-23,packaging,17,129,0.13178294573643412,Packaging
2024-12-24,packaging,13,103,0.1262135922330097,Packaging
2024-12-25,packaging,16,117,0.13675213675213677,Packaging
2024-12-26,packaging,18,131,0.13740458015267176,Packaging
2024-12-27,packaging,13,136,0.09558823529411764,Packaging
2024-12-28,packaging,7,134,0.05223880597014925,Packaging
2024-12-29,packaging,13,135,0.0962962962962963,Packaging
2024-12-30,packaging,16,149,0.10738255033557047,Packaging
2024-12-31,packaging,12,129,0.09302325581395349,Packaging
2025-01-01,packaging,9,118,0.07627118644067797,Packaging
2025-01-02,packaging,8,134,0.05970149253731343,Packaging
2025-01-03,packaging,16,137,0.11678832116788321,Packaging
2025-01-04,packaging,11,119,0.09243697478991597,Packaging
2025-01-05,packaging,28,148,0.1891891891891892,Packaging
2025-01-06,packaging,17,156,0.10897435897435898,Packaging
2025-01-07,packaging,15,126,0.11904761904761904,Packaging
2025-01-08,packaging,6,150,0.04,Packaging
2025-01-09,packaging,11,131,0.08396946564885496,Packaging
2025-01-10,packaging,18,128,0.140625,Packaging
2025-01-11,packaging,12,148,0.08108108108108109,Packaging
2025-01-12,packaging,10,136,0.07352941176470588,Packaging
2025-01-13,packaging,12,123,0.0975609756097561,Packaging
2025-01-14,packaging,11,135,0.08148148148148149,Packaging
2025-01-15,packaging,10,139,0.07194244604316546,Packaging
2025-01-16,packaging,16,148,0.10810810810810811,Packaging
2025-01-17,packaging,13,156,0.08333333333333333,Packaging
2025-01-18,packaging,12,120,0.1,Packaging
2025-01-19,packaging,16,120,0.13333333333333333,Packaging
2025-01-20,packaging,12,132,0.09090909090909091,Packaging
2025-01-21,packaging,10,130,0.07692307692307693,Packaging
2025-01-22,packaging,12,152,0.07894736842105263,Packaging
2025-01-23,packaging,15,139,0.1079136690647482,Packaging
2025-01-24,packaging,7,126,0.05555555555555555,Packaging
2025-01-25,packaging,11,143,0.07692307692307693,Packaging
2025-01-26,packaging,15,148,0.10135135135135136,Packaging
2025-01-27,packaging,13,113,0.11504424778761062,Packaging
2025-01-28,packaging,16,156,0.10256410256410256,Packaging
2025-01-29,packaging,17,137,0.12408759124087591,Packaging
2025-01-30,packaging,14,136,0.10294117647058823,Packaging
2025-01-31,packaging,17,136,0.125,Packaging
2025-02-01,packaging,14,132,0.10606060606060606,Packaging
2025-02-02,packaging,10,138,0.07246376811594203,Packaging
2025-02-03,packaging,17,138,0.12318840579710146,Packaging
2025-02-04,packaging,11,132,0.08333333333333333,Packaging
2025-02-05,packaging,7,139,0.050359712230215826,Packaging
2025-02-06,packaging,14,143,0.0979020979020979,Packaging
2025-02-07,packaging,17,149,0.11409395973154363,Packaging
2025-02-08,packaging,18,128,0.140625,Packaging
2025-02-09,packaging,15,139,0.1079136690647482,Packaging
2025-02-10,packaging,11,138,0.07971014492753623,Packaging
2025-02-11,packaging,6,129,0.046511627906976744,Packaging
2025-02-12,packaging,10,140,0.07142857142857142,Packaging
2025-02-13,packaging,11,148,0.07432432432432433,Packaging
2025-02-14,packaging,11,116,0.09482758620689655,Packaging
2025-02-15,packaging,17,128,0.1328125,Packaging
2025-02-16,packaging,14,143,0.0979020979020979,Packaging
2025-02-17,packaging,16,136,0.11764705882352941,Packaging
2025-02-18,packaging,15,145,0.10344827586206896,Packaging
2025-02-19,packaging,7,117,0.05982905982905983,Packaging
2025-02-20,packaging,15,143,0.1048951048951049,Packaging
2025-02-21,packaging,15,139,0.1079136690647482,Packaging
2025-02-22,packaging,12,114,0.10526315789473684,Packaging
2025-02-23,packaging,8,123,0.06504065040650407,Packaging
2025-02-24,packaging,13,135,0.0962962962962963,Packaging
2025-02-25,packaging,8,139,0.05755395683453238,Packaging
2025-02-26,packaging,8,127,0.06299212598425197,Packaging
2025-02-27,packaging,14,120,0.11666666666666667,Packaging
2025-02-28,packaging,11,130,0.08461538461538462,Packaging
2025-03-01,packaging,12,137,0.08759124087591241,Packaging
2025-03-02,packaging,15,141,0.10638297872340426,Packaging
2025-03-03,packaging,12,128,0.09375,Packaging
2025-03-04,packaging,10,142,0.07042253521126761,Packaging
2025-03-05,packaging,11,137,0.08029197080291971,Packaging
2025-03-06,packaging,14,143,0.0979020979020979,Packaging
2025-03-07,packaging,11,123,0.08943089430894309,Packaging
2025-03-08,packaging,12,128,0.09375,Packaging
2025-03-09,packaging,10,135,0.07407407407407407,Packaging
2025-03-10,packaging,10,127,0.07874015748031496,Packaging
2025-03-11,packaging,11,138,0.07971014492753623,Packaging
2025-03-12,packaging,12,133,0.09022556390977443,Packaging
2025-03-13,packaging,13,121,0.10743801652892562,Packaging
2025-03-14,packaging,12,140,0.08571428571428572,Packaging
2025-03-15,packaging,14,131,0.10687022900763359,Packaging
2025-03-16,packaging,11,134,0.08208955223880597,Packaging
2025-03-17,packaging,14,135,0.1037037037037037,Packaging
2025-03-18,packaging,6,99,0.06060606060606061,Packaging
2025-03-19,packaging,8,121,0.06611570247933884,Packaging
2025-03-20,packaging,6,120,0.05,Packaging
2025-03-21,packaging,13,138,0.09420289855072464,Packaging
2025-03-22,packaging,12,142,0.08450704225352113,Packaging
2025-03-23,packaging,12,121,0.09917355371900827,Packaging
2025-03-24,packaging,10,146,0.0684931506849315,Packaging
2025-03-25,packaging,10,119,0.08403361344537816,Packaging
2025-03-26,packaging,18,137,0.13138686131386862,Packaging
2025-03-27,packaging,14,131,0.10687022900763359,Packaging
2025-03-28,packaging,8,125,0.064,Packaging
2025-03-29,packaging,9,125,0.072,Packaging
2025-03-30,packaging,10,137,0.072992700729927,Packaging
2025-03-31,packaging,12,150,0.08,Packaging
2025-04-01,packaging,15,152,0.09868421052631579,Packaging
2025-04-02,packaging,16,145,0.1103448275862069,Packaging
2025-04-03,packaging,16,138,0.11594202898550725,Packaging
2025-04-04,packaging,8,116,0.06896551724137931,Packaging
2025-04-05,packaging,15,148,0.10135135135135136,Packaging
2025-04-06,packaging,14,139,0.10071942446043165,Packaging
2025-04-07,packaging,7,119,0.058823529411764705,Packaging
2025-04-08,packaging,15,127,0.11811023622047244,Packaging
2025-04-09,packaging,14,124,0.11290322580645161,Packaging
2025-04-10,packaging,8,147,0.05442176870748299,Packaging
2025-04-11,packaging,10,150,0.06666666666666667,Packaging
2025-04-12,packaging,14,158,0.08860759493670886,Packaging
2025-04-13,packaging,9,109,0.08256880733944955,Packaging
2025-04-14,packaging,13,132,0.09848484848484848,Packaging
2025-04-15,packaging,10,149,0.06711409395973154,Packaging
2025-04-16,packaging,14,130,0.1076923076923077,Packaging
2025-04-17,packaging,13,123,0.10569105691056911,Packaging
2025-04-18,packaging,13,139,0.09352517985611511,Packaging
2025-04-19,packaging,11,110,0.1,Packaging
2025-04-20,packaging,8,128,0.0625,Packaging
2025-04-21,packaging,18,132,0.13636363636363635,Packaging
2025-04-22,packaging,13,137,0.0948905109489051,Packaging
2025-04-23,packaging,9,130,0.06923076923076923,Packaging
2025-04-24,packaging,7,145,0.04827586206896552,Packaging
2025-04-25,packaging,13,121,0.10743801652892562,Packaging
2025-04-26,packaging,9,129,0.06976744186046512,Packaging
2025-04-27,packaging,17,127,0.13385826771653545,Packaging
2025-04-28,packaging,13,118,0.11016949152542373,Packaging
2025-04-29,packaging,13,122,0.10655737704918032,Packaging
2025-04-30,packaging,8,125,0.064,Packaging
2025-05-01,packaging,15,149,0.10067114093959731,Packaging
2025-05-02,packaging,10,122,0.08196721311475409,Packaging
2025-05-03,packaging,15,129,0.11627906976744186,Packaging
2025-05-04,packaging,11,139,0.07913669064748201,Packaging
2025-05-05,packaging,10,126,0.07936507936507936,Packaging
2025-05-06,packaging,18,150,0.12,Packaging
2025-05-07,packaging,16,130,0.12307692307692308,Packaging
2025-05-08,packaging,11,118,0.09322033898305085,Packaging
2025-05-09,packaging,11,142,0.07746478873239436,Packaging
2025-05-10,packaging,18,124,0.14516129032258066,Packaging
2025-05-11,packaging,19,132,0.14393939393939395,Packaging
2025-05-12,packaging,11,138,0.07971014492753623,Packaging
2025-05-13,packaging,12,129,0.09302325581395349,Packaging
2025-05-14,packaging,5,119,0.04201680672268908,Packaging
2025-05-15,packaging,9,124,0.07258064516129033,Packaging
2025-05-16,packaging,14,139,0.10071942446043165,Packaging
2025-05-17,packaging,7,124,0.056451612903225805,Packaging
2025-05-18,packaging,9,121,0.0743801652892562,Packaging
2025-05-19,packaging,10,114,0.08771929824561403,Packaging
2025-05-20,packaging,11,130,0.08461538461538462,Packaging
2025-05-21,packaging,16,108,0.14814814814814814,Packaging
2025-05-22,packaging,13,156,0.08333333333333333,Packaging
2025-05-23,packaging,9,148,0.060810810810810814,Packaging
2025-05-24,packaging,6,137,0.043795620437956206,Packaging
2025-05-25,packaging,7,141,0.04964539007092199,Packaging
2025-05-26,packaging,18,119,0.15126050420168066,Packaging
2025-05-27,packaging,20,160,0.125,Packaging
2025-05-28,packaging,18,147,0.12244897959183673,Packaging
2025-05-29,packaging,14,116,0.1206896551724138,Packaging
2025-05-30,packaging,12,133,0.09022556390977443,Packaging
2025-05-31,packaging,20,140,0.14285714285714285,Packaging
2025-06-01,packaging,8,132,0.06060606060606061,Packaging
2025-06-02,packaging,9,118,0.07627118644067797,Packaging
2025-06-03,packaging,15,121,0.12396694214876033,Packaging
2025-06-04,packaging,14,141,0.09929078014184398,Packaging
2025-06-05,packaging,14,116,0.1206896551724138,Packaging
2025-06-06,packaging,12,140,0.08571428571428572,Packaging
2025-06-07,packaging,9,138,0.06521739130434782,Packaging
2025-06-08,packaging,13,142,0.09154929577464789,Packaging
2025-06-09,packaging,13,126,0.10317460317460317,Packaging
2025-06-10,packaging,15,152,0.09868421052631579,Packaging
2025-06-11,packaging,10,133,0.07518796992481203,Packaging
2025-06-12,packaging,13,137,0.0948905109489051,Packaging
2025-06-13,packaging,10,137,0.072992700729927,Packaging
2025-06-14,packaging,10,113,0.08849557522123894,Packaging
2025-06-15,packaging,6,104,0.057692307692307696,Packaging
2025-06-16,packaging,12,132,0.09090909090909091,Packaging
2025-06-17,packaging,12,117,0.10256410256410256,Packaging
2025-06-18,packaging,12,136,0.08823529411764706,Packaging
2025-06-19,packaging,10,130,0.07692307692307693,Packaging
2025-06-20,packaging,5,137,0.0364963503649635,Packaging
2025-06-21,packaging,20,146,0.136986301369863,Packaging
2025-06-22,packaging,13,134,0.09701492537313433,Packaging
2025-06-23,packaging,9,116,0.07758620689655173,Packaging
2025-06-24,packaging,15,134,0.11194029850746269,Packaging
2025-06-25,packaging,7,118,0.059322033898305086,Packaging
2025-06-26,packaging,12,119,0.10084033613445378,Packaging
2025-06-27,packaging,14,143,0.0979020979020979,Packaging
2025-06-28,packaging,10,132,0.07575757575757576,Packaging
2025-06-29,packaging,14,140,0.1,Packaging
2025-06-30,packaging,11,133,0.08270676691729323,Packaging
2025-07-01,packaging,8,118,0.06779661016949153,Packaging
2025-07-02,packaging,14,128,0.109375,Packaging
2025-07-03,packaging,9,124,0.07258064516129033,Packaging
2025-07-04,packaging,9,124,0.07258064516129033,Packaging
2025-07-05,packaging,18,126,0.14285714285714285,Packaging
2025-07-06,packaging,17,131,0.1297709923664122,Packaging
2025-07-07,packaging,15,116,0.12931034482758622,Packaging
2025-07-08,packaging,15,158,0.0949367088607595,Packaging
2025-07-09,packaging,17,134,0.12686567164179105,Packaging
2025-07-10,packaging,17,151,0.11258278145695365,Packaging
2025-07-11,packaging,14,139,0.10071942446043165,Packaging
2025-07-12,packaging,10,141,0.07092198581560284,Packaging
2025-07-13,packaging,12,122,0.09836065573770492,Packaging
2025-07-14,packaging,9,123,0.07317073170731707,Packaging
2025-07-15,packaging,14,120,0.11666666666666667,Packaging
2025-07-16,packaging,8,112,0.07142857142857142,Packaging
2025-07-17,packaging,12,136,0.08823529411764706,Packaging
2025-07-18,packaging,9,141,0.06382978723404255,Packaging
2025-07-19,packaging,18,145,0.12413793103448276,Packaging
2025-07-20,packaging,12,147,0.08163265306122448,Packaging
2025-07-21,packaging,9,124,0.07258064516129033,Packaging
2025-07-22,packaging,12,125,0.096,Packaging
2025-07-23,packaging,15,129,0.11627906976744186,Packaging
2025-07-24,packaging,13,154,0.08441558441558442,Packaging
2025-07-25,packaging,12,126,0.09523809523809523,Packaging
2025-07-26,packaging,17,146,0.11643835616438356,Packaging
2025-07-27,packaging,10,144,0.06944444444444445,Packaging
2025-07-28,packaging,11,148,0.07432432432432433,Packaging
2025-07-29,packaging,12,101,0.1188118811881188,Packaging
2025-07-30,packaging,12,133,0.09022556390977443,Packaging
2025-07-31,packaging,12,133,0.09022556390977443,Packaging
2025-08-01,packaging,17,143,0.11888111888111888,Packaging
2025-08-02,packaging,15,151,0.09933774834437085,Packaging
2025-08-03,packaging,12,130,0.09230769230769231,Packaging
2025-08-04,packaging,13,143,0.09090909090909091,Packaging
2025-08-05,packaging,15,122,0.12295081967213115,Packaging
2025-08-06,packaging,17,143,0.11888111888111888,Packaging
2025-08-07,packaging,11,116,0.09482758620689655,Packaging
2025-08-08,packaging,14,124,0.11290322580645161,Packaging
2025-08-09,packaging,9,125,0.072,Packaging
2025-08-10,packaging,14,158,0.08860759493670886,Packaging
2025-08-11,packaging,12,131,0.0916030534351145,Packaging
2025-08-12,packaging,9,155,0.05806451612903226,Packaging
2025-08-13,packaging,9,119,0.07563025210084033,Packaging
2025-08-14,packaging,11,136,0.08088235294117647,Packaging
2025-08-15,packaging,21,142,0.14788732394366197,Packaging
2025-08-16,packaging,13,117,0.1111111111111111,Packaging
2025-08-17,packaging,14,138,0.10144927536231885,Packaging
2025-08-18,packaging,12,117,0.10256410256410256,Packaging
2025-08-19,packaging,7,129,0.05426356589147287,Packaging
2025-08-20,packaging,11,146,0.07534246575342465,Packaging
2025-08-21,packaging,9,145,0.06206896551724138,Packaging
2025-08-22,packaging,15,146,0.10273972602739725,Packaging
2025-08-23,packaging,8,122,0.06557377049180328,Packaging
2025-08-24,packaging,8,129,0.06201550387596899,Packaging
2025-08-25,packaging,3,129,0.023255813953488372,Packaging
2025-08-26,packaging,10,124,0.08064516129032258,Packaging
2025-08-27,packaging,10,126,0.07936507936507936,Packaging
2025-08-28,packaging,10,123,0.08130081300813008,Packaging
2025-08-29,packaging,14,121,0.11570247933884298,Packaging
2025-08-30,packaging,10,127,0.07874015748031496,Packaging
2025-08-31,packaging,6,124,0.04838709677419355,Packaging
2025-09-01,packaging,12,132,0.09090909090909091,Packaging
2025-09-02,packaging,5,132,0.03787878787878788,Packaging
2025-09-03,packaging,13,136,0.09558823529411764,Packaging
2025-09-04,packaging,13,133,0.09774436090225563,Packaging
2025-09-05,packaging,10,113,0.08849557522123894,Packaging
2025-09-06,packaging,13,122,0.10655737704918032,Packaging
2025-09-07,packaging,11,141,0.07801418439716312,Packaging
2025-09-08,packaging,13,141,0.09219858156028368,Packaging
2025-09-09,packaging,16,152,0.10526315789473684,Packaging
2025-09-10,packaging,10,127,0.07874015748031496,Packaging
2025-09-11,packaging,12,129,0.09302325581395349,Packaging
2025-09-12,packaging,9,129,0.06976744186046512,Packaging
2025-09-13,packaging,8,115,0.06956521739130435,Packaging
2025-09-14,packaging,9,119,0.07563025210084033,Packaging
2025-09-15,packaging,16,132,0.12121212121212122,Packaging
2025-09-16,packaging,12,133,0.09022556390977443,Packaging
2025-09-17,packaging,17,137,0.12408759124087591,Packaging
2025-09-18,packaging,9,135,0.06666666666666667,Packaging
2025-09-19,packaging,13,138,0.09420289855072464,Packaging
2025-09-20,packaging,10,142,0.07042253521126761,Packaging
2025-09-21,packaging,15,118,0.1271186440677966,Packaging
2025-09-22,packaging,12,117,0.10256410256410256,Packaging
2025-09-23,packaging,16,125,0.128,Packaging
2025-09-24,packaging,11,129,0.08527131782945736,Packaging
2025-09-25,packaging,8,113,0.07079646017699115,Packaging
2025-09-26,packaging,12,135,0.08888888888888889,Packaging
2025-09-27,packaging,20,146,0.136986301369863,Packaging
2025-09-28,packaging,15,140,0.10714285714285714,Packaging
2025-09-29,packaging,10,122,0.08196721311475409,Packaging
2025-09-30,packaging,15,134,0.11194029850746269,Packaging
2025-10-01,packaging,12,135,0.08888888888888889,Packaging
2025-10-02,packaging,17,114,0.14912280701754385,Packaging
2025-10-03,packaging,16,125,0.128,Packaging
2025-10-04,packaging,11,139,0.07913669064748201,Packaging
2025-10-05,packaging,12,118,0.1016949152542373,Packaging
2025-10-06,packaging,10,130,0.07692307692307693,Packaging
2025-10-07,packaging,12,130,0.09230769230769231,Packaging
2025-10-08,packaging,14,129,0.10852713178294573,Packaging
2025-10-09,packaging,17,141,0.12056737588652482,Packaging
2025-10-10,packaging,8,127,0.06299212598425197,Packaging
2025-10-11,packaging,15,142,0.1056338028169014,Packaging
2025-10-12,packaging,15,116,0.12931034482758622,Packaging
2025-10-13,packaging,13,121,0.10743801652892562,Packaging
2025-10-14,packaging,11,123,0.08943089430894309,Packaging
2025-10-15,packaging,15,137,0.10948905109489052,Packaging
2025-10-16,packaging,20,143,0.13986013986013987,Packaging
2025-10-17,packaging,10,107,0.09345794392523364,Packaging
2025-10-18,packaging,16,143,0.11188811188811189,Packaging
2025-10-19,packaging,13,114,0.11403508771929824,Packaging
2025-10-20,packaging,8,110,0.07272727272727272,Packaging
2025-10-21,packaging,10,115,0.08695652173913043,Packaging
2025-10-22,packaging,9,115,0.0782608695652174,Packaging
2025-10-23,packaging,13,140,0.09285714285714286,Packaging
2025-10-24,packaging,12,130,0.09230769230769231,Packaging
2025-10-25,packaging,11,133,0.08270676691729323,Packaging
2025-10-26,packaging,14,138,0.10144927536231885,Packaging
2025-10-27,packaging,5,132,0.03787878787878788,Packaging
2025-10-28,packaging,12,142,0.08450704225352113,Packaging
2025-10-29,packaging,13,134,0.09701492537313433,Packaging
2025-10-30,packaging,7,130,0.05384615384615385,Packaging
2025-10-31,packaging,15,105,0.14285714285714285,Packaging
2025-11-01,packaging,7,149,0.04697986577181208,Packaging
2025-11-02,packaging,12,128,0.09375,Packaging
2025-11-03,packaging,11,136,0.08088235294117647,Packaging
2025-11-04,packaging,14,130,0.1076923076923077,Packaging
2025-11-05,packaging,10,133,0.07518796992481203,Packaging
2025-11-06,packaging,14,126,0.1111111111111111,Packaging
2025-11-07,packaging,9,146,0.06164383561643835,Packaging
2025-11-08,packaging,12,142,0.08450704225352113,Packaging
2025-11-09,packaging,13,118,0.11016949152542373,Packaging
2025-11-10,packaging,13,129,0.10077519379844961,Packaging
2025-11-11,packaging,12,145,0.08275862068965517,Packaging
2025-11-12,packaging,12,112,0.10714285714285714,Packaging
2025-11-13,packaging,12,136,0.08823529411764706,Packaging
2025-11-14,packaging,12,117,0.10256410256410256,Packaging
2025-11-15,packaging,13,110,0.11818181818181818,Packaging
2025-11-16,packaging,12,137,0.08759124087591241,Packaging
2025-11-17,packaging,11,149,0.0738255033557047,Packaging
2025-11-18,packaging,8,134,0.05970149253731343,Packaging
2025-11-19,packaging,11,123,0.08943089430894309,Packaging
2025-11-20,packaging,17,143,0.11888111888111888,Packaging
2025-11-21,packaging,9,120,0.075,Packaging
2025-11-22,packaging,7,130,0.05384615384615385,Packaging
2025-11-23,packaging,11,129,0.08527131782945736,Packaging
2025-11-24,packaging,10,121,0.08264462809917356,Packaging
2025-11-25,packaging,14,119,0.11764705882352941,Packaging
2025-11-26,packaging,16,119,0.13445378151260504,Packaging
2025-11-27,packaging,21,140,0.15,Packaging
2025-11-28,packaging,15,129,0.11627906976744186,Packaging
2025-11-29,packaging,18,151,0.11920529801324503,Packaging
2025-11-30,packaging,20,129,0.15503875968992248,Packaging
2025-12-01,packaging,19,168,0.1130952380952381,Packaging
2025-12-02,packaging,12,119,0.10084033613445378,Packaging
2025-12-03,packaging,16,133,0.12030075187969924,Packaging
2025-12-04,packaging,19,139,0.1366906474820144,Packaging
2025-12-05,packaging,15,113,0.13274336283185842,Packaging
2025-12-06,packaging,12,134,0.08955223880597014,Packaging
2025-12-07,packaging,9,124,0.07258064516129033,Packaging
2025-12-08,packaging,12,153,0.0784313725490196,Packaging
2025-12-09,packaging,10,134,0.07462686567164178,Packaging
2025-12-10,packaging,15,147,0.10204081632653061,Packaging
2025-12-11,packaging,12,132,0.09090909090909091,Packaging
2025-12-12,packaging,17,131,0.1297709923664122,Packaging
2025-12-13,packaging,11,137,0.08029197080291971,Packaging
2025-12-14,packaging,8,105,0.0761904761904762,Packaging
2025-12-15,packaging,13,122,0.10655737704918032,Packaging
2025-12-16,packaging,17,136,0.125,Packaging
2025-12-17,packaging,11,128,0.0859375,Packaging
2025-12-18,packaging,7,118,0.059322033898305086,Packaging
2025-12-19,packaging,10,140,0.07142857142857142,Packaging
2025-12-20,packaging,11,145,0.07586206896551724,Packaging
2025-12-21,packaging,14,121,0.11570247933884298,Packaging
2025-12-22,packaging,8,138,0.057971014492753624,Packaging
2025-12-23,packaging,18,137,0.13138686131386862,Packaging
2025-12-24,packaging,11,123,0.08943089430894309,Packaging
2025-12-25,packaging,16,123,0.13008130081300814,Packaging
2025-12-26,packaging,10,135,0.07407407407407407,Packaging
2025-12-27,packaging,16,119,0.13445378151260504,Packaging
2025-12-28,packaging,18,151,0.11920529801324503,Packaging
2025-12-29,packaging,11,130,0.08461538461538462,Packaging
2025-12-30,packaging,8,115,0.06956521739130435,Packaging
2025-12-31,packaging,3,134,0.022388059701492536,Packaging
2026-01-01,packaging,8,140,0.05714285714285714,Packaging
2026-01-02,packaging,9,116,0.07758620689655173,Packaging
2026-01-03,packaging,12,132,0.09090909090909091,Packaging
2026-01-04,packaging,10,123,0.08130081300813008,Packaging
2026-01-05,packaging,9,125,0.072,Packaging
2026-01-06,packaging,13,137,0.0948905109489051,Packaging
2026-01-07,packaging,9,123,0.07317073170731707,Packaging
2026-01-08,packaging,12,111,0.10810810810810811,Packaging
2026-01-09,packaging,17,127,0.13385826771653545,Packaging
2026-01-10,packaging,20,143,0.13986013986013987,Packaging
2026-01-11,packaging,9,118,0.07627118644067797,Packaging
2026-01-12,packaging,14,145,0.09655172413793103,Packaging
2026-01-13,packaging,17,138,0.12318840579710146,Packaging
2026-01-14,packaging,6,127,0.047244094488188976,Packaging
2026-01-15,packaging,9,135,0.06666666666666667,Packaging
2026-01-16,packaging,10,120,0.08333333333333333,Packaging
2026-01-17,packaging,16,120,0.13333333333333333,Packaging
2026-01-18,packaging,20,131,0.15267175572519084,Packaging
2026-01-19,packaging,11,136,0.08088235294117647,Packaging
2026-01-20,packaging,9,127,0.07086614173228346,Packaging
2026-01-21,packaging,12,130,0.09230769230769231,Packaging
2026-01-22,packaging,15,149,0.10067114093959731,Packaging
2026-01-23,packaging,15,115,0.13043478260869565,Packaging
2026-01-24,packaging,11,134,0.08208955223880597,Packaging
2026-01-25,packaging,6,124,0.04838709677419355,Packaging
2026-01-26,packaging,14,125,0.112,Packaging
2026-01-27,packaging,18,139,0.12949640287769784,Packaging
2026-01-28,packaging,11,121,0.09090909090909091,Packaging
2026-01-29,packaging,12,132,0.09090909090909091,Packaging
2026-01-30,packaging,12,140,0.08571428571428572,Packaging
2026-01-31,packaging,7,114,0.06140350877192982,Packaging
2026-02-01,packaging,3,115,0.02608695652173913,Packaging
2026-02-02,packaging,10,147,0.06802721088435375,Packaging
2026-02-03,packaging,17,153,0.1111111111111111,Packaging
2026-02-04,packaging,18,136,0.1323529411764706,Packaging
2026-02-05,packaging,8,133,0.06015037593984962,Packaging
2026-02-06,packaging,12,126,0.09523809523809523,Packaging
2026-02-07,packaging,11,143,0.07692307692307693,Packaging
2026-02-08,packaging,14,140,0.1,Packaging
2026-02-09,packaging,22,137,0.16058394160583941,Packaging
2026-02-10,packaging,13,134,0.09701492537313433,Packaging
2026-02-11,packaging,15,121,0.12396694214876033,Packaging
2026-02-12,packaging,12,130,0.09230769230769231,Packaging
2026-02-13,packaging,12,131,0.0916030534351145,Packaging
2026-02-14,packaging,16,129,0.12403100775193798,Packaging
2026-02-15,packaging,17,141,0.12056737588652482,Packaging
2026-02-16,packaging,21,149,0.14093959731543623,Packaging
2026-02-17,packaging,15,118,0.1271186440677966,Packaging
2026-02-18,packaging,12,121,0.09917355371900827,Packaging
2026-02-19,packaging,14,123,0.11382113821138211,Packaging
2026-02-20,packaging,17,131,0.1297709923664122,Packaging
2026-02-21,packaging,13,156,0.08333333333333333,Packaging
2026-02-22,packaging,20,118,0.1694915254237288,Packaging
2026-02-23,packaging,15,145,0.10344827586206896,Packaging
2026-02-24,packaging,17,140,0.12142857142857143,Packaging
2026-02-25,packaging,14,114,0.12280701754385964,Packaging
2026-02-26,packaging,14,140,0.1,Packaging
2026-02-27,packaging,21,138,0.15217391304347827,Packaging
2026-02-28,packaging,7,113,0.061946902654867256,Packaging
2026-03-01,packaging,20,137,0.145985401459854,Packaging
2026-03-02,packaging,10,131,0.07633587786259542,Packaging
2026-03-03,packaging,12,164,0.07317073170731707,Packaging
2026-03-04,packaging,12,144,0.08333333333333333,Packaging
2026-03-05,packaging,15,147,0.10204081632653061,Packaging
2026-03-06,packaging,11,131,0.08396946564885496,Packaging
2026-03-07,packaging,7,133,0.05263157894736842,Packaging
2026-03-08,packaging,15,128,0.1171875,Packaging
2026-03-09,packaging,11,124,0.08870967741935484,Packaging
2026-03-10,packaging,8,129,0.06201550387596899,Packaging
2026-03-11,packaging,10,127,0.07874015748031496,Packaging
2026-03-12,packaging,12,120,0.1,Packaging
2026-03-13,packaging,7,139,0.050359712230215826,Packaging
2026-03-14,packaging,13,131,0.09923664122137404,Packaging
2026-03-15,packaging,12,123,0.0975609756097561,Packaging
2026-03-16,packaging,7,119,0.058823529411764705,Packaging
2026-03-17,packaging,11,138,0.07971014492753623,Packaging
2026-03-18,packaging,17,150,0.11333333333333333,Packaging
2026-03-19,packaging,17,136,0.125,Packaging
2026-03-20,packaging,11,142,0.07746478873239436,Packaging
2026-03-21,packaging,7,114,0.06140350877192982,Packaging
2026-03-22,packaging,19,146,0.13013698630136986,Packaging
2026-03-23,packaging,12,139,0.08633093525179857,Packaging
2026-03-24,packaging,14,121,0.11570247933884298,Packaging
2026-03-25,packaging,15,140,0.10714285714285714,Packaging
2026-03-26,packaging,17,138,0.12318840579710146,Packaging
2026-03-27,packaging,18,139,0.12949640287769784,Packaging
2026-03-28,packaging,16,116,0.13793103448275862,Packaging
2026-03-29,packaging,10,130,0.07692307692307693,Packaging
2026-03-30,packaging,20,145,0.13793103448275862,Packaging
2026-03-31,packaging,7,125,0.056,Packaging
2026-04-01,packaging,13,126,0.10317460317460317,Packaging
2026-04-02,packaging,10,124,0.08064516129032258,Packaging
2026-04-03,packaging,19,139,0.1366906474820144,Packaging
2026-04-04,packaging,12,138,0.08695652173913043,Packaging
2026-04-05,packaging,16,134,0.11940298507462686,Packaging
2026-04-06,packaging,16,144,0.1111111111111111,Packaging
2026-04-07,packaging,15,135,0.1111111111111111,Packaging
2026-04-08,packaging,6,116,0.05172413793103448,Packaging
2026-04-09,packaging,16,131,0.12213740458015267,Packaging
2026-04-10,packaging,15,137,0.10948905109489052,Packaging
2026-04-11,packaging,16,131,0.12213740458015267,Packaging
2026-04-12,packaging,18,129,0.13953488372093023,Packaging
2026-04-13,packaging,10,121,0.08264462809917356,Packaging
2026-04-14,packaging,16,132,0.12121212121212122,Packaging
2026-04-15,packaging,8,131,0.061068702290076333,Packaging
2026-04-16,packaging,16,135,0.11851851851851852,Packaging
2026-04-17,packaging,18,125,0.144,Packaging
2026-04-18,packaging,16,137,0.11678832116788321,Packaging
2026-04-19,packaging,12,118,0.1016949152542373,Packaging
2026-04-20,packaging,14,140,0.1,Packaging
2026-04-21,packaging,15,128,0.1171875,Packaging
2026-04-22,packaging,8,139,0.05755395683453238,Packaging
2026-04-23,packaging,8,125,0.064,Packaging
2026-04-24,packaging,9,130,0.06923076923076923,Packaging
2026-04-25,packaging,8,107,0.07476635514018691,Packaging
2026-04-26,packaging,14,140,0.1,Packaging
2026-04-27,packaging,11,140,0.07857142857142857,Packaging
2026-04-28,packaging,12,113,0.10619469026548672,Packaging
2026-04-29,packaging,13,138,0.09420289855072464,Packaging
2026-04-30,packaging,11,126,0.0873015873015873,Packaging
2026-05-01,packaging,9,141,0.06382978723404255,Packaging
2026-05-02,packaging,14,128,0.109375,Packaging
2026-05-03,packaging,11,137,0.08029197080291971,Packaging
2026-05-04,packaging,22,143,0.15384615384615385,Packaging
2026-05-05,packaging,16,155,0.1032258064516129,Packaging
2026-05-06,packaging,13,127,0.10236220472440945,Packaging
2026-05-07,packaging,19,139,0.1366906474820144,Packaging
2026-05-08,packaging,13,136,0.09558823529411764,Packaging
2026-05-09,packaging,8,130,0.06153846153846154,Packaging
2026-05-10,packaging,17,134,0.12686567164179105,Packaging
2026-05-11,packaging,10,125,0.08,Packaging
2026-05-12,packaging,10,132,0.07575757575757576,Packaging
2026-05-13,packaging,16,123,0.13008130081300814,Packaging
2026-05-14,packaging,9,132,0.06818181818181818,Packaging
2026-05-15,packaging,17,131,0.1297709923664122,Packaging
2026-05-16,packaging,14,136,0.10294117647058823,Packaging
2026-05-17,packaging,15,135,0.1111111111111111,Packaging
2026-05-18,packaging,12,120,0.1,Packaging
2026-05-19,packaging,11,138,0.07971014492753623,Packaging
2026-05-20,packaging,13,140,0.09285714285714286,Packaging
2026-05-21,packaging,13,118,0.11016949152542373,Packaging
2026-05-22,packaging,18,141,0.1276595744680851,Packaging
2026-05-23,packaging,8,130,0.06153846153846154,Packaging
2026-05-24,packaging,6,124,0.04838709677419355,Packaging
2026-05-25,packaging,12,128,0.09375,Packaging
2026-05-26,packaging,10,111,0.09009009009009009,Packaging
2026-05-27,packaging,15,136,0.11029411764705882,Packaging
2026-05-28,packaging,9,125,0.072,Packaging
2026-05-29,packaging,8,125,0.064,Packaging
2026-05-30,packaging,11,111,0.0990990990990991,Packaging
2026-05-31,packaging,14,154,0.09090909090909091,Packaging
2026-06-01,packaging,8,125,0.064,Packaging
2026-06-02,packaging,14,144,0.09722222222222222,Packaging
2026-06-03,packaging,16,141,0.11347517730496454,Packaging
2026-06-04,packaging,15,134,0.11194029850746269,Packaging
2026-06-05,packaging,11,138,0.07971014492753623,Packaging
2026-06-06,packaging,7,133,0.05263157894736842,Packaging
2026-06-07,packaging,13,132,0.09848484848484848,Packaging
2026-06-08,packaging,13,124,0.10483870967741936,Packaging
2026-06-09,packaging,14,141,0.09929078014184398,Packaging
2026-06-10,packaging,17,122,0.13934426229508196,Packaging
2026-06-11,packaging,8,143,0.055944055944055944,Packaging
2026-06-12,packaging,19,126,0.15079365079365079,Packaging
2026-06-13,packaging,10,115,0.08695652173913043,Packaging
2026-06-14,packaging,10,126,0.07936507936507936,Packaging
2026-06-15,packaging,12,126,0.09523809523809523,Packaging
2026-06-16,packaging,10,130,0.07692307692307693,Packaging
2026-06-17,packaging,10,131,0.07633587786259542,Packaging
2026-06-18,packaging,20,131,0.15267175572519084,Packaging
2026-06-19,packaging,16,147,0.10884353741496598,Packaging
2026-06-20,packaging,14,115,0.12173913043478261,Packaging
2026-06-21,packaging,12,124,0.0967741935483871,Packaging
2026-06-22,packaging,9,142,0.06338028169014084,Packaging
2026-06-23,packaging,16,131,0.12213740458015267,Packaging
2026-06-24,packaging,9,123,0.07317073170731707,Packaging
2026-06-25,packaging,16,129,0.12403100775193798,Packaging
2026-06-26,packaging,9,146,0.06164383561643835,Packaging
2026-06-27,packaging,11,123,0.08943089430894309,Packaging
2026-06-28,packaging,12,137,0.08759124087591241,Packaging
2026-06-29,packaging,14,119,0.11764705882352941,Packaging
2024-01-01,payment_double_charge,2,132,0.015151515151515152,Payment Issues (Double Charge)
2024-01-02,payment_double_charge,2,132,0.015151515151515152,Payment Issues (Double Charge)
2024-01-03,payment_double_charge,1,146,0.00684931506849315,Payment Issues (Double Charge)
2024-01-04,payment_double_charge,2,154,0.012987012987012988,Payment Issues (Double Charge)
2024-01-05,payment_double_charge,2,134,0.014925373134328358,Payment Issues (Double Charge)
2024-01-06,payment_double_charge,1,142,0.007042253521126761,Payment Issues (Double Charge)
2024-01-08,payment_double_charge,1,140,0.007142857142857143,Payment Issues (Double Charge)
2024-01-09,payment_double_charge,1,152,0.006578947368421052,Payment Issues (Double Charge)
2024-01-12,payment_double_charge,1,104,0.009615384615384616,Payment Issues (Double Charge)
2024-01-13,payment_double_charge,1,140,0.007142857142857143,Payment Issues (Double Charge)
2024-01-14,payment_double_charge,1,142,0.007042253521126761,Payment Issues (Double Charge)
2024-01-15,payment_double_charge,1,130,0.007692307692307693,Payment Issues (Double Charge)
2024-01-16,payment_double_charge,2,113,0.017699115044247787,Payment Issues (Double Charge)
2024-01-18,payment_double_charge,1,145,0.006896551724137931,Payment Issues (Double Charge)
2024-01-19,payment_double_charge,1,133,0.007518796992481203,Payment Issues (Double Charge)
2024-01-20,payment_double_charge,2,137,0.014598540145985401,Payment Issues (Double Charge)
2024-01-21,payment_double_charge,2,144,0.013888888888888888,Payment Issues (Double Charge)
2024-01-22,payment_double_charge,2,147,0.013605442176870748,Payment Issues (Double Charge)
2024-01-23,payment_double_charge,3,153,0.0196078431372549,Payment Issues (Double Charge)
2024-01-25,payment_double_charge,1,147,0.006802721088435374,Payment Issues (Double Charge)
2024-01-26,payment_double_charge,1,133,0.007518796992481203,Payment Issues (Double Charge)
2024-01-28,payment_double_charge,1,138,0.007246376811594203,Payment Issues (Double Charge)
2024-01-29,payment_double_charge,2,127,0.015748031496062992,Payment Issues (Double Charge)
2024-01-30,payment_double_charge,1,131,0.007633587786259542,Payment Issues (Double Charge)
2024-01-31,payment_double_charge,1,123,0.008130081300813009,Payment Issues (Double Charge)
2024-02-02,payment_double_charge,1,116,0.008620689655172414,Payment Issues (Double Charge)
2024-02-05,payment_double_charge,1,135,0.007407407407407408,Payment Issues (Double Charge)
2024-02-08,payment_double_charge,1,110,0.00909090909090909,Payment Issues (Double Charge)
2024-02-09,payment_double_charge,1,125,0.008,Payment Issues (Double Charge)
2024-02-11,payment_double_charge,1,125,0.008,Payment Issues (Double Charge)
2024-02-12,payment_double_charge,1,151,0.006622516556291391,Payment Issues (Double Charge)
2024-02-13,payment_double_charge,2,119,0.01680672268907563,Payment Issues (Double Charge)
2024-02-16,payment_double_charge,1,120,0.008333333333333333,Payment Issues (Double Charge)
2024-02-17,payment_double_charge,2,126,0.015873015873015872,Payment Issues (Double Charge)
2024-02-18,payment_double_charge,2,130,0.015384615384615385,Payment Issues (Double Charge)
2024-02-20,payment_double_charge,1,133,0.007518796992481203,Payment Issues (Double Charge)
2024-02-21,payment_double_charge,1,141,0.0070921985815602835,Payment Issues (Double Charge)
2024-02-22,payment_double_charge,1,138,0.007246376811594203,Payment Issues (Double Charge)
2024-02-23,payment_double_charge,1,139,0.007194244604316547,Payment Issues (Double Charge)
2024-02-24,payment_double_charge,2,128,0.015625,Payment Issues (Double Charge)
2024-02-25,payment_double_charge,1,126,0.007936507936507936,Payment Issues (Double Charge)
2024-02-26,payment_double_charge,1,119,0.008403361344537815,Payment Issues (Double Charge)
2024-02-28,payment_double_charge,1,126,0.007936507936507936,Payment Issues (Double Charge)
2024-02-29,payment_double_charge,1,126,0.007936507936507936,Payment Issues (Double Charge)
2024-03-01,payment_double_charge,1,121,0.008264462809917356,Payment Issues (Double Charge)
2024-03-02,payment_double_charge,2,141,0.014184397163120567,Payment Issues (Double Charge)
2024-03-06,payment_double_charge,2,111,0.018018018018018018,Payment Issues (Double Charge)
2024-03-07,payment_double_charge,2,129,0.015503875968992248,Payment Issues (Double Charge)
2024-03-10,payment_double_charge,1,128,0.0078125,Payment Issues (Double Charge)
2024-03-12,payment_double_charge,1,109,0.009174311926605505,Payment Issues (Double Charge)
2024-03-14,payment_double_charge,2,122,0.01639344262295082,Payment Issues (Double Charge)
2024-03-15,payment_double_charge,2,152,0.013157894736842105,Payment Issues (Double Charge)
2024-03-16,payment_double_charge,1,139,0.007194244604316547,Payment Issues (Double Charge)
2024-03-18,payment_double_charge,2,143,0.013986013986013986,Payment Issues (Double Charge)
2024-03-19,payment_double_charge,1,140,0.007142857142857143,Payment Issues (Double Charge)
2024-03-20,payment_double_charge,3,122,0.02459016393442623,Payment Issues (Double Charge)
2024-03-22,payment_double_charge,2,123,0.016260162601626018,Payment Issues (Double Charge)
2024-03-23,payment_double_charge,1,124,0.008064516129032258,Payment Issues (Double Charge)
2024-03-24,payment_double_charge,1,158,0.006329113924050633,Payment Issues (Double Charge)
2024-03-25,payment_double_charge,2,156,0.01282051282051282,Payment Issues (Double Charge)
2024-03-28,payment_double_charge,1,130,0.007692307692307693,Payment Issues (Double Charge)
2024-03-29,payment_double_charge,3,151,0.019867549668874173,Payment Issues (Double Charge)
2024-03-30,payment_double_charge,1,121,0.008264462809917356,Payment Issues (Double Charge)
2024-03-31,payment_double_charge,2,133,0.015037593984962405,Payment Issues (Double Charge)
2024-04-01,payment_double_charge,1,136,0.007352941176470588,Payment Issues (Double Charge)
2024-04-03,payment_double_charge,1,117,0.008547008547008548,Payment Issues (Double Charge)
2024-04-04,payment_double_charge,2,132,0.015151515151515152,Payment Issues (Double Charge)
2024-04-07,payment_double_charge,1,124,0.008064516129032258,Payment Issues (Double Charge)
2024-04-09,payment_double_charge,1,130,0.007692307692307693,Payment Issues (Double Charge)
2024-04-10,payment_double_charge,3,152,0.019736842105263157,Payment Issues (Double Charge)
2024-04-12,payment_double_charge,1,133,0.007518796992481203,Payment Issues (Double Charge)
2024-04-14,payment_double_charge,2,143,0.013986013986013986,Payment Issues (Double Charge)
2024-04-15,payment_double_charge,1,130,0.007692307692307693,Payment Issues (Double Charge)
2024-04-17,payment_double_charge,1,121,0.008264462809917356,Payment Issues (Double Charge)
2024-04-18,payment_double_charge,2,155,0.012903225806451613,Payment Issues (Double Charge)
2024-04-20,payment_double_charge,1,147,0.006802721088435374,Payment Issues (Double Charge)
2024-04-22,payment_double_charge,2,130,0.015384615384615385,Payment Issues (Double Charge)
2024-04-24,payment_double_charge,1,121,0.008264462809917356,Payment Issues (Double Charge)
2024-04-25,payment_double_charge,1,124,0.008064516129032258,Payment Issues (Double Charge)
2024-04-27,payment_double_charge,2,118,0.01694915254237288,Payment Issues (Double Charge)
2024-04-28,payment_double_charge,1,127,0.007874015748031496,Payment Issues (Double Charge)
2024-04-30,payment_double_charge,1,137,0.0072992700729927005,Payment Issues (Double Charge)
2024-05-01,payment_double_charge,1,136,0.007352941176470588,Payment Issues (Double Charge)
2024-05-03,payment_double_charge,1,138,0.007246376811594203,Payment Issues (Double Charge)
2024-05-04,payment_double_charge,1,135,0.007407407407407408,Payment Issues (Double Charge)
2024-05-05,payment_double_charge,1,116,0.008620689655172414,Payment Issues (Double Charge)
2024-05-07,payment_double_charge,1,124,0.008064516129032258,Payment Issues (Double Charge)
2024-05-08,payment_double_charge,1,141,0.0070921985815602835,Payment Issues (Double Charge)
2024-05-11,payment_double_charge,1,137,0.0072992700729927005,Payment Issues (Double Charge)
2024-05-12,payment_double_charge,1,133,0.007518796992481203,Payment Issues (Double Charge)
2024-05-14,payment_double_charge,2,119,0.01680672268907563,Payment Issues (Double Charge)
2024-05-15,payment_double_charge,1,114,0.008771929824561403,Payment Issues (Double Charge)
2024-05-16,payment_double_charge,1,129,0.007751937984496124,Payment Issues (Double Charge)
2024-05-17,payment_double_charge,1,117,0.008547008547008548,Payment Issues (Double Charge)
2024-05-18,payment_double_charge,1,130,0.007692307692307693,Payment Issues (Double Charge)
2024-05-20,payment_double_charge,1,141,0.0070921985815602835,Payment Issues (Double Charge)
2024-05-22,payment_double_charge,3,140,0.02142857142857143,Payment Issues (Double Charge)
2024-05-23,payment_double_charge,2,134,0.014925373134328358,Payment Issues (Double Charge)
2024-05-25,payment_double_charge,2,125,0.016,Payment Issues (Double Charge)
2024-05-26,payment_double_charge,2,148,0.013513513513513514,Payment Issues (Double Charge)
2024-05-28,payment_double_charge,2,125,0.016,Payment Issues (Double Charge)
2024-05-29,payment_double_charge,1,122,0.00819672131147541,Payment Issues (Double Charge)
2024-05-30,payment_double_charge,1,133,0.007518796992481203,Payment Issues (Double Charge)
2024-05-31,payment_double_charge,2,121,0.01652892561983471,Payment Issues (Double Charge)
2024-06-01,payment_double_charge,1,128,0.0078125,Payment Issues (Double Charge)
2024-06-02,payment_double_charge,2,122,0.01639344262295082,Payment Issues (Double Charge)
2024-06-03,payment_double_charge,1,130,0.007692307692307693,Payment Issues (Double Charge)
2024-06-04,payment_double_charge,1,133,0.007518796992481203,Payment Issues (Double Charge)
2024-06-06,payment_double_charge,1,145,0.006896551724137931,Payment Issues (Double Charge)
2024-06-07,payment_double_charge,1,126,0.007936507936507936,Payment Issues (Double Charge)
2024-06-08,payment_double_charge,1,136,0.007352941176470588,Payment Issues (Double Charge)
2024-06-09,payment_double_charge,3,120,0.025,Payment Issues (Double Charge)
2024-06-11,payment_double_charge,1,143,0.006993006993006993,Payment Issues (Double Charge)
2024-06-12,payment_double_charge,2,128,0.015625,Payment Issues (Double Charge)
2024-06-15,payment_double_charge,2,133,0.015037593984962405,Payment Issues (Double Charge)
2024-06-17,payment_double_charge,1,129,0.007751937984496124,Payment Issues (Double Charge)
2024-06-18,payment_double_charge,1,133,0.007518796992481203,Payment Issues (Double Charge)
2024-06-20,payment_double_charge,2,119,0.01680672268907563,Payment Issues (Double Charge)
2024-06-21,payment_double_charge,2,129,0.015503875968992248,Payment Issues (Double Charge)
2024-06-22,payment_double_charge,2,146,0.0136986301369863,Payment Issues (Double Charge)
2024-06-25,payment_double_charge,1,162,0.006172839506172839,Payment Issues (Double Charge)
2024-06-26,payment_double_charge,1,129,0.007751937984496124,Payment Issues (Double Charge)
2024-06-27,payment_double_charge,1,148,0.006756756756756757,Payment Issues (Double Charge)
2024-06-30,payment_double_charge,1,156,0.00641025641025641,Payment Issues (Double Charge)
2024-07-02,payment_double_charge,2,122,0.01639344262295082,Payment Issues (Double Charge)
2024-07-03,payment_double_charge,1,124,0.008064516129032258,Payment Issues (Double Charge)
2024-07-06,payment_double_charge,1,128,0.0078125,Payment Issues (Double Charge)
2024-07-09,payment_double_charge,2,153,0.013071895424836602,Payment Issues (Double Charge)
2024-07-10,payment_double_charge,1,141,0.0070921985815602835,Payment Issues (Double Charge)
2024-07-11,payment_double_charge,1,132,0.007575757575757576,Payment Issues (Double Charge)
2024-07-12,payment_double_charge,2,137,0.014598540145985401,Payment Issues (Double Charge)
2024-07-13,payment_double_charge,6,130,0.046153846153846156,Payment Issues (Double Charge)
2024-07-14,payment_double_charge,2,130,0.015384615384615385,Payment Issues (Double Charge)
2024-07-15,payment_double_charge,2,115,0.017391304347826087,Payment Issues (Double Charge)
2024-07-16,payment_double_charge,2,149,0.013422818791946308,Payment Issues (Double Charge)
2024-07-17,payment_double_charge,1,125,0.008,Payment Issues (Double Charge)
2024-07-18,payment_double_charge,1,120,0.008333333333333333,Payment Issues (Double Charge)
2024-07-19,payment_double_charge,2,129,0.015503875968992248,Payment Issues (Double Charge)
2024-07-20,payment_double_charge,2,143,0.013986013986013986,Payment Issues (Double Charge)
2024-07-21,payment_double_charge,3,145,0.020689655172413793,Payment Issues (Double Charge)
2024-07-22,payment_double_charge,1,148,0.006756756756756757,Payment Issues (Double Charge)
2024-07-24,payment_double_charge,2,115,0.017391304347826087,Payment Issues (Double Charge)
2024-07-25,payment_double_charge,3,147,0.02040816326530612,Payment Issues (Double Charge)
2024-07-27,payment_double_charge,3,123,0.024390243902439025,Payment Issues (Double Charge)
2024-07-29,payment_double_charge,1,126,0.007936507936507936,Payment Issues (Double Charge)
2024-07-30,payment_double_charge,2,138,0.014492753623188406,Payment Issues (Double Charge)
2024-08-01,payment_double_charge,1,124,0.008064516129032258,Payment Issues (Double Charge)
2024-08-02,payment_double_charge,2,134,0.014925373134328358,Payment Issues (Double Charge)
2024-08-04,payment_double_charge,1,119,0.008403361344537815,Payment Issues (Double Charge)
2024-08-06,payment_double_charge,1,139,0.007194244604316547,Payment Issues (Double Charge)
2024-08-08,payment_double_charge,2,134,0.014925373134328358,Payment Issues (Double Charge)
2024-08-09,payment_double_charge,2,119,0.01680672268907563,Payment Issues (Double Charge)
2024-08-11,payment_double_charge,1,140,0.007142857142857143,Payment Issues (Double Charge)
2024-08-12,payment_double_charge,3,142,0.02112676056338028,Payment Issues (Double Charge)
2024-08-13,payment_double_charge,1,133,0.007518796992481203,Payment Issues (Double Charge)
2024-08-14,payment_double_charge,2,145,0.013793103448275862,Payment Issues (Double Charge)
2024-08-15,payment_double_charge,2,121,0.01652892561983471,Payment Issues (Double Charge)
2024-08-18,payment_double_charge,2,145,0.013793103448275862,Payment Issues (Double Charge)
2024-08-20,payment_double_charge,2,151,0.013245033112582781,Payment Issues (Double Charge)
2024-08-23,payment_double_charge,2,116,0.017241379310344827,Payment Issues (Double Charge)
2024-08-24,payment_double_charge,3,145,0.020689655172413793,Payment Issues (Double Charge)
2024-08-25,payment_double_charge,2,124,0.016129032258064516,Payment Issues (Double Charge)
2024-08-26,payment_double_charge,3,134,0.022388059701492536,Payment Issues (Double Charge)
2024-08-27,payment_double_charge,1,123,0.008130081300813009,Payment Issues (Double Charge)
2024-08-29,payment_double_charge,1,148,0.006756756756756757,Payment Issues (Double Charge)
2024-08-30,payment_double_charge,2,141,0.014184397163120567,Payment Issues (Double Charge)
2024-08-31,payment_double_charge,1,143,0.006993006993006993,Payment Issues (Double Charge)
2024-09-02,payment_double_charge,1,130,0.007692307692307693,Payment Issues (Double Charge)
2024-09-03,payment_double_charge,3,149,0.020134228187919462,Payment Issues (Double Charge)
2024-09-04,payment_double_charge,1,141,0.0070921985815602835,Payment Issues (Double Charge)
2024-09-05,payment_double_charge,1,129,0.007751937984496124,Payment Issues (Double Charge)
2024-09-06,payment_double_charge,2,137,0.014598540145985401,Payment Issues (Double Charge)
2024-09-07,payment_double_charge,3,143,0.02097902097902098,Payment Issues (Double Charge)
2024-09-08,payment_double_charge,1,140,0.007142857142857143,Payment Issues (Double Charge)
2024-09-09,payment_double_charge,3,133,0.022556390977443608,Payment Issues (Double Charge)
2024-09-10,payment_double_charge,1,131,0.007633587786259542,Payment Issues (Double Charge)
2024-09-11,payment_double_charge,1,123,0.008130081300813009,Payment Issues (Double Charge)
2024-09-15,payment_double_charge,1,122,0.00819672131147541,Payment Issues (Double Charge)
2024-09-18,payment_double_charge,3,128,0.0234375,Payment Issues (Double Charge)
2024-09-19,payment_double_charge,1,122,0.00819672131147541,Payment Issues (Double Charge)
2024-09-20,payment_double_charge,2,154,0.012987012987012988,Payment Issues (Double Charge)
2024-09-21,payment_double_charge,1,149,0.006711409395973154,Payment Issues (Double Charge)
2024-09-22,payment_double_charge,2,121,0.01652892561983471,Payment Issues (Double Charge)
2024-09-23,payment_double_charge,2,142,0.014084507042253521,Payment Issues (Double Charge)
2024-09-24,payment_double_charge,3,119,0.025210084033613446,Payment Issues (Double Charge)
2024-09-25,payment_double_charge,1,144,0.006944444444444444,Payment Issues (Double Charge)
2024-09-27,payment_double_charge,1,111,0.009009009009009009,Payment Issues (Double Charge)
2024-09-28,payment_double_charge,1,135,0.007407407407407408,Payment Issues (Double Charge)
2024-09-29,payment_double_charge,2,156,0.01282051282051282,Payment Issues (Double Charge)
2024-09-30,payment_double_charge,1,116,0.008620689655172414,Payment Issues (Double Charge)
2024-10-02,payment_double_charge,1,114,0.008771929824561403,Payment Issues (Double Charge)
2024-10-05,payment_double_charge,1,143,0.006993006993006993,Payment Issues (Double Charge)
2024-10-06,payment_double_charge,1,142,0.007042253521126761,Payment Issues (Double Charge)
2024-10-07,payment_double_charge,1,124,0.008064516129032258,Payment Issues (Double Charge)
2024-10-08,payment_double_charge,1,122,0.00819672131147541,Payment Issues (Double Charge)
2024-10-11,payment_double_charge,1,141,0.0070921985815602835,Payment Issues (Double Charge)
2024-10-13,payment_double_charge,1,145,0.006896551724137931,Payment Issues (Double Charge)
2024-10-15,payment_double_charge,1,120,0.008333333333333333,Payment Issues (Double Charge)
2024-10-17,payment_double_charge,1,133,0.007518796992481203,Payment Issues (Double Charge)
2024-10-18,payment_double_charge,2,112,0.017857142857142856,Payment Issues (Double Charge)
2024-10-19,payment_double_charge,1,134,0.007462686567164179,Payment Issues (Double Charge)
2024-10-20,payment_double_charge,1,128,0.0078125,Payment Issues (Double Charge)
2024-10-22,payment_double_charge,2,136,0.014705882352941176,Payment Issues (Double Charge)
2024-10-23,payment_double_charge,1,143,0.006993006993006993,Payment Issues (Double Charge)
2024-10-24,payment_double_charge,2,118,0.01694915254237288,Payment Issues (Double Charge)
2024-10-26,payment_double_charge,1,133,0.007518796992481203,Payment Issues (Double Charge)
2024-10-28,payment_double_charge,2,133,0.015037593984962405,Payment Issues (Double Charge)
2024-10-29,payment_double_charge,4,128,0.03125,Payment Issues (Double Charge)
2024-10-31,payment_double_charge,1,127,0.007874015748031496,Payment Issues (Double Charge)
2024-11-02,payment_double_charge,3,132,0.022727272727272728,Payment Issues (Double Charge)
2024-11-06,payment_double_charge,1,146,0.00684931506849315,Payment Issues (Double Charge)
2024-11-07,payment_double_charge,1,124,0.008064516129032258,Payment Issues (Double Charge)
2024-11-08,payment_double_charge,1,150,0.006666666666666667,Payment Issues (Double Charge)
2024-11-09,payment_double_charge,3,141,0.02127659574468085,Payment Issues (Double Charge)
2024-11-10,payment_double_charge,2,127,0.015748031496062992,Payment Issues (Double Charge)
2024-11-13,payment_double_charge,1,139,0.007194244604316547,Payment Issues (Double Charge)
2024-11-14,payment_double_charge,2,126,0.015873015873015872,Payment Issues (Double Charge)
2024-11-17,payment_double_charge,1,120,0.008333333333333333,Payment Issues (Double Charge)
2024-11-18,payment_double_charge,3,138,0.021739130434782608,Payment Issues (Double Charge)
2024-11-19,payment_double_charge,1,135,0.007407407407407408,Payment Issues (Double Charge)
2024-11-20,payment_double_charge,1,118,0.00847457627118644,Payment Issues (Double Charge)
2024-11-22,payment_double_charge,2,142,0.014084507042253521,Payment Issues (Double Charge)
2024-11-23,payment_double_charge,1,134,0.007462686567164179,Payment Issues (Double Charge)
2024-11-24,payment_double_charge,1,134,0.007462686567164179,Payment Issues (Double Charge)
2024-11-25,payment_double_charge,2,111,0.018018018018018018,Payment Issues (Double Charge)
2024-11-26,payment_double_charge,2,143,0.013986013986013986,Payment Issues (Double Charge)
2024-11-28,payment_double_charge,1,134,0.007462686567164179,Payment Issues (Double Charge)
2024-11-29,payment_double_charge,2,131,0.015267175572519083,Payment Issues (Double Charge)
2024-12-02,payment_double_charge,1,124,0.008064516129032258,Payment Issues (Double Charge)
2024-12-03,payment_double_charge,1,134,0.007462686567164179,Payment Issues (Double Charge)
2024-12-04,payment_double_charge,2,130,0.015384615384615385,Payment Issues (Double Charge)
2024-12-06,payment_double_charge,1,140,0.007142857142857143,Payment Issues (Double Charge)
2024-12-08,payment_double_charge,1,138,0.007246376811594203,Payment Issues (Double Charge)
2024-12-09,payment_double_charge,2,145,0.013793103448275862,Payment Issues (Double Charge)
2024-12-12,payment_double_charge,1,142,0.007042253521126761,Payment Issues (Double Charge)
2024-12-13,payment_double_charge,1,140,0.007142857142857143,Payment Issues (Double Charge)
2024-12-14,payment_double_charge,2,124,0.016129032258064516,Payment Issues (Double Charge)
2024-12-15,payment_double_charge,1,128,0.0078125,Payment Issues (Double Charge)
2024-12-16,payment_double_charge,2,132,0.015151515151515152,Payment Issues (Double Charge)
2024-12-18,payment_double_charge,4,122,0.03278688524590164,Payment Issues (Double Charge)
2024-12-20,payment_double_charge,2,132,0.015151515151515152,Payment Issues (Double Charge)
2024-12-21,payment_double_charge,1,107,0.009345794392523364,Payment Issues (Double Charge)
2024-12-23,payment_double_charge,2,129,0.015503875968992248,Payment Issues (Double Charge)
2024-12-24,payment_double_charge,1,103,0.009708737864077669,Payment Issues (Double Charge)
2024-12-25,payment_double_charge,2,117,0.017094017094017096,Payment Issues (Double Charge)
2024-12-26,payment_double_charge,2,131,0.015267175572519083,Payment Issues (Double Charge)
2024-12-27,payment_double_charge,2,136,0.014705882352941176,Payment Issues (Double Charge)
2024-12-29,payment_double_charge,1,135,0.007407407407407408,Payment Issues (Double Charge)
2024-12-31,payment_double_charge,2,129,0.015503875968992248,Payment Issues (Double Charge)
2025-01-01,payment_double_charge,1,118,0.00847457627118644,Payment Issues (Double Charge)
2025-01-03,payment_double_charge,2,137,0.014598540145985401,Payment Issues (Double Charge)
2025-01-05,payment_double_charge,2,148,0.013513513513513514,Payment Issues (Double Charge)
2025-01-06,payment_double_charge,1,156,0.00641025641025641,Payment Issues (Double Charge)
2025-01-07,payment_double_charge,3,126,0.023809523809523808,Payment Issues (Double Charge)
2025-01-08,payment_double_charge,2,150,0.013333333333333334,Payment Issues (Double Charge)
2025-01-10,payment_double_charge,1,128,0.0078125,Payment Issues (Double Charge)
2025-01-11,payment_double_charge,1,148,0.006756756756756757,Payment Issues (Double Charge)
2025-01-12,payment_double_charge,1,136,0.007352941176470588,Payment Issues (Double Charge)
2025-01-13,payment_double_charge,1,123,0.008130081300813009,Payment Issues (Double Charge)
2025-01-14,payment_double_charge,1,135,0.007407407407407408,Payment Issues (Double Charge)
2025-01-17,payment_double_charge,1,156,0.00641025641025641,Payment Issues (Double Charge)
2025-01-18,payment_double_charge,1,120,0.008333333333333333,Payment Issues (Double Charge)
2025-01-19,payment_double_charge,2,120,0.016666666666666666,Payment Issues (Double Charge)
2025-01-22,payment_double_charge,2,152,0.013157894736842105,Payment Issues (Double Charge)
2025-01-25,payment_double_charge,1,143,0.006993006993006993,Payment Issues (Double Charge)
2025-01-26,payment_double_charge,1,148,0.006756756756756757,Payment Issues (Double Charge)
2025-01-27,payment_double_charge,1,113,0.008849557522123894,Payment Issues (Double Charge)
2025-01-30,payment_double_charge,2,136,0.014705882352941176,Payment Issues (Double Charge)
2025-01-31,payment_double_charge,1,136,0.007352941176470588,Payment Issues (Double Charge)
2025-02-01,payment_double_charge,3,132,0.022727272727272728,Payment Issues (Double Charge)
2025-02-02,payment_double_charge,2,138,0.014492753623188406,Payment Issues (Double Charge)
2025-02-03,payment_double_charge,3,138,0.021739130434782608,Payment Issues (Double Charge)
2025-02-05,payment_double_charge,1,139,0.007194244604316547,Payment Issues (Double Charge)
2025-02-06,payment_double_charge,1,143,0.006993006993006993,Payment Issues (Double Charge)
2025-02-07,payment_double_charge,2,149,0.013422818791946308,Payment Issues (Double Charge)
2025-02-08,payment_double_charge,1,128,0.0078125,Payment Issues (Double Charge)
2025-02-09,payment_double_charge,1,139,0.007194244604316547,Payment Issues (Double Charge)
2025-02-10,payment_double_charge,2,138,0.014492753623188406,Payment Issues (Double Charge)
2025-02-14,payment_double_charge,4,116,0.034482758620689655,Payment Issues (Double Charge)
2025-02-15,payment_double_charge,2,128,0.015625,Payment Issues (Double Charge)
2025-02-16,payment_double_charge,1,143,0.006993006993006993,Payment Issues (Double Charge)
2025-02-17,payment_double_charge,1,136,0.007352941176470588,Payment Issues (Double Charge)
2025-02-20,payment_double_charge,1,143,0.006993006993006993,Payment Issues (Double Charge)
2025-02-22,payment_double_charge,1,114,0.008771929824561403,Payment Issues (Double Charge)
2025-02-23,payment_double_charge,3,123,0.024390243902439025,Payment Issues (Double Charge)
2025-02-24,payment_double_charge,3,135,0.022222222222222223,Payment Issues (Double Charge)
2025-02-25,payment_double_charge,1,139,0.007194244604316547,Payment Issues (Double Charge)
2025-02-26,payment_double_charge,1,127,0.007874015748031496,Payment Issues (Double Charge)
2025-03-01,payment_double_charge,2,137,0.014598540145985401,Payment Issues (Double Charge)
2025-03-02,payment_double_charge,2,141,0.014184397163120567,Payment Issues (Double Charge)
2025-03-04,payment_double_charge,2,142,0.014084507042253521,Payment Issues (Double Charge)
2025-03-05,payment_double_charge,1,137,0.0072992700729927005,Payment Issues (Double Charge)
2025-03-06,payment_double_charge,1,143,0.006993006993006993,Payment Issues (Double Charge)
2025-03-08,payment_double_charge,1,128,0.0078125,Payment Issues (Double Charge)
2025-03-09,payment_double_charge,1,135,0.007407407407407408,Payment Issues (Double Charge)
2025-03-10,payment_double_charge,2,127,0.015748031496062992,Payment Issues (Double Charge)
2025-03-11,payment_double_charge,3,138,0.021739130434782608,Payment Issues (Double Charge)
2025-03-12,payment_double_charge,3,133,0.022556390977443608,Payment Issues (Double Charge)
2025-03-14,payment_double_charge,1,140,0.007142857142857143,Payment Issues (Double Charge)
2025-03-15,payment_double_charge,2,131,0.015267175572519083,Payment Issues (Double Charge)
2025-03-16,payment_double_charge,1,134,0.007462686567164179,Payment Issues (Double Charge)
2025-03-19,payment_double_charge,2,121,0.01652892561983471,Payment Issues (Double Charge)
2025-03-20,payment_double_charge,1,120,0.008333333333333333,Payment Issues (Double Charge)
2025-03-22,payment_double_charge,1,142,0.007042253521126761,Payment Issues (Double Charge)
2025-03-23,payment_double_charge,1,121,0.008264462809917356,Payment Issues (Double Charge)
2025-03-30,payment_double_charge,1,137,0.0072992700729927005,Payment Issues (Double Charge)
2025-03-31,payment_double_charge,1,150,0.006666666666666667,Payment Issues (Double Charge)
2025-04-01,payment_double_charge,1,152,0.006578947368421052,Payment Issues (Double Charge)
2025-04-02,payment_double_charge,2,145,0.013793103448275862,Payment Issues (Double Charge)
2025-04-03,payment_double_charge,2,138,0.014492753623188406,Payment Issues (Double Charge)
2025-04-06,payment_double_charge,3,139,0.02158273381294964,Payment Issues (Double Charge)
2025-04-07,payment_double_charge,2,119,0.01680672268907563,Payment Issues (Double Charge)
2025-04-09,payment_double_charge,1,124,0.008064516129032258,Payment Issues (Double Charge)
2025-04-10,payment_double_charge,1,147,0.006802721088435374,Payment Issues (Double Charge)
2025-04-11,payment_double_charge,1,150,0.006666666666666667,Payment Issues (Double Charge)
2025-04-12,payment_double_charge,2,158,0.012658227848101266,Payment Issues (Double Charge)
2025-04-13,payment_double_charge,2,109,0.01834862385321101,Payment Issues (Double Charge)
2025-04-14,payment_double_charge,1,132,0.007575757575757576,Payment Issues (Double Charge)
2025-04-15,payment_double_charge,2,149,0.013422818791946308,Payment Issues (Double Charge)
2025-04-16,payment_double_charge,3,130,0.023076923076923078,Payment Issues (Double Charge)
2025-04-17,payment_double_charge,3,123,0.024390243902439025,Payment Issues (Double Charge)
2025-04-18,payment_double_charge,2,139,0.014388489208633094,Payment Issues (Double Charge)
2025-04-19,payment_double_charge,2,110,0.01818181818181818,Payment Issues (Double Charge)
2025-04-21,payment_double_charge,3,132,0.022727272727272728,Payment Issues (Double Charge)
2025-04-22,payment_double_charge,1,137,0.0072992700729927005,Payment Issues (Double Charge)
2025-04-25,payment_double_charge,1,121,0.008264462809917356,Payment Issues (Double Charge)
2025-04-28,payment_double_charge,2,118,0.01694915254237288,Payment Issues (Double Charge)
2025-04-29,payment_double_charge,1,122,0.00819672131147541,Payment Issues (Double Charge)
2025-04-30,payment_double_charge,1,125,0.008,Payment Issues (Double Charge)
2025-05-01,payment_double_charge,2,149,0.013422818791946308,Payment Issues (Double Charge)
2025-05-03,payment_double_charge,1,129,0.007751937984496124,Payment Issues (Double Charge)
2025-05-04,payment_double_charge,3,139,0.02158273381294964,Payment Issues (Double Charge)
2025-05-05,payment_double_charge,1,126,0.007936507936507936,Payment Issues (Double Charge)
2025-05-07,payment_double_charge,2,130,0.015384615384615385,Payment Issues (Double Charge)
2025-05-09,payment_double_charge,3,142,0.02112676056338028,Payment Issues (Double Charge)
2025-05-11,payment_double_charge,1,132,0.007575757575757576,Payment Issues (Double Charge)
2025-05-14,payment_double_charge,2,119,0.01680672268907563,Payment Issues (Double Charge)
2025-05-16,payment_double_charge,1,139,0.007194244604316547,Payment Issues (Double Charge)
2025-05-17,payment_double_charge,1,124,0.008064516129032258,Payment Issues (Double Charge)
2025-05-18,payment_double_charge,2,121,0.01652892561983471,Payment Issues (Double Charge)
2025-05-19,payment_double_charge,1,114,0.008771929824561403,Payment Issues (Double Charge)
2025-05-20,payment_double_charge,1,130,0.007692307692307693,Payment Issues (Double Charge)
2025-05-21,payment_double_charge,1,108,0.009259259259259259,Payment Issues (Double Charge)
2025-05-22,payment_double_charge,1,156,0.00641025641025641,Payment Issues (Double Charge)
2025-05-23,payment_double_charge,1,148,0.006756756756756757,Payment Issues (Double Charge)
2025-05-25,payment_double_charge,1,141,0.0070921985815602835,Payment Issues (Double Charge)
2025-05-27,payment_double_charge,1,160,0.00625,Payment Issues (Double Charge)
2025-05-28,payment_double_charge,5,147,0.034013605442176874,Payment Issues (Double Charge)
2025-05-29,payment_double_charge,1,116,0.008620689655172414,Payment Issues (Double Charge)
2025-05-30,payment_double_charge,4,133,0.03007518796992481,Payment Issues (Double Charge)
2025-06-01,payment_double_charge,2,132,0.015151515151515152,Payment Issues (Double Charge)
2025-06-02,payment_double_charge,2,118,0.01694915254237288,Payment Issues (Double Charge)
2025-06-03,payment_double_charge,2,121,0.01652892561983471,Payment Issues (Double Charge)
2025-06-06,payment_double_charge,3,140,0.02142857142857143,Payment Issues (Double Charge)
2025-06-07,payment_double_charge,4,138,0.028985507246376812,Payment Issues (Double Charge)
2025-06-11,payment_double_charge,2,133,0.015037593984962405,Payment Issues (Double Charge)
2025-06-12,payment_double_charge,3,137,0.021897810218978103,Payment Issues (Double Charge)
2025-06-13,payment_double_charge,1,137,0.0072992700729927005,Payment Issues (Double Charge)
2025-06-17,payment_double_charge,1,117,0.008547008547008548,Payment Issues (Double Charge)
2025-06-18,payment_double_charge,3,136,0.022058823529411766,Payment Issues (Double Charge)
2025-06-20,payment_double_charge,5,137,0.0364963503649635,Payment Issues (Double Charge)
2025-06-21,payment_double_charge,1,146,0.00684931506849315,Payment Issues (Double Charge)
2025-06-22,payment_double_charge,2,134,0.014925373134328358,Payment Issues (Double Charge)
2025-06-24,payment_double_charge,2,134,0.014925373134328358,Payment Issues (Double Charge)
2025-06-25,payment_double_charge,1,118,0.00847457627118644,Payment Issues (Double Charge)
2025-06-26,payment_double_charge,1,119,0.008403361344537815,Payment Issues (Double Charge)
2025-06-28,payment_double_charge,2,132,0.015151515151515152,Payment Issues (Double Charge)
2025-06-29,payment_double_charge,1,140,0.007142857142857143,Payment Issues (Double Charge)
2025-06-30,payment_double_charge,2,133,0.015037593984962405,Payment Issues (Double Charge)
2025-07-01,payment_double_charge,1,118,0.00847457627118644,Payment Issues (Double Charge)
2025-07-02,payment_double_charge,1,128,0.0078125,Payment Issues (Double Charge)
2025-07-03,payment_double_charge,1,124,0.008064516129032258,Payment Issues (Double Charge)
2025-07-04,payment_double_charge,3,124,0.024193548387096774,Payment Issues (Double Charge)
2025-07-05,payment_double_charge,2,126,0.015873015873015872,Payment Issues (Double Charge)
2025-07-06,payment_double_charge,1,131,0.007633587786259542,Payment Issues (Double Charge)
2025-07-07,payment_double_charge,2,116,0.017241379310344827,Payment Issues (Double Charge)
2025-07-08,payment_double_charge,1,158,0.006329113924050633,Payment Issues (Double Charge)
2025-07-09,payment_double_charge,1,134,0.007462686567164179,Payment Issues (Double Charge)
2025-07-10,payment_double_charge,1,151,0.006622516556291391,Payment Issues (Double Charge)
2025-07-11,payment_double_charge,1,139,0.007194244604316547,Payment Issues (Double Charge)
2025-07-12,payment_double_charge,4,141,0.028368794326241134,Payment Issues (Double Charge)
2025-07-13,payment_double_charge,5,122,0.040983606557377046,Payment Issues (Double Charge)
2025-07-18,payment_double_charge,3,141,0.02127659574468085,Payment Issues (Double Charge)
2025-07-19,payment_double_charge,3,145,0.020689655172413793,Payment Issues (Double Charge)
2025-07-20,payment_double_charge,2,147,0.013605442176870748,Payment Issues (Double Charge)
2025-07-21,payment_double_charge,1,124,0.008064516129032258,Payment Issues (Double Charge)
2025-07-22,payment_double_charge,1,125,0.008,Payment Issues (Double Charge)
2025-07-23,payment_double_charge,1,129,0.007751937984496124,Payment Issues (Double Charge)
2025-07-24,payment_double_charge,1,154,0.006493506493506494,Payment Issues (Double Charge)
2025-07-26,payment_double_charge,1,146,0.00684931506849315,Payment Issues (Double Charge)
2025-07-28,payment_double_charge,1,148,0.006756756756756757,Payment Issues (Double Charge)
2025-07-31,payment_double_charge,2,133,0.015037593984962405,Payment Issues (Double Charge)
2025-08-01,payment_double_charge,1,143,0.006993006993006993,Payment Issues (Double Charge)
2025-08-02,payment_double_charge,2,151,0.013245033112582781,Payment Issues (Double Charge)
2025-08-06,payment_double_charge,1,143,0.006993006993006993,Payment Issues (Double Charge)
2025-08-07,payment_double_charge,1,116,0.008620689655172414,Payment Issues (Double Charge)
2025-08-08,payment_double_charge,2,124,0.016129032258064516,Payment Issues (Double Charge)
2025-08-09,payment_double_charge,2,125,0.016,Payment Issues (Double Charge)
2025-08-10,payment_double_charge,1,158,0.006329113924050633,Payment Issues (Double Charge)
2025-08-11,payment_double_charge,1,131,0.007633587786259542,Payment Issues (Double Charge)
2025-08-12,payment_double_charge,2,155,0.012903225806451613,Payment Issues (Double Charge)
2025-08-17,payment_double_charge,2,138,0.014492753623188406,Payment Issues (Double Charge)
2025-08-18,payment_double_charge,1,117,0.008547008547008548,Payment Issues (Double Charge)
2025-08-21,payment_double_charge,3,145,0.020689655172413793,Payment Issues (Double Charge)
2025-08-22,payment_double_charge,3,146,0.02054794520547945,Payment Issues (Double Charge)
2025-08-23,payment_double_charge,1,122,0.00819672131147541,Payment Issues (Double Charge)
2025-08-24,payment_double_charge,1,129,0.007751937984496124,Payment Issues (Double Charge)
2025-08-25,payment_double_charge,2,129,0.015503875968992248,Payment Issues (Double Charge)
2025-08-26,payment_double_charge,2,124,0.016129032258064516,Payment Issues (Double Charge)
2025-08-27,payment_double_charge,3,126,0.023809523809523808,Payment Issues (Double Charge)
2025-08-29,payment_double_charge,2,121,0.01652892561983471,Payment Issues (Double Charge)
2025-08-31,payment_double_charge,1,124,0.008064516129032258,Payment Issues (Double Charge)
2025-09-02,payment_double_charge,1,132,0.007575757575757576,Payment Issues (Double Charge)
2025-09-04,payment_double_charge,3,133,0.022556390977443608,Payment Issues (Double Charge)
2025-09-05,payment_double_charge,2,113,0.017699115044247787,Payment Issues (Double Charge)
2025-09-06,payment_double_charge,2,122,0.01639344262295082,Payment Issues (Double Charge)
2025-09-07,payment_double_charge,1,141,0.0070921985815602835,Payment Issues (Double Charge)
2025-09-08,payment_double_charge,1,141,0.0070921985815602835,Payment Issues (Double Charge)
2025-09-09,payment_double_charge,2,152,0.013157894736842105,Payment Issues (Double Charge)
2025-09-12,payment_double_charge,1,129,0.007751937984496124,Payment Issues (Double Charge)
2025-09-13,payment_double_charge,1,115,0.008695652173913044,Payment Issues (Double Charge)
2025-09-14,payment_double_charge,1,119,0.008403361344537815,Payment Issues (Double Charge)
2025-09-19,payment_double_charge,1,138,0.007246376811594203,Payment Issues (Double Charge)
2025-09-21,payment_double_charge,1,118,0.00847457627118644,Payment Issues (Double Charge)
2025-09-22,payment_double_charge,4,117,0.03418803418803419,Payment Issues (Double Charge)
2025-09-23,payment_double_charge,3,125,0.024,Payment Issues (Double Charge)
2025-09-26,payment_double_charge,4,135,0.02962962962962963,Payment Issues (Double Charge)
2025-09-27,payment_double_charge,2,146,0.0136986301369863,Payment Issues (Double Charge)
2025-09-30,payment_double_charge,1,134,0.007462686567164179,Payment Issues (Double Charge)
2025-10-03,payment_double_charge,1,125,0.008,Payment Issues (Double Charge)
2025-10-04,payment_double_charge,1,139,0.007194244604316547,Payment Issues (Double Charge)
2025-10-05,payment_double_charge,3,118,0.025423728813559324,Payment Issues (Double Charge)
2025-10-07,payment_double_charge,1,130,0.007692307692307693,Payment Issues (Double Charge)
2025-10-08,payment_double_charge,1,129,0.007751937984496124,Payment Issues (Double Charge)
2025-10-09,payment_double_charge,1,141,0.0070921985815602835,Payment Issues (Double Charge)
2025-10-10,payment_double_charge,1,127,0.007874015748031496,Payment Issues (Double Charge)
2025-10-13,payment_double_charge,2,121,0.01652892561983471,Payment Issues (Double Charge)
2025-10-14,payment_double_charge,2,123,0.016260162601626018,Payment Issues (Double Charge)
2025-10-15,payment_double_charge,1,137,0.0072992700729927005,Payment Issues (Double Charge)
2025-10-16,payment_double_charge,1,143,0.006993006993006993,Payment Issues (Double Charge)
2025-10-17,payment_double_charge,1,107,0.009345794392523364,Payment Issues (Double Charge)
2025-10-18,payment_double_charge,1,143,0.006993006993006993,Payment Issues (Double Charge)
2025-10-19,payment_double_charge,1,114,0.008771929824561403,Payment Issues (Double Charge)
2025-10-20,payment_double_charge,1,110,0.00909090909090909,Payment Issues (Double Charge)
2025-10-22,payment_double_charge,1,115,0.008695652173913044,Payment Issues (Double Charge)
2025-10-23,payment_double_charge,1,140,0.007142857142857143,Payment Issues (Double Charge)
2025-10-24,payment_double_charge,1,130,0.007692307692307693,Payment Issues (Double Charge)
2025-10-25,payment_double_charge,1,133,0.007518796992481203,Payment Issues (Double Charge)
2025-10-27,payment_double_charge,2,132,0.015151515151515152,Payment Issues (Double Charge)
2025-10-29,payment_double_charge,1,134,0.007462686567164179,Payment Issues (Double Charge)
2025-10-30,payment_double_charge,1,130,0.007692307692307693,Payment Issues (Double Charge)
2025-11-03,payment_double_charge,2,136,0.014705882352941176,Payment Issues (Double Charge)
2025-11-06,payment_double_charge,6,126,0.047619047619047616,Payment Issues (Double Charge)
2025-11-07,payment_double_charge,1,146,0.00684931506849315,Payment Issues (Double Charge)
2025-11-09,payment_double_charge,1,118,0.00847457627118644,Payment Issues (Double Charge)
2025-11-10,payment_double_charge,1,129,0.007751937984496124,Payment Issues (Double Charge)
2025-11-12,payment_double_charge,1,112,0.008928571428571428,Payment Issues (Double Charge)
2025-11-13,payment_double_charge,3,136,0.022058823529411766,Payment Issues (Double Charge)
2025-11-14,payment_double_charge,2,117,0.017094017094017096,Payment Issues (Double Charge)
2025-11-15,payment_double_charge,1,110,0.00909090909090909,Payment Issues (Double Charge)
2025-11-16,payment_double_charge,1,137,0.0072992700729927005,Payment Issues (Double Charge)
2025-11-17,payment_double_charge,1,149,0.006711409395973154,Payment Issues (Double Charge)
2025-11-18,payment_double_charge,1,134,0.007462686567164179,Payment Issues (Double Charge)
2025-11-19,payment_double_charge,1,123,0.008130081300813009,Payment Issues (Double Charge)
2025-11-21,payment_double_charge,2,120,0.016666666666666666,Payment Issues (Double Charge)
2025-11-22,payment_double_charge,3,130,0.023076923076923078,Payment Issues (Double Charge)
2025-11-23,payment_double_charge,2,129,0.015503875968992248,Payment Issues (Double Charge)
2025-11-25,payment_double_charge,2,119,0.01680672268907563,Payment Issues (Double Charge)
2025-11-26,payment_double_charge,1,119,0.008403361344537815,Payment Issues (Double Charge)
2025-11-27,payment_double_charge,3,140,0.02142857142857143,Payment Issues (Double Charge)
2025-11-29,payment_double_charge,1,151,0.006622516556291391,Payment Issues (Double Charge)
2025-12-01,payment_double_charge,1,168,0.005952380952380952,Payment Issues (Double Charge)
2025-12-02,payment_double_charge,1,119,0.008403361344537815,Payment Issues (Double Charge)
2025-12-06,payment_double_charge,4,134,0.029850746268656716,Payment Issues (Double Charge)
2025-12-09,payment_double_charge,1,134,0.007462686567164179,Payment Issues (Double Charge)
2025-12-10,payment_double_charge,1,147,0.006802721088435374,Payment Issues (Double Charge)
2025-12-12,payment_double_charge,3,131,0.022900763358778626,Payment Issues (Double Charge)
2025-12-14,payment_double_charge,2,105,0.01904761904761905,Payment Issues (Double Charge)
2025-12-15,payment_double_charge,1,122,0.00819672131147541,Payment Issues (Double Charge)
2025-12-17,payment_double_charge,1,128,0.0078125,Payment Issues (Double Charge)
2025-12-20,payment_double_charge,1,145,0.006896551724137931,Payment Issues (Double Charge)
2025-12-22,payment_double_charge,3,138,0.021739130434782608,Payment Issues (Double Charge)
2025-12-23,payment_double_charge,1,137,0.0072992700729927005,Payment Issues (Double Charge)
2025-12-25,payment_double_charge,2,123,0.016260162601626018,Payment Issues (Double Charge)
2025-12-26,payment_double_charge,1,135,0.007407407407407408,Payment Issues (Double Charge)
2025-12-27,payment_double_charge,3,119,0.025210084033613446,Payment Issues (Double Charge)
2025-12-28,payment_double_charge,2,151,0.013245033112582781,Payment Issues (Double Charge)
2025-12-29,payment_double_charge,1,130,0.007692307692307693,Payment Issues (Double Charge)
2025-12-31,payment_double_charge,1,134,0.007462686567164179,Payment Issues (Double Charge)
2026-01-06,payment_double_charge,3,137,0.021897810218978103,Payment Issues (Double Charge)
2026-01-08,payment_double_charge,3,111,0.02702702702702703,Payment Issues (Double Charge)
2026-01-09,payment_double_charge,1,127,0.007874015748031496,Payment Issues (Double Charge)
2026-01-11,payment_double_charge,1,118,0.00847457627118644,Payment Issues (Double Charge)
2026-01-12,payment_double_charge,3,145,0.020689655172413793,Payment Issues (Double Charge)
2026-01-13,payment_double_charge,2,138,0.014492753623188406,Payment Issues (Double Charge)
2026-01-14,payment_double_charge,3,127,0.023622047244094488,Payment Issues (Double Charge)
2026-01-15,payment_double_charge,1,135,0.007407407407407408,Payment Issues (Double Charge)
2026-01-16,payment_double_charge,1,120,0.008333333333333333,Payment Issues (Double Charge)
2026-01-17,payment_double_charge,1,120,0.008333333333333333,Payment Issues (Double Charge)
2026-01-19,payment_double_charge,2,136,0.014705882352941176,Payment Issues (Double Charge)
2026-01-20,payment_double_charge,2,127,0.015748031496062992,Payment Issues (Double Charge)
2026-01-21,payment_double_charge,1,130,0.007692307692307693,Payment Issues (Double Charge)
2026-01-22,payment_double_charge,4,149,0.026845637583892617,Payment Issues (Double Charge)
2026-01-23,payment_double_charge,2,115,0.017391304347826087,Payment Issues (Double Charge)
2026-01-24,payment_double_charge,1,134,0.007462686567164179,Payment Issues (Double Charge)
2026-01-25,payment_double_charge,1,124,0.008064516129032258,Payment Issues (Double Charge)
2026-01-28,payment_double_charge,1,121,0.008264462809917356,Payment Issues (Double Charge)
2026-01-29,payment_double_charge,2,132,0.015151515151515152,Payment Issues (Double Charge)
2026-01-31,payment_double_charge,1,114,0.008771929824561403,Payment Issues (Double Charge)
2026-02-01,payment_double_charge,1,115,0.008695652173913044,Payment Issues (Double Charge)
2026-02-04,payment_double_charge,1,136,0.007352941176470588,Payment Issues (Double Charge)
2026-02-05,payment_double_charge,1,133,0.007518796992481203,Payment Issues (Double Charge)
2026-02-06,payment_double_charge,1,126,0.007936507936507936,Payment Issues (Double Charge)
2026-02-08,payment_double_charge,1,140,0.007142857142857143,Payment Issues (Double Charge)
2026-02-11,payment_double_charge,3,121,0.024793388429752067,Payment Issues (Double Charge)
2026-02-12,payment_double_charge,2,130,0.015384615384615385,Payment Issues (Double Charge)
2026-02-13,payment_double_charge,3,131,0.022900763358778626,Payment Issues (Double Charge)
2026-02-14,payment_double_charge,2,129,0.015503875968992248,Payment Issues (Double Charge)
2026-02-15,payment_double_charge,2,141,0.014184397163120567,Payment Issues (Double Charge)
2026-02-16,payment_double_charge,1,149,0.006711409395973154,Payment Issues (Double Charge)
2026-02-17,payment_double_charge,1,118,0.00847457627118644,Payment Issues (Double Charge)
2026-02-18,payment_double_charge,2,121,0.01652892561983471,Payment Issues (Double Charge)
2026-02-19,payment_double_charge,1,123,0.008130081300813009,Payment Issues (Double Charge)
2026-02-21,payment_double_charge,2,156,0.01282051282051282,Payment Issues (Double Charge)
2026-02-22,payment_double_charge,1,118,0.00847457627118644,Payment Issues (Double Charge)
2026-02-24,payment_double_charge,2,140,0.014285714285714285,Payment Issues (Double Charge)
2026-02-25,payment_double_charge,1,114,0.008771929824561403,Payment Issues (Double Charge)
2026-02-26,payment_double_charge,1,140,0.007142857142857143,Payment Issues (Double Charge)
2026-03-01,payment_double_charge,2,137,0.014598540145985401,Payment Issues (Double Charge)
2026-03-05,payment_double_charge,1,147,0.006802721088435374,Payment Issues (Double Charge)
2026-03-07,payment_double_charge,3,133,0.022556390977443608,Payment Issues (Double Charge)
2026-03-09,payment_double_charge,3,124,0.024193548387096774,Payment Issues (Double Charge)
2026-03-10,payment_double_charge,4,129,0.031007751937984496,Payment Issues (Double Charge)
2026-03-11,payment_double_charge,1,127,0.007874015748031496,Payment Issues (Double Charge)
2026-03-12,payment_double_charge,1,120,0.008333333333333333,Payment Issues (Double Charge)
2026-03-15,payment_double_charge,2,123,0.016260162601626018,Payment Issues (Double Charge)
2026-03-16,payment_double_charge,1,119,0.008403361344537815,Payment Issues (Double Charge)
2026-03-17,payment_double_charge,2,138,0.014492753623188406,Payment Issues (Double Charge)
2026-03-19,payment_double_charge,1,136,0.007352941176470588,Payment Issues (Double Charge)
2026-03-20,payment_double_charge,2,142,0.014084507042253521,Payment Issues (Double Charge)
2026-03-22,payment_double_charge,1,146,0.00684931506849315,Payment Issues (Double Charge)
2026-03-23,payment_double_charge,1,139,0.007194244604316547,Payment Issues (Double Charge)
2026-03-25,payment_double_charge,1,140,0.007142857142857143,Payment Issues (Double Charge)
2026-03-26,payment_double_charge,1,138,0.007246376811594203,Payment Issues (Double Charge)
2026-03-28,payment_double_charge,3,116,0.02586206896551724,Payment Issues (Double Charge)
2026-03-30,payment_double_charge,1,145,0.006896551724137931,Payment Issues (Double Charge)
2026-04-02,payment_double_charge,1,124,0.008064516129032258,Payment Issues (Double Charge)
2026-04-03,payment_double_charge,2,139,0.014388489208633094,Payment Issues (Double Charge)
2026-04-06,payment_double_charge,2,144,0.013888888888888888,Payment Issues (Double Charge)
2026-04-07,payment_double_charge,1,135,0.007407407407407408,Payment Issues (Double Charge)
2026-04-08,payment_double_charge,1,116,0.008620689655172414,Payment Issues (Double Charge)
2026-04-09,payment_double_charge,1,131,0.007633587786259542,Payment Issues (Double Charge)
2026-04-10,payment_double_charge,1,137,0.0072992700729927005,Payment Issues (Double Charge)
2026-04-11,payment_double_charge,1,131,0.007633587786259542,Payment Issues (Double Charge)
2026-04-15,payment_double_charge,1,131,0.007633587786259542,Payment Issues (Double Charge)
2026-04-17,payment_double_charge,1,125,0.008,Payment Issues (Double Charge)
2026-04-18,payment_double_charge,1,137,0.0072992700729927005,Payment Issues (Double Charge)
2026-04-20,payment_double_charge,2,140,0.014285714285714285,Payment Issues (Double Charge)
2026-04-21,payment_double_charge,3,128,0.0234375,Payment Issues (Double Charge)
2026-04-22,payment_double_charge,1,139,0.007194244604316547,Payment Issues (Double Charge)
2026-04-24,payment_double_charge,1,130,0.007692307692307693,Payment Issues (Double Charge)
2026-04-25,payment_double_charge,1,107,0.009345794392523364,Payment Issues (Double Charge)
2026-04-26,payment_double_charge,1,140,0.007142857142857143,Payment Issues (Double Charge)
2026-04-27,payment_double_charge,1,140,0.007142857142857143,Payment Issues (Double Charge)
2026-04-28,payment_double_charge,3,113,0.02654867256637168,Payment Issues (Double Charge)
2026-04-29,payment_double_charge,1,138,0.007246376811594203,Payment Issues (Double Charge)
2026-05-01,payment_double_charge,3,141,0.02127659574468085,Payment Issues (Double Charge)
2026-05-02,payment_double_charge,3,128,0.0234375,Payment Issues (Double Charge)
2026-05-03,payment_double_charge,3,137,0.021897810218978103,Payment Issues (Double Charge)
2026-05-04,payment_double_charge,1,143,0.006993006993006993,Payment Issues (Double Charge)
2026-05-05,payment_double_charge,2,155,0.012903225806451613,Payment Issues (Double Charge)
2026-05-06,payment_double_charge,2,127,0.015748031496062992,Payment Issues (Double Charge)
2026-05-07,payment_double_charge,1,139,0.007194244604316547,Payment Issues (Double Charge)
2026-05-08,payment_double_charge,1,136,0.007352941176470588,Payment Issues (Double Charge)
2026-05-09,payment_double_charge,2,130,0.015384615384615385,Payment Issues (Double Charge)
2026-05-11,payment_double_charge,1,125,0.008,Payment Issues (Double Charge)
2026-05-12,payment_double_charge,2,132,0.015151515151515152,Payment Issues (Double Charge)
2026-05-14,payment_double_charge,3,132,0.022727272727272728,Payment Issues (Double Charge)
2026-05-15,payment_double_charge,1,131,0.007633587786259542,Payment Issues (Double Charge)
2026-05-16,payment_double_charge,1,136,0.007352941176470588,Payment Issues (Double Charge)
2026-05-17,payment_double_charge,1,135,0.007407407407407408,Payment Issues (Double Charge)
2026-05-18,payment_double_charge,2,120,0.016666666666666666,Payment Issues (Double Charge)
2026-05-19,payment_double_charge,1,138,0.007246376811594203,Payment Issues (Double Charge)
2026-05-20,payment_double_charge,2,140,0.014285714285714285,Payment Issues (Double Charge)
2026-05-21,payment_double_charge,1,118,0.00847457627118644,Payment Issues (Double Charge)
2026-05-22,payment_double_charge,1,141,0.0070921985815602835,Payment Issues (Double Charge)
2026-05-23,payment_double_charge,2,130,0.015384615384615385,Payment Issues (Double Charge)
2026-05-24,payment_double_charge,1,124,0.008064516129032258,Payment Issues (Double Charge)
2026-05-25,payment_double_charge,2,128,0.015625,Payment Issues (Double Charge)
2026-05-27,payment_double_charge,2,136,0.014705882352941176,Payment Issues (Double Charge)
2026-05-28,payment_double_charge,1,125,0.008,Payment Issues (Double Charge)
2026-05-29,payment_double_charge,1,125,0.008,Payment Issues (Double Charge)
2026-05-31,payment_double_charge,2,154,0.012987012987012988,Payment Issues (Double Charge)
2026-06-03,payment_double_charge,2,141,0.014184397163120567,Payment Issues (Double Charge)
2026-06-04,payment_double_charge,4,134,0.029850746268656716,Payment Issues (Double Charge)
2026-06-05,payment_double_charge,1,138,0.007246376811594203,Payment Issues (Double Charge)
2026-06-06,payment_double_charge,1,133,0.007518796992481203,Payment Issues (Double Charge)
2026-06-07,payment_double_charge,1,132,0.007575757575757576,Payment Issues (Double Charge)
2026-06-08,payment_double_charge,1,124,0.008064516129032258,Payment Issues (Double Charge)
2026-06-09,payment_double_charge,1,141,0.0070921985815602835,Payment Issues (Double Charge)
2026-06-12,payment_double_charge,1,126,0.007936507936507936,Payment Issues (Double Charge)
2026-06-13,payment_double_charge,2,115,0.017391304347826087,Payment Issues (Double Charge)
2026-06-14,payment_double_charge,1,126,0.007936507936507936,Payment Issues (Double Charge)
2026-06-16,payment_double_charge,1,130,0.007692307692307693,Payment Issues (Double Charge)
2026-06-17,payment_double_charge,1,131,0.007633587786259542,Payment Issues (Double Charge)
2026-06-18,payment_double_charge,1,131,0.007633587786259542,Payment Issues (Double Charge)
2026-06-19,payment_double_charge,1,147,0.006802721088435374,Payment Issues (Double Charge)
2026-06-23,payment_double_charge,8,131,0.061068702290076333,Payment Issues (Double Charge)
2026-06-24,payment_double_charge,10,123,0.08130081300813008,Payment Issues (Double Charge)
2026-06-25,payment_double_charge,9,129,0.06976744186046512,Payment Issues (Double Charge)
2026-06-26,payment_double_charge,16,146,0.1095890410958904,Payment Issues (Double Charge)
2026-06-27,payment_double_charge,10,123,0.08130081300813008,Payment Issues (Double Charge)
2026-06-28,payment_double_charge,7,137,0.051094890510948905,Payment Issues (Double Charge)
2026-06-29,payment_double_charge,8,119,0.06722689075630252,Payment Issues (Double Charge)
2024-01-01,payment_issue_general,17,132,0.12878787878787878,Payment Issues
2024-01-02,payment_issue_general,18,132,0.13636363636363635,Payment Issues
2024-01-03,payment_issue_general,17,146,0.11643835616438356,Payment Issues
2024-01-04,payment_issue_general,23,154,0.14935064935064934,Payment Issues
2024-01-05,payment_issue_general,12,134,0.08955223880597014,Payment Issues
2024-01-06,payment_issue_general,14,142,0.09859154929577464,Payment Issues
2024-01-07,payment_issue_general,20,148,0.13513513513513514,Payment Issues
2024-01-08,payment_issue_general,19,140,0.1357142857142857,Payment Issues
2024-01-09,payment_issue_general,23,152,0.1513157894736842,Payment Issues
2024-01-10,payment_issue_general,16,134,0.11940298507462686,Payment Issues
2024-01-11,payment_issue_general,23,145,0.15862068965517243,Payment Issues
2024-01-12,payment_issue_general,9,104,0.08653846153846154,Payment Issues
2024-01-13,payment_issue_general,16,140,0.11428571428571428,Payment Issues
2024-01-14,payment_issue_general,20,142,0.14084507042253522,Payment Issues
2024-01-15,payment_issue_general,16,130,0.12307692307692308,Payment Issues
2024-01-16,payment_issue_general,9,113,0.07964601769911504,Payment Issues
2024-01-17,payment_issue_general,27,130,0.2076923076923077,Payment Issues
2024-01-18,payment_issue_general,11,145,0.07586206896551724,Payment Issues
2024-01-19,payment_issue_general,19,133,0.14285714285714285,Payment Issues
2024-01-20,payment_issue_general,19,137,0.1386861313868613,Payment Issues
2024-01-21,payment_issue_general,23,144,0.1597222222222222,Payment Issues
2024-01-22,payment_issue_general,18,147,0.12244897959183673,Payment Issues
2024-01-23,payment_issue_general,18,153,0.11764705882352941,Payment Issues
2024-01-24,payment_issue_general,19,132,0.14393939393939395,Payment Issues
2024-01-25,payment_issue_general,15,147,0.10204081632653061,Payment Issues
2024-01-26,payment_issue_general,19,133,0.14285714285714285,Payment Issues
2024-01-27,payment_issue_general,13,146,0.08904109589041095,Payment Issues
2024-01-28,payment_issue_general,16,138,0.11594202898550725,Payment Issues
2024-01-29,payment_issue_general,17,127,0.13385826771653545,Payment Issues
2024-01-30,payment_issue_general,18,131,0.13740458015267176,Payment Issues
2024-01-31,payment_issue_general,14,123,0.11382113821138211,Payment Issues
2024-02-01,payment_issue_general,12,140,0.08571428571428572,Payment Issues
2024-02-02,payment_issue_general,10,116,0.08620689655172414,Payment Issues
2024-02-03,payment_issue_general,14,113,0.12389380530973451,Payment Issues
2024-02-04,payment_issue_general,18,138,0.13043478260869565,Payment Issues
2024-02-05,payment_issue_general,13,135,0.0962962962962963,Payment Issues
2024-02-06,payment_issue_general,20,124,0.16129032258064516,Payment Issues
2024-02-07,payment_issue_general,11,131,0.08396946564885496,Payment Issues
2024-02-08,payment_issue_general,8,110,0.07272727272727272,Payment Issues
2024-02-09,payment_issue_general,13,125,0.104,Payment Issues
2024-02-10,payment_issue_general,17,138,0.12318840579710146,Payment Issues
2024-02-11,payment_issue_general,17,125,0.136,Payment Issues
2024-02-12,payment_issue_general,21,151,0.1390728476821192,Payment Issues
2024-02-13,payment_issue_general,18,119,0.15126050420168066,Payment Issues
2024-02-14,payment_issue_general,24,158,0.1518987341772152,Payment Issues
2024-02-15,payment_issue_general,16,126,0.12698412698412698,Payment Issues
2024-02-16,payment_issue_general,15,120,0.125,Payment Issues
2024-02-17,payment_issue_general,12,126,0.09523809523809523,Payment Issues
2024-02-18,payment_issue_general,14,130,0.1076923076923077,Payment Issues
2024-02-19,payment_issue_general,18,140,0.12857142857142856,Payment Issues
2024-02-20,payment_issue_general,17,133,0.12781954887218044,Payment Issues
2024-02-21,payment_issue_general,23,141,0.16312056737588654,Payment Issues
2024-02-22,payment_issue_general,17,138,0.12318840579710146,Payment Issues
2024-02-23,payment_issue_general,20,139,0.14388489208633093,Payment Issues
2024-02-24,payment_issue_general,19,128,0.1484375,Payment Issues
2024-02-25,payment_issue_general,11,126,0.0873015873015873,Payment Issues
2024-02-26,payment_issue_general,15,119,0.12605042016806722,Payment Issues
2024-02-27,payment_issue_general,16,125,0.128,Payment Issues
2024-02-28,payment_issue_general,21,126,0.16666666666666666,Payment Issues
2024-02-29,payment_issue_general,16,126,0.12698412698412698,Payment Issues
2024-03-01,payment_issue_general,26,121,0.21487603305785125,Payment Issues
2024-03-02,payment_issue_general,12,141,0.0851063829787234,Payment Issues
2024-03-03,payment_issue_general,22,136,0.16176470588235295,Payment Issues
2024-03-04,payment_issue_general,20,128,0.15625,Payment Issues
2024-03-05,payment_issue_general,13,109,0.11926605504587157,Payment Issues
2024-03-06,payment_issue_general,15,111,0.13513513513513514,Payment Issues
2024-03-07,payment_issue_general,19,129,0.14728682170542637,Payment Issues
2024-03-08,payment_issue_general,15,113,0.13274336283185842,Payment Issues
2024-03-09,payment_issue_general,16,127,0.12598425196850394,Payment Issues
2024-03-10,payment_issue_general,14,128,0.109375,Payment Issues
2024-03-11,payment_issue_general,23,133,0.17293233082706766,Payment Issues
2024-03-12,payment_issue_general,13,109,0.11926605504587157,Payment Issues
2024-03-13,payment_issue_general,15,134,0.11194029850746269,Payment Issues
2024-03-14,payment_issue_general,17,122,0.13934426229508196,Payment Issues
2024-03-15,payment_issue_general,17,152,0.1118421052631579,Payment Issues
2024-03-16,payment_issue_general,18,139,0.12949640287769784,Payment Issues
2024-03-17,payment_issue_general,20,135,0.14814814814814814,Payment Issues
2024-03-18,payment_issue_general,23,143,0.16083916083916083,Payment Issues
2024-03-19,payment_issue_general,14,140,0.1,Payment Issues
2024-03-20,payment_issue_general,15,122,0.12295081967213115,Payment Issues
2024-03-21,payment_issue_general,22,126,0.1746031746031746,Payment Issues
2024-03-22,payment_issue_general,15,123,0.12195121951219512,Payment Issues
2024-03-23,payment_issue_general,12,124,0.0967741935483871,Payment Issues
2024-03-24,payment_issue_general,23,158,0.14556962025316456,Payment Issues
2024-03-25,payment_issue_general,15,156,0.09615384615384616,Payment Issues
2024-03-26,payment_issue_general,15,131,0.11450381679389313,Payment Issues
2024-03-27,payment_issue_general,17,134,0.12686567164179105,Payment Issues
2024-03-28,payment_issue_general,20,130,0.15384615384615385,Payment Issues
2024-03-29,payment_issue_general,16,151,0.10596026490066225,Payment Issues
2024-03-30,payment_issue_general,16,121,0.1322314049586777,Payment Issues
2024-03-31,payment_issue_general,15,133,0.11278195488721804,Payment Issues
2024-04-01,payment_issue_general,11,136,0.08088235294117647,Payment Issues
2024-04-02,payment_issue_general,17,124,0.13709677419354838,Payment Issues
2024-04-03,payment_issue_general,16,117,0.13675213675213677,Payment Issues
2024-04-04,payment_issue_general,11,132,0.08333333333333333,Payment Issues
2024-04-05,payment_issue_general,11,135,0.08148148148148149,Payment Issues
2024-04-06,payment_issue_general,19,132,0.14393939393939395,Payment Issues
2024-04-07,payment_issue_general,10,124,0.08064516129032258,Payment Issues
2024-04-08,payment_issue_general,21,139,0.1510791366906475,Payment Issues
2024-04-09,payment_issue_general,16,130,0.12307692307692308,Payment Issues
2024-04-10,payment_issue_general,19,152,0.125,Payment Issues
2024-04-11,payment_issue_general,17,108,0.1574074074074074,Payment Issues
2024-04-12,payment_issue_general,19,133,0.14285714285714285,Payment Issues
2024-04-13,payment_issue_general,15,123,0.12195121951219512,Payment Issues
2024-04-14,payment_issue_general,16,143,0.11188811188811189,Payment Issues
2024-04-15,payment_issue_general,18,130,0.13846153846153847,Payment Issues
2024-04-16,payment_issue_general,14,127,0.11023622047244094,Payment Issues
2024-04-17,payment_issue_general,19,121,0.15702479338842976,Payment Issues
2024-04-18,payment_issue_general,20,155,0.12903225806451613,Payment Issues
2024-04-19,payment_issue_general,15,137,0.10948905109489052,Payment Issues
2024-04-20,payment_issue_general,18,147,0.12244897959183673,Payment Issues
2024-04-21,payment_issue_general,17,137,0.12408759124087591,Payment Issues
2024-04-22,payment_issue_general,16,130,0.12307692307692308,Payment Issues
2024-04-23,payment_issue_general,9,119,0.07563025210084033,Payment Issues
2024-04-24,payment_issue_general,13,121,0.10743801652892562,Payment Issues
2024-04-25,payment_issue_general,25,124,0.20161290322580644,Payment Issues
2024-04-26,payment_issue_general,16,138,0.11594202898550725,Payment Issues
2024-04-27,payment_issue_general,14,118,0.11864406779661017,Payment Issues
2024-04-28,payment_issue_general,18,127,0.14173228346456693,Payment Issues
2024-04-29,payment_issue_general,18,131,0.13740458015267176,Payment Issues
2024-04-30,payment_issue_general,19,137,0.1386861313868613,Payment Issues
2024-05-01,payment_issue_general,13,136,0.09558823529411764,Payment Issues
2024-05-02,payment_issue_general,15,101,0.1485148514851485,Payment Issues
2024-05-03,payment_issue_general,26,138,0.18840579710144928,Payment Issues
2024-05-04,payment_issue_general,23,135,0.17037037037037037,Payment Issues
2024-05-05,payment_issue_general,16,116,0.13793103448275862,Payment Issues
2024-05-06,payment_issue_general,24,140,0.17142857142857143,Payment Issues
2024-05-07,payment_issue_general,14,124,0.11290322580645161,Payment Issues
2024-05-08,payment_issue_general,19,141,0.1347517730496454,Payment Issues
2024-05-09,payment_issue_general,21,125,0.168,Payment Issues
2024-05-10,payment_issue_general,17,133,0.12781954887218044,Payment Issues
2024-05-11,payment_issue_general,15,137,0.10948905109489052,Payment Issues
2024-05-12,payment_issue_general,13,133,0.09774436090225563,Payment Issues
2024-05-13,payment_issue_general,19,151,0.12582781456953643,Payment Issues
2024-05-14,payment_issue_general,15,119,0.12605042016806722,Payment Issues
2024-05-15,payment_issue_general,12,114,0.10526315789473684,Payment Issues
2024-05-16,payment_issue_general,16,129,0.12403100775193798,Payment Issues
2024-05-17,payment_issue_general,15,117,0.1282051282051282,Payment Issues
2024-05-18,payment_issue_general,18,130,0.13846153846153847,Payment Issues
2024-05-19,payment_issue_general,16,123,0.13008130081300814,Payment Issues
2024-05-20,payment_issue_general,20,141,0.14184397163120568,Payment Issues
2024-05-21,payment_issue_general,23,130,0.17692307692307693,Payment Issues
2024-05-22,payment_issue_general,10,140,0.07142857142857142,Payment Issues
2024-05-23,payment_issue_general,18,134,0.13432835820895522,Payment Issues
2024-05-24,payment_issue_general,17,132,0.12878787878787878,Payment Issues
2024-05-25,payment_issue_general,9,125,0.072,Payment Issues
2024-05-26,payment_issue_general,18,148,0.12162162162162163,Payment Issues
2024-05-27,payment_issue_general,8,108,0.07407407407407407,Payment Issues
2024-05-28,payment_issue_general,19,125,0.152,Payment Issues
2024-05-29,payment_issue_general,12,122,0.09836065573770492,Payment Issues
2024-05-30,payment_issue_general,13,133,0.09774436090225563,Payment Issues
2024-05-31,payment_issue_general,15,121,0.12396694214876033,Payment Issues
2024-06-01,payment_issue_general,13,128,0.1015625,Payment Issues
2024-06-02,payment_issue_general,9,122,0.07377049180327869,Payment Issues
2024-06-03,payment_issue_general,16,130,0.12307692307692308,Payment Issues
2024-06-04,payment_issue_general,25,133,0.18796992481203006,Payment Issues
2024-06-05,payment_issue_general,15,125,0.12,Payment Issues
2024-06-06,payment_issue_general,24,145,0.16551724137931034,Payment Issues
2024-06-07,payment_issue_general,19,126,0.15079365079365079,Payment Issues
2024-06-08,payment_issue_general,16,136,0.11764705882352941,Payment Issues
2024-06-09,payment_issue_general,14,120,0.11666666666666667,Payment Issues
2024-06-10,payment_issue_general,11,107,0.102803738317757,Payment Issues
2024-06-11,payment_issue_general,16,143,0.11188811188811189,Payment Issues
2024-06-12,payment_issue_general,19,128,0.1484375,Payment Issues
2024-06-13,payment_issue_general,27,136,0.19852941176470587,Payment Issues
2024-06-14,payment_issue_general,17,125,0.136,Payment Issues
2024-06-15,payment_issue_general,23,133,0.17293233082706766,Payment Issues
2024-06-16,payment_issue_general,25,155,0.16129032258064516,Payment Issues
2024-06-17,payment_issue_general,16,129,0.12403100775193798,Payment Issues
2024-06-18,payment_issue_general,13,133,0.09774436090225563,Payment Issues
2024-06-19,payment_issue_general,12,120,0.1,Payment Issues
2024-06-20,payment_issue_general,12,119,0.10084033613445378,Payment Issues
2024-06-21,payment_issue_general,15,129,0.11627906976744186,Payment Issues
2024-06-22,payment_issue_general,14,146,0.0958904109589041,Payment Issues
2024-06-23,payment_issue_general,17,146,0.11643835616438356,Payment Issues
2024-06-24,payment_issue_general,21,144,0.14583333333333334,Payment Issues
2024-06-25,payment_issue_general,14,162,0.08641975308641975,Payment Issues
2024-06-26,payment_issue_general,19,129,0.14728682170542637,Payment Issues
2024-06-27,payment_issue_general,16,148,0.10810810810810811,Payment Issues
2024-06-28,payment_issue_general,12,106,0.11320754716981132,Payment Issues
2024-06-29,payment_issue_general,20,124,0.16129032258064516,Payment Issues
2024-06-30,payment_issue_general,24,156,0.15384615384615385,Payment Issues
2024-07-01,payment_issue_general,9,126,0.07142857142857142,Payment Issues
2024-07-02,payment_issue_general,9,122,0.07377049180327869,Payment Issues
2024-07-03,payment_issue_general,14,124,0.11290322580645161,Payment Issues
2024-07-04,payment_issue_general,16,146,0.1095890410958904,Payment Issues
2024-07-05,payment_issue_general,24,154,0.15584415584415584,Payment Issues
2024-07-06,payment_issue_general,13,128,0.1015625,Payment Issues
2024-07-07,payment_issue_general,14,125,0.112,Payment Issues
2024-07-08,payment_issue_general,18,130,0.13846153846153847,Payment Issues
2024-07-09,payment_issue_general,13,153,0.08496732026143791,Payment Issues
2024-07-10,payment_issue_general,17,141,0.12056737588652482,Payment Issues
2024-07-11,payment_issue_general,15,132,0.11363636363636363,Payment Issues
2024-07-12,payment_issue_general,19,137,0.1386861313868613,Payment Issues
2024-07-13,payment_issue_general,14,130,0.1076923076923077,Payment Issues
2024-07-14,payment_issue_general,17,130,0.13076923076923078,Payment Issues
2024-07-15,payment_issue_general,12,115,0.10434782608695652,Payment Issues
2024-07-16,payment_issue_general,13,149,0.087248322147651,Payment Issues
2024-07-17,payment_issue_general,15,125,0.12,Payment Issues
2024-07-18,payment_issue_general,17,120,0.14166666666666666,Payment Issues
2024-07-19,payment_issue_general,21,129,0.16279069767441862,Payment Issues
2024-07-20,payment_issue_general,20,143,0.13986013986013987,Payment Issues
2024-07-21,payment_issue_general,21,145,0.14482758620689656,Payment Issues
2024-07-22,payment_issue_general,17,148,0.11486486486486487,Payment Issues
2024-07-23,payment_issue_general,21,145,0.14482758620689656,Payment Issues
2024-07-24,payment_issue_general,17,115,0.14782608695652175,Payment Issues
2024-07-25,payment_issue_general,14,147,0.09523809523809523,Payment Issues
2024-07-26,payment_issue_general,15,139,0.1079136690647482,Payment Issues
2024-07-27,payment_issue_general,16,123,0.13008130081300814,Payment Issues
2024-07-28,payment_issue_general,15,123,0.12195121951219512,Payment Issues
2024-07-29,payment_issue_general,19,126,0.15079365079365079,Payment Issues
2024-07-30,payment_issue_general,15,138,0.10869565217391304,Payment Issues
2024-07-31,payment_issue_general,17,120,0.14166666666666666,Payment Issues
2024-08-01,payment_issue_general,13,124,0.10483870967741936,Payment Issues
2024-08-02,payment_issue_general,13,134,0.09701492537313433,Payment Issues
2024-08-03,payment_issue_general,13,131,0.09923664122137404,Payment Issues
2024-08-04,payment_issue_general,14,119,0.11764705882352941,Payment Issues
2024-08-05,payment_issue_general,14,115,0.12173913043478261,Payment Issues
2024-08-06,payment_issue_general,15,139,0.1079136690647482,Payment Issues
2024-08-07,payment_issue_general,17,123,0.13821138211382114,Payment Issues
2024-08-08,payment_issue_general,15,134,0.11194029850746269,Payment Issues
2024-08-09,payment_issue_general,17,119,0.14285714285714285,Payment Issues
2024-08-10,payment_issue_general,14,127,0.11023622047244094,Payment Issues
2024-08-11,payment_issue_general,13,140,0.09285714285714286,Payment Issues
2024-08-12,payment_issue_general,23,142,0.1619718309859155,Payment Issues
2024-08-13,payment_issue_general,20,133,0.15037593984962405,Payment Issues
2024-08-14,payment_issue_general,22,145,0.15172413793103448,Payment Issues
2024-08-15,payment_issue_general,20,121,0.1652892561983471,Payment Issues
2024-08-16,payment_issue_general,11,93,0.11827956989247312,Payment Issues
2024-08-17,payment_issue_general,13,134,0.09701492537313433,Payment Issues
2024-08-18,payment_issue_general,12,145,0.08275862068965517,Payment Issues
2024-08-19,payment_issue_general,21,132,0.1590909090909091,Payment Issues
2024-08-20,payment_issue_general,15,151,0.09933774834437085,Payment Issues
2024-08-21,payment_issue_general,25,135,0.18518518518518517,Payment Issues
2024-08-22,payment_issue_general,14,107,0.1308411214953271,Payment Issues
2024-08-23,payment_issue_general,9,116,0.07758620689655173,Payment Issues
2024-08-24,payment_issue_general,18,145,0.12413793103448276,Payment Issues
2024-08-25,payment_issue_general,17,124,0.13709677419354838,Payment Issues
2024-08-26,payment_issue_general,21,134,0.15671641791044777,Payment Issues
2024-08-27,payment_issue_general,20,123,0.16260162601626016,Payment Issues
2024-08-28,payment_issue_general,11,133,0.08270676691729323,Payment Issues
2024-08-29,payment_issue_general,18,148,0.12162162162162163,Payment Issues
2024-08-30,payment_issue_general,22,141,0.15602836879432624,Payment Issues
2024-08-31,payment_issue_general,29,143,0.20279720279720279,Payment Issues
2024-09-01,payment_issue_general,11,117,0.09401709401709402,Payment Issues
2024-09-02,payment_issue_general,19,130,0.14615384615384616,Payment Issues
2024-09-03,payment_issue_general,18,149,0.12080536912751678,Payment Issues
2024-09-04,payment_issue_general,21,141,0.14893617021276595,Payment Issues
2024-09-05,payment_issue_general,12,129,0.09302325581395349,Payment Issues
2024-09-06,payment_issue_general,20,137,0.145985401459854,Payment Issues
2024-09-07,payment_issue_general,13,143,0.09090909090909091,Payment Issues
2024-09-08,payment_issue_general,17,140,0.12142857142857143,Payment Issues
2024-09-09,payment_issue_general,17,133,0.12781954887218044,Payment Issues
2024-09-10,payment_issue_general,15,131,0.11450381679389313,Payment Issues
2024-09-11,payment_issue_general,16,123,0.13008130081300814,Payment Issues
2024-09-12,payment_issue_general,18,128,0.140625,Payment Issues
2024-09-13,payment_issue_general,15,133,0.11278195488721804,Payment Issues
2024-09-14,payment_issue_general,15,141,0.10638297872340426,Payment Issues
2024-09-15,payment_issue_general,11,122,0.09016393442622951,Payment Issues
2024-09-16,payment_issue_general,18,136,0.1323529411764706,Payment Issues
2024-09-17,payment_issue_general,18,136,0.1323529411764706,Payment Issues
2024-09-18,payment_issue_general,19,128,0.1484375,Payment Issues
2024-09-19,payment_issue_general,13,122,0.10655737704918032,Payment Issues
2024-09-20,payment_issue_general,10,154,0.06493506493506493,Payment Issues
2024-09-21,payment_issue_general,23,149,0.15436241610738255,Payment Issues
2024-09-22,payment_issue_general,10,121,0.08264462809917356,Payment Issues
2024-09-23,payment_issue_general,21,142,0.14788732394366197,Payment Issues
2024-09-24,payment_issue_general,17,119,0.14285714285714285,Payment Issues
2024-09-25,payment_issue_general,14,144,0.09722222222222222,Payment Issues
2024-09-26,payment_issue_general,12,120,0.1,Payment Issues
2024-09-27,payment_issue_general,8,111,0.07207207207207207,Payment Issues
2024-09-28,payment_issue_general,10,135,0.07407407407407407,Payment Issues
2024-09-29,payment_issue_general,22,156,0.14102564102564102,Payment Issues
2024-09-30,payment_issue_general,15,116,0.12931034482758622,Payment Issues
2024-10-01,payment_issue_general,22,133,0.16541353383458646,Payment Issues
2024-10-02,payment_issue_general,14,114,0.12280701754385964,Payment Issues
2024-10-03,payment_issue_general,9,110,0.08181818181818182,Payment Issues
2024-10-04,payment_issue_general,21,134,0.15671641791044777,Payment Issues
2024-10-05,payment_issue_general,18,143,0.1258741258741259,Payment Issues
2024-10-06,payment_issue_general,19,142,0.13380281690140844,Payment Issues
2024-10-07,payment_issue_general,12,124,0.0967741935483871,Payment Issues
2024-10-08,payment_issue_general,16,122,0.13114754098360656,Payment Issues
2024-10-09,payment_issue_general,19,129,0.14728682170542637,Payment Issues
2024-10-10,payment_issue_general,14,130,0.1076923076923077,Payment Issues
2024-10-11,payment_issue_general,19,141,0.1347517730496454,Payment Issues
2024-10-12,payment_issue_general,19,119,0.15966386554621848,Payment Issues
2024-10-13,payment_issue_general,25,145,0.1724137931034483,Payment Issues
2024-10-14,payment_issue_general,17,130,0.13076923076923078,Payment Issues
2024-10-15,payment_issue_general,12,120,0.1,Payment Issues
2024-10-16,payment_issue_general,16,112,0.14285714285714285,Payment Issues
2024-10-17,payment_issue_general,18,133,0.13533834586466165,Payment Issues
2024-10-18,payment_issue_general,14,112,0.125,Payment Issues
2024-10-19,payment_issue_general,13,134,0.09701492537313433,Payment Issues
2024-10-20,payment_issue_general,19,128,0.1484375,Payment Issues
2024-10-21,payment_issue_general,14,127,0.11023622047244094,Payment Issues
2024-10-22,payment_issue_general,19,136,0.13970588235294118,Payment Issues
2024-10-23,payment_issue_general,15,143,0.1048951048951049,Payment Issues
2024-10-24,payment_issue_general,18,118,0.15254237288135594,Payment Issues
2024-10-25,payment_issue_general,20,148,0.13513513513513514,Payment Issues
2024-10-26,payment_issue_general,11,133,0.08270676691729323,Payment Issues
2024-10-27,payment_issue_general,18,124,0.14516129032258066,Payment Issues
2024-10-28,payment_issue_general,17,133,0.12781954887218044,Payment Issues
2024-10-29,payment_issue_general,17,128,0.1328125,Payment Issues
2024-10-30,payment_issue_general,17,115,0.14782608695652175,Payment Issues
2024-10-31,payment_issue_general,19,127,0.14960629921259844,Payment Issues
2024-11-01,payment_issue_general,18,136,0.1323529411764706,Payment Issues
2024-11-02,payment_issue_general,19,132,0.14393939393939395,Payment Issues
2024-11-03,payment_issue_general,13,117,0.1111111111111111,Payment Issues
2024-11-04,payment_issue_general,22,179,0.12290502793296089,Payment Issues
2024-11-05,payment_issue_general,18,140,0.12857142857142856,Payment Issues
2024-11-06,payment_issue_general,13,146,0.08904109589041095,Payment Issues
2024-11-07,payment_issue_general,10,124,0.08064516129032258,Payment Issues
2024-11-08,payment_issue_general,21,150,0.14,Payment Issues
2024-11-09,payment_issue_general,16,141,0.11347517730496454,Payment Issues
2024-11-10,payment_issue_general,16,127,0.12598425196850394,Payment Issues
2024-11-11,payment_issue_general,13,120,0.10833333333333334,Payment Issues
2024-11-12,payment_issue_general,22,126,0.1746031746031746,Payment Issues
2024-11-13,payment_issue_general,18,139,0.12949640287769784,Payment Issues
2024-11-14,payment_issue_general,17,126,0.1349206349206349,Payment Issues
2024-11-15,payment_issue_general,14,109,0.12844036697247707,Payment Issues
2024-11-16,payment_issue_general,11,139,0.07913669064748201,Payment Issues
2024-11-17,payment_issue_general,18,120,0.15,Payment Issues
2024-11-18,payment_issue_general,15,138,0.10869565217391304,Payment Issues
2024-11-19,payment_issue_general,13,135,0.0962962962962963,Payment Issues
2024-11-20,payment_issue_general,21,118,0.17796610169491525,Payment Issues
2024-11-21,payment_issue_general,20,133,0.15037593984962405,Payment Issues
2024-11-22,payment_issue_general,12,142,0.08450704225352113,Payment Issues
2024-11-23,payment_issue_general,22,134,0.16417910447761194,Payment Issues
2024-11-24,payment_issue_general,17,134,0.12686567164179105,Payment Issues
2024-11-25,payment_issue_general,17,111,0.15315315315315314,Payment Issues
2024-11-26,payment_issue_general,16,143,0.11188811188811189,Payment Issues
2024-11-27,payment_issue_general,18,136,0.1323529411764706,Payment Issues
2024-11-28,payment_issue_general,14,134,0.1044776119402985,Payment Issues
2024-11-29,payment_issue_general,9,131,0.06870229007633588,Payment Issues
2024-11-30,payment_issue_general,13,140,0.09285714285714286,Payment Issues
2024-12-01,payment_issue_general,19,138,0.13768115942028986,Payment Issues
2024-12-02,payment_issue_general,17,124,0.13709677419354838,Payment Issues
2024-12-03,payment_issue_general,16,134,0.11940298507462686,Payment Issues
2024-12-04,payment_issue_general,17,130,0.13076923076923078,Payment Issues
2024-12-05,payment_issue_general,18,135,0.13333333333333333,Payment Issues
2024-12-06,payment_issue_general,12,140,0.08571428571428572,Payment Issues
2024-12-07,payment_issue_general,19,141,0.1347517730496454,Payment Issues
2024-12-08,payment_issue_general,12,138,0.08695652173913043,Payment Issues
2024-12-09,payment_issue_general,15,145,0.10344827586206896,Payment Issues
2024-12-10,payment_issue_general,22,141,0.15602836879432624,Payment Issues
2024-12-11,payment_issue_general,19,137,0.1386861313868613,Payment Issues
2024-12-12,payment_issue_general,18,142,0.1267605633802817,Payment Issues
2024-12-13,payment_issue_general,13,140,0.09285714285714286,Payment Issues
2024-12-14,payment_issue_general,12,124,0.0967741935483871,Payment Issues
2024-12-15,payment_issue_general,18,128,0.140625,Payment Issues
2024-12-16,payment_issue_general,21,132,0.1590909090909091,Payment Issues
2024-12-17,payment_issue_general,13,115,0.11304347826086956,Payment Issues
2024-12-18,payment_issue_general,18,122,0.14754098360655737,Payment Issues
2024-12-19,payment_issue_general,22,120,0.18333333333333332,Payment Issues
2024-12-20,payment_issue_general,13,132,0.09848484848484848,Payment Issues
2024-12-21,payment_issue_general,15,107,0.14018691588785046,Payment Issues
2024-12-22,payment_issue_general,7,143,0.04895104895104895,Payment Issues
2024-12-23,payment_issue_general,18,129,0.13953488372093023,Payment Issues
2024-12-24,payment_issue_general,12,103,0.11650485436893204,Payment Issues
2024-12-25,payment_issue_general,16,117,0.13675213675213677,Payment Issues
2024-12-26,payment_issue_general,15,131,0.11450381679389313,Payment Issues
2024-12-27,payment_issue_general,16,136,0.11764705882352941,Payment Issues
2024-12-28,payment_issue_general,17,134,0.12686567164179105,Payment Issues
2024-12-29,payment_issue_general,11,135,0.08148148148148149,Payment Issues
2024-12-30,payment_issue_general,26,149,0.174496644295302,Payment Issues
2024-12-31,payment_issue_general,24,129,0.18604651162790697,Payment Issues
2025-01-01,payment_issue_general,10,118,0.0847457627118644,Payment Issues
2025-01-02,payment_issue_general,19,134,0.1417910447761194,Payment Issues
2025-01-03,payment_issue_general,23,137,0.1678832116788321,Payment Issues
2025-01-04,payment_issue_general,16,119,0.13445378151260504,Payment Issues
2025-01-05,payment_issue_general,16,148,0.10810810810810811,Payment Issues
2025-01-06,payment_issue_general,18,156,0.11538461538461539,Payment Issues
2025-01-07,payment_issue_general,15,126,0.11904761904761904,Payment Issues
2025-01-08,payment_issue_general,20,150,0.13333333333333333,Payment Issues
2025-01-09,payment_issue_general,16,131,0.12213740458015267,Payment Issues
2025-01-10,payment_issue_general,15,128,0.1171875,Payment Issues
2025-01-11,payment_issue_general,24,148,0.16216216216216217,Payment Issues
2025-01-12,payment_issue_general,10,136,0.07352941176470588,Payment Issues
2025-01-13,payment_issue_general,15,123,0.12195121951219512,Payment Issues
2025-01-14,payment_issue_general,18,135,0.13333333333333333,Payment Issues
2025-01-15,payment_issue_general,17,139,0.1223021582733813,Payment Issues
2025-01-16,payment_issue_general,25,148,0.16891891891891891,Payment Issues
2025-01-17,payment_issue_general,14,156,0.08974358974358974,Payment Issues
2025-01-18,payment_issue_general,17,120,0.14166666666666666,Payment Issues
2025-01-19,payment_issue_general,10,120,0.08333333333333333,Payment Issues
2025-01-20,payment_issue_general,17,132,0.12878787878787878,Payment Issues
2025-01-21,payment_issue_general,20,130,0.15384615384615385,Payment Issues
2025-01-22,payment_issue_general,20,152,0.13157894736842105,Payment Issues
2025-01-23,payment_issue_general,18,139,0.12949640287769784,Payment Issues
2025-01-24,payment_issue_general,17,126,0.1349206349206349,Payment Issues
2025-01-25,payment_issue_general,15,143,0.1048951048951049,Payment Issues
2025-01-26,payment_issue_general,13,148,0.08783783783783784,Payment Issues
2025-01-27,payment_issue_general,24,113,0.21238938053097345,Payment Issues
2025-01-28,payment_issue_general,19,156,0.12179487179487179,Payment Issues
2025-01-29,payment_issue_general,22,137,0.16058394160583941,Payment Issues
2025-01-30,payment_issue_general,16,136,0.11764705882352941,Payment Issues
2025-01-31,payment_issue_general,13,136,0.09558823529411764,Payment Issues
2025-02-01,payment_issue_general,11,132,0.08333333333333333,Payment Issues
2025-02-02,payment_issue_general,14,138,0.10144927536231885,Payment Issues
2025-02-03,payment_issue_general,21,138,0.15217391304347827,Payment Issues
2025-02-04,payment_issue_general,19,132,0.14393939393939395,Payment Issues
2025-02-05,payment_issue_general,20,139,0.14388489208633093,Payment Issues
2025-02-06,payment_issue_general,13,143,0.09090909090909091,Payment Issues
2025-02-07,payment_issue_general,19,149,0.12751677852348994,Payment Issues
2025-02-08,payment_issue_general,9,128,0.0703125,Payment Issues
2025-02-09,payment_issue_general,17,139,0.1223021582733813,Payment Issues
2025-02-10,payment_issue_general,14,138,0.10144927536231885,Payment Issues
2025-02-11,payment_issue_general,18,129,0.13953488372093023,Payment Issues
2025-02-12,payment_issue_general,13,140,0.09285714285714286,Payment Issues
2025-02-13,payment_issue_general,19,148,0.12837837837837837,Payment Issues
2025-02-14,payment_issue_general,17,116,0.14655172413793102,Payment Issues
2025-02-15,payment_issue_general,20,128,0.15625,Payment Issues
2025-02-16,payment_issue_general,21,143,0.14685314685314685,Payment Issues
2025-02-17,payment_issue_general,12,136,0.08823529411764706,Payment Issues
2025-02-18,payment_issue_general,20,145,0.13793103448275862,Payment Issues
2025-02-19,payment_issue_general,14,117,0.11965811965811966,Payment Issues
2025-02-20,payment_issue_general,28,143,0.1958041958041958,Payment Issues
2025-02-21,payment_issue_general,19,139,0.1366906474820144,Payment Issues
2025-02-22,payment_issue_general,17,114,0.14912280701754385,Payment Issues
2025-02-23,payment_issue_general,22,123,0.17886178861788618,Payment Issues
2025-02-24,payment_issue_general,18,135,0.13333333333333333,Payment Issues
2025-02-25,payment_issue_general,19,139,0.1366906474820144,Payment Issues
2025-02-26,payment_issue_general,25,127,0.1968503937007874,Payment Issues
2025-02-27,payment_issue_general,17,120,0.14166666666666666,Payment Issues
2025-02-28,payment_issue_general,18,130,0.13846153846153847,Payment Issues
2025-03-01,payment_issue_general,14,137,0.10218978102189781,Payment Issues
2025-03-02,payment_issue_general,17,141,0.12056737588652482,Payment Issues
2025-03-03,payment_issue_general,14,128,0.109375,Payment Issues
2025-03-04,payment_issue_general,13,142,0.09154929577464789,Payment Issues
2025-03-05,payment_issue_general,16,137,0.11678832116788321,Payment Issues
2025-03-06,payment_issue_general,18,143,0.1258741258741259,Payment Issues
2025-03-07,payment_issue_general,15,123,0.12195121951219512,Payment Issues
2025-03-08,payment_issue_general,15,128,0.1171875,Payment Issues
2025-03-09,payment_issue_general,18,135,0.13333333333333333,Payment Issues
2025-03-10,payment_issue_general,15,127,0.11811023622047244,Payment Issues
2025-03-11,payment_issue_general,15,138,0.10869565217391304,Payment Issues
2025-03-12,payment_issue_general,17,133,0.12781954887218044,Payment Issues
2025-03-13,payment_issue_general,13,121,0.10743801652892562,Payment Issues
2025-03-14,payment_issue_general,11,140,0.07857142857142857,Payment Issues
2025-03-15,payment_issue_general,23,131,0.17557251908396945,Payment Issues
2025-03-16,payment_issue_general,13,134,0.09701492537313433,Payment Issues
2025-03-17,payment_issue_general,16,135,0.11851851851851852,Payment Issues
2025-03-18,payment_issue_general,15,99,0.15151515151515152,Payment Issues
2025-03-19,payment_issue_general,12,121,0.09917355371900827,Payment Issues
2025-03-20,payment_issue_general,12,120,0.1,Payment Issues
2025-03-21,payment_issue_general,20,138,0.14492753623188406,Payment Issues
2025-03-22,payment_issue_general,16,142,0.11267605633802817,Payment Issues
2025-03-23,payment_issue_general,12,121,0.09917355371900827,Payment Issues
2025-03-24,payment_issue_general,13,146,0.08904109589041095,Payment Issues
2025-03-25,payment_issue_general,13,119,0.1092436974789916,Payment Issues
2025-03-26,payment_issue_general,20,137,0.145985401459854,Payment Issues
2025-03-27,payment_issue_general,17,131,0.1297709923664122,Payment Issues
2025-03-28,payment_issue_general,13,125,0.104,Payment Issues
2025-03-29,payment_issue_general,17,125,0.136,Payment Issues
2025-03-30,payment_issue_general,21,137,0.15328467153284672,Payment Issues
2025-03-31,payment_issue_general,17,150,0.11333333333333333,Payment Issues
2025-04-01,payment_issue_general,16,152,0.10526315789473684,Payment Issues
2025-04-02,payment_issue_general,20,145,0.13793103448275862,Payment Issues
2025-04-03,payment_issue_general,18,138,0.13043478260869565,Payment Issues
2025-04-04,payment_issue_general,17,116,0.14655172413793102,Payment Issues
2025-04-05,payment_issue_general,21,148,0.14189189189189189,Payment Issues
2025-04-06,payment_issue_general,13,139,0.09352517985611511,Payment Issues
2025-04-07,payment_issue_general,20,119,0.16806722689075632,Payment Issues
2025-04-08,payment_issue_general,18,127,0.14173228346456693,Payment Issues
2025-04-09,payment_issue_general,15,124,0.12096774193548387,Payment Issues
2025-04-10,payment_issue_general,15,147,0.10204081632653061,Payment Issues
2025-04-11,payment_issue_general,18,150,0.12,Payment Issues
2025-04-12,payment_issue_general,20,158,0.12658227848101267,Payment Issues
2025-04-13,payment_issue_general,17,109,0.1559633027522936,Payment Issues
2025-04-14,payment_issue_general,12,132,0.09090909090909091,Payment Issues
2025-04-15,payment_issue_general,9,149,0.06040268456375839,Payment Issues
2025-04-16,payment_issue_general,16,130,0.12307692307692308,Payment Issues
2025-04-17,payment_issue_general,16,123,0.13008130081300814,Payment Issues
2025-04-18,payment_issue_general,15,139,0.1079136690647482,Payment Issues
2025-04-19,payment_issue_general,16,110,0.14545454545454545,Payment Issues
2025-04-20,payment_issue_general,22,128,0.171875,Payment Issues
2025-04-21,payment_issue_general,15,132,0.11363636363636363,Payment Issues
2025-04-22,payment_issue_general,16,137,0.11678832116788321,Payment Issues
2025-04-23,payment_issue_general,21,130,0.16153846153846155,Payment Issues
2025-04-24,payment_issue_general,17,145,0.11724137931034483,Payment Issues
2025-04-25,payment_issue_general,18,121,0.1487603305785124,Payment Issues
2025-04-26,payment_issue_general,26,129,0.20155038759689922,Payment Issues
2025-04-27,payment_issue_general,17,127,0.13385826771653545,Payment Issues
2025-04-28,payment_issue_general,18,118,0.15254237288135594,Payment Issues
2025-04-29,payment_issue_general,12,122,0.09836065573770492,Payment Issues
2025-04-30,payment_issue_general,24,125,0.192,Payment Issues
2025-05-01,payment_issue_general,19,149,0.12751677852348994,Payment Issues
2025-05-02,payment_issue_general,15,122,0.12295081967213115,Payment Issues
2025-05-03,payment_issue_general,22,129,0.17054263565891473,Payment Issues
2025-05-04,payment_issue_general,18,139,0.12949640287769784,Payment Issues
2025-05-05,payment_issue_general,17,126,0.1349206349206349,Payment Issues
2025-05-06,payment_issue_general,25,150,0.16666666666666666,Payment Issues
2025-05-07,payment_issue_general,16,130,0.12307692307692308,Payment Issues
2025-05-08,payment_issue_general,16,118,0.13559322033898305,Payment Issues
2025-05-09,payment_issue_general,16,142,0.11267605633802817,Payment Issues
2025-05-10,payment_issue_general,21,124,0.1693548387096774,Payment Issues
2025-05-11,payment_issue_general,17,132,0.12878787878787878,Payment Issues
2025-05-12,payment_issue_general,24,138,0.17391304347826086,Payment Issues
2025-05-13,payment_issue_general,15,129,0.11627906976744186,Payment Issues
2025-05-14,payment_issue_general,15,119,0.12605042016806722,Payment Issues
2025-05-15,payment_issue_general,8,124,0.06451612903225806,Payment Issues
2025-05-16,payment_issue_general,17,139,0.1223021582733813,Payment Issues
2025-05-17,payment_issue_general,14,124,0.11290322580645161,Payment Issues
2025-05-18,payment_issue_general,13,121,0.10743801652892562,Payment Issues
2025-05-19,payment_issue_general,19,114,0.16666666666666666,Payment Issues
2025-05-20,payment_issue_general,12,130,0.09230769230769231,Payment Issues
2025-05-21,payment_issue_general,15,108,0.1388888888888889,Payment Issues
2025-05-22,payment_issue_general,15,156,0.09615384615384616,Payment Issues
2025-05-23,payment_issue_general,17,148,0.11486486486486487,Payment Issues
2025-05-24,payment_issue_general,16,137,0.11678832116788321,Payment Issues
2025-05-25,payment_issue_general,18,141,0.1276595744680851,Payment Issues
2025-05-26,payment_issue_general,16,119,0.13445378151260504,Payment Issues
2025-05-27,payment_issue_general,15,160,0.09375,Payment Issues
2025-05-28,payment_issue_general,21,147,0.14285714285714285,Payment Issues
2025-05-29,payment_issue_general,11,116,0.09482758620689655,Payment Issues
2025-05-30,payment_issue_general,19,133,0.14285714285714285,Payment Issues
2025-05-31,payment_issue_general,15,140,0.10714285714285714,Payment Issues
2025-06-01,payment_issue_general,17,132,0.12878787878787878,Payment Issues
2025-06-02,payment_issue_general,18,118,0.15254237288135594,Payment Issues
2025-06-03,payment_issue_general,20,121,0.1652892561983471,Payment Issues
2025-06-04,payment_issue_general,19,141,0.1347517730496454,Payment Issues
2025-06-05,payment_issue_general,16,116,0.13793103448275862,Payment Issues
2025-06-06,payment_issue_general,15,140,0.10714285714285714,Payment Issues
2025-06-07,payment_issue_general,16,138,0.11594202898550725,Payment Issues
2025-06-08,payment_issue_general,18,142,0.1267605633802817,Payment Issues
2025-06-09,payment_issue_general,14,126,0.1111111111111111,Payment Issues
2025-06-10,payment_issue_general,21,152,0.13815789473684212,Payment Issues
2025-06-11,payment_issue_general,17,133,0.12781954887218044,Payment Issues
2025-06-12,payment_issue_general,10,137,0.072992700729927,Payment Issues
2025-06-13,payment_issue_general,14,137,0.10218978102189781,Payment Issues
2025-06-14,payment_issue_general,19,113,0.168141592920354,Payment Issues
2025-06-15,payment_issue_general,13,104,0.125,Payment Issues
2025-06-16,payment_issue_general,15,132,0.11363636363636363,Payment Issues
2025-06-17,payment_issue_general,11,117,0.09401709401709402,Payment Issues
2025-06-18,payment_issue_general,21,136,0.15441176470588236,Payment Issues
2025-06-19,payment_issue_general,22,130,0.16923076923076924,Payment Issues
2025-06-20,payment_issue_general,17,137,0.12408759124087591,Payment Issues
2025-06-21,payment_issue_general,22,146,0.1506849315068493,Payment Issues
2025-06-22,payment_issue_general,17,134,0.12686567164179105,Payment Issues
2025-06-23,payment_issue_general,14,116,0.1206896551724138,Payment Issues
2025-06-24,payment_issue_general,20,134,0.14925373134328357,Payment Issues
2025-06-25,payment_issue_general,24,118,0.2033898305084746,Payment Issues
2025-06-26,payment_issue_general,16,119,0.13445378151260504,Payment Issues
2025-06-27,payment_issue_general,12,143,0.08391608391608392,Payment Issues
2025-06-28,payment_issue_general,12,132,0.09090909090909091,Payment Issues
2025-06-29,payment_issue_general,18,140,0.12857142857142856,Payment Issues
2025-06-30,payment_issue_general,13,133,0.09774436090225563,Payment Issues
2025-07-01,payment_issue_general,18,118,0.15254237288135594,Payment Issues
2025-07-02,payment_issue_general,11,128,0.0859375,Payment Issues
2025-07-03,payment_issue_general,13,124,0.10483870967741936,Payment Issues
2025-07-04,payment_issue_general,13,124,0.10483870967741936,Payment Issues
2025-07-05,payment_issue_general,12,126,0.09523809523809523,Payment Issues
2025-07-06,payment_issue_general,15,131,0.11450381679389313,Payment Issues
2025-07-07,payment_issue_general,15,116,0.12931034482758622,Payment Issues
2025-07-08,payment_issue_general,17,158,0.10759493670886076,Payment Issues
2025-07-09,payment_issue_general,15,134,0.11194029850746269,Payment Issues
2025-07-10,payment_issue_general,20,151,0.13245033112582782,Payment Issues
2025-07-11,payment_issue_general,18,139,0.12949640287769784,Payment Issues
2025-07-12,payment_issue_general,18,141,0.1276595744680851,Payment Issues
2025-07-13,payment_issue_general,15,122,0.12295081967213115,Payment Issues
2025-07-14,payment_issue_general,17,123,0.13821138211382114,Payment Issues
2025-07-15,payment_issue_general,16,120,0.13333333333333333,Payment Issues
2025-07-16,payment_issue_general,11,112,0.09821428571428571,Payment Issues
2025-07-17,payment_issue_general,18,136,0.1323529411764706,Payment Issues
2025-07-18,payment_issue_general,21,141,0.14893617021276595,Payment Issues
2025-07-19,payment_issue_general,22,145,0.15172413793103448,Payment Issues
2025-07-20,payment_issue_general,17,147,0.11564625850340136,Payment Issues
2025-07-21,payment_issue_general,10,124,0.08064516129032258,Payment Issues
2025-07-22,payment_issue_general,14,125,0.112,Payment Issues
2025-07-23,payment_issue_general,15,129,0.11627906976744186,Payment Issues
2025-07-24,payment_issue_general,26,154,0.16883116883116883,Payment Issues
2025-07-25,payment_issue_general,14,126,0.1111111111111111,Payment Issues
2025-07-26,payment_issue_general,26,146,0.1780821917808219,Payment Issues
2025-07-27,payment_issue_general,23,144,0.1597222222222222,Payment Issues
2025-07-28,payment_issue_general,14,148,0.0945945945945946,Payment Issues
2025-07-29,payment_issue_general,11,101,0.10891089108910891,Payment Issues
2025-07-30,payment_issue_general,17,133,0.12781954887218044,Payment Issues
2025-07-31,payment_issue_general,18,133,0.13533834586466165,Payment Issues
2025-08-01,payment_issue_general,13,143,0.09090909090909091,Payment Issues
2025-08-02,payment_issue_general,17,151,0.11258278145695365,Payment Issues
2025-08-03,payment_issue_general,18,130,0.13846153846153847,Payment Issues
2025-08-04,payment_issue_general,23,143,0.16083916083916083,Payment Issues
2025-08-05,payment_issue_general,12,122,0.09836065573770492,Payment Issues
2025-08-06,payment_issue_general,17,143,0.11888111888111888,Payment Issues
2025-08-07,payment_issue_general,22,116,0.1896551724137931,Payment Issues
2025-08-08,payment_issue_general,13,124,0.10483870967741936,Payment Issues
2025-08-09,payment_issue_general,14,125,0.112,Payment Issues
2025-08-10,payment_issue_general,15,158,0.0949367088607595,Payment Issues
2025-08-11,payment_issue_general,20,131,0.15267175572519084,Payment Issues
2025-08-12,payment_issue_general,13,155,0.08387096774193549,Payment Issues
2025-08-13,payment_issue_general,19,119,0.15966386554621848,Payment Issues
2025-08-14,payment_issue_general,18,136,0.1323529411764706,Payment Issues
2025-08-15,payment_issue_general,10,142,0.07042253521126761,Payment Issues
2025-08-16,payment_issue_general,12,117,0.10256410256410256,Payment Issues
2025-08-17,payment_issue_general,8,138,0.057971014492753624,Payment Issues
2025-08-18,payment_issue_general,15,117,0.1282051282051282,Payment Issues
2025-08-19,payment_issue_general,23,129,0.17829457364341086,Payment Issues
2025-08-20,payment_issue_general,24,146,0.1643835616438356,Payment Issues
2025-08-21,payment_issue_general,18,145,0.12413793103448276,Payment Issues
2025-08-22,payment_issue_general,20,146,0.136986301369863,Payment Issues
2025-08-23,payment_issue_general,15,122,0.12295081967213115,Payment Issues
2025-08-24,payment_issue_general,21,129,0.16279069767441862,Payment Issues
2025-08-25,payment_issue_general,20,129,0.15503875968992248,Payment Issues
2025-08-26,payment_issue_general,20,124,0.16129032258064516,Payment Issues
2025-08-27,payment_issue_general,10,126,0.07936507936507936,Payment Issues
2025-08-28,payment_issue_general,22,123,0.17886178861788618,Payment Issues
2025-08-29,payment_issue_general,11,121,0.09090909090909091,Payment Issues
2025-08-30,payment_issue_general,11,127,0.08661417322834646,Payment Issues
2025-08-31,payment_issue_general,21,124,0.1693548387096774,Payment Issues
2025-09-01,payment_issue_general,17,132,0.12878787878787878,Payment Issues
2025-09-02,payment_issue_general,17,132,0.12878787878787878,Payment Issues
2025-09-03,payment_issue_general,15,136,0.11029411764705882,Payment Issues
2025-09-04,payment_issue_general,19,133,0.14285714285714285,Payment Issues
2025-09-05,payment_issue_general,10,113,0.08849557522123894,Payment Issues
2025-09-06,payment_issue_general,14,122,0.11475409836065574,Payment Issues
2025-09-07,payment_issue_general,16,141,0.11347517730496454,Payment Issues
2025-09-08,payment_issue_general,18,141,0.1276595744680851,Payment Issues
2025-09-09,payment_issue_general,24,152,0.15789473684210525,Payment Issues
2025-09-10,payment_issue_general,14,127,0.11023622047244094,Payment Issues
2025-09-11,payment_issue_general,17,129,0.13178294573643412,Payment Issues
2025-09-12,payment_issue_general,17,129,0.13178294573643412,Payment Issues
2025-09-13,payment_issue_general,9,115,0.0782608695652174,Payment Issues
2025-09-14,payment_issue_general,17,119,0.14285714285714285,Payment Issues
2025-09-15,payment_issue_general,15,132,0.11363636363636363,Payment Issues
2025-09-16,payment_issue_general,16,133,0.12030075187969924,Payment Issues
2025-09-17,payment_issue_general,11,137,0.08029197080291971,Payment Issues
2025-09-18,payment_issue_general,17,135,0.1259259259259259,Payment Issues
2025-09-19,payment_issue_general,13,138,0.09420289855072464,Payment Issues
2025-09-20,payment_issue_general,14,142,0.09859154929577464,Payment Issues
2025-09-21,payment_issue_general,8,118,0.06779661016949153,Payment Issues
2025-09-22,payment_issue_general,12,117,0.10256410256410256,Payment Issues
2025-09-23,payment_issue_general,13,125,0.104,Payment Issues
2025-09-24,payment_issue_general,11,129,0.08527131782945736,Payment Issues
2025-09-25,payment_issue_general,12,113,0.10619469026548672,Payment Issues
2025-09-26,payment_issue_general,10,135,0.07407407407407407,Payment Issues
2025-09-27,payment_issue_general,18,146,0.1232876712328767,Payment Issues
2025-09-28,payment_issue_general,25,140,0.17857142857142858,Payment Issues
2025-09-29,payment_issue_general,18,122,0.14754098360655737,Payment Issues
2025-09-30,payment_issue_general,19,134,0.1417910447761194,Payment Issues
2025-10-01,payment_issue_general,13,135,0.0962962962962963,Payment Issues
2025-10-02,payment_issue_general,12,114,0.10526315789473684,Payment Issues
2025-10-03,payment_issue_general,17,125,0.136,Payment Issues
2025-10-04,payment_issue_general,15,139,0.1079136690647482,Payment Issues
2025-10-05,payment_issue_general,13,118,0.11016949152542373,Payment Issues
2025-10-06,payment_issue_general,20,130,0.15384615384615385,Payment Issues
2025-10-07,payment_issue_general,23,130,0.17692307692307693,Payment Issues
2025-10-08,payment_issue_general,18,129,0.13953488372093023,Payment Issues
2025-10-09,payment_issue_general,21,141,0.14893617021276595,Payment Issues
2025-10-10,payment_issue_general,15,127,0.11811023622047244,Payment Issues
2025-10-11,payment_issue_general,14,142,0.09859154929577464,Payment Issues
2025-10-12,payment_issue_general,17,116,0.14655172413793102,Payment Issues
2025-10-13,payment_issue_general,16,121,0.1322314049586777,Payment Issues
2025-10-14,payment_issue_general,21,123,0.17073170731707318,Payment Issues
2025-10-15,payment_issue_general,16,137,0.11678832116788321,Payment Issues
2025-10-16,payment_issue_general,20,143,0.13986013986013987,Payment Issues
2025-10-17,payment_issue_general,9,107,0.08411214953271028,Payment Issues
2025-10-18,payment_issue_general,15,143,0.1048951048951049,Payment Issues
2025-10-19,payment_issue_general,12,114,0.10526315789473684,Payment Issues
2025-10-20,payment_issue_general,15,110,0.13636363636363635,Payment Issues
2025-10-21,payment_issue_general,11,115,0.09565217391304348,Payment Issues
2025-10-22,payment_issue_general,19,115,0.16521739130434782,Payment Issues
2025-10-23,payment_issue_general,17,140,0.12142857142857143,Payment Issues
2025-10-24,payment_issue_general,21,130,0.16153846153846155,Payment Issues
2025-10-25,payment_issue_general,20,133,0.15037593984962405,Payment Issues
2025-10-26,payment_issue_general,19,138,0.13768115942028986,Payment Issues
2025-10-27,payment_issue_general,19,132,0.14393939393939395,Payment Issues
2025-10-28,payment_issue_general,22,142,0.15492957746478872,Payment Issues
2025-10-29,payment_issue_general,19,134,0.1417910447761194,Payment Issues
2025-10-30,payment_issue_general,11,130,0.08461538461538462,Payment Issues
2025-10-31,payment_issue_general,13,105,0.12380952380952381,Payment Issues
2025-11-01,payment_issue_general,21,149,0.14093959731543623,Payment Issues
2025-11-02,payment_issue_general,18,128,0.140625,Payment Issues
2025-11-03,payment_issue_general,15,136,0.11029411764705882,Payment Issues
2025-11-04,payment_issue_general,12,130,0.09230769230769231,Payment Issues
2025-11-05,payment_issue_general,13,133,0.09774436090225563,Payment Issues
2025-11-06,payment_issue_general,17,126,0.1349206349206349,Payment Issues
2025-11-07,payment_issue_general,22,146,0.1506849315068493,Payment Issues
2025-11-08,payment_issue_general,16,142,0.11267605633802817,Payment Issues
2025-11-09,payment_issue_general,19,118,0.16101694915254236,Payment Issues
2025-11-10,payment_issue_general,13,129,0.10077519379844961,Payment Issues
2025-11-11,payment_issue_general,17,145,0.11724137931034483,Payment Issues
2025-11-12,payment_issue_general,16,112,0.14285714285714285,Payment Issues
2025-11-13,payment_issue_general,17,136,0.125,Payment Issues
2025-11-14,payment_issue_general,19,117,0.1623931623931624,Payment Issues
2025-11-15,payment_issue_general,19,110,0.17272727272727273,Payment Issues
2025-11-16,payment_issue_general,23,137,0.1678832116788321,Payment Issues
2025-11-17,payment_issue_general,16,149,0.10738255033557047,Payment Issues
2025-11-18,payment_issue_general,16,134,0.11940298507462686,Payment Issues
2025-11-19,payment_issue_general,17,123,0.13821138211382114,Payment Issues
2025-11-20,payment_issue_general,13,143,0.09090909090909091,Payment Issues
2025-11-21,payment_issue_general,15,120,0.125,Payment Issues
2025-11-22,payment_issue_general,15,130,0.11538461538461539,Payment Issues
2025-11-23,payment_issue_general,23,129,0.17829457364341086,Payment Issues
2025-11-24,payment_issue_general,13,121,0.10743801652892562,Payment Issues
2025-11-25,payment_issue_general,10,119,0.08403361344537816,Payment Issues
2025-11-26,payment_issue_general,11,119,0.09243697478991597,Payment Issues
2025-11-27,payment_issue_general,16,140,0.11428571428571428,Payment Issues
2025-11-28,payment_issue_general,13,129,0.10077519379844961,Payment Issues
2025-11-29,payment_issue_general,19,151,0.12582781456953643,Payment Issues
2025-11-30,payment_issue_general,10,129,0.07751937984496124,Payment Issues
2025-12-01,payment_issue_general,25,168,0.1488095238095238,Payment Issues
2025-12-02,payment_issue_general,14,119,0.11764705882352941,Payment Issues
2025-12-03,payment_issue_general,14,133,0.10526315789473684,Payment Issues
2025-12-04,payment_issue_general,18,139,0.12949640287769784,Payment Issues
2025-12-05,payment_issue_general,10,113,0.08849557522123894,Payment Issues
2025-12-06,payment_issue_general,17,134,0.12686567164179105,Payment Issues
2025-12-07,payment_issue_general,18,124,0.14516129032258066,Payment Issues
2025-12-08,payment_issue_general,17,153,0.1111111111111111,Payment Issues
2025-12-09,payment_issue_general,14,134,0.1044776119402985,Payment Issues
2025-12-10,payment_issue_general,20,147,0.1360544217687075,Payment Issues
2025-12-11,payment_issue_general,12,132,0.09090909090909091,Payment Issues
2025-12-12,payment_issue_general,21,131,0.16030534351145037,Payment Issues
2025-12-13,payment_issue_general,19,137,0.1386861313868613,Payment Issues
2025-12-14,payment_issue_general,10,105,0.09523809523809523,Payment Issues
2025-12-15,payment_issue_general,18,122,0.14754098360655737,Payment Issues
2025-12-16,payment_issue_general,15,136,0.11029411764705882,Payment Issues
2025-12-17,payment_issue_general,16,128,0.125,Payment Issues
2025-12-18,payment_issue_general,18,118,0.15254237288135594,Payment Issues
2025-12-19,payment_issue_general,17,140,0.12142857142857143,Payment Issues
2025-12-20,payment_issue_general,27,145,0.18620689655172415,Payment Issues
2025-12-21,payment_issue_general,17,121,0.14049586776859505,Payment Issues
2025-12-22,payment_issue_general,17,138,0.12318840579710146,Payment Issues
2025-12-23,payment_issue_general,31,137,0.22627737226277372,Payment Issues
2025-12-24,payment_issue_general,17,123,0.13821138211382114,Payment Issues
2025-12-25,payment_issue_general,17,123,0.13821138211382114,Payment Issues
2025-12-26,payment_issue_general,17,135,0.1259259259259259,Payment Issues
2025-12-27,payment_issue_general,16,119,0.13445378151260504,Payment Issues
2025-12-28,payment_issue_general,17,151,0.11258278145695365,Payment Issues
2025-12-29,payment_issue_general,14,130,0.1076923076923077,Payment Issues
2025-12-30,payment_issue_general,16,115,0.1391304347826087,Payment Issues
2025-12-31,payment_issue_general,19,134,0.1417910447761194,Payment Issues
2026-01-01,payment_issue_general,12,140,0.08571428571428572,Payment Issues
2026-01-02,payment_issue_general,15,116,0.12931034482758622,Payment Issues
2026-01-03,payment_issue_general,12,132,0.09090909090909091,Payment Issues
2026-01-04,payment_issue_general,15,123,0.12195121951219512,Payment Issues
2026-01-05,payment_issue_general,13,125,0.104,Payment Issues
2026-01-06,payment_issue_general,14,137,0.10218978102189781,Payment Issues
2026-01-07,payment_issue_general,11,123,0.08943089430894309,Payment Issues
2026-01-08,payment_issue_general,15,111,0.13513513513513514,Payment Issues
2026-01-09,payment_issue_general,13,127,0.10236220472440945,Payment Issues
2026-01-10,payment_issue_general,11,143,0.07692307692307693,Payment Issues
2026-01-11,payment_issue_general,14,118,0.11864406779661017,Payment Issues
2026-01-12,payment_issue_general,24,145,0.16551724137931034,Payment Issues
2026-01-13,payment_issue_general,13,138,0.09420289855072464,Payment Issues
2026-01-14,payment_issue_general,19,127,0.14960629921259844,Payment Issues
2026-01-15,payment_issue_general,17,135,0.1259259259259259,Payment Issues
2026-01-16,payment_issue_general,14,120,0.11666666666666667,Payment Issues
2026-01-17,payment_issue_general,10,120,0.08333333333333333,Payment Issues
2026-01-18,payment_issue_general,12,131,0.0916030534351145,Payment Issues
2026-01-19,payment_issue_general,15,136,0.11029411764705882,Payment Issues
2026-01-20,payment_issue_general,17,127,0.13385826771653545,Payment Issues
2026-01-21,payment_issue_general,17,130,0.13076923076923078,Payment Issues
2026-01-22,payment_issue_general,15,149,0.10067114093959731,Payment Issues
2026-01-23,payment_issue_general,13,115,0.11304347826086956,Payment Issues
2026-01-24,payment_issue_general,17,134,0.12686567164179105,Payment Issues
2026-01-25,payment_issue_general,15,124,0.12096774193548387,Payment Issues
2026-01-26,payment_issue_general,16,125,0.128,Payment Issues
2026-01-27,payment_issue_general,17,139,0.1223021582733813,Payment Issues
2026-01-28,payment_issue_general,19,121,0.15702479338842976,Payment Issues
2026-01-29,payment_issue_general,21,132,0.1590909090909091,Payment Issues
2026-01-30,payment_issue_general,17,140,0.12142857142857143,Payment Issues
2026-01-31,payment_issue_general,20,114,0.17543859649122806,Payment Issues
2026-02-01,payment_issue_general,17,115,0.14782608695652175,Payment Issues
2026-02-02,payment_issue_general,20,147,0.1360544217687075,Payment Issues
2026-02-03,payment_issue_general,29,153,0.1895424836601307,Payment Issues
2026-02-04,payment_issue_general,23,136,0.16911764705882354,Payment Issues
2026-02-05,payment_issue_general,16,133,0.12030075187969924,Payment Issues
2026-02-06,payment_issue_general,10,126,0.07936507936507936,Payment Issues
2026-02-07,payment_issue_general,18,143,0.1258741258741259,Payment Issues
2026-02-08,payment_issue_general,14,140,0.1,Payment Issues
2026-02-09,payment_issue_general,11,137,0.08029197080291971,Payment Issues
2026-02-10,payment_issue_general,16,134,0.11940298507462686,Payment Issues
2026-02-11,payment_issue_general,15,121,0.12396694214876033,Payment Issues
2026-02-12,payment_issue_general,18,130,0.13846153846153847,Payment Issues
2026-02-13,payment_issue_general,14,131,0.10687022900763359,Payment Issues
2026-02-14,payment_issue_general,11,129,0.08527131782945736,Payment Issues
2026-02-15,payment_issue_general,15,141,0.10638297872340426,Payment Issues
2026-02-16,payment_issue_general,22,149,0.1476510067114094,Payment Issues
2026-02-17,payment_issue_general,11,118,0.09322033898305085,Payment Issues
2026-02-18,payment_issue_general,12,121,0.09917355371900827,Payment Issues
2026-02-19,payment_issue_general,20,123,0.16260162601626016,Payment Issues
2026-02-20,payment_issue_general,14,131,0.10687022900763359,Payment Issues
2026-02-21,payment_issue_general,20,156,0.1282051282051282,Payment Issues
2026-02-22,payment_issue_general,16,118,0.13559322033898305,Payment Issues
2026-02-23,payment_issue_general,11,145,0.07586206896551724,Payment Issues
2026-02-24,payment_issue_general,22,140,0.15714285714285714,Payment Issues
2026-02-25,payment_issue_general,13,114,0.11403508771929824,Payment Issues
2026-02-26,payment_issue_general,14,140,0.1,Payment Issues
2026-02-27,payment_issue_general,15,138,0.10869565217391304,Payment Issues
2026-02-28,payment_issue_general,16,113,0.1415929203539823,Payment Issues
2026-03-01,payment_issue_general,10,137,0.072992700729927,Payment Issues
2026-03-02,payment_issue_general,18,131,0.13740458015267176,Payment Issues
2026-03-03,payment_issue_general,23,164,0.1402439024390244,Payment Issues
2026-03-04,payment_issue_general,24,144,0.16666666666666666,Payment Issues
2026-03-05,payment_issue_general,17,147,0.11564625850340136,Payment Issues
2026-03-06,payment_issue_general,23,131,0.17557251908396945,Payment Issues
2026-03-07,payment_issue_general,23,133,0.17293233082706766,Payment Issues
2026-03-08,payment_issue_general,18,128,0.140625,Payment Issues
2026-03-09,payment_issue_general,19,124,0.1532258064516129,Payment Issues
2026-03-10,payment_issue_general,19,129,0.14728682170542637,Payment Issues
2026-03-11,payment_issue_general,16,127,0.12598425196850394,Payment Issues
2026-03-12,payment_issue_general,16,120,0.13333333333333333,Payment Issues
2026-03-13,payment_issue_general,22,139,0.15827338129496402,Payment Issues
2026-03-14,payment_issue_general,17,131,0.1297709923664122,Payment Issues
2026-03-15,payment_issue_general,18,123,0.14634146341463414,Payment Issues
2026-03-16,payment_issue_general,12,119,0.10084033613445378,Payment Issues
2026-03-17,payment_issue_general,13,138,0.09420289855072464,Payment Issues
2026-03-18,payment_issue_general,18,150,0.12,Payment Issues
2026-03-19,payment_issue_general,5,136,0.03676470588235294,Payment Issues
2026-03-20,payment_issue_general,17,142,0.11971830985915492,Payment Issues
2026-03-21,payment_issue_general,16,114,0.14035087719298245,Payment Issues
2026-03-22,payment_issue_general,18,146,0.1232876712328767,Payment Issues
2026-03-23,payment_issue_general,23,139,0.16546762589928057,Payment Issues
2026-03-24,payment_issue_general,18,121,0.1487603305785124,Payment Issues
2026-03-25,payment_issue_general,17,140,0.12142857142857143,Payment Issues
2026-03-26,payment_issue_general,17,138,0.12318840579710146,Payment Issues
2026-03-27,payment_issue_general,20,139,0.14388489208633093,Payment Issues
2026-03-28,payment_issue_general,9,116,0.07758620689655173,Payment Issues
2026-03-29,payment_issue_general,13,130,0.1,Payment Issues
2026-03-30,payment_issue_general,22,145,0.15172413793103448,Payment Issues
2026-03-31,payment_issue_general,12,125,0.096,Payment Issues
2026-04-01,payment_issue_general,16,126,0.12698412698412698,Payment Issues
2026-04-02,payment_issue_general,17,124,0.13709677419354838,Payment Issues
2026-04-03,payment_issue_general,14,139,0.10071942446043165,Payment Issues
2026-04-04,payment_issue_general,17,138,0.12318840579710146,Payment Issues
2026-04-05,payment_issue_general,19,134,0.1417910447761194,Payment Issues
2026-04-06,payment_issue_general,16,144,0.1111111111111111,Payment Issues
2026-04-07,payment_issue_general,20,135,0.14814814814814814,Payment Issues
2026-04-08,payment_issue_general,14,116,0.1206896551724138,Payment Issues
2026-04-09,payment_issue_general,18,131,0.13740458015267176,Payment Issues
2026-04-10,payment_issue_general,20,137,0.145985401459854,Payment Issues
2026-04-11,payment_issue_general,10,131,0.07633587786259542,Payment Issues
2026-04-12,payment_issue_general,15,129,0.11627906976744186,Payment Issues
2026-04-13,payment_issue_general,13,121,0.10743801652892562,Payment Issues
2026-04-14,payment_issue_general,22,132,0.16666666666666666,Payment Issues
2026-04-15,payment_issue_general,10,131,0.07633587786259542,Payment Issues
2026-04-16,payment_issue_general,16,135,0.11851851851851852,Payment Issues
2026-04-17,payment_issue_general,16,125,0.128,Payment Issues
2026-04-18,payment_issue_general,16,137,0.11678832116788321,Payment Issues
2026-04-19,payment_issue_general,17,118,0.1440677966101695,Payment Issues
2026-04-20,payment_issue_general,18,140,0.12857142857142856,Payment Issues
2026-04-21,payment_issue_general,13,128,0.1015625,Payment Issues
2026-04-22,payment_issue_general,11,139,0.07913669064748201,Payment Issues
2026-04-23,payment_issue_general,17,125,0.136,Payment Issues
2026-04-24,payment_issue_general,20,130,0.15384615384615385,Payment Issues
2026-04-25,payment_issue_general,14,107,0.1308411214953271,Payment Issues
2026-04-26,payment_issue_general,8,140,0.05714285714285714,Payment Issues
2026-04-27,payment_issue_general,11,140,0.07857142857142857,Payment Issues
2026-04-28,payment_issue_general,17,113,0.1504424778761062,Payment Issues
2026-04-29,payment_issue_general,18,138,0.13043478260869565,Payment Issues
2026-04-30,payment_issue_general,13,126,0.10317460317460317,Payment Issues
2026-05-01,payment_issue_general,10,141,0.07092198581560284,Payment Issues
2026-05-02,payment_issue_general,9,128,0.0703125,Payment Issues
2026-05-03,payment_issue_general,10,137,0.072992700729927,Payment Issues
2026-05-04,payment_issue_general,12,143,0.08391608391608392,Payment Issues
2026-05-05,payment_issue_general,15,155,0.0967741935483871,Payment Issues
2026-05-06,payment_issue_general,18,127,0.14173228346456693,Payment Issues
2026-05-07,payment_issue_general,18,139,0.12949640287769784,Payment Issues
2026-05-08,payment_issue_general,18,136,0.1323529411764706,Payment Issues
2026-05-09,payment_issue_general,9,130,0.06923076923076923,Payment Issues
2026-05-10,payment_issue_general,17,134,0.12686567164179105,Payment Issues
2026-05-11,payment_issue_general,20,125,0.16,Payment Issues
2026-05-12,payment_issue_general,18,132,0.13636363636363635,Payment Issues
2026-05-13,payment_issue_general,13,123,0.10569105691056911,Payment Issues
2026-05-14,payment_issue_general,14,132,0.10606060606060606,Payment Issues
2026-05-15,payment_issue_general,11,131,0.08396946564885496,Payment Issues
2026-05-16,payment_issue_general,19,136,0.13970588235294118,Payment Issues
2026-05-17,payment_issue_general,17,135,0.1259259259259259,Payment Issues
2026-05-18,payment_issue_general,17,120,0.14166666666666666,Payment Issues
2026-05-19,payment_issue_general,29,138,0.21014492753623187,Payment Issues
2026-05-20,payment_issue_general,18,140,0.12857142857142856,Payment Issues
2026-05-21,payment_issue_general,12,118,0.1016949152542373,Payment Issues
2026-05-22,payment_issue_general,22,141,0.15602836879432624,Payment Issues
2026-05-23,payment_issue_general,14,130,0.1076923076923077,Payment Issues
2026-05-24,payment_issue_general,15,124,0.12096774193548387,Payment Issues
2026-05-25,payment_issue_general,19,128,0.1484375,Payment Issues
2026-05-26,payment_issue_general,22,111,0.1981981981981982,Payment Issues
2026-05-27,payment_issue_general,15,136,0.11029411764705882,Payment Issues
2026-05-28,payment_issue_general,16,125,0.128,Payment Issues
2026-05-29,payment_issue_general,16,125,0.128,Payment Issues
2026-05-30,payment_issue_general,14,111,0.12612612612612611,Payment Issues
2026-05-31,payment_issue_general,11,154,0.07142857142857142,Payment Issues
2026-06-01,payment_issue_general,14,125,0.112,Payment Issues
2026-06-02,payment_issue_general,22,144,0.1527777777777778,Payment Issues
2026-06-03,payment_issue_general,12,141,0.0851063829787234,Payment Issues
2026-06-04,payment_issue_general,18,134,0.13432835820895522,Payment Issues
2026-06-05,payment_issue_general,13,138,0.09420289855072464,Payment Issues
2026-06-06,payment_issue_general,16,133,0.12030075187969924,Payment Issues
2026-06-07,payment_issue_general,15,132,0.11363636363636363,Payment Issues
2026-06-08,payment_issue_general,16,124,0.12903225806451613,Payment Issues
2026-06-09,payment_issue_general,19,141,0.1347517730496454,Payment Issues
2026-06-10,payment_issue_general,14,122,0.11475409836065574,Payment Issues
2026-06-11,payment_issue_general,16,143,0.11188811188811189,Payment Issues
2026-06-12,payment_issue_general,15,126,0.11904761904761904,Payment Issues
2026-06-13,payment_issue_general,11,115,0.09565217391304348,Payment Issues
2026-06-14,payment_issue_general,15,126,0.11904761904761904,Payment Issues
2026-06-15,payment_issue_general,16,126,0.12698412698412698,Payment Issues
2026-06-16,payment_issue_general,19,130,0.14615384615384616,Payment Issues
2026-06-17,payment_issue_general,17,131,0.1297709923664122,Payment Issues
2026-06-18,payment_issue_general,22,131,0.16793893129770993,Payment Issues
2026-06-19,payment_issue_general,16,147,0.10884353741496598,Payment Issues
2026-06-20,payment_issue_general,12,115,0.10434782608695652,Payment Issues
2026-06-21,payment_issue_general,17,124,0.13709677419354838,Payment Issues
2026-06-22,payment_issue_general,16,142,0.11267605633802817,Payment Issues
2026-06-23,payment_issue_general,13,131,0.09923664122137404,Payment Issues
2026-06-24,payment_issue_general,14,123,0.11382113821138211,Payment Issues
2026-06-25,payment_issue_general,18,129,0.13953488372093023,Payment Issues
2026-06-26,payment_issue_general,16,146,0.1095890410958904,Payment Issues
2026-06-27,payment_issue_general,24,123,0.1951219512195122,Payment Issues
2026-06-28,payment_issue_general,15,137,0.10948905109489052,Payment Issues
2026-06-29,payment_issue_general,14,119,0.11764705882352941,Payment Issues
2024-01-01,pricing,13,132,0.09848484848484848,Pricing
2024-01-02,pricing,12,132,0.09090909090909091,Pricing
2024-01-03,pricing,18,146,0.1232876712328767,Pricing
2024-01-04,pricing,23,154,0.14935064935064934,Pricing
2024-01-05,pricing,13,134,0.09701492537313433,Pricing
2024-01-06,pricing,24,142,0.16901408450704225,Pricing
2024-01-07,pricing,20,148,0.13513513513513514,Pricing
2024-01-08,pricing,15,140,0.10714285714285714,Pricing
2024-01-09,pricing,26,152,0.17105263157894737,Pricing
2024-01-10,pricing,17,134,0.12686567164179105,Pricing
2024-01-11,pricing,14,145,0.09655172413793103,Pricing
2024-01-12,pricing,12,104,0.11538461538461539,Pricing
2024-01-13,pricing,24,140,0.17142857142857143,Pricing
2024-01-14,pricing,18,142,0.1267605633802817,Pricing
2024-01-15,pricing,23,130,0.17692307692307693,Pricing
2024-01-16,pricing,16,113,0.1415929203539823,Pricing
2024-01-17,pricing,22,130,0.16923076923076924,Pricing
2024-01-18,pricing,31,145,0.21379310344827587,Pricing
2024-01-19,pricing,10,133,0.07518796992481203,Pricing
2024-01-20,pricing,14,137,0.10218978102189781,Pricing
2024-01-21,pricing,13,144,0.09027777777777778,Pricing
2024-01-22,pricing,19,147,0.1292517006802721,Pricing
2024-01-23,pricing,16,153,0.10457516339869281,Pricing
2024-01-24,pricing,16,132,0.12121212121212122,Pricing
2024-01-25,pricing,8,147,0.05442176870748299,Pricing
2024-01-26,pricing,24,133,0.18045112781954886,Pricing
2024-01-27,pricing,15,146,0.10273972602739725,Pricing
2024-01-28,pricing,17,138,0.12318840579710146,Pricing
2024-01-29,pricing,20,127,0.15748031496062992,Pricing
2024-01-30,pricing,21,131,0.16030534351145037,Pricing
2024-01-31,pricing,18,123,0.14634146341463414,Pricing
2024-02-01,pricing,14,140,0.1,Pricing
2024-02-02,pricing,18,116,0.15517241379310345,Pricing
2024-02-03,pricing,12,113,0.10619469026548672,Pricing
2024-02-04,pricing,12,138,0.08695652173913043,Pricing
2024-02-05,pricing,20,135,0.14814814814814814,Pricing
2024-02-06,pricing,11,124,0.08870967741935484,Pricing
2024-02-07,pricing,24,131,0.183206106870229,Pricing
2024-02-08,pricing,14,110,0.12727272727272726,Pricing
2024-02-09,pricing,16,125,0.128,Pricing
2024-02-10,pricing,19,138,0.13768115942028986,Pricing
2024-02-11,pricing,18,125,0.144,Pricing
2024-02-12,pricing,20,151,0.13245033112582782,Pricing
2024-02-13,pricing,8,119,0.06722689075630252,Pricing
2024-02-14,pricing,16,158,0.10126582278481013,Pricing
2024-02-15,pricing,16,126,0.12698412698412698,Pricing
2024-02-16,pricing,24,120,0.2,Pricing
2024-02-17,pricing,14,126,0.1111111111111111,Pricing
2024-02-18,pricing,19,130,0.14615384615384616,Pricing
2024-02-19,pricing,21,140,0.15,Pricing
2024-02-20,pricing,16,133,0.12030075187969924,Pricing
2024-02-21,pricing,18,141,0.1276595744680851,Pricing
2024-02-22,pricing,20,138,0.14492753623188406,Pricing
2024-02-23,pricing,17,139,0.1223021582733813,Pricing
2024-02-24,pricing,21,128,0.1640625,Pricing
2024-02-25,pricing,17,126,0.1349206349206349,Pricing
2024-02-26,pricing,12,119,0.10084033613445378,Pricing
2024-02-27,pricing,12,125,0.096,Pricing
2024-02-28,pricing,13,126,0.10317460317460317,Pricing
2024-02-29,pricing,19,126,0.15079365079365079,Pricing
2024-03-01,pricing,13,121,0.10743801652892562,Pricing
2024-03-02,pricing,21,141,0.14893617021276595,Pricing
2024-03-03,pricing,18,136,0.1323529411764706,Pricing
2024-03-04,pricing,17,128,0.1328125,Pricing
2024-03-05,pricing,10,109,0.09174311926605505,Pricing
2024-03-06,pricing,14,111,0.12612612612612611,Pricing
2024-03-07,pricing,16,129,0.12403100775193798,Pricing
2024-03-08,pricing,13,113,0.11504424778761062,Pricing
2024-03-09,pricing,16,127,0.12598425196850394,Pricing
2024-03-10,pricing,17,128,0.1328125,Pricing
2024-03-11,pricing,15,133,0.11278195488721804,Pricing
2024-03-12,pricing,12,109,0.11009174311926606,Pricing
2024-03-13,pricing,17,134,0.12686567164179105,Pricing
2024-03-14,pricing,12,122,0.09836065573770492,Pricing
2024-03-15,pricing,18,152,0.11842105263157894,Pricing
2024-03-16,pricing,13,139,0.09352517985611511,Pricing
2024-03-17,pricing,16,135,0.11851851851851852,Pricing
2024-03-18,pricing,21,143,0.14685314685314685,Pricing
2024-03-19,pricing,17,140,0.12142857142857143,Pricing
2024-03-20,pricing,15,122,0.12295081967213115,Pricing
2024-03-21,pricing,15,126,0.11904761904761904,Pricing
2024-03-22,pricing,13,123,0.10569105691056911,Pricing
2024-03-23,pricing,16,124,0.12903225806451613,Pricing
2024-03-24,pricing,18,158,0.11392405063291139,Pricing
2024-03-25,pricing,18,156,0.11538461538461539,Pricing
2024-03-26,pricing,19,131,0.1450381679389313,Pricing
2024-03-27,pricing,20,134,0.14925373134328357,Pricing
2024-03-28,pricing,21,130,0.16153846153846155,Pricing
2024-03-29,pricing,23,151,0.152317880794702,Pricing
2024-03-30,pricing,20,121,0.1652892561983471,Pricing
2024-03-31,pricing,14,133,0.10526315789473684,Pricing
2024-04-01,pricing,17,136,0.125,Pricing
2024-04-02,pricing,6,124,0.04838709677419355,Pricing
2024-04-03,pricing,13,117,0.1111111111111111,Pricing
2024-04-04,pricing,25,132,0.1893939393939394,Pricing
2024-04-05,pricing,17,135,0.1259259259259259,Pricing
2024-04-06,pricing,19,132,0.14393939393939395,Pricing
2024-04-07,pricing,18,124,0.14516129032258066,Pricing
2024-04-08,pricing,22,139,0.15827338129496402,Pricing
2024-04-09,pricing,15,130,0.11538461538461539,Pricing
2024-04-10,pricing,17,152,0.1118421052631579,Pricing
2024-04-11,pricing,14,108,0.12962962962962962,Pricing
2024-04-12,pricing,16,133,0.12030075187969924,Pricing
2024-04-13,pricing,13,123,0.10569105691056911,Pricing
2024-04-14,pricing,22,143,0.15384615384615385,Pricing
2024-04-15,pricing,23,130,0.17692307692307693,Pricing
2024-04-16,pricing,18,127,0.14173228346456693,Pricing
2024-04-17,pricing,15,121,0.12396694214876033,Pricing
2024-04-18,pricing,22,155,0.14193548387096774,Pricing
2024-04-19,pricing,19,137,0.1386861313868613,Pricing
2024-04-20,pricing,16,147,0.10884353741496598,Pricing
2024-04-21,pricing,25,137,0.18248175182481752,Pricing
2024-04-22,pricing,16,130,0.12307692307692308,Pricing
2024-04-23,pricing,10,119,0.08403361344537816,Pricing
2024-04-24,pricing,20,121,0.1652892561983471,Pricing
2024-04-25,pricing,16,124,0.12903225806451613,Pricing
2024-04-26,pricing,19,138,0.13768115942028986,Pricing
2024-04-27,pricing,9,118,0.07627118644067797,Pricing
2024-04-28,pricing,16,127,0.12598425196850394,Pricing
2024-04-29,pricing,13,131,0.09923664122137404,Pricing
2024-04-30,pricing,16,137,0.11678832116788321,Pricing
2024-05-01,pricing,17,136,0.125,Pricing
2024-05-02,pricing,17,101,0.16831683168316833,Pricing
2024-05-03,pricing,19,138,0.13768115942028986,Pricing
2024-05-04,pricing,12,135,0.08888888888888889,Pricing
2024-05-05,pricing,19,116,0.16379310344827586,Pricing
2024-05-06,pricing,16,140,0.11428571428571428,Pricing
2024-05-07,pricing,20,124,0.16129032258064516,Pricing
2024-05-08,pricing,27,141,0.19148936170212766,Pricing
2024-05-09,pricing,23,125,0.184,Pricing
2024-05-10,pricing,19,133,0.14285714285714285,Pricing
2024-05-11,pricing,20,137,0.145985401459854,Pricing
2024-05-12,pricing,22,133,0.16541353383458646,Pricing
2024-05-13,pricing,18,151,0.11920529801324503,Pricing
2024-05-14,pricing,16,119,0.13445378151260504,Pricing
2024-05-15,pricing,12,114,0.10526315789473684,Pricing
2024-05-16,pricing,15,129,0.11627906976744186,Pricing
2024-05-17,pricing,20,117,0.17094017094017094,Pricing
2024-05-18,pricing,13,130,0.1,Pricing
2024-05-19,pricing,17,123,0.13821138211382114,Pricing
2024-05-20,pricing,17,141,0.12056737588652482,Pricing
2024-05-21,pricing,19,130,0.14615384615384616,Pricing
2024-05-22,pricing,21,140,0.15,Pricing
2024-05-23,pricing,17,134,0.12686567164179105,Pricing
2024-05-24,pricing,12,132,0.09090909090909091,Pricing
2024-05-25,pricing,17,125,0.136,Pricing
2024-05-26,pricing,22,148,0.14864864864864866,Pricing
2024-05-27,pricing,11,108,0.10185185185185185,Pricing
2024-05-28,pricing,17,125,0.136,Pricing
2024-05-29,pricing,15,122,0.12295081967213115,Pricing
2024-05-30,pricing,22,133,0.16541353383458646,Pricing
2024-05-31,pricing,15,121,0.12396694214876033,Pricing
2024-06-01,pricing,12,128,0.09375,Pricing
2024-06-02,pricing,13,122,0.10655737704918032,Pricing
2024-06-03,pricing,15,130,0.11538461538461539,Pricing
2024-06-04,pricing,19,133,0.14285714285714285,Pricing
2024-06-05,pricing,15,125,0.12,Pricing
2024-06-06,pricing,14,145,0.09655172413793103,Pricing
2024-06-07,pricing,15,126,0.11904761904761904,Pricing
2024-06-08,pricing,15,136,0.11029411764705882,Pricing
2024-06-09,pricing,20,120,0.16666666666666666,Pricing
2024-06-10,pricing,11,107,0.102803738317757,Pricing
2024-06-11,pricing,18,143,0.1258741258741259,Pricing
2024-06-12,pricing,12,128,0.09375,Pricing
2024-06-13,pricing,20,136,0.14705882352941177,Pricing
2024-06-14,pricing,23,125,0.184,Pricing
2024-06-15,pricing,16,133,0.12030075187969924,Pricing
2024-06-16,pricing,18,155,0.11612903225806452,Pricing
2024-06-17,pricing,22,129,0.17054263565891473,Pricing
2024-06-18,pricing,21,133,0.15789473684210525,Pricing
2024-06-19,pricing,17,120,0.14166666666666666,Pricing
2024-06-20,pricing,14,119,0.11764705882352941,Pricing
2024-06-21,pricing,15,129,0.11627906976744186,Pricing
2024-06-22,pricing,17,146,0.11643835616438356,Pricing
2024-06-23,pricing,15,146,0.10273972602739725,Pricing
2024-06-24,pricing,17,144,0.11805555555555555,Pricing
2024-06-25,pricing,21,162,0.12962962962962962,Pricing
2024-06-26,pricing,16,129,0.12403100775193798,Pricing
2024-06-27,pricing,17,148,0.11486486486486487,Pricing
2024-06-28,pricing,10,106,0.09433962264150944,Pricing
2024-06-29,pricing,11,124,0.08870967741935484,Pricing
2024-06-30,pricing,26,156,0.16666666666666666,Pricing
2024-07-01,pricing,19,126,0.15079365079365079,Pricing
2024-07-02,pricing,13,122,0.10655737704918032,Pricing
2024-07-03,pricing,14,124,0.11290322580645161,Pricing
2024-07-04,pricing,18,146,0.1232876712328767,Pricing
2024-07-05,pricing,23,154,0.14935064935064934,Pricing
2024-07-06,pricing,7,128,0.0546875,Pricing
2024-07-07,pricing,18,125,0.144,Pricing
2024-07-08,pricing,20,130,0.15384615384615385,Pricing
2024-07-09,pricing,23,153,0.1503267973856209,Pricing
2024-07-10,pricing,26,141,0.18439716312056736,Pricing
2024-07-11,pricing,22,132,0.16666666666666666,Pricing
2024-07-12,pricing,21,137,0.15328467153284672,Pricing
2024-07-13,pricing,15,130,0.11538461538461539,Pricing
2024-07-14,pricing,20,130,0.15384615384615385,Pricing
2024-07-15,pricing,11,115,0.09565217391304348,Pricing
2024-07-16,pricing,20,149,0.1342281879194631,Pricing
2024-07-17,pricing,22,125,0.176,Pricing
2024-07-18,pricing,17,120,0.14166666666666666,Pricing
2024-07-19,pricing,17,129,0.13178294573643412,Pricing
2024-07-20,pricing,18,143,0.1258741258741259,Pricing
2024-07-21,pricing,19,145,0.1310344827586207,Pricing
2024-07-22,pricing,25,148,0.16891891891891891,Pricing
2024-07-23,pricing,18,145,0.12413793103448276,Pricing
2024-07-24,pricing,14,115,0.12173913043478261,Pricing
2024-07-25,pricing,19,147,0.1292517006802721,Pricing
2024-07-26,pricing,17,139,0.1223021582733813,Pricing
2024-07-27,pricing,10,123,0.08130081300813008,Pricing
2024-07-28,pricing,16,123,0.13008130081300814,Pricing
2024-07-29,pricing,16,126,0.12698412698412698,Pricing
2024-07-30,pricing,16,138,0.11594202898550725,Pricing
2024-07-31,pricing,15,120,0.125,Pricing
2024-08-01,pricing,17,124,0.13709677419354838,Pricing
2024-08-02,pricing,20,134,0.14925373134328357,Pricing
2024-08-03,pricing,8,131,0.061068702290076333,Pricing
2024-08-04,pricing,15,119,0.12605042016806722,Pricing
2024-08-05,pricing,10,115,0.08695652173913043,Pricing
2024-08-06,pricing,22,139,0.15827338129496402,Pricing
2024-08-07,pricing,15,123,0.12195121951219512,Pricing
2024-08-08,pricing,19,134,0.1417910447761194,Pricing
2024-08-09,pricing,12,119,0.10084033613445378,Pricing
2024-08-10,pricing,16,127,0.12598425196850394,Pricing
2024-08-11,pricing,22,140,0.15714285714285714,Pricing
2024-08-12,pricing,20,142,0.14084507042253522,Pricing
2024-08-13,pricing,16,133,0.12030075187969924,Pricing
2024-08-14,pricing,17,145,0.11724137931034483,Pricing
2024-08-15,pricing,15,121,0.12396694214876033,Pricing
2024-08-16,pricing,11,93,0.11827956989247312,Pricing
2024-08-17,pricing,16,134,0.11940298507462686,Pricing
2024-08-18,pricing,20,145,0.13793103448275862,Pricing
2024-08-19,pricing,28,132,0.21212121212121213,Pricing
2024-08-20,pricing,20,151,0.13245033112582782,Pricing
2024-08-21,pricing,14,135,0.1037037037037037,Pricing
2024-08-22,pricing,14,107,0.1308411214953271,Pricing
2024-08-23,pricing,12,116,0.10344827586206896,Pricing
2024-08-24,pricing,20,145,0.13793103448275862,Pricing
2024-08-25,pricing,9,124,0.07258064516129033,Pricing
2024-08-26,pricing,11,134,0.08208955223880597,Pricing
2024-08-27,pricing,17,123,0.13821138211382114,Pricing
2024-08-28,pricing,18,133,0.13533834586466165,Pricing
2024-08-29,pricing,22,148,0.14864864864864866,Pricing
2024-08-30,pricing,11,141,0.07801418439716312,Pricing
2024-08-31,pricing,19,143,0.13286713286713286,Pricing
2024-09-01,pricing,16,117,0.13675213675213677,Pricing
2024-09-02,pricing,15,130,0.11538461538461539,Pricing
2024-09-03,pricing,26,149,0.174496644295302,Pricing
2024-09-04,pricing,25,141,0.1773049645390071,Pricing
2024-09-05,pricing,16,129,0.12403100775193798,Pricing
2024-09-06,pricing,16,137,0.11678832116788321,Pricing
2024-09-07,pricing,16,143,0.11188811188811189,Pricing
2024-09-08,pricing,12,140,0.08571428571428572,Pricing
2024-09-09,pricing,16,133,0.12030075187969924,Pricing
2024-09-10,pricing,14,131,0.10687022900763359,Pricing
2024-09-11,pricing,19,123,0.15447154471544716,Pricing
2024-09-12,pricing,23,128,0.1796875,Pricing
2024-09-13,pricing,14,133,0.10526315789473684,Pricing
2024-09-14,pricing,19,141,0.1347517730496454,Pricing
2024-09-15,pricing,12,122,0.09836065573770492,Pricing
2024-09-16,pricing,20,136,0.14705882352941177,Pricing
2024-09-17,pricing,14,136,0.10294117647058823,Pricing
2024-09-18,pricing,15,128,0.1171875,Pricing
2024-09-19,pricing,16,122,0.13114754098360656,Pricing
2024-09-20,pricing,22,154,0.14285714285714285,Pricing
2024-09-21,pricing,20,149,0.1342281879194631,Pricing
2024-09-22,pricing,14,121,0.11570247933884298,Pricing
2024-09-23,pricing,23,142,0.1619718309859155,Pricing
2024-09-24,pricing,15,119,0.12605042016806722,Pricing
2024-09-25,pricing,14,144,0.09722222222222222,Pricing
2024-09-26,pricing,16,120,0.13333333333333333,Pricing
2024-09-27,pricing,15,111,0.13513513513513514,Pricing
2024-09-28,pricing,25,135,0.18518518518518517,Pricing
2024-09-29,pricing,21,156,0.1346153846153846,Pricing
2024-09-30,pricing,12,116,0.10344827586206896,Pricing
2024-10-01,pricing,16,133,0.12030075187969924,Pricing
2024-10-02,pricing,14,114,0.12280701754385964,Pricing
2024-10-03,pricing,14,110,0.12727272727272726,Pricing
2024-10-04,pricing,19,134,0.1417910447761194,Pricing
2024-10-05,pricing,18,143,0.1258741258741259,Pricing
2024-10-06,pricing,22,142,0.15492957746478872,Pricing
2024-10-07,pricing,20,124,0.16129032258064516,Pricing
2024-10-08,pricing,13,122,0.10655737704918032,Pricing
2024-10-09,pricing,11,129,0.08527131782945736,Pricing
2024-10-10,pricing,23,130,0.17692307692307693,Pricing
2024-10-11,pricing,19,141,0.1347517730496454,Pricing
2024-10-12,pricing,12,119,0.10084033613445378,Pricing
2024-10-13,pricing,20,145,0.13793103448275862,Pricing
2024-10-14,pricing,22,130,0.16923076923076924,Pricing
2024-10-15,pricing,18,120,0.15,Pricing
2024-10-16,pricing,10,112,0.08928571428571429,Pricing
2024-10-17,pricing,13,133,0.09774436090225563,Pricing
2024-10-18,pricing,19,112,0.16964285714285715,Pricing
2024-10-19,pricing,20,134,0.14925373134328357,Pricing
2024-10-20,pricing,16,128,0.125,Pricing
2024-10-21,pricing,17,127,0.13385826771653545,Pricing
2024-10-22,pricing,15,136,0.11029411764705882,Pricing
2024-10-23,pricing,19,143,0.13286713286713286,Pricing
2024-10-24,pricing,10,118,0.0847457627118644,Pricing
2024-10-25,pricing,20,148,0.13513513513513514,Pricing
2024-10-26,pricing,12,133,0.09022556390977443,Pricing
2024-10-27,pricing,16,124,0.12903225806451613,Pricing
2024-10-28,pricing,16,133,0.12030075187969924,Pricing
2024-10-29,pricing,18,128,0.140625,Pricing
2024-10-30,pricing,16,115,0.1391304347826087,Pricing
2024-10-31,pricing,22,127,0.1732283464566929,Pricing
2024-11-01,pricing,19,136,0.13970588235294118,Pricing
2024-11-02,pricing,18,132,0.13636363636363635,Pricing
2024-11-03,pricing,17,117,0.1452991452991453,Pricing
2024-11-04,pricing,20,179,0.11173184357541899,Pricing
2024-11-05,pricing,21,140,0.15,Pricing
2024-11-06,pricing,16,146,0.1095890410958904,Pricing
2024-11-07,pricing,15,124,0.12096774193548387,Pricing
2024-11-08,pricing,17,150,0.11333333333333333,Pricing
2024-11-09,pricing,19,141,0.1347517730496454,Pricing
2024-11-10,pricing,11,127,0.08661417322834646,Pricing
2024-11-11,pricing,9,120,0.075,Pricing
2024-11-12,pricing,12,126,0.09523809523809523,Pricing
2024-11-13,pricing,26,139,0.18705035971223022,Pricing
2024-11-14,pricing,14,126,0.1111111111111111,Pricing
2024-11-15,pricing,17,109,0.1559633027522936,Pricing
2024-11-16,pricing,13,139,0.09352517985611511,Pricing
2024-11-17,pricing,17,120,0.14166666666666666,Pricing
2024-11-18,pricing,24,138,0.17391304347826086,Pricing
2024-11-19,pricing,16,135,0.11851851851851852,Pricing
2024-11-20,pricing,15,118,0.1271186440677966,Pricing
2024-11-21,pricing,16,133,0.12030075187969924,Pricing
2024-11-22,pricing,21,142,0.14788732394366197,Pricing
2024-11-23,pricing,13,134,0.09701492537313433,Pricing
2024-11-24,pricing,19,134,0.1417910447761194,Pricing
2024-11-25,pricing,15,111,0.13513513513513514,Pricing
2024-11-26,pricing,20,143,0.13986013986013987,Pricing
2024-11-27,pricing,28,136,0.20588235294117646,Pricing
2024-11-28,pricing,17,134,0.12686567164179105,Pricing
2024-11-29,pricing,10,131,0.07633587786259542,Pricing
2024-11-30,pricing,25,140,0.17857142857142858,Pricing
2024-12-01,pricing,26,138,0.18840579710144928,Pricing
2024-12-02,pricing,16,124,0.12903225806451613,Pricing
2024-12-03,pricing,19,134,0.1417910447761194,Pricing
2024-12-04,pricing,12,130,0.09230769230769231,Pricing
2024-12-05,pricing,15,135,0.1111111111111111,Pricing
2024-12-06,pricing,22,140,0.15714285714285714,Pricing
2024-12-07,pricing,18,141,0.1276595744680851,Pricing
2024-12-08,pricing,16,138,0.11594202898550725,Pricing
2024-12-09,pricing,18,145,0.12413793103448276,Pricing
2024-12-10,pricing,22,141,0.15602836879432624,Pricing
2024-12-11,pricing,16,137,0.11678832116788321,Pricing
2024-12-12,pricing,16,142,0.11267605633802817,Pricing
2024-12-13,pricing,21,140,0.15,Pricing
2024-12-14,pricing,15,124,0.12096774193548387,Pricing
2024-12-15,pricing,15,128,0.1171875,Pricing
2024-12-16,pricing,13,132,0.09848484848484848,Pricing
2024-12-17,pricing,23,115,0.2,Pricing
2024-12-18,pricing,13,122,0.10655737704918032,Pricing
2024-12-19,pricing,16,120,0.13333333333333333,Pricing
2024-12-20,pricing,24,132,0.18181818181818182,Pricing
2024-12-21,pricing,9,107,0.08411214953271028,Pricing
2024-12-22,pricing,19,143,0.13286713286713286,Pricing
2024-12-23,pricing,10,129,0.07751937984496124,Pricing
2024-12-24,pricing,13,103,0.1262135922330097,Pricing
2024-12-25,pricing,12,117,0.10256410256410256,Pricing
2024-12-26,pricing,19,131,0.1450381679389313,Pricing
2024-12-27,pricing,12,136,0.08823529411764706,Pricing
2024-12-28,pricing,13,134,0.09701492537313433,Pricing
2024-12-29,pricing,18,135,0.13333333333333333,Pricing
2024-12-30,pricing,26,149,0.174496644295302,Pricing
2024-12-31,pricing,10,129,0.07751937984496124,Pricing
2025-01-01,pricing,8,118,0.06779661016949153,Pricing
2025-01-02,pricing,20,134,0.14925373134328357,Pricing
2025-01-03,pricing,18,137,0.13138686131386862,Pricing
2025-01-04,pricing,20,119,0.16806722689075632,Pricing
2025-01-05,pricing,17,148,0.11486486486486487,Pricing
2025-01-06,pricing,24,156,0.15384615384615385,Pricing
2025-01-07,pricing,9,126,0.07142857142857142,Pricing
2025-01-08,pricing,24,150,0.16,Pricing
2025-01-09,pricing,12,131,0.0916030534351145,Pricing
2025-01-10,pricing,14,128,0.109375,Pricing
2025-01-11,pricing,8,148,0.05405405405405406,Pricing
2025-01-12,pricing,22,136,0.16176470588235295,Pricing
2025-01-13,pricing,11,123,0.08943089430894309,Pricing
2025-01-14,pricing,20,135,0.14814814814814814,Pricing
2025-01-15,pricing,23,139,0.16546762589928057,Pricing
2025-01-16,pricing,21,148,0.14189189189189189,Pricing
2025-01-17,pricing,14,156,0.08974358974358974,Pricing
2025-01-18,pricing,13,120,0.10833333333333334,Pricing
2025-01-19,pricing,10,120,0.08333333333333333,Pricing
2025-01-20,pricing,19,132,0.14393939393939395,Pricing
2025-01-21,pricing,19,130,0.14615384615384616,Pricing
2025-01-22,pricing,24,152,0.15789473684210525,Pricing
2025-01-23,pricing,21,139,0.1510791366906475,Pricing
2025-01-24,pricing,19,126,0.15079365079365079,Pricing
2025-01-25,pricing,13,143,0.09090909090909091,Pricing
2025-01-26,pricing,22,148,0.14864864864864866,Pricing
2025-01-27,pricing,13,113,0.11504424778761062,Pricing
2025-01-28,pricing,21,156,0.1346153846153846,Pricing
2025-01-29,pricing,12,137,0.08759124087591241,Pricing
2025-01-30,pricing,18,136,0.1323529411764706,Pricing
2025-01-31,pricing,21,136,0.15441176470588236,Pricing
2025-02-01,pricing,14,132,0.10606060606060606,Pricing
2025-02-02,pricing,11,138,0.07971014492753623,Pricing
2025-02-03,pricing,22,138,0.15942028985507245,Pricing
2025-02-04,pricing,15,132,0.11363636363636363,Pricing
2025-02-05,pricing,22,139,0.15827338129496402,Pricing
2025-02-06,pricing,22,143,0.15384615384615385,Pricing
2025-02-07,pricing,22,149,0.1476510067114094,Pricing
2025-02-08,pricing,22,128,0.171875,Pricing
2025-02-09,pricing,18,139,0.12949640287769784,Pricing
2025-02-10,pricing,28,138,0.2028985507246377,Pricing
2025-02-11,pricing,13,129,0.10077519379844961,Pricing
2025-02-12,pricing,21,140,0.15,Pricing
2025-02-13,pricing,15,148,0.10135135135135136,Pricing
2025-02-14,pricing,17,116,0.14655172413793102,Pricing
2025-02-15,pricing,18,128,0.140625,Pricing
2025-02-16,pricing,18,143,0.1258741258741259,Pricing
2025-02-17,pricing,18,136,0.1323529411764706,Pricing
2025-02-18,pricing,20,145,0.13793103448275862,Pricing
2025-02-19,pricing,14,117,0.11965811965811966,Pricing
2025-02-20,pricing,14,143,0.0979020979020979,Pricing
2025-02-21,pricing,19,139,0.1366906474820144,Pricing
2025-02-22,pricing,17,114,0.14912280701754385,Pricing
2025-02-23,pricing,23,123,0.18699186991869918,Pricing
2025-02-24,pricing,11,135,0.08148148148148149,Pricing
2025-02-25,pricing,17,139,0.1223021582733813,Pricing
2025-02-26,pricing,15,127,0.11811023622047244,Pricing
2025-02-27,pricing,22,120,0.18333333333333332,Pricing
2025-02-28,pricing,23,130,0.17692307692307693,Pricing
2025-03-01,pricing,7,137,0.051094890510948905,Pricing
2025-03-02,pricing,15,141,0.10638297872340426,Pricing
2025-03-03,pricing,18,128,0.140625,Pricing
2025-03-04,pricing,15,142,0.1056338028169014,Pricing
2025-03-05,pricing,22,137,0.16058394160583941,Pricing
2025-03-06,pricing,18,143,0.1258741258741259,Pricing
2025-03-07,pricing,15,123,0.12195121951219512,Pricing
2025-03-08,pricing,14,128,0.109375,Pricing
2025-03-09,pricing,25,135,0.18518518518518517,Pricing
2025-03-10,pricing,20,127,0.15748031496062992,Pricing
2025-03-11,pricing,23,138,0.16666666666666666,Pricing
2025-03-12,pricing,17,133,0.12781954887218044,Pricing
2025-03-13,pricing,17,121,0.14049586776859505,Pricing
2025-03-14,pricing,25,140,0.17857142857142858,Pricing
2025-03-15,pricing,17,131,0.1297709923664122,Pricing
2025-03-16,pricing,18,134,0.13432835820895522,Pricing
2025-03-17,pricing,9,135,0.06666666666666667,Pricing
2025-03-18,pricing,11,99,0.1111111111111111,Pricing
2025-03-19,pricing,17,121,0.14049586776859505,Pricing
2025-03-20,pricing,9,120,0.075,Pricing
2025-03-21,pricing,18,138,0.13043478260869565,Pricing
2025-03-22,pricing,18,142,0.1267605633802817,Pricing
2025-03-23,pricing,13,121,0.10743801652892562,Pricing
2025-03-24,pricing,18,146,0.1232876712328767,Pricing
2025-03-25,pricing,11,119,0.09243697478991597,Pricing
2025-03-26,pricing,20,137,0.145985401459854,Pricing
2025-03-27,pricing,19,131,0.1450381679389313,Pricing
2025-03-28,pricing,16,125,0.128,Pricing
2025-03-29,pricing,22,125,0.176,Pricing
2025-03-30,pricing,12,137,0.08759124087591241,Pricing
2025-03-31,pricing,12,150,0.08,Pricing
2025-04-01,pricing,25,152,0.16447368421052633,Pricing
2025-04-02,pricing,18,145,0.12413793103448276,Pricing
2025-04-03,pricing,23,138,0.16666666666666666,Pricing
2025-04-04,pricing,12,116,0.10344827586206896,Pricing
2025-04-05,pricing,14,148,0.0945945945945946,Pricing
2025-04-06,pricing,13,139,0.09352517985611511,Pricing
2025-04-07,pricing,8,119,0.06722689075630252,Pricing
2025-04-08,pricing,17,127,0.13385826771653545,Pricing
2025-04-09,pricing,11,124,0.08870967741935484,Pricing
2025-04-10,pricing,20,147,0.1360544217687075,Pricing
2025-04-11,pricing,17,150,0.11333333333333333,Pricing
2025-04-12,pricing,22,158,0.13924050632911392,Pricing
2025-04-13,pricing,12,109,0.11009174311926606,Pricing
2025-04-14,pricing,15,132,0.11363636363636363,Pricing
2025-04-15,pricing,17,149,0.11409395973154363,Pricing
2025-04-16,pricing,20,130,0.15384615384615385,Pricing
2025-04-17,pricing,16,123,0.13008130081300814,Pricing
2025-04-18,pricing,10,139,0.07194244604316546,Pricing
2025-04-19,pricing,22,110,0.2,Pricing
2025-04-20,pricing,17,128,0.1328125,Pricing
2025-04-21,pricing,20,132,0.15151515151515152,Pricing
2025-04-22,pricing,18,137,0.13138686131386862,Pricing
2025-04-23,pricing,14,130,0.1076923076923077,Pricing
2025-04-24,pricing,18,145,0.12413793103448276,Pricing
2025-04-25,pricing,17,121,0.14049586776859505,Pricing
2025-04-26,pricing,17,129,0.13178294573643412,Pricing
2025-04-27,pricing,19,127,0.14960629921259844,Pricing
2025-04-28,pricing,10,118,0.0847457627118644,Pricing
2025-04-29,pricing,22,122,0.18032786885245902,Pricing
2025-04-30,pricing,22,125,0.176,Pricing
2025-05-01,pricing,14,149,0.09395973154362416,Pricing
2025-05-02,pricing,18,122,0.14754098360655737,Pricing
2025-05-03,pricing,12,129,0.09302325581395349,Pricing
2025-05-04,pricing,16,139,0.11510791366906475,Pricing
2025-05-05,pricing,20,126,0.15873015873015872,Pricing
2025-05-06,pricing,14,150,0.09333333333333334,Pricing
2025-05-07,pricing,12,130,0.09230769230769231,Pricing
2025-05-08,pricing,9,118,0.07627118644067797,Pricing
2025-05-09,pricing,16,142,0.11267605633802817,Pricing
2025-05-10,pricing,18,124,0.14516129032258066,Pricing
2025-05-11,pricing,13,132,0.09848484848484848,Pricing
2025-05-12,pricing,18,138,0.13043478260869565,Pricing
2025-05-13,pricing,22,129,0.17054263565891473,Pricing
2025-05-14,pricing,19,119,0.15966386554621848,Pricing
2025-05-15,pricing,22,124,0.1774193548387097,Pricing
2025-05-16,pricing,16,139,0.11510791366906475,Pricing
2025-05-17,pricing,14,124,0.11290322580645161,Pricing
2025-05-18,pricing,16,121,0.1322314049586777,Pricing
2025-05-19,pricing,16,114,0.14035087719298245,Pricing
2025-05-20,pricing,15,130,0.11538461538461539,Pricing
2025-05-21,pricing,14,108,0.12962962962962962,Pricing
2025-05-22,pricing,23,156,0.14743589743589744,Pricing
2025-05-23,pricing,17,148,0.11486486486486487,Pricing
2025-05-24,pricing,21,137,0.15328467153284672,Pricing
2025-05-25,pricing,18,141,0.1276595744680851,Pricing
2025-05-26,pricing,14,119,0.11764705882352941,Pricing
2025-05-27,pricing,19,160,0.11875,Pricing
2025-05-28,pricing,23,147,0.1564625850340136,Pricing
2025-05-29,pricing,14,116,0.1206896551724138,Pricing
2025-05-30,pricing,22,133,0.16541353383458646,Pricing
2025-05-31,pricing,14,140,0.1,Pricing
2025-06-01,pricing,23,132,0.17424242424242425,Pricing
2025-06-02,pricing,20,118,0.1694915254237288,Pricing
2025-06-03,pricing,16,121,0.1322314049586777,Pricing
2025-06-04,pricing,22,141,0.15602836879432624,Pricing
2025-06-05,pricing,19,116,0.16379310344827586,Pricing
2025-06-06,pricing,19,140,0.1357142857142857,Pricing
2025-06-07,pricing,16,138,0.11594202898550725,Pricing
2025-06-08,pricing,18,142,0.1267605633802817,Pricing
2025-06-09,pricing,16,126,0.12698412698412698,Pricing
2025-06-10,pricing,17,152,0.1118421052631579,Pricing
2025-06-11,pricing,20,133,0.15037593984962405,Pricing
2025-06-12,pricing,12,137,0.08759124087591241,Pricing
2025-06-13,pricing,22,137,0.16058394160583941,Pricing
2025-06-14,pricing,14,113,0.12389380530973451,Pricing
2025-06-15,pricing,17,104,0.16346153846153846,Pricing
2025-06-16,pricing,15,132,0.11363636363636363,Pricing
2025-06-17,pricing,15,117,0.1282051282051282,Pricing
2025-06-18,pricing,11,136,0.08088235294117647,Pricing
2025-06-19,pricing,24,130,0.18461538461538463,Pricing
2025-06-20,pricing,23,137,0.1678832116788321,Pricing
2025-06-21,pricing,23,146,0.15753424657534246,Pricing
2025-06-22,pricing,24,134,0.1791044776119403,Pricing
2025-06-23,pricing,14,116,0.1206896551724138,Pricing
2025-06-24,pricing,19,134,0.1417910447761194,Pricing
2025-06-25,pricing,18,118,0.15254237288135594,Pricing
2025-06-26,pricing,12,119,0.10084033613445378,Pricing
2025-06-27,pricing,18,143,0.1258741258741259,Pricing
2025-06-28,pricing,12,132,0.09090909090909091,Pricing
2025-06-29,pricing,7,140,0.05,Pricing
2025-06-30,pricing,13,133,0.09774436090225563,Pricing
2025-07-01,pricing,14,118,0.11864406779661017,Pricing
2025-07-02,pricing,27,128,0.2109375,Pricing
2025-07-03,pricing,16,124,0.12903225806451613,Pricing
2025-07-04,pricing,16,124,0.12903225806451613,Pricing
2025-07-05,pricing,20,126,0.15873015873015872,Pricing
2025-07-06,pricing,19,131,0.1450381679389313,Pricing
2025-07-07,pricing,17,116,0.14655172413793102,Pricing
2025-07-08,pricing,24,158,0.1518987341772152,Pricing
2025-07-09,pricing,16,134,0.11940298507462686,Pricing
2025-07-10,pricing,20,151,0.13245033112582782,Pricing
2025-07-11,pricing,17,139,0.1223021582733813,Pricing
2025-07-12,pricing,16,141,0.11347517730496454,Pricing
2025-07-13,pricing,12,122,0.09836065573770492,Pricing
2025-07-14,pricing,12,123,0.0975609756097561,Pricing
2025-07-15,pricing,17,120,0.14166666666666666,Pricing
2025-07-16,pricing,10,112,0.08928571428571429,Pricing
2025-07-17,pricing,16,136,0.11764705882352941,Pricing
2025-07-18,pricing,17,141,0.12056737588652482,Pricing
2025-07-19,pricing,21,145,0.14482758620689656,Pricing
2025-07-20,pricing,17,147,0.11564625850340136,Pricing
2025-07-21,pricing,8,124,0.06451612903225806,Pricing
2025-07-22,pricing,15,125,0.12,Pricing
2025-07-23,pricing,20,129,0.15503875968992248,Pricing
2025-07-24,pricing,19,154,0.12337662337662338,Pricing
2025-07-25,pricing,13,126,0.10317460317460317,Pricing
2025-07-26,pricing,19,146,0.13013698630136986,Pricing
2025-07-27,pricing,20,144,0.1388888888888889,Pricing
2025-07-28,pricing,21,148,0.14189189189189189,Pricing
2025-07-29,pricing,9,101,0.0891089108910891,Pricing
2025-07-30,pricing,18,133,0.13533834586466165,Pricing
2025-07-31,pricing,21,133,0.15789473684210525,Pricing
2025-08-01,pricing,22,143,0.15384615384615385,Pricing
2025-08-02,pricing,14,151,0.09271523178807947,Pricing
2025-08-03,pricing,19,130,0.14615384615384616,Pricing
2025-08-04,pricing,18,143,0.1258741258741259,Pricing
2025-08-05,pricing,19,122,0.1557377049180328,Pricing
2025-08-06,pricing,15,143,0.1048951048951049,Pricing
2025-08-07,pricing,13,116,0.11206896551724138,Pricing
2025-08-08,pricing,22,124,0.1774193548387097,Pricing
2025-08-09,pricing,18,125,0.144,Pricing
2025-08-10,pricing,23,158,0.14556962025316456,Pricing
2025-08-11,pricing,20,131,0.15267175572519084,Pricing
2025-08-12,pricing,18,155,0.11612903225806452,Pricing
2025-08-13,pricing,13,119,0.1092436974789916,Pricing
2025-08-14,pricing,14,136,0.10294117647058823,Pricing
2025-08-15,pricing,30,142,0.2112676056338028,Pricing
2025-08-16,pricing,16,117,0.13675213675213677,Pricing
2025-08-17,pricing,22,138,0.15942028985507245,Pricing
2025-08-18,pricing,12,117,0.10256410256410256,Pricing
2025-08-19,pricing,15,129,0.11627906976744186,Pricing
2025-08-20,pricing,22,146,0.1506849315068493,Pricing
2025-08-21,pricing,26,145,0.1793103448275862,Pricing
2025-08-22,pricing,17,146,0.11643835616438356,Pricing
2025-08-23,pricing,14,122,0.11475409836065574,Pricing
2025-08-24,pricing,21,129,0.16279069767441862,Pricing
2025-08-25,pricing,19,129,0.14728682170542637,Pricing
2025-08-26,pricing,14,124,0.11290322580645161,Pricing
2025-08-27,pricing,19,126,0.15079365079365079,Pricing
2025-08-28,pricing,24,123,0.1951219512195122,Pricing
2025-08-29,pricing,17,121,0.14049586776859505,Pricing
2025-08-30,pricing,24,127,0.1889763779527559,Pricing
2025-08-31,pricing,17,124,0.13709677419354838,Pricing
2025-09-01,pricing,13,132,0.09848484848484848,Pricing
2025-09-02,pricing,16,132,0.12121212121212122,Pricing
2025-09-03,pricing,16,136,0.11764705882352941,Pricing
2025-09-04,pricing,15,133,0.11278195488721804,Pricing
2025-09-05,pricing,22,113,0.19469026548672566,Pricing
2025-09-06,pricing,15,122,0.12295081967213115,Pricing
2025-09-07,pricing,16,141,0.11347517730496454,Pricing
2025-09-08,pricing,23,141,0.16312056737588654,Pricing
2025-09-09,pricing,17,152,0.1118421052631579,Pricing
2025-09-10,pricing,16,127,0.12598425196850394,Pricing
2025-09-11,pricing,17,129,0.13178294573643412,Pricing
2025-09-12,pricing,17,129,0.13178294573643412,Pricing
2025-09-13,pricing,21,115,0.1826086956521739,Pricing
2025-09-14,pricing,13,119,0.1092436974789916,Pricing
2025-09-15,pricing,16,132,0.12121212121212122,Pricing
2025-09-16,pricing,18,133,0.13533834586466165,Pricing
2025-09-17,pricing,24,137,0.17518248175182483,Pricing
2025-09-18,pricing,14,135,0.1037037037037037,Pricing
2025-09-19,pricing,14,138,0.10144927536231885,Pricing
2025-09-20,pricing,18,142,0.1267605633802817,Pricing
2025-09-21,pricing,15,118,0.1271186440677966,Pricing
2025-09-22,pricing,15,117,0.1282051282051282,Pricing
2025-09-23,pricing,11,125,0.088,Pricing
2025-09-24,pricing,20,129,0.15503875968992248,Pricing
2025-09-25,pricing,17,113,0.1504424778761062,Pricing
2025-09-26,pricing,26,135,0.1925925925925926,Pricing
2025-09-27,pricing,18,146,0.1232876712328767,Pricing
2025-09-28,pricing,16,140,0.11428571428571428,Pricing
2025-09-29,pricing,17,122,0.13934426229508196,Pricing
2025-09-30,pricing,23,134,0.17164179104477612,Pricing
2025-10-01,pricing,28,135,0.2074074074074074,Pricing
2025-10-02,pricing,13,114,0.11403508771929824,Pricing
2025-10-03,pricing,12,125,0.096,Pricing
2025-10-04,pricing,21,139,0.1510791366906475,Pricing
2025-10-05,pricing,18,118,0.15254237288135594,Pricing
2025-10-06,pricing,14,130,0.1076923076923077,Pricing
2025-10-07,pricing,11,130,0.08461538461538462,Pricing
2025-10-08,pricing,16,129,0.12403100775193798,Pricing
2025-10-09,pricing,22,141,0.15602836879432624,Pricing
2025-10-10,pricing,14,127,0.11023622047244094,Pricing
2025-10-11,pricing,17,142,0.11971830985915492,Pricing
2025-10-12,pricing,6,116,0.05172413793103448,Pricing
2025-10-13,pricing,15,121,0.12396694214876033,Pricing
2025-10-14,pricing,21,123,0.17073170731707318,Pricing
2025-10-15,pricing,19,137,0.1386861313868613,Pricing
2025-10-16,pricing,22,143,0.15384615384615385,Pricing
2025-10-17,pricing,8,107,0.07476635514018691,Pricing
2025-10-18,pricing,15,143,0.1048951048951049,Pricing
2025-10-19,pricing,18,114,0.15789473684210525,Pricing
2025-10-20,pricing,17,110,0.15454545454545454,Pricing
2025-10-21,pricing,19,115,0.16521739130434782,Pricing
2025-10-22,pricing,16,115,0.1391304347826087,Pricing
2025-10-23,pricing,20,140,0.14285714285714285,Pricing
2025-10-24,pricing,15,130,0.11538461538461539,Pricing
2025-10-25,pricing,17,133,0.12781954887218044,Pricing
2025-10-26,pricing,17,138,0.12318840579710146,Pricing
2025-10-27,pricing,24,132,0.18181818181818182,Pricing
2025-10-28,pricing,16,142,0.11267605633802817,Pricing
2025-10-29,pricing,19,134,0.1417910447761194,Pricing
2025-10-30,pricing,19,130,0.14615384615384616,Pricing
2025-10-31,pricing,7,105,0.06666666666666667,Pricing
2025-11-01,pricing,23,149,0.15436241610738255,Pricing
2025-11-02,pricing,23,128,0.1796875,Pricing
2025-11-03,pricing,21,136,0.15441176470588236,Pricing
2025-11-04,pricing,18,130,0.13846153846153847,Pricing
2025-11-05,pricing,16,133,0.12030075187969924,Pricing
2025-11-06,pricing,11,126,0.0873015873015873,Pricing
2025-11-07,pricing,18,146,0.1232876712328767,Pricing
2025-11-08,pricing,23,142,0.1619718309859155,Pricing
2025-11-09,pricing,14,118,0.11864406779661017,Pricing
2025-11-10,pricing,17,129,0.13178294573643412,Pricing
2025-11-11,pricing,16,145,0.1103448275862069,Pricing
2025-11-12,pricing,24,112,0.21428571428571427,Pricing
2025-11-13,pricing,14,136,0.10294117647058823,Pricing
2025-11-14,pricing,19,117,0.1623931623931624,Pricing
2025-11-15,pricing,16,110,0.14545454545454545,Pricing
2025-11-16,pricing,20,137,0.145985401459854,Pricing
2025-11-17,pricing,16,149,0.10738255033557047,Pricing
2025-11-18,pricing,21,134,0.15671641791044777,Pricing
2025-11-19,pricing,15,123,0.12195121951219512,Pricing
2025-11-20,pricing,22,143,0.15384615384615385,Pricing
2025-11-21,pricing,22,120,0.18333333333333332,Pricing
2025-11-22,pricing,18,130,0.13846153846153847,Pricing
2025-11-23,pricing,10,129,0.07751937984496124,Pricing
2025-11-24,pricing,12,121,0.09917355371900827,Pricing
2025-11-25,pricing,10,119,0.08403361344537816,Pricing
2025-11-26,pricing,15,119,0.12605042016806722,Pricing
2025-11-27,pricing,23,140,0.16428571428571428,Pricing
2025-11-28,pricing,15,129,0.11627906976744186,Pricing
2025-11-29,pricing,15,151,0.09933774834437085,Pricing
2025-11-30,pricing,16,129,0.12403100775193798,Pricing
2025-12-01,pricing,22,168,0.13095238095238096,Pricing
2025-12-02,pricing,18,119,0.15126050420168066,Pricing
2025-12-03,pricing,20,133,0.15037593984962405,Pricing
2025-12-04,pricing,14,139,0.10071942446043165,Pricing
2025-12-05,pricing,16,113,0.1415929203539823,Pricing
2025-12-06,pricing,22,134,0.16417910447761194,Pricing
2025-12-07,pricing,13,124,0.10483870967741936,Pricing
2025-12-08,pricing,23,153,0.1503267973856209,Pricing
2025-12-09,pricing,24,134,0.1791044776119403,Pricing
2025-12-10,pricing,25,147,0.17006802721088435,Pricing
2025-12-11,pricing,16,132,0.12121212121212122,Pricing
2025-12-12,pricing,11,131,0.08396946564885496,Pricing
2025-12-13,pricing,17,137,0.12408759124087591,Pricing
2025-12-14,pricing,16,105,0.1523809523809524,Pricing
2025-12-15,pricing,16,122,0.13114754098360656,Pricing
2025-12-16,pricing,14,136,0.10294117647058823,Pricing
2025-12-17,pricing,16,128,0.125,Pricing
2025-12-18,pricing,10,118,0.0847457627118644,Pricing
2025-12-19,pricing,17,140,0.12142857142857143,Pricing
2025-12-20,pricing,16,145,0.1103448275862069,Pricing
2025-12-21,pricing,16,121,0.1322314049586777,Pricing
2025-12-22,pricing,16,138,0.11594202898550725,Pricing
2025-12-23,pricing,15,137,0.10948905109489052,Pricing
2025-12-24,pricing,14,123,0.11382113821138211,Pricing
2025-12-25,pricing,13,123,0.10569105691056911,Pricing
2025-12-26,pricing,17,135,0.1259259259259259,Pricing
2025-12-27,pricing,15,119,0.12605042016806722,Pricing
2025-12-28,pricing,19,151,0.12582781456953643,Pricing
2025-12-29,pricing,23,130,0.17692307692307693,Pricing
2025-12-30,pricing,18,115,0.1565217391304348,Pricing
2025-12-31,pricing,14,134,0.1044776119402985,Pricing
2026-01-01,pricing,19,140,0.1357142857142857,Pricing
2026-01-02,pricing,16,116,0.13793103448275862,Pricing
2026-01-03,pricing,16,132,0.12121212121212122,Pricing
2026-01-04,pricing,15,123,0.12195121951219512,Pricing
2026-01-05,pricing,20,125,0.16,Pricing
2026-01-06,pricing,20,137,0.145985401459854,Pricing
2026-01-07,pricing,18,123,0.14634146341463414,Pricing
2026-01-08,pricing,15,111,0.13513513513513514,Pricing
2026-01-09,pricing,23,127,0.18110236220472442,Pricing
2026-01-10,pricing,18,143,0.1258741258741259,Pricing
2026-01-11,pricing,9,118,0.07627118644067797,Pricing
2026-01-12,pricing,19,145,0.1310344827586207,Pricing
2026-01-13,pricing,25,138,0.18115942028985507,Pricing
2026-01-14,pricing,19,127,0.14960629921259844,Pricing
2026-01-15,pricing,18,135,0.13333333333333333,Pricing
2026-01-16,pricing,11,120,0.09166666666666666,Pricing
2026-01-17,pricing,22,120,0.18333333333333332,Pricing
2026-01-18,pricing,19,131,0.1450381679389313,Pricing
2026-01-19,pricing,19,136,0.13970588235294118,Pricing
2026-01-20,pricing,12,127,0.09448818897637795,Pricing
2026-01-21,pricing,16,130,0.12307692307692308,Pricing
2026-01-22,pricing,21,149,0.14093959731543623,Pricing
2026-01-23,pricing,14,115,0.12173913043478261,Pricing
2026-01-24,pricing,21,134,0.15671641791044777,Pricing
2026-01-25,pricing,10,124,0.08064516129032258,Pricing
2026-01-26,pricing,13,125,0.104,Pricing
2026-01-27,pricing,13,139,0.09352517985611511,Pricing
2026-01-28,pricing,17,121,0.14049586776859505,Pricing
2026-01-29,pricing,15,132,0.11363636363636363,Pricing
2026-01-30,pricing,12,140,0.08571428571428572,Pricing
2026-01-31,pricing,17,114,0.14912280701754385,Pricing
2026-02-01,pricing,16,115,0.1391304347826087,Pricing
2026-02-02,pricing,16,147,0.10884353741496598,Pricing
2026-02-03,pricing,18,153,0.11764705882352941,Pricing
2026-02-04,pricing,20,136,0.14705882352941177,Pricing
2026-02-05,pricing,14,133,0.10526315789473684,Pricing
2026-02-06,pricing,21,126,0.16666666666666666,Pricing
2026-02-07,pricing,19,143,0.13286713286713286,Pricing
2026-02-08,pricing,16,140,0.11428571428571428,Pricing
2026-02-09,pricing,12,137,0.08759124087591241,Pricing
2026-02-10,pricing,15,134,0.11194029850746269,Pricing
2026-02-11,pricing,15,121,0.12396694214876033,Pricing
2026-02-12,pricing,15,130,0.11538461538461539,Pricing
2026-02-13,pricing,16,131,0.12213740458015267,Pricing
2026-02-14,pricing,10,129,0.07751937984496124,Pricing
2026-02-15,pricing,16,141,0.11347517730496454,Pricing
2026-02-16,pricing,20,149,0.1342281879194631,Pricing
2026-02-17,pricing,17,118,0.1440677966101695,Pricing
2026-02-18,pricing,15,121,0.12396694214876033,Pricing
2026-02-19,pricing,12,123,0.0975609756097561,Pricing
2026-02-20,pricing,12,131,0.0916030534351145,Pricing
2026-02-21,pricing,15,156,0.09615384615384616,Pricing
2026-02-22,pricing,15,118,0.1271186440677966,Pricing
2026-02-23,pricing,30,145,0.20689655172413793,Pricing
2026-02-24,pricing,22,140,0.15714285714285714,Pricing
2026-02-25,pricing,15,114,0.13157894736842105,Pricing
2026-02-26,pricing,17,140,0.12142857142857143,Pricing
2026-02-27,pricing,19,138,0.13768115942028986,Pricing
2026-02-28,pricing,13,113,0.11504424778761062,Pricing
2026-03-01,pricing,6,137,0.043795620437956206,Pricing
2026-03-02,pricing,19,131,0.1450381679389313,Pricing
2026-03-03,pricing,24,164,0.14634146341463414,Pricing
2026-03-04,pricing,16,144,0.1111111111111111,Pricing
2026-03-05,pricing,16,147,0.10884353741496598,Pricing
2026-03-06,pricing,17,131,0.1297709923664122,Pricing
2026-03-07,pricing,10,133,0.07518796992481203,Pricing
2026-03-08,pricing,11,128,0.0859375,Pricing
2026-03-09,pricing,15,124,0.12096774193548387,Pricing
2026-03-10,pricing,16,129,0.12403100775193798,Pricing
2026-03-11,pricing,18,127,0.14173228346456693,Pricing
2026-03-12,pricing,16,120,0.13333333333333333,Pricing
2026-03-13,pricing,14,139,0.10071942446043165,Pricing
2026-03-14,pricing,15,131,0.11450381679389313,Pricing
2026-03-15,pricing,14,123,0.11382113821138211,Pricing
2026-03-16,pricing,19,119,0.15966386554621848,Pricing
2026-03-17,pricing,18,138,0.13043478260869565,Pricing
2026-03-18,pricing,21,150,0.14,Pricing
2026-03-19,pricing,15,136,0.11029411764705882,Pricing
2026-03-20,pricing,19,142,0.13380281690140844,Pricing
2026-03-21,pricing,15,114,0.13157894736842105,Pricing
2026-03-22,pricing,16,146,0.1095890410958904,Pricing
2026-03-23,pricing,23,139,0.16546762589928057,Pricing
2026-03-24,pricing,14,121,0.11570247933884298,Pricing
2026-03-25,pricing,13,140,0.09285714285714286,Pricing
2026-03-26,pricing,16,138,0.11594202898550725,Pricing
2026-03-27,pricing,23,139,0.16546762589928057,Pricing
2026-03-28,pricing,11,116,0.09482758620689655,Pricing
2026-03-29,pricing,22,130,0.16923076923076924,Pricing
2026-03-30,pricing,20,145,0.13793103448275862,Pricing
2026-03-31,pricing,19,125,0.152,Pricing
2026-04-01,pricing,12,126,0.09523809523809523,Pricing
2026-04-02,pricing,17,124,0.13709677419354838,Pricing
2026-04-03,pricing,17,139,0.1223021582733813,Pricing
2026-04-04,pricing,15,138,0.10869565217391304,Pricing
2026-04-05,pricing,17,134,0.12686567164179105,Pricing
2026-04-06,pricing,19,144,0.13194444444444445,Pricing
2026-04-07,pricing,15,135,0.1111111111111111,Pricing
2026-04-08,pricing,12,116,0.10344827586206896,Pricing
2026-04-09,pricing,22,131,0.16793893129770993,Pricing
2026-04-10,pricing,18,137,0.13138686131386862,Pricing
2026-04-11,pricing,21,131,0.16030534351145037,Pricing
2026-04-12,pricing,20,129,0.15503875968992248,Pricing
2026-04-13,pricing,21,121,0.17355371900826447,Pricing
2026-04-14,pricing,14,132,0.10606060606060606,Pricing
2026-04-15,pricing,19,131,0.1450381679389313,Pricing
2026-04-16,pricing,12,135,0.08888888888888889,Pricing
2026-04-17,pricing,18,125,0.144,Pricing
2026-04-18,pricing,17,137,0.12408759124087591,Pricing
2026-04-19,pricing,16,118,0.13559322033898305,Pricing
2026-04-20,pricing,14,140,0.1,Pricing
2026-04-21,pricing,16,128,0.125,Pricing
2026-04-22,pricing,13,139,0.09352517985611511,Pricing
2026-04-23,pricing,20,125,0.16,Pricing
2026-04-24,pricing,13,130,0.1,Pricing
2026-04-25,pricing,18,107,0.16822429906542055,Pricing
2026-04-26,pricing,10,140,0.07142857142857142,Pricing
2026-04-27,pricing,19,140,0.1357142857142857,Pricing
2026-04-28,pricing,19,113,0.168141592920354,Pricing
2026-04-29,pricing,19,138,0.13768115942028986,Pricing
2026-04-30,pricing,12,126,0.09523809523809523,Pricing
2026-05-01,pricing,22,141,0.15602836879432624,Pricing
2026-05-02,pricing,20,128,0.15625,Pricing
2026-05-03,pricing,22,137,0.16058394160583941,Pricing
2026-05-04,pricing,14,143,0.0979020979020979,Pricing
2026-05-05,pricing,16,155,0.1032258064516129,Pricing
2026-05-06,pricing,17,127,0.13385826771653545,Pricing
2026-05-07,pricing,16,139,0.11510791366906475,Pricing
2026-05-08,pricing,23,136,0.16911764705882354,Pricing
2026-05-09,pricing,23,130,0.17692307692307693,Pricing
2026-05-10,pricing,14,134,0.1044776119402985,Pricing
2026-05-11,pricing,17,125,0.136,Pricing
2026-05-12,pricing,22,132,0.16666666666666666,Pricing
2026-05-13,pricing,13,123,0.10569105691056911,Pricing
2026-05-14,pricing,20,132,0.15151515151515152,Pricing
2026-05-15,pricing,22,131,0.16793893129770993,Pricing
2026-05-16,pricing,17,136,0.125,Pricing
2026-05-17,pricing,17,135,0.1259259259259259,Pricing
2026-05-18,pricing,15,120,0.125,Pricing
2026-05-19,pricing,13,138,0.09420289855072464,Pricing
2026-05-20,pricing,19,140,0.1357142857142857,Pricing
2026-05-21,pricing,16,118,0.13559322033898305,Pricing
2026-05-22,pricing,15,141,0.10638297872340426,Pricing
2026-05-23,pricing,9,130,0.06923076923076923,Pricing
2026-05-24,pricing,12,124,0.0967741935483871,Pricing
2026-05-25,pricing,20,128,0.15625,Pricing
2026-05-26,pricing,8,111,0.07207207207207207,Pricing
2026-05-27,pricing,16,136,0.11764705882352941,Pricing
2026-05-28,pricing,19,125,0.152,Pricing
2026-05-29,pricing,15,125,0.12,Pricing
2026-05-30,pricing,16,111,0.14414414414414414,Pricing
2026-05-31,pricing,29,154,0.18831168831168832,Pricing
2026-06-01,pricing,8,125,0.064,Pricing
2026-06-02,pricing,15,144,0.10416666666666667,Pricing
2026-06-03,pricing,15,141,0.10638297872340426,Pricing
2026-06-04,pricing,18,134,0.13432835820895522,Pricing
2026-06-05,pricing,15,138,0.10869565217391304,Pricing
2026-06-06,pricing,23,133,0.17293233082706766,Pricing
2026-06-07,pricing,22,132,0.16666666666666666,Pricing
2026-06-08,pricing,12,124,0.0967741935483871,Pricing
2026-06-09,pricing,15,141,0.10638297872340426,Pricing
2026-06-10,pricing,11,122,0.09016393442622951,Pricing
2026-06-11,pricing,19,143,0.13286713286713286,Pricing
2026-06-12,pricing,16,126,0.12698412698412698,Pricing
2026-06-13,pricing,12,115,0.10434782608695652,Pricing
2026-06-14,pricing,11,126,0.0873015873015873,Pricing
2026-06-15,pricing,20,126,0.15873015873015872,Pricing
2026-06-16,pricing,23,130,0.17692307692307693,Pricing
2026-06-17,pricing,19,131,0.1450381679389313,Pricing
2026-06-18,pricing,15,131,0.11450381679389313,Pricing
2026-06-19,pricing,16,147,0.10884353741496598,Pricing
2026-06-20,pricing,10,115,0.08695652173913043,Pricing
2026-06-21,pricing,12,124,0.0967741935483871,Pricing
2026-06-22,pricing,25,142,0.176056338028169,Pricing
2026-06-23,pricing,21,131,0.16030534351145037,Pricing
2026-06-24,pricing,16,123,0.13008130081300814,Pricing
2026-06-25,pricing,17,129,0.13178294573643412,Pricing
2026-06-26,pricing,20,146,0.136986301369863,Pricing
2026-06-27,pricing,15,123,0.12195121951219512,Pricing
2026-06-28,pricing,13,137,0.0948905109489051,Pricing
2026-06-29,pricing,16,119,0.13445378151260504,Pricing
2024-01-01,product_quality,36,132,0.2727272727272727,Product Quality
2024-01-02,product_quality,29,132,0.2196969696969697,Product Quality
2024-01-03,product_quality,42,146,0.2876712328767123,Product Quality
2024-01-04,product_quality,42,154,0.2727272727272727,Product Quality
2024-01-05,product_quality,41,134,0.30597014925373134,Product Quality
2024-01-06,product_quality,29,142,0.20422535211267606,Product Quality
2024-01-07,product_quality,42,148,0.28378378378378377,Product Quality
2024-01-08,product_quality,35,140,0.25,Product Quality
2024-01-09,product_quality,39,152,0.2565789473684211,Product Quality
2024-01-10,product_quality,29,134,0.21641791044776118,Product Quality
2024-01-11,product_quality,33,145,0.22758620689655173,Product Quality
2024-01-12,product_quality,23,104,0.22115384615384615,Product Quality
2024-01-13,product_quality,27,140,0.19285714285714287,Product Quality
2024-01-14,product_quality,35,142,0.24647887323943662,Product Quality
2024-01-15,product_quality,28,130,0.2153846153846154,Product Quality
2024-01-16,product_quality,26,113,0.23008849557522124,Product Quality
2024-01-17,product_quality,28,130,0.2153846153846154,Product Quality
2024-01-18,product_quality,28,145,0.19310344827586207,Product Quality
2024-01-19,product_quality,28,133,0.21052631578947367,Product Quality
2024-01-20,product_quality,28,137,0.20437956204379562,Product Quality
2024-01-21,product_quality,36,144,0.25,Product Quality
2024-01-22,product_quality,38,147,0.2585034013605442,Product Quality
2024-01-23,product_quality,36,153,0.23529411764705882,Product Quality
2024-01-24,product_quality,26,132,0.19696969696969696,Product Quality
2024-01-25,product_quality,31,147,0.2108843537414966,Product Quality
2024-01-26,product_quality,32,133,0.24060150375939848,Product Quality
2024-01-27,product_quality,30,146,0.2054794520547945,Product Quality
2024-01-28,product_quality,40,138,0.2898550724637681,Product Quality
2024-01-29,product_quality,40,127,0.31496062992125984,Product Quality
2024-01-30,product_quality,27,131,0.20610687022900764,Product Quality
2024-01-31,product_quality,21,123,0.17073170731707318,Product Quality
2024-02-01,product_quality,42,140,0.3,Product Quality
2024-02-02,product_quality,32,116,0.27586206896551724,Product Quality
2024-02-03,product_quality,33,113,0.2920353982300885,Product Quality
2024-02-04,product_quality,28,138,0.2028985507246377,Product Quality
2024-02-05,product_quality,39,135,0.28888888888888886,Product Quality
2024-02-06,product_quality,27,124,0.21774193548387097,Product Quality
2024-02-07,product_quality,24,131,0.183206106870229,Product Quality
2024-02-08,product_quality,29,110,0.2636363636363636,Product Quality
2024-02-09,product_quality,35,125,0.28,Product Quality
2024-02-10,product_quality,41,138,0.2971014492753623,Product Quality
2024-02-11,product_quality,37,125,0.296,Product Quality
2024-02-12,product_quality,35,151,0.23178807947019867,Product Quality
2024-02-13,product_quality,30,119,0.25210084033613445,Product Quality
2024-02-14,product_quality,38,158,0.24050632911392406,Product Quality
2024-02-15,product_quality,32,126,0.25396825396825395,Product Quality
2024-02-16,product_quality,22,120,0.18333333333333332,Product Quality
2024-02-17,product_quality,31,126,0.24603174603174602,Product Quality
2024-02-18,product_quality,34,130,0.26153846153846155,Product Quality
2024-02-19,product_quality,32,140,0.22857142857142856,Product Quality
2024-02-20,product_quality,29,133,0.21804511278195488,Product Quality
2024-02-21,product_quality,32,141,0.22695035460992907,Product Quality
2024-02-22,product_quality,34,138,0.2463768115942029,Product Quality
2024-02-23,product_quality,39,139,0.2805755395683453,Product Quality
2024-02-24,product_quality,34,128,0.265625,Product Quality
2024-02-25,product_quality,30,126,0.23809523809523808,Product Quality
2024-02-26,product_quality,28,119,0.23529411764705882,Product Quality
2024-02-27,product_quality,30,125,0.24,Product Quality
2024-02-28,product_quality,31,126,0.24603174603174602,Product Quality
2024-02-29,product_quality,37,126,0.29365079365079366,Product Quality
2024-03-01,product_quality,30,121,0.24793388429752067,Product Quality
2024-03-02,product_quality,41,141,0.2907801418439716,Product Quality
2024-03-03,product_quality,30,136,0.22058823529411764,Product Quality
2024-03-04,product_quality,33,128,0.2578125,Product Quality
2024-03-05,product_quality,28,109,0.25688073394495414,Product Quality
2024-03-06,product_quality,23,111,0.2072072072072072,Product Quality
2024-03-07,product_quality,23,129,0.17829457364341086,Product Quality
2024-03-08,product_quality,31,113,0.2743362831858407,Product Quality
2024-03-09,product_quality,25,127,0.1968503937007874,Product Quality
2024-03-10,product_quality,37,128,0.2890625,Product Quality
2024-03-11,product_quality,33,133,0.24812030075187969,Product Quality
2024-03-12,product_quality,20,109,0.1834862385321101,Product Quality
2024-03-13,product_quality,39,134,0.291044776119403,Product Quality
2024-03-14,product_quality,34,122,0.2786885245901639,Product Quality
2024-03-15,product_quality,41,152,0.26973684210526316,Product Quality
2024-03-16,product_quality,39,139,0.2805755395683453,Product Quality
2024-03-17,product_quality,30,135,0.2222222222222222,Product Quality
2024-03-18,product_quality,31,143,0.21678321678321677,Product Quality
2024-03-19,product_quality,36,140,0.2571428571428571,Product Quality
2024-03-20,product_quality,28,122,0.22950819672131148,Product Quality
2024-03-21,product_quality,28,126,0.2222222222222222,Product Quality
2024-03-22,product_quality,37,123,0.3008130081300813,Product Quality
2024-03-23,product_quality,39,124,0.31451612903225806,Product Quality
2024-03-24,product_quality,33,158,0.2088607594936709,Product Quality
2024-03-25,product_quality,38,156,0.24358974358974358,Product Quality
2024-03-26,product_quality,35,131,0.26717557251908397,Product Quality
2024-03-27,product_quality,36,134,0.26865671641791045,Product Quality
2024-03-28,product_quality,41,130,0.3153846153846154,Product Quality
2024-03-29,product_quality,37,151,0.24503311258278146,Product Quality
2024-03-30,product_quality,26,121,0.21487603305785125,Product Quality
2024-03-31,product_quality,33,133,0.24812030075187969,Product Quality
2024-04-01,product_quality,31,136,0.22794117647058823,Product Quality
2024-04-02,product_quality,30,124,0.24193548387096775,Product Quality
2024-04-03,product_quality,32,117,0.27350427350427353,Product Quality
2024-04-04,product_quality,28,132,0.21212121212121213,Product Quality
2024-04-05,product_quality,38,135,0.2814814814814815,Product Quality
2024-04-06,product_quality,28,132,0.21212121212121213,Product Quality
2024-04-07,product_quality,29,124,0.23387096774193547,Product Quality
2024-04-08,product_quality,25,139,0.17985611510791366,Product Quality
2024-04-09,product_quality,27,130,0.2076923076923077,Product Quality
2024-04-10,product_quality,36,152,0.23684210526315788,Product Quality
2024-04-11,product_quality,27,108,0.25,Product Quality
2024-04-12,product_quality,27,133,0.20300751879699247,Product Quality
2024-04-13,product_quality,27,123,0.21951219512195122,Product Quality
2024-04-14,product_quality,33,143,0.23076923076923078,Product Quality
2024-04-15,product_quality,20,130,0.15384615384615385,Product Quality
2024-04-16,product_quality,28,127,0.2204724409448819,Product Quality
2024-04-17,product_quality,28,121,0.23140495867768596,Product Quality
2024-04-18,product_quality,32,155,0.2064516129032258,Product Quality
2024-04-19,product_quality,30,137,0.21897810218978103,Product Quality
2024-04-20,product_quality,45,147,0.30612244897959184,Product Quality
2024-04-21,product_quality,36,137,0.26277372262773724,Product Quality
2024-04-22,product_quality,36,130,0.27692307692307694,Product Quality
2024-04-23,product_quality,33,119,0.2773109243697479,Product Quality
2024-04-24,product_quality,39,121,0.32231404958677684,Product Quality
2024-04-25,product_quality,33,124,0.2661290322580645,Product Quality
2024-04-26,product_quality,30,138,0.21739130434782608,Product Quality
2024-04-27,product_quality,37,118,0.3135593220338983,Product Quality
2024-04-28,product_quality,31,127,0.2440944881889764,Product Quality
2024-04-29,product_quality,43,131,0.3282442748091603,Product Quality
2024-04-30,product_quality,39,137,0.2846715328467153,Product Quality
2024-05-01,product_quality,32,136,0.23529411764705882,Product Quality
2024-05-02,product_quality,24,101,0.2376237623762376,Product Quality
2024-05-03,product_quality,31,138,0.2246376811594203,Product Quality
2024-05-04,product_quality,30,135,0.2222222222222222,Product Quality
2024-05-05,product_quality,34,116,0.29310344827586204,Product Quality
2024-05-06,product_quality,35,140,0.25,Product Quality
2024-05-07,product_quality,32,124,0.25806451612903225,Product Quality
2024-05-08,product_quality,28,141,0.19858156028368795,Product Quality
2024-05-09,product_quality,30,125,0.24,Product Quality
2024-05-10,product_quality,29,133,0.21804511278195488,Product Quality
2024-05-11,product_quality,31,137,0.22627737226277372,Product Quality
2024-05-12,product_quality,29,133,0.21804511278195488,Product Quality
2024-05-13,product_quality,35,151,0.23178807947019867,Product Quality
2024-05-14,product_quality,34,119,0.2857142857142857,Product Quality
2024-05-15,product_quality,27,114,0.23684210526315788,Product Quality
2024-05-16,product_quality,29,129,0.2248062015503876,Product Quality
2024-05-17,product_quality,29,117,0.24786324786324787,Product Quality
2024-05-18,product_quality,37,130,0.2846153846153846,Product Quality
2024-05-19,product_quality,29,123,0.23577235772357724,Product Quality
2024-05-20,product_quality,41,141,0.2907801418439716,Product Quality
2024-05-21,product_quality,33,130,0.25384615384615383,Product Quality
2024-05-22,product_quality,25,140,0.17857142857142858,Product Quality
2024-05-23,product_quality,36,134,0.26865671641791045,Product Quality
2024-05-24,product_quality,37,132,0.2803030303030303,Product Quality
2024-05-25,product_quality,31,125,0.248,Product Quality
2024-05-26,product_quality,33,148,0.22297297297297297,Product Quality
2024-05-27,product_quality,26,108,0.24074074074074073,Product Quality
2024-05-28,product_quality,33,125,0.264,Product Quality
2024-05-29,product_quality,32,122,0.26229508196721313,Product Quality
2024-05-30,product_quality,35,133,0.2631578947368421,Product Quality
2024-05-31,product_quality,25,121,0.2066115702479339,Product Quality
2024-06-01,product_quality,33,128,0.2578125,Product Quality
2024-06-02,product_quality,26,122,0.21311475409836064,Product Quality
2024-06-03,product_quality,39,130,0.3,Product Quality
2024-06-04,product_quality,32,133,0.24060150375939848,Product Quality
2024-06-05,product_quality,38,125,0.304,Product Quality
2024-06-06,product_quality,40,145,0.27586206896551724,Product Quality
2024-06-07,product_quality,30,126,0.23809523809523808,Product Quality
2024-06-08,product_quality,38,136,0.27941176470588236,Product Quality
2024-06-09,product_quality,34,120,0.2833333333333333,Product Quality
2024-06-10,product_quality,29,107,0.27102803738317754,Product Quality
2024-06-11,product_quality,42,143,0.2937062937062937,Product Quality
2024-06-12,product_quality,29,128,0.2265625,Product Quality
2024-06-13,product_quality,22,136,0.16176470588235295,Product Quality
2024-06-14,product_quality,34,125,0.272,Product Quality
2024-06-15,product_quality,28,133,0.21052631578947367,Product Quality
2024-06-16,product_quality,32,155,0.2064516129032258,Product Quality
2024-06-17,product_quality,25,129,0.1937984496124031,Product Quality
2024-06-18,product_quality,25,133,0.18796992481203006,Product Quality
2024-06-19,product_quality,30,120,0.25,Product Quality
2024-06-20,product_quality,39,119,0.3277310924369748,Product Quality
2024-06-21,product_quality,31,129,0.24031007751937986,Product Quality
2024-06-22,product_quality,31,146,0.21232876712328766,Product Quality
2024-06-23,product_quality,34,146,0.2328767123287671,Product Quality
2024-06-24,product_quality,42,144,0.2916666666666667,Product Quality
2024-06-25,product_quality,43,162,0.2654320987654321,Product Quality
2024-06-26,product_quality,28,129,0.21705426356589147,Product Quality
2024-06-27,product_quality,48,148,0.32432432432432434,Product Quality
2024-06-28,product_quality,30,106,0.2830188679245283,Product Quality
2024-06-29,product_quality,36,124,0.2903225806451613,Product Quality
2024-06-30,product_quality,34,156,0.21794871794871795,Product Quality
2024-07-01,product_quality,36,126,0.2857142857142857,Product Quality
2024-07-02,product_quality,33,122,0.27049180327868855,Product Quality
2024-07-03,product_quality,24,124,0.1935483870967742,Product Quality
2024-07-04,product_quality,44,146,0.3013698630136986,Product Quality
2024-07-05,product_quality,40,154,0.2597402597402597,Product Quality
2024-07-06,product_quality,28,128,0.21875,Product Quality
2024-07-07,product_quality,33,125,0.264,Product Quality
2024-07-08,product_quality,33,130,0.25384615384615383,Product Quality
2024-07-09,product_quality,35,153,0.22875816993464052,Product Quality
2024-07-10,product_quality,31,141,0.2198581560283688,Product Quality
2024-07-11,product_quality,35,132,0.26515151515151514,Product Quality
2024-07-12,product_quality,30,137,0.21897810218978103,Product Quality
2024-07-13,product_quality,30,130,0.23076923076923078,Product Quality
2024-07-14,product_quality,30,130,0.23076923076923078,Product Quality
2024-07-15,product_quality,33,115,0.28695652173913044,Product Quality
2024-07-16,product_quality,35,149,0.2348993288590604,Product Quality
2024-07-17,product_quality,26,125,0.208,Product Quality
2024-07-18,product_quality,28,120,0.23333333333333334,Product Quality
2024-07-19,product_quality,29,129,0.2248062015503876,Product Quality
2024-07-20,product_quality,34,143,0.23776223776223776,Product Quality
2024-07-21,product_quality,32,145,0.2206896551724138,Product Quality
2024-07-22,product_quality,35,148,0.23648648648648649,Product Quality
2024-07-23,product_quality,31,145,0.21379310344827587,Product Quality
2024-07-24,product_quality,29,115,0.25217391304347825,Product Quality
2024-07-25,product_quality,34,147,0.23129251700680273,Product Quality
2024-07-26,product_quality,36,139,0.2589928057553957,Product Quality
2024-07-27,product_quality,24,123,0.1951219512195122,Product Quality
2024-07-28,product_quality,33,123,0.2682926829268293,Product Quality
2024-07-29,product_quality,24,126,0.19047619047619047,Product Quality
2024-07-30,product_quality,31,138,0.2246376811594203,Product Quality
2024-07-31,product_quality,39,120,0.325,Product Quality
2024-08-01,product_quality,24,124,0.1935483870967742,Product Quality
2024-08-02,product_quality,37,134,0.27611940298507465,Product Quality
2024-08-03,product_quality,24,131,0.183206106870229,Product Quality
2024-08-04,product_quality,35,119,0.29411764705882354,Product Quality
2024-08-05,product_quality,25,115,0.21739130434782608,Product Quality
2024-08-06,product_quality,32,139,0.2302158273381295,Product Quality
2024-08-07,product_quality,24,123,0.1951219512195122,Product Quality
2024-08-08,product_quality,22,134,0.16417910447761194,Product Quality
2024-08-09,product_quality,35,119,0.29411764705882354,Product Quality
2024-08-10,product_quality,39,127,0.30708661417322836,Product Quality
2024-08-11,product_quality,41,140,0.29285714285714287,Product Quality
2024-08-12,product_quality,34,142,0.23943661971830985,Product Quality
2024-08-13,product_quality,39,133,0.2932330827067669,Product Quality
2024-08-14,product_quality,41,145,0.2827586206896552,Product Quality
2024-08-15,product_quality,28,121,0.23140495867768596,Product Quality
2024-08-16,product_quality,21,93,0.22580645161290322,Product Quality
2024-08-17,product_quality,41,134,0.30597014925373134,Product Quality
2024-08-18,product_quality,28,145,0.19310344827586207,Product Quality
2024-08-19,product_quality,33,132,0.25,Product Quality
2024-08-20,product_quality,30,151,0.1986754966887417,Product Quality
2024-08-21,product_quality,33,135,0.24444444444444444,Product Quality
2024-08-22,product_quality,28,107,0.2616822429906542,Product Quality
2024-08-23,product_quality,35,116,0.3017241379310345,Product Quality
2024-08-24,product_quality,37,145,0.25517241379310346,Product Quality
2024-08-25,product_quality,26,124,0.20967741935483872,Product Quality
2024-08-26,product_quality,36,134,0.26865671641791045,Product Quality
2024-08-27,product_quality,30,123,0.24390243902439024,Product Quality
2024-08-28,product_quality,39,133,0.2932330827067669,Product Quality
2024-08-29,product_quality,41,148,0.27702702702702703,Product Quality
2024-08-30,product_quality,35,141,0.24822695035460993,Product Quality
2024-08-31,product_quality,37,143,0.25874125874125875,Product Quality
2024-09-01,product_quality,27,117,0.23076923076923078,Product Quality
2024-09-02,product_quality,39,130,0.3,Product Quality
2024-09-03,product_quality,34,149,0.22818791946308725,Product Quality
2024-09-04,product_quality,31,141,0.2198581560283688,Product Quality
2024-09-05,product_quality,25,129,0.1937984496124031,Product Quality
2024-09-06,product_quality,34,137,0.24817518248175183,Product Quality
2024-09-07,product_quality,27,143,0.1888111888111888,Product Quality
2024-09-08,product_quality,45,140,0.32142857142857145,Product Quality
2024-09-09,product_quality,27,133,0.20300751879699247,Product Quality
2024-09-10,product_quality,32,131,0.24427480916030533,Product Quality
2024-09-11,product_quality,26,123,0.21138211382113822,Product Quality
2024-09-12,product_quality,30,128,0.234375,Product Quality
2024-09-13,product_quality,32,133,0.24060150375939848,Product Quality
2024-09-14,product_quality,34,141,0.24113475177304963,Product Quality
2024-09-15,product_quality,35,122,0.28688524590163933,Product Quality
2024-09-16,product_quality,30,136,0.22058823529411764,Product Quality
2024-09-17,product_quality,40,136,0.29411764705882354,Product Quality
2024-09-18,product_quality,23,128,0.1796875,Product Quality
2024-09-19,product_quality,21,122,0.1721311475409836,Product Quality
2024-09-20,product_quality,35,154,0.22727272727272727,Product Quality
2024-09-21,product_quality,39,149,0.26174496644295303,Product Quality
2024-09-22,product_quality,26,121,0.21487603305785125,Product Quality
2024-09-23,product_quality,28,142,0.19718309859154928,Product Quality
2024-09-24,product_quality,33,119,0.2773109243697479,Product Quality
2024-09-25,product_quality,43,144,0.2986111111111111,Product Quality
2024-09-26,product_quality,23,120,0.19166666666666668,Product Quality
2024-09-27,product_quality,29,111,0.26126126126126126,Product Quality
2024-09-28,product_quality,29,135,0.21481481481481482,Product Quality
2024-09-29,product_quality,49,156,0.3141025641025641,Product Quality
2024-09-30,product_quality,29,116,0.25,Product Quality
2024-10-01,product_quality,31,133,0.23308270676691728,Product Quality
2024-10-02,product_quality,22,114,0.19298245614035087,Product Quality
2024-10-03,product_quality,25,110,0.22727272727272727,Product Quality
2024-10-04,product_quality,37,134,0.27611940298507465,Product Quality
2024-10-05,product_quality,34,143,0.23776223776223776,Product Quality
2024-10-06,product_quality,31,142,0.21830985915492956,Product Quality
2024-10-07,product_quality,32,124,0.25806451612903225,Product Quality
2024-10-08,product_quality,37,122,0.30327868852459017,Product Quality
2024-10-09,product_quality,38,129,0.29457364341085274,Product Quality
2024-10-10,product_quality,30,130,0.23076923076923078,Product Quality
2024-10-11,product_quality,40,141,0.28368794326241137,Product Quality
2024-10-12,product_quality,30,119,0.25210084033613445,Product Quality
2024-10-13,product_quality,34,145,0.23448275862068965,Product Quality
2024-10-14,product_quality,35,130,0.2692307692307692,Product Quality
2024-10-15,product_quality,29,120,0.24166666666666667,Product Quality
2024-10-16,product_quality,38,112,0.3392857142857143,Product Quality
2024-10-17,product_quality,31,133,0.23308270676691728,Product Quality
2024-10-18,product_quality,23,112,0.20535714285714285,Product Quality
2024-10-19,product_quality,32,134,0.23880597014925373,Product Quality
2024-10-20,product_quality,27,128,0.2109375,Product Quality
2024-10-21,product_quality,32,127,0.25196850393700787,Product Quality
2024-10-22,product_quality,37,136,0.27205882352941174,Product Quality
2024-10-23,product_quality,40,143,0.27972027972027974,Product Quality
2024-10-24,product_quality,25,118,0.211864406779661,Product Quality
2024-10-25,product_quality,37,148,0.25,Product Quality
2024-10-26,product_quality,30,133,0.22556390977443608,Product Quality
2024-10-27,product_quality,35,124,0.28225806451612906,Product Quality
2024-10-28,product_quality,22,133,0.16541353383458646,Product Quality
2024-10-29,product_quality,21,128,0.1640625,Product Quality
2024-10-30,product_quality,26,115,0.22608695652173913,Product Quality
2024-10-31,product_quality,31,127,0.2440944881889764,Product Quality
2024-11-01,product_quality,24,136,0.17647058823529413,Product Quality
2024-11-02,product_quality,28,132,0.21212121212121213,Product Quality
2024-11-03,product_quality,23,117,0.19658119658119658,Product Quality
2024-11-04,product_quality,50,179,0.27932960893854747,Product Quality
2024-11-05,product_quality,30,140,0.21428571428571427,Product Quality
2024-11-06,product_quality,36,146,0.2465753424657534,Product Quality
2024-11-07,product_quality,22,124,0.1774193548387097,Product Quality
2024-11-08,product_quality,30,150,0.2,Product Quality
2024-11-09,product_quality,36,141,0.2553191489361702,Product Quality
2024-11-10,product_quality,28,127,0.2204724409448819,Product Quality
2024-11-11,product_quality,16,120,0.13333333333333333,Product Quality
2024-11-12,product_quality,30,126,0.23809523809523808,Product Quality
2024-11-13,product_quality,28,139,0.2014388489208633,Product Quality
2024-11-14,product_quality,30,126,0.23809523809523808,Product Quality
2024-11-15,product_quality,24,109,0.22018348623853212,Product Quality
2024-11-16,product_quality,30,139,0.2158273381294964,Product Quality
2024-11-17,product_quality,31,120,0.25833333333333336,Product Quality
2024-11-18,product_quality,31,138,0.2246376811594203,Product Quality
2024-11-19,product_quality,22,135,0.16296296296296298,Product Quality
2024-11-20,product_quality,26,118,0.22033898305084745,Product Quality
2024-11-21,product_quality,34,133,0.2556390977443609,Product Quality
2024-11-22,product_quality,29,142,0.20422535211267606,Product Quality
2024-11-23,product_quality,36,134,0.26865671641791045,Product Quality
2024-11-24,product_quality,29,134,0.21641791044776118,Product Quality
2024-11-25,product_quality,16,111,0.14414414414414414,Product Quality
2024-11-26,product_quality,41,143,0.2867132867132867,Product Quality
2024-11-27,product_quality,32,136,0.23529411764705882,Product Quality
2024-11-28,product_quality,34,134,0.2537313432835821,Product Quality
2024-11-29,product_quality,37,131,0.2824427480916031,Product Quality
2024-11-30,product_quality,35,140,0.25,Product Quality
2024-12-01,product_quality,35,138,0.2536231884057971,Product Quality
2024-12-02,product_quality,25,124,0.20161290322580644,Product Quality
2024-12-03,product_quality,36,134,0.26865671641791045,Product Quality
2024-12-04,product_quality,30,130,0.23076923076923078,Product Quality
2024-12-05,product_quality,34,135,0.2518518518518518,Product Quality
2024-12-06,product_quality,32,140,0.22857142857142856,Product Quality
2024-12-07,product_quality,34,141,0.24113475177304963,Product Quality
2024-12-08,product_quality,39,138,0.2826086956521739,Product Quality
2024-12-09,product_quality,26,145,0.1793103448275862,Product Quality
2024-12-10,product_quality,31,141,0.2198581560283688,Product Quality
2024-12-11,product_quality,36,137,0.26277372262773724,Product Quality
2024-12-12,product_quality,29,142,0.20422535211267606,Product Quality
2024-12-13,product_quality,35,140,0.25,Product Quality
2024-12-14,product_quality,26,124,0.20967741935483872,Product Quality
2024-12-15,product_quality,28,128,0.21875,Product Quality
2024-12-16,product_quality,35,132,0.26515151515151514,Product Quality
2024-12-17,product_quality,22,115,0.19130434782608696,Product Quality
2024-12-18,product_quality,23,122,0.1885245901639344,Product Quality
2024-12-19,product_quality,22,120,0.18333333333333332,Product Quality
2024-12-20,product_quality,29,132,0.2196969696969697,Product Quality
2024-12-21,product_quality,30,107,0.2803738317757009,Product Quality
2024-12-22,product_quality,40,143,0.27972027972027974,Product Quality
2024-12-23,product_quality,33,129,0.2558139534883721,Product Quality
2024-12-24,product_quality,23,103,0.22330097087378642,Product Quality
2024-12-25,product_quality,21,117,0.1794871794871795,Product Quality
2024-12-26,product_quality,31,131,0.2366412213740458,Product Quality
2024-12-27,product_quality,50,136,0.36764705882352944,Product Quality
2024-12-28,product_quality,37,134,0.27611940298507465,Product Quality
2024-12-29,product_quality,33,135,0.24444444444444444,Product Quality
2024-12-30,product_quality,33,149,0.2214765100671141,Product Quality
2024-12-31,product_quality,31,129,0.24031007751937986,Product Quality
2025-01-01,product_quality,27,118,0.2288135593220339,Product Quality
2025-01-02,product_quality,33,134,0.2462686567164179,Product Quality
2025-01-03,product_quality,32,137,0.23357664233576642,Product Quality
2025-01-04,product_quality,34,119,0.2857142857142857,Product Quality
2025-01-05,product_quality,29,148,0.19594594594594594,Product Quality
2025-01-06,product_quality,28,156,0.1794871794871795,Product Quality
2025-01-07,product_quality,33,126,0.2619047619047619,Product Quality
2025-01-08,product_quality,40,150,0.26666666666666666,Product Quality
2025-01-09,product_quality,36,131,0.2748091603053435,Product Quality
2025-01-10,product_quality,20,128,0.15625,Product Quality
2025-01-11,product_quality,41,148,0.27702702702702703,Product Quality
2025-01-12,product_quality,22,136,0.16176470588235295,Product Quality
2025-01-13,product_quality,25,123,0.2032520325203252,Product Quality
2025-01-14,product_quality,29,135,0.21481481481481482,Product Quality
2025-01-15,product_quality,31,139,0.22302158273381295,Product Quality
2025-01-16,product_quality,33,148,0.22297297297297297,Product Quality
2025-01-17,product_quality,32,156,0.20512820512820512,Product Quality
2025-01-18,product_quality,29,120,0.24166666666666667,Product Quality
2025-01-19,product_quality,21,120,0.175,Product Quality
2025-01-20,product_quality,30,132,0.22727272727272727,Product Quality
2025-01-21,product_quality,28,130,0.2153846153846154,Product Quality
2025-01-22,product_quality,33,152,0.21710526315789475,Product Quality
2025-01-23,product_quality,29,139,0.20863309352517986,Product Quality
2025-01-24,product_quality,34,126,0.2698412698412698,Product Quality
2025-01-25,product_quality,35,143,0.24475524475524477,Product Quality
2025-01-26,product_quality,38,148,0.25675675675675674,Product Quality
2025-01-27,product_quality,38,113,0.336283185840708,Product Quality
2025-01-28,product_quality,34,156,0.21794871794871795,Product Quality
2025-01-29,product_quality,33,137,0.24087591240875914,Product Quality
2025-01-30,product_quality,35,136,0.25735294117647056,Product Quality
2025-01-31,product_quality,25,136,0.18382352941176472,Product Quality
2025-02-01,product_quality,33,132,0.25,Product Quality
2025-02-02,product_quality,37,138,0.26811594202898553,Product Quality
2025-02-03,product_quality,25,138,0.18115942028985507,Product Quality
2025-02-04,product_quality,34,132,0.25757575757575757,Product Quality
2025-02-05,product_quality,31,139,0.22302158273381295,Product Quality
2025-02-06,product_quality,38,143,0.26573426573426573,Product Quality
2025-02-07,product_quality,35,149,0.2348993288590604,Product Quality
2025-02-08,product_quality,41,128,0.3203125,Product Quality
2025-02-09,product_quality,48,139,0.34532374100719426,Product Quality
2025-02-10,product_quality,38,138,0.2753623188405797,Product Quality
2025-02-11,product_quality,32,129,0.24806201550387597,Product Quality
2025-02-12,product_quality,27,140,0.19285714285714287,Product Quality
2025-02-13,product_quality,33,148,0.22297297297297297,Product Quality
2025-02-14,product_quality,29,116,0.25,Product Quality
2025-02-15,product_quality,34,128,0.265625,Product Quality
2025-02-16,product_quality,25,143,0.17482517482517482,Product Quality
2025-02-17,product_quality,30,136,0.22058823529411764,Product Quality
2025-02-18,product_quality,34,145,0.23448275862068965,Product Quality
2025-02-19,product_quality,31,117,0.26495726495726496,Product Quality
2025-02-20,product_quality,28,143,0.1958041958041958,Product Quality
2025-02-21,product_quality,21,139,0.1510791366906475,Product Quality
2025-02-22,product_quality,28,114,0.24561403508771928,Product Quality
2025-02-23,product_quality,25,123,0.2032520325203252,Product Quality
2025-02-24,product_quality,30,135,0.2222222222222222,Product Quality
2025-02-25,product_quality,34,139,0.2446043165467626,Product Quality
2025-02-26,product_quality,36,127,0.28346456692913385,Product Quality
2025-02-27,product_quality,37,120,0.30833333333333335,Product Quality
2025-02-28,product_quality,25,130,0.19230769230769232,Product Quality
2025-03-01,product_quality,33,137,0.24087591240875914,Product Quality
2025-03-02,product_quality,31,141,0.2198581560283688,Product Quality
2025-03-03,product_quality,34,128,0.265625,Product Quality
2025-03-04,product_quality,37,142,0.2605633802816901,Product Quality
2025-03-05,product_quality,42,137,0.30656934306569344,Product Quality
2025-03-06,product_quality,30,143,0.2097902097902098,Product Quality
2025-03-07,product_quality,40,123,0.3252032520325203,Product Quality
2025-03-08,product_quality,35,128,0.2734375,Product Quality
2025-03-09,product_quality,34,135,0.2518518518518518,Product Quality
2025-03-10,product_quality,29,127,0.2283464566929134,Product Quality
2025-03-11,product_quality,37,138,0.26811594202898553,Product Quality
2025-03-12,product_quality,36,133,0.2706766917293233,Product Quality
2025-03-13,product_quality,22,121,0.18181818181818182,Product Quality
2025-03-14,product_quality,35,140,0.25,Product Quality
2025-03-15,product_quality,40,131,0.3053435114503817,Product Quality
2025-03-16,product_quality,30,134,0.22388059701492538,Product Quality
2025-03-17,product_quality,24,135,0.17777777777777778,Product Quality
2025-03-18,product_quality,17,99,0.1717171717171717,Product Quality
2025-03-19,product_quality,34,121,0.2809917355371901,Product Quality
2025-03-20,product_quality,31,120,0.25833333333333336,Product Quality
2025-03-21,product_quality,38,138,0.2753623188405797,Product Quality
2025-03-22,product_quality,32,142,0.22535211267605634,Product Quality
2025-03-23,product_quality,29,121,0.2396694214876033,Product Quality
2025-03-24,product_quality,46,146,0.3150684931506849,Product Quality
2025-03-25,product_quality,27,119,0.226890756302521,Product Quality
2025-03-26,product_quality,27,137,0.19708029197080293,Product Quality
2025-03-27,product_quality,31,131,0.2366412213740458,Product Quality
2025-03-28,product_quality,25,125,0.2,Product Quality
2025-03-29,product_quality,32,125,0.256,Product Quality
2025-03-30,product_quality,35,137,0.25547445255474455,Product Quality
2025-03-31,product_quality,38,150,0.25333333333333335,Product Quality
2025-04-01,product_quality,33,152,0.21710526315789475,Product Quality
2025-04-02,product_quality,42,145,0.2896551724137931,Product Quality
2025-04-03,product_quality,33,138,0.2391304347826087,Product Quality
2025-04-04,product_quality,30,116,0.25862068965517243,Product Quality
2025-04-05,product_quality,30,148,0.20270270270270271,Product Quality
2025-04-06,product_quality,36,139,0.2589928057553957,Product Quality
2025-04-07,product_quality,22,119,0.18487394957983194,Product Quality
2025-04-08,product_quality,23,127,0.18110236220472442,Product Quality
2025-04-09,product_quality,28,124,0.22580645161290322,Product Quality
2025-04-10,product_quality,41,147,0.2789115646258503,Product Quality
2025-04-11,product_quality,43,150,0.2866666666666667,Product Quality
2025-04-12,product_quality,36,158,0.22784810126582278,Product Quality
2025-04-13,product_quality,27,109,0.24770642201834864,Product Quality
2025-04-14,product_quality,30,132,0.22727272727272727,Product Quality
2025-04-15,product_quality,36,149,0.24161073825503357,Product Quality
2025-04-16,product_quality,29,130,0.2230769230769231,Product Quality
2025-04-17,product_quality,33,123,0.2682926829268293,Product Quality
2025-04-18,product_quality,37,139,0.26618705035971224,Product Quality
2025-04-19,product_quality,20,110,0.18181818181818182,Product Quality
2025-04-20,product_quality,32,128,0.25,Product Quality
2025-04-21,product_quality,26,132,0.19696969696969696,Product Quality
2025-04-22,product_quality,29,137,0.2116788321167883,Product Quality
2025-04-23,product_quality,35,130,0.2692307692307692,Product Quality
2025-04-24,product_quality,44,145,0.30344827586206896,Product Quality
2025-04-25,product_quality,29,121,0.2396694214876033,Product Quality
2025-04-26,product_quality,29,129,0.2248062015503876,Product Quality
2025-04-27,product_quality,26,127,0.2047244094488189,Product Quality
2025-04-28,product_quality,21,118,0.17796610169491525,Product Quality
2025-04-29,product_quality,38,122,0.3114754098360656,Product Quality
2025-04-30,product_quality,28,125,0.224,Product Quality
2025-05-01,product_quality,32,149,0.21476510067114093,Product Quality
2025-05-02,product_quality,24,122,0.19672131147540983,Product Quality
2025-05-03,product_quality,33,129,0.2558139534883721,Product Quality
2025-05-04,product_quality,33,139,0.23741007194244604,Product Quality
2025-05-05,product_quality,31,126,0.24603174603174602,Product Quality
2025-05-06,product_quality,37,150,0.24666666666666667,Product Quality
2025-05-07,product_quality,31,130,0.23846153846153847,Product Quality
2025-05-08,product_quality,31,118,0.2627118644067797,Product Quality
2025-05-09,product_quality,32,142,0.22535211267605634,Product Quality
2025-05-10,product_quality,33,124,0.2661290322580645,Product Quality
2025-05-11,product_quality,37,132,0.2803030303030303,Product Quality
2025-05-12,product_quality,41,138,0.2971014492753623,Product Quality
2025-05-13,product_quality,25,129,0.1937984496124031,Product Quality
2025-05-14,product_quality,26,119,0.2184873949579832,Product Quality
2025-05-15,product_quality,32,124,0.25806451612903225,Product Quality
2025-05-16,product_quality,35,139,0.2517985611510791,Product Quality
2025-05-17,product_quality,29,124,0.23387096774193547,Product Quality
2025-05-18,product_quality,33,121,0.2727272727272727,Product Quality
2025-05-19,product_quality,31,114,0.2719298245614035,Product Quality
2025-05-20,product_quality,33,130,0.25384615384615383,Product Quality
2025-05-21,product_quality,31,108,0.28703703703703703,Product Quality
2025-05-22,product_quality,36,156,0.23076923076923078,Product Quality
2025-05-23,product_quality,35,148,0.23648648648648649,Product Quality
2025-05-24,product_quality,44,137,0.32116788321167883,Product Quality
2025-05-25,product_quality,50,141,0.3546099290780142,Product Quality
2025-05-26,product_quality,33,119,0.2773109243697479,Product Quality
2025-05-27,product_quality,45,160,0.28125,Product Quality
2025-05-28,product_quality,32,147,0.21768707482993196,Product Quality
2025-05-29,product_quality,27,116,0.23275862068965517,Product Quality
2025-05-30,product_quality,27,133,0.20300751879699247,Product Quality
2025-05-31,product_quality,26,140,0.18571428571428572,Product Quality
2025-06-01,product_quality,35,132,0.26515151515151514,Product Quality
2025-06-02,product_quality,28,118,0.23728813559322035,Product Quality
2025-06-03,product_quality,25,121,0.2066115702479339,Product Quality
2025-06-04,product_quality,37,141,0.2624113475177305,Product Quality
2025-06-05,product_quality,31,116,0.2672413793103448,Product Quality
2025-06-06,product_quality,35,140,0.25,Product Quality
2025-06-07,product_quality,36,138,0.2608695652173913,Product Quality
2025-06-08,product_quality,33,142,0.2323943661971831,Product Quality
2025-06-09,product_quality,35,126,0.2777777777777778,Product Quality
2025-06-10,product_quality,39,152,0.2565789473684211,Product Quality
2025-06-11,product_quality,40,133,0.3007518796992481,Product Quality
2025-06-12,product_quality,34,137,0.24817518248175183,Product Quality
2025-06-13,product_quality,39,137,0.2846715328467153,Product Quality
2025-06-14,product_quality,20,113,0.17699115044247787,Product Quality
2025-06-15,product_quality,28,104,0.2692307692307692,Product Quality
2025-06-16,product_quality,39,132,0.29545454545454547,Product Quality
2025-06-17,product_quality,30,117,0.2564102564102564,Product Quality
2025-06-18,product_quality,29,136,0.21323529411764705,Product Quality
2025-06-19,product_quality,30,130,0.23076923076923078,Product Quality
2025-06-20,product_quality,29,137,0.2116788321167883,Product Quality
2025-06-21,product_quality,36,146,0.2465753424657534,Product Quality
2025-06-22,product_quality,29,134,0.21641791044776118,Product Quality
2025-06-23,product_quality,38,116,0.3275862068965517,Product Quality
2025-06-24,product_quality,42,134,0.31343283582089554,Product Quality
2025-06-25,product_quality,23,118,0.19491525423728814,Product Quality
2025-06-26,product_quality,30,119,0.25210084033613445,Product Quality
2025-06-27,product_quality,38,143,0.26573426573426573,Product Quality
2025-06-28,product_quality,32,132,0.24242424242424243,Product Quality
2025-06-29,product_quality,35,140,0.25,Product Quality
2025-06-30,product_quality,40,133,0.3007518796992481,Product Quality
2025-07-01,product_quality,32,118,0.2711864406779661,Product Quality
2025-07-02,product_quality,32,128,0.25,Product Quality
2025-07-03,product_quality,31,124,0.25,Product Quality
2025-07-04,product_quality,27,124,0.21774193548387097,Product Quality
2025-07-05,product_quality,27,126,0.21428571428571427,Product Quality
2025-07-06,product_quality,28,131,0.21374045801526717,Product Quality
2025-07-07,product_quality,29,116,0.25,Product Quality
2025-07-08,product_quality,35,158,0.22151898734177214,Product Quality
2025-07-09,product_quality,25,134,0.1865671641791045,Product Quality
2025-07-10,product_quality,31,151,0.2052980132450331,Product Quality
2025-07-11,product_quality,46,139,0.33093525179856115,Product Quality
2025-07-12,product_quality,35,141,0.24822695035460993,Product Quality
2025-07-13,product_quality,29,122,0.23770491803278687,Product Quality
2025-07-14,product_quality,30,123,0.24390243902439024,Product Quality
2025-07-15,product_quality,25,120,0.20833333333333334,Product Quality
2025-07-16,product_quality,26,112,0.23214285714285715,Product Quality
2025-07-17,product_quality,39,136,0.2867647058823529,Product Quality
2025-07-18,product_quality,35,141,0.24822695035460993,Product Quality
2025-07-19,product_quality,29,145,0.2,Product Quality
2025-07-20,product_quality,35,147,0.23809523809523808,Product Quality
2025-07-21,product_quality,38,124,0.3064516129032258,Product Quality
2025-07-22,product_quality,30,125,0.24,Product Quality
2025-07-23,product_quality,37,129,0.2868217054263566,Product Quality
2025-07-24,product_quality,25,154,0.16233766233766234,Product Quality
2025-07-25,product_quality,39,126,0.30952380952380953,Product Quality
2025-07-26,product_quality,33,146,0.22602739726027396,Product Quality
2025-07-27,product_quality,36,144,0.25,Product Quality
2025-07-28,product_quality,34,148,0.22972972972972974,Product Quality
2025-07-29,product_quality,18,101,0.1782178217821782,Product Quality
2025-07-30,product_quality,30,133,0.22556390977443608,Product Quality
2025-07-31,product_quality,34,133,0.2556390977443609,Product Quality
2025-08-01,product_quality,29,143,0.20279720279720279,Product Quality
2025-08-02,product_quality,48,151,0.31788079470198677,Product Quality
2025-08-03,product_quality,24,130,0.18461538461538463,Product Quality
2025-08-04,product_quality,38,143,0.26573426573426573,Product Quality
2025-08-05,product_quality,27,122,0.22131147540983606,Product Quality
2025-08-06,product_quality,33,143,0.23076923076923078,Product Quality
2025-08-07,product_quality,29,116,0.25,Product Quality
2025-08-08,product_quality,26,124,0.20967741935483872,Product Quality
2025-08-09,product_quality,33,125,0.264,Product Quality
2025-08-10,product_quality,43,158,0.2721518987341772,Product Quality
2025-08-11,product_quality,28,131,0.21374045801526717,Product Quality
2025-08-12,product_quality,33,155,0.2129032258064516,Product Quality
2025-08-13,product_quality,33,119,0.2773109243697479,Product Quality
2025-08-14,product_quality,25,136,0.18382352941176472,Product Quality
2025-08-15,product_quality,33,142,0.2323943661971831,Product Quality
2025-08-16,product_quality,29,117,0.24786324786324787,Product Quality
2025-08-17,product_quality,36,138,0.2608695652173913,Product Quality
2025-08-18,product_quality,23,117,0.19658119658119658,Product Quality
2025-08-19,product_quality,28,129,0.21705426356589147,Product Quality
2025-08-20,product_quality,38,146,0.2602739726027397,Product Quality
2025-08-21,product_quality,27,145,0.18620689655172415,Product Quality
2025-08-22,product_quality,38,146,0.2602739726027397,Product Quality
2025-08-23,product_quality,21,122,0.1721311475409836,Product Quality
2025-08-24,product_quality,22,129,0.17054263565891473,Product Quality
2025-08-25,product_quality,34,129,0.26356589147286824,Product Quality
2025-08-26,product_quality,31,124,0.25,Product Quality
2025-08-27,product_quality,35,126,0.2777777777777778,Product Quality
2025-08-28,product_quality,26,123,0.21138211382113822,Product Quality
2025-08-29,product_quality,28,121,0.23140495867768596,Product Quality
2025-08-30,product_quality,27,127,0.2125984251968504,Product Quality
2025-08-31,product_quality,35,124,0.28225806451612906,Product Quality
2025-09-01,product_quality,37,132,0.2803030303030303,Product Quality
2025-09-02,product_quality,25,132,0.1893939393939394,Product Quality
2025-09-03,product_quality,26,136,0.19117647058823528,Product Quality
2025-09-04,product_quality,26,133,0.19548872180451127,Product Quality
2025-09-05,product_quality,20,113,0.17699115044247787,Product Quality
2025-09-06,product_quality,32,122,0.26229508196721313,Product Quality
2025-09-07,product_quality,33,141,0.23404255319148937,Product Quality
2025-09-08,product_quality,34,141,0.24113475177304963,Product Quality
2025-09-09,product_quality,45,152,0.29605263157894735,Product Quality
2025-09-10,product_quality,30,127,0.23622047244094488,Product Quality
2025-09-11,product_quality,27,129,0.20930232558139536,Product Quality
2025-09-12,product_quality,30,129,0.23255813953488372,Product Quality
2025-09-13,product_quality,33,115,0.28695652173913044,Product Quality
2025-09-14,product_quality,30,119,0.25210084033613445,Product Quality
2025-09-15,product_quality,34,132,0.25757575757575757,Product Quality
2025-09-16,product_quality,24,133,0.18045112781954886,Product Quality
2025-09-17,product_quality,35,137,0.25547445255474455,Product Quality
2025-09-18,product_quality,29,135,0.21481481481481482,Product Quality
2025-09-19,product_quality,38,138,0.2753623188405797,Product Quality
2025-09-20,product_quality,27,142,0.19014084507042253,Product Quality
2025-09-21,product_quality,34,118,0.288135593220339,Product Quality
2025-09-22,product_quality,32,117,0.27350427350427353,Product Quality
2025-09-23,product_quality,25,125,0.2,Product Quality
2025-09-24,product_quality,27,129,0.20930232558139536,Product Quality
2025-09-25,product_quality,29,113,0.25663716814159293,Product Quality
2025-09-26,product_quality,32,135,0.23703703703703705,Product Quality
2025-09-27,product_quality,43,146,0.2945205479452055,Product Quality
2025-09-28,product_quality,39,140,0.2785714285714286,Product Quality
2025-09-29,product_quality,35,122,0.28688524590163933,Product Quality
2025-09-30,product_quality,26,134,0.19402985074626866,Product Quality
2025-10-01,product_quality,40,135,0.2962962962962963,Product Quality
2025-10-02,product_quality,30,114,0.2631578947368421,Product Quality
2025-10-03,product_quality,37,125,0.296,Product Quality
2025-10-04,product_quality,37,139,0.26618705035971224,Product Quality
2025-10-05,product_quality,19,118,0.16101694915254236,Product Quality
2025-10-06,product_quality,31,130,0.23846153846153847,Product Quality
2025-10-07,product_quality,33,130,0.25384615384615383,Product Quality
2025-10-08,product_quality,26,129,0.20155038759689922,Product Quality
2025-10-09,product_quality,27,141,0.19148936170212766,Product Quality
2025-10-10,product_quality,25,127,0.1968503937007874,Product Quality
2025-10-11,product_quality,36,142,0.2535211267605634,Product Quality
2025-10-12,product_quality,32,116,0.27586206896551724,Product Quality
2025-10-13,product_quality,31,121,0.256198347107438,Product Quality
2025-10-14,product_quality,32,123,0.2601626016260163,Product Quality
2025-10-15,product_quality,32,137,0.23357664233576642,Product Quality
2025-10-16,product_quality,35,143,0.24475524475524477,Product Quality
2025-10-17,product_quality,27,107,0.2523364485981308,Product Quality
2025-10-18,product_quality,35,143,0.24475524475524477,Product Quality
2025-10-19,product_quality,29,114,0.2543859649122807,Product Quality
2025-10-20,product_quality,21,110,0.19090909090909092,Product Quality
2025-10-21,product_quality,28,115,0.24347826086956523,Product Quality
2025-10-22,product_quality,22,115,0.19130434782608696,Product Quality
2025-10-23,product_quality,35,140,0.25,Product Quality
2025-10-24,product_quality,30,130,0.23076923076923078,Product Quality
2025-10-25,product_quality,28,133,0.21052631578947367,Product Quality
2025-10-26,product_quality,31,138,0.2246376811594203,Product Quality
2025-10-27,product_quality,43,132,0.32575757575757575,Product Quality
2025-10-28,product_quality,34,142,0.23943661971830985,Product Quality
2025-10-29,product_quality,29,134,0.21641791044776118,Product Quality
2025-10-30,product_quality,35,130,0.2692307692307692,Product Quality
2025-10-31,product_quality,20,105,0.19047619047619047,Product Quality
2025-11-01,product_quality,34,149,0.22818791946308725,Product Quality
2025-11-02,product_quality,20,128,0.15625,Product Quality
2025-11-03,product_quality,39,136,0.2867647058823529,Product Quality
2025-11-04,product_quality,32,130,0.24615384615384617,Product Quality
2025-11-05,product_quality,37,133,0.2781954887218045,Product Quality
2025-11-06,product_quality,28,126,0.2222222222222222,Product Quality
2025-11-07,product_quality,31,146,0.21232876712328766,Product Quality
2025-11-08,product_quality,26,142,0.18309859154929578,Product Quality
2025-11-09,product_quality,36,118,0.3050847457627119,Product Quality
2025-11-10,product_quality,34,129,0.26356589147286824,Product Quality
2025-11-11,product_quality,30,145,0.20689655172413793,Product Quality
2025-11-12,product_quality,23,112,0.20535714285714285,Product Quality
2025-11-13,product_quality,38,136,0.27941176470588236,Product Quality
2025-11-14,product_quality,30,117,0.2564102564102564,Product Quality
2025-11-15,product_quality,25,110,0.22727272727272727,Product Quality
2025-11-16,product_quality,33,137,0.24087591240875914,Product Quality
2025-11-17,product_quality,41,149,0.2751677852348993,Product Quality
2025-11-18,product_quality,27,134,0.20149253731343283,Product Quality
2025-11-19,product_quality,24,123,0.1951219512195122,Product Quality
2025-11-20,product_quality,30,143,0.2097902097902098,Product Quality
2025-11-21,product_quality,25,120,0.20833333333333334,Product Quality
2025-11-22,product_quality,36,130,0.27692307692307694,Product Quality
2025-11-23,product_quality,28,129,0.21705426356589147,Product Quality
2025-11-24,product_quality,31,121,0.256198347107438,Product Quality
2025-11-25,product_quality,30,119,0.25210084033613445,Product Quality
2025-11-26,product_quality,34,119,0.2857142857142857,Product Quality
2025-11-27,product_quality,34,140,0.24285714285714285,Product Quality
2025-11-28,product_quality,36,129,0.27906976744186046,Product Quality
2025-11-29,product_quality,41,151,0.271523178807947,Product Quality
2025-11-30,product_quality,31,129,0.24031007751937986,Product Quality
2025-12-01,product_quality,44,168,0.2619047619047619,Product Quality
2025-12-02,product_quality,31,119,0.2605042016806723,Product Quality
2025-12-03,product_quality,32,133,0.24060150375939848,Product Quality
2025-12-04,product_quality,35,139,0.2517985611510791,Product Quality
2025-12-05,product_quality,26,113,0.23008849557522124,Product Quality
2025-12-06,product_quality,33,134,0.2462686567164179,Product Quality
2025-12-07,product_quality,30,124,0.24193548387096775,Product Quality
2025-12-08,product_quality,31,153,0.20261437908496732,Product Quality
2025-12-09,product_quality,34,134,0.2537313432835821,Product Quality
2025-12-10,product_quality,39,147,0.2653061224489796,Product Quality
2025-12-11,product_quality,37,132,0.2803030303030303,Product Quality
2025-12-12,product_quality,27,131,0.20610687022900764,Product Quality
2025-12-13,product_quality,25,137,0.18248175182481752,Product Quality
2025-12-14,product_quality,24,105,0.22857142857142856,Product Quality
2025-12-15,product_quality,30,122,0.2459016393442623,Product Quality
2025-12-16,product_quality,32,136,0.23529411764705882,Product Quality
2025-12-17,product_quality,28,128,0.21875,Product Quality
2025-12-18,product_quality,30,118,0.2542372881355932,Product Quality
2025-12-19,product_quality,37,140,0.2642857142857143,Product Quality
2025-12-20,product_quality,39,145,0.2689655172413793,Product Quality
2025-12-21,product_quality,24,121,0.19834710743801653,Product Quality
2025-12-22,product_quality,34,138,0.2463768115942029,Product Quality
2025-12-23,product_quality,27,137,0.19708029197080293,Product Quality
2025-12-24,product_quality,28,123,0.22764227642276422,Product Quality
2025-12-25,product_quality,31,123,0.25203252032520324,Product Quality
2025-12-26,product_quality,31,135,0.22962962962962963,Product Quality
2025-12-27,product_quality,32,119,0.2689075630252101,Product Quality
2025-12-28,product_quality,40,151,0.26490066225165565,Product Quality
2025-12-29,product_quality,30,130,0.23076923076923078,Product Quality
2025-12-30,product_quality,30,115,0.2608695652173913,Product Quality
2025-12-31,product_quality,33,134,0.2462686567164179,Product Quality
2026-01-01,product_quality,43,140,0.30714285714285716,Product Quality
2026-01-02,product_quality,26,116,0.22413793103448276,Product Quality
2026-01-03,product_quality,29,132,0.2196969696969697,Product Quality
2026-01-04,product_quality,28,123,0.22764227642276422,Product Quality
2026-01-05,product_quality,31,125,0.248,Product Quality
2026-01-06,product_quality,32,137,0.23357664233576642,Product Quality
2026-01-07,product_quality,35,123,0.2845528455284553,Product Quality
2026-01-08,product_quality,25,111,0.22522522522522523,Product Quality
2026-01-09,product_quality,29,127,0.2283464566929134,Product Quality
2026-01-10,product_quality,38,143,0.26573426573426573,Product Quality
2026-01-11,product_quality,30,118,0.2542372881355932,Product Quality
2026-01-12,product_quality,33,145,0.22758620689655173,Product Quality
2026-01-13,product_quality,33,138,0.2391304347826087,Product Quality
2026-01-14,product_quality,27,127,0.2125984251968504,Product Quality
2026-01-15,product_quality,37,135,0.2740740740740741,Product Quality
2026-01-16,product_quality,36,120,0.3,Product Quality
2026-01-17,product_quality,33,120,0.275,Product Quality
2026-01-18,product_quality,29,131,0.22137404580152673,Product Quality
2026-01-19,product_quality,32,136,0.23529411764705882,Product Quality
2026-01-20,product_quality,33,127,0.25984251968503935,Product Quality
2026-01-21,product_quality,31,130,0.23846153846153847,Product Quality
2026-01-22,product_quality,24,149,0.1610738255033557,Product Quality
2026-01-23,product_quality,34,115,0.2956521739130435,Product Quality
2026-01-24,product_quality,36,134,0.26865671641791045,Product Quality
2026-01-25,product_quality,34,124,0.27419354838709675,Product Quality
2026-01-26,product_quality,24,125,0.192,Product Quality
2026-01-27,product_quality,31,139,0.22302158273381295,Product Quality
2026-01-28,product_quality,27,121,0.2231404958677686,Product Quality
2026-01-29,product_quality,34,132,0.25757575757575757,Product Quality
2026-01-30,product_quality,26,140,0.18571428571428572,Product Quality
2026-01-31,product_quality,25,114,0.21929824561403508,Product Quality
2026-02-01,product_quality,23,115,0.2,Product Quality
2026-02-02,product_quality,43,147,0.2925170068027211,Product Quality
2026-02-03,product_quality,33,153,0.21568627450980393,Product Quality
2026-02-04,product_quality,25,136,0.18382352941176472,Product Quality
2026-02-05,product_quality,45,133,0.3383458646616541,Product Quality
2026-02-06,product_quality,31,126,0.24603174603174602,Product Quality
2026-02-07,product_quality,32,143,0.22377622377622378,Product Quality
2026-02-08,product_quality,26,140,0.18571428571428572,Product Quality
2026-02-09,product_quality,29,137,0.2116788321167883,Product Quality
2026-02-10,product_quality,36,134,0.26865671641791045,Product Quality
2026-02-11,product_quality,35,121,0.2892561983471074,Product Quality
2026-02-12,product_quality,32,130,0.24615384615384617,Product Quality
2026-02-13,product_quality,32,131,0.24427480916030533,Product Quality
2026-02-14,product_quality,47,129,0.3643410852713178,Product Quality
2026-02-15,product_quality,34,141,0.24113475177304963,Product Quality
2026-02-16,product_quality,30,149,0.20134228187919462,Product Quality
2026-02-17,product_quality,32,118,0.2711864406779661,Product Quality
2026-02-18,product_quality,24,121,0.19834710743801653,Product Quality
2026-02-19,product_quality,30,123,0.24390243902439024,Product Quality
2026-02-20,product_quality,28,131,0.21374045801526717,Product Quality
2026-02-21,product_quality,41,156,0.26282051282051283,Product Quality
2026-02-22,product_quality,25,118,0.211864406779661,Product Quality
2026-02-23,product_quality,40,145,0.27586206896551724,Product Quality
2026-02-24,product_quality,34,140,0.24285714285714285,Product Quality
2026-02-25,product_quality,34,114,0.2982456140350877,Product Quality
2026-02-26,product_quality,42,140,0.3,Product Quality
2026-02-27,product_quality,39,138,0.2826086956521739,Product Quality
2026-02-28,product_quality,35,113,0.30973451327433627,Product Quality
2026-03-01,product_quality,33,137,0.24087591240875914,Product Quality
2026-03-02,product_quality,33,131,0.25190839694656486,Product Quality
2026-03-03,product_quality,40,164,0.24390243902439024,Product Quality
2026-03-04,product_quality,33,144,0.22916666666666666,Product Quality
2026-03-05,product_quality,47,147,0.3197278911564626,Product Quality
2026-03-06,product_quality,41,131,0.31297709923664124,Product Quality
2026-03-07,product_quality,30,133,0.22556390977443608,Product Quality
2026-03-08,product_quality,30,128,0.234375,Product Quality
2026-03-09,product_quality,30,124,0.24193548387096775,Product Quality
2026-03-10,product_quality,20,129,0.15503875968992248,Product Quality
2026-03-11,product_quality,37,127,0.29133858267716534,Product Quality
2026-03-12,product_quality,21,120,0.175,Product Quality
2026-03-13,product_quality,31,139,0.22302158273381295,Product Quality
2026-03-14,product_quality,29,131,0.22137404580152673,Product Quality
2026-03-15,product_quality,29,123,0.23577235772357724,Product Quality
2026-03-16,product_quality,33,119,0.2773109243697479,Product Quality
2026-03-17,product_quality,36,138,0.2608695652173913,Product Quality
2026-03-18,product_quality,29,150,0.19333333333333333,Product Quality
2026-03-19,product_quality,41,136,0.3014705882352941,Product Quality
2026-03-20,product_quality,34,142,0.23943661971830985,Product Quality
2026-03-21,product_quality,27,114,0.23684210526315788,Product Quality
2026-03-22,product_quality,34,146,0.2328767123287671,Product Quality
2026-03-23,product_quality,32,139,0.2302158273381295,Product Quality
2026-03-24,product_quality,32,121,0.2644628099173554,Product Quality
2026-03-25,product_quality,28,140,0.2,Product Quality
2026-03-26,product_quality,36,138,0.2608695652173913,Product Quality
2026-03-27,product_quality,31,139,0.22302158273381295,Product Quality
2026-03-28,product_quality,24,116,0.20689655172413793,Product Quality
2026-03-29,product_quality,36,130,0.27692307692307694,Product Quality
2026-03-30,product_quality,34,145,0.23448275862068965,Product Quality
2026-03-31,product_quality,25,125,0.2,Product Quality
2026-04-01,product_quality,39,126,0.30952380952380953,Product Quality
2026-04-02,product_quality,28,124,0.22580645161290322,Product Quality
2026-04-03,product_quality,38,139,0.2733812949640288,Product Quality
2026-04-04,product_quality,34,138,0.2463768115942029,Product Quality
2026-04-05,product_quality,30,134,0.22388059701492538,Product Quality
2026-04-06,product_quality,35,144,0.24305555555555555,Product Quality
2026-04-07,product_quality,38,135,0.2814814814814815,Product Quality
2026-04-08,product_quality,29,116,0.25,Product Quality
2026-04-09,product_quality,38,131,0.2900763358778626,Product Quality
2026-04-10,product_quality,34,137,0.24817518248175183,Product Quality
2026-04-11,product_quality,23,131,0.17557251908396945,Product Quality
2026-04-12,product_quality,34,129,0.26356589147286824,Product Quality
2026-04-13,product_quality,30,121,0.24793388429752067,Product Quality
2026-04-14,product_quality,30,132,0.22727272727272727,Product Quality
2026-04-15,product_quality,20,131,0.15267175572519084,Product Quality
2026-04-16,product_quality,41,135,0.3037037037037037,Product Quality
2026-04-17,product_quality,29,125,0.232,Product Quality
2026-04-18,product_quality,28,137,0.20437956204379562,Product Quality
2026-04-19,product_quality,26,118,0.22033898305084745,Product Quality
2026-04-20,product_quality,25,140,0.17857142857142858,Product Quality
2026-04-21,product_quality,36,128,0.28125,Product Quality
2026-04-22,product_quality,38,139,0.2733812949640288,Product Quality
2026-04-23,product_quality,34,125,0.272,Product Quality
2026-04-24,product_quality,27,130,0.2076923076923077,Product Quality
2026-04-25,product_quality,29,107,0.27102803738317754,Product Quality
2026-04-26,product_quality,27,140,0.19285714285714287,Product Quality
2026-04-27,product_quality,35,140,0.25,Product Quality
2026-04-28,product_quality,23,113,0.20353982300884957,Product Quality
2026-04-29,product_quality,30,138,0.21739130434782608,Product Quality
2026-04-30,product_quality,36,126,0.2857142857142857,Product Quality
2026-05-01,product_quality,34,141,0.24113475177304963,Product Quality
2026-05-02,product_quality,38,128,0.296875,Product Quality
2026-05-03,product_quality,33,137,0.24087591240875914,Product Quality
2026-05-04,product_quality,41,143,0.2867132867132867,Product Quality
2026-05-05,product_quality,38,155,0.24516129032258063,Product Quality
2026-05-06,product_quality,24,127,0.1889763779527559,Product Quality
2026-05-07,product_quality,34,139,0.2446043165467626,Product Quality
2026-05-08,product_quality,29,136,0.21323529411764705,Product Quality
2026-05-09,product_quality,28,130,0.2153846153846154,Product Quality
2026-05-10,product_quality,30,134,0.22388059701492538,Product Quality
2026-05-11,product_quality,35,125,0.28,Product Quality
2026-05-12,product_quality,33,132,0.25,Product Quality
2026-05-13,product_quality,38,123,0.3089430894308943,Product Quality
2026-05-14,product_quality,37,132,0.2803030303030303,Product Quality
2026-05-15,product_quality,32,131,0.24427480916030533,Product Quality
2026-05-16,product_quality,35,136,0.25735294117647056,Product Quality
2026-05-17,product_quality,36,135,0.26666666666666666,Product Quality
2026-05-18,product_quality,27,120,0.225,Product Quality
2026-05-19,product_quality,33,138,0.2391304347826087,Product Quality
2026-05-20,product_quality,29,140,0.20714285714285716,Product Quality
2026-05-21,product_quality,25,118,0.211864406779661,Product Quality
2026-05-22,product_quality,39,141,0.2765957446808511,Product Quality
2026-05-23,product_quality,36,130,0.27692307692307694,Product Quality
2026-05-24,product_quality,25,124,0.20161290322580644,Product Quality
2026-05-25,product_quality,37,128,0.2890625,Product Quality
2026-05-26,product_quality,25,111,0.22522522522522523,Product Quality
2026-05-27,product_quality,39,136,0.2867647058823529,Product Quality
2026-05-28,product_quality,33,125,0.264,Product Quality
2026-05-29,product_quality,35,125,0.28,Product Quality
2026-05-30,product_quality,27,111,0.24324324324324326,Product Quality
2026-05-31,product_quality,38,154,0.24675324675324675,Product Quality
2026-06-01,product_quality,32,125,0.256,Product Quality
2026-06-02,product_quality,40,144,0.2777777777777778,Product Quality
2026-06-03,product_quality,40,141,0.28368794326241137,Product Quality
2026-06-04,product_quality,39,134,0.291044776119403,Product Quality
2026-06-05,product_quality,36,138,0.2608695652173913,Product Quality
2026-06-06,product_quality,32,133,0.24060150375939848,Product Quality
2026-06-07,product_quality,26,132,0.19696969696969696,Product Quality
2026-06-08,product_quality,37,124,0.29838709677419356,Product Quality
2026-06-09,product_quality,33,141,0.23404255319148937,Product Quality
2026-06-10,product_quality,27,122,0.22131147540983606,Product Quality
2026-06-11,product_quality,37,143,0.25874125874125875,Product Quality
2026-06-12,product_quality,32,126,0.25396825396825395,Product Quality
2026-06-13,product_quality,26,115,0.22608695652173913,Product Quality
2026-06-14,product_quality,28,126,0.2222222222222222,Product Quality
2026-06-15,product_quality,26,126,0.20634920634920634,Product Quality
2026-06-16,product_quality,34,130,0.26153846153846155,Product Quality
2026-06-17,product_quality,26,131,0.1984732824427481,Product Quality
2026-06-18,product_quality,21,131,0.16030534351145037,Product Quality
2026-06-19,product_quality,31,147,0.2108843537414966,Product Quality
2026-06-20,product_quality,26,115,0.22608695652173913,Product Quality
2026-06-21,product_quality,30,124,0.24193548387096775,Product Quality
2026-06-22,product_quality,30,142,0.2112676056338028,Product Quality
2026-06-23,product_quality,29,131,0.22137404580152673,Product Quality
2026-06-24,product_quality,28,123,0.22764227642276422,Product Quality
2026-06-25,product_quality,31,129,0.24031007751937986,Product Quality
2026-06-26,product_quality,28,146,0.1917808219178082,Product Quality
2026-06-27,product_quality,24,123,0.1951219512195122,Product Quality
2026-06-28,product_quality,32,137,0.23357664233576642,Product Quality
2026-06-29,product_quality,24,119,0.20168067226890757,Product Quality
2024-01-01,refund_problems,24,132,0.18181818181818182,Refund Problems
2024-01-02,refund_problems,16,132,0.12121212121212122,Refund Problems
2024-01-03,refund_problems,22,146,0.1506849315068493,Refund Problems
2024-01-04,refund_problems,21,154,0.13636363636363635,Refund Problems
2024-01-05,refund_problems,19,134,0.1417910447761194,Refund Problems
2024-01-06,refund_problems,21,142,0.14788732394366197,Refund Problems
2024-01-07,refund_problems,19,148,0.12837837837837837,Refund Problems
2024-01-08,refund_problems,22,140,0.15714285714285714,Refund Problems
2024-01-09,refund_problems,18,152,0.11842105263157894,Refund Problems
2024-01-10,refund_problems,20,134,0.14925373134328357,Refund Problems
2024-01-11,refund_problems,19,145,0.1310344827586207,Refund Problems
2024-01-12,refund_problems,10,104,0.09615384615384616,Refund Problems
2024-01-13,refund_problems,23,140,0.16428571428571428,Refund Problems
2024-01-14,refund_problems,16,142,0.11267605633802817,Refund Problems
2024-01-15,refund_problems,15,130,0.11538461538461539,Refund Problems
2024-01-16,refund_problems,18,113,0.1592920353982301,Refund Problems
2024-01-17,refund_problems,17,130,0.13076923076923078,Refund Problems
2024-01-18,refund_problems,13,145,0.0896551724137931,Refund Problems
2024-01-19,refund_problems,24,133,0.18045112781954886,Refund Problems
2024-01-20,refund_problems,18,137,0.13138686131386862,Refund Problems
2024-01-21,refund_problems,26,144,0.18055555555555555,Refund Problems
2024-01-22,refund_problems,18,147,0.12244897959183673,Refund Problems
2024-01-23,refund_problems,14,153,0.0915032679738562,Refund Problems
2024-01-24,refund_problems,19,132,0.14393939393939395,Refund Problems
2024-01-25,refund_problems,24,147,0.16326530612244897,Refund Problems
2024-01-26,refund_problems,23,133,0.17293233082706766,Refund Problems
2024-01-27,refund_problems,25,146,0.17123287671232876,Refund Problems
2024-01-28,refund_problems,19,138,0.13768115942028986,Refund Problems
2024-01-29,refund_problems,18,127,0.14173228346456693,Refund Problems
2024-01-30,refund_problems,23,131,0.17557251908396945,Refund Problems
2024-01-31,refund_problems,23,123,0.18699186991869918,Refund Problems
2024-02-01,refund_problems,17,140,0.12142857142857143,Refund Problems
2024-02-02,refund_problems,13,116,0.11206896551724138,Refund Problems
2024-02-03,refund_problems,19,113,0.168141592920354,Refund Problems
2024-02-04,refund_problems,23,138,0.16666666666666666,Refund Problems
2024-02-05,refund_problems,19,135,0.14074074074074075,Refund Problems
2024-02-06,refund_problems,20,124,0.16129032258064516,Refund Problems
2024-02-07,refund_problems,15,131,0.11450381679389313,Refund Problems
2024-02-08,refund_problems,16,110,0.14545454545454545,Refund Problems
2024-02-09,refund_problems,19,125,0.152,Refund Problems
2024-02-10,refund_problems,18,138,0.13043478260869565,Refund Problems
2024-02-11,refund_problems,10,125,0.08,Refund Problems
2024-02-12,refund_problems,25,151,0.16556291390728478,Refund Problems
2024-02-13,refund_problems,15,119,0.12605042016806722,Refund Problems
2024-02-14,refund_problems,28,158,0.17721518987341772,Refund Problems
2024-02-15,refund_problems,20,126,0.15873015873015872,Refund Problems
2024-02-16,refund_problems,16,120,0.13333333333333333,Refund Problems
2024-02-17,refund_problems,13,126,0.10317460317460317,Refund Problems
2024-02-18,refund_problems,22,130,0.16923076923076924,Refund Problems
2024-02-19,refund_problems,15,140,0.10714285714285714,Refund Problems
2024-02-20,refund_problems,20,133,0.15037593984962405,Refund Problems
2024-02-21,refund_problems,16,141,0.11347517730496454,Refund Problems
2024-02-22,refund_problems,24,138,0.17391304347826086,Refund Problems
2024-02-23,refund_problems,22,139,0.15827338129496402,Refund Problems
2024-02-24,refund_problems,12,128,0.09375,Refund Problems
2024-02-25,refund_problems,17,126,0.1349206349206349,Refund Problems
2024-02-26,refund_problems,15,119,0.12605042016806722,Refund Problems
2024-02-27,refund_problems,14,125,0.112,Refund Problems
2024-02-28,refund_problems,12,126,0.09523809523809523,Refund Problems
2024-02-29,refund_problems,15,126,0.11904761904761904,Refund Problems
2024-03-01,refund_problems,20,121,0.1652892561983471,Refund Problems
2024-03-02,refund_problems,15,141,0.10638297872340426,Refund Problems
2024-03-03,refund_problems,22,136,0.16176470588235295,Refund Problems
2024-03-04,refund_problems,16,128,0.125,Refund Problems
2024-03-05,refund_problems,21,109,0.1926605504587156,Refund Problems
2024-03-06,refund_problems,11,111,0.0990990990990991,Refund Problems
2024-03-07,refund_problems,20,129,0.15503875968992248,Refund Problems
2024-03-08,refund_problems,18,113,0.1592920353982301,Refund Problems
2024-03-09,refund_problems,17,127,0.13385826771653545,Refund Problems
2024-03-10,refund_problems,19,128,0.1484375,Refund Problems
2024-03-11,refund_problems,17,133,0.12781954887218044,Refund Problems
2024-03-12,refund_problems,15,109,0.13761467889908258,Refund Problems
2024-03-13,refund_problems,16,134,0.11940298507462686,Refund Problems
2024-03-14,refund_problems,18,122,0.14754098360655737,Refund Problems
2024-03-15,refund_problems,23,152,0.1513157894736842,Refund Problems
2024-03-16,refund_problems,21,139,0.1510791366906475,Refund Problems
2024-03-17,refund_problems,18,135,0.13333333333333333,Refund Problems
2024-03-18,refund_problems,25,143,0.17482517482517482,Refund Problems
2024-03-19,refund_problems,23,140,0.16428571428571428,Refund Problems
2024-03-20,refund_problems,14,122,0.11475409836065574,Refund Problems
2024-03-21,refund_problems,20,126,0.15873015873015872,Refund Problems
2024-03-22,refund_problems,13,123,0.10569105691056911,Refund Problems
2024-03-23,refund_problems,17,124,0.13709677419354838,Refund Problems
2024-03-24,refund_problems,20,158,0.12658227848101267,Refund Problems
2024-03-25,refund_problems,26,156,0.16666666666666666,Refund Problems
2024-03-26,refund_problems,22,131,0.16793893129770993,Refund Problems
2024-03-27,refund_problems,15,134,0.11194029850746269,Refund Problems
2024-03-28,refund_problems,15,130,0.11538461538461539,Refund Problems
2024-03-29,refund_problems,18,151,0.11920529801324503,Refund Problems
2024-03-30,refund_problems,23,121,0.19008264462809918,Refund Problems
2024-03-31,refund_problems,14,133,0.10526315789473684,Refund Problems
2024-04-01,refund_problems,21,136,0.15441176470588236,Refund Problems
2024-04-02,refund_problems,21,124,0.1693548387096774,Refund Problems
2024-04-03,refund_problems,17,117,0.1452991452991453,Refund Problems
2024-04-04,refund_problems,29,132,0.2196969696969697,Refund Problems
2024-04-05,refund_problems,23,135,0.17037037037037037,Refund Problems
2024-04-06,refund_problems,19,132,0.14393939393939395,Refund Problems
2024-04-07,refund_problems,25,124,0.20161290322580644,Refund Problems
2024-04-08,refund_problems,9,139,0.06474820143884892,Refund Problems
2024-04-09,refund_problems,19,130,0.14615384615384616,Refund Problems
2024-04-10,refund_problems,28,152,0.18421052631578946,Refund Problems
2024-04-11,refund_problems,16,108,0.14814814814814814,Refund Problems
2024-04-12,refund_problems,19,133,0.14285714285714285,Refund Problems
2024-04-13,refund_problems,26,123,0.21138211382113822,Refund Problems
2024-04-14,refund_problems,13,143,0.09090909090909091,Refund Problems
2024-04-15,refund_problems,13,130,0.1,Refund Problems
2024-04-16,refund_problems,20,127,0.15748031496062992,Refund Problems
2024-04-17,refund_problems,18,121,0.1487603305785124,Refund Problems
2024-04-18,refund_problems,27,155,0.17419354838709677,Refund Problems
2024-04-19,refund_problems,16,137,0.11678832116788321,Refund Problems
2024-04-20,refund_problems,11,147,0.07482993197278912,Refund Problems
2024-04-21,refund_problems,18,137,0.13138686131386862,Refund Problems
2024-04-22,refund_problems,17,130,0.13076923076923078,Refund Problems
2024-04-23,refund_problems,15,119,0.12605042016806722,Refund Problems
2024-04-24,refund_problems,17,121,0.14049586776859505,Refund Problems
2024-04-25,refund_problems,15,124,0.12096774193548387,Refund Problems
2024-04-26,refund_problems,23,138,0.16666666666666666,Refund Problems
2024-04-27,refund_problems,14,118,0.11864406779661017,Refund Problems
2024-04-28,refund_problems,15,127,0.11811023622047244,Refund Problems
2024-04-29,refund_problems,14,131,0.10687022900763359,Refund Problems
2024-04-30,refund_problems,18,137,0.13138686131386862,Refund Problems
2024-05-01,refund_problems,21,136,0.15441176470588236,Refund Problems
2024-05-02,refund_problems,15,101,0.1485148514851485,Refund Problems
2024-05-03,refund_problems,14,138,0.10144927536231885,Refund Problems
2024-05-04,refund_problems,23,135,0.17037037037037037,Refund Problems
2024-05-05,refund_problems,19,116,0.16379310344827586,Refund Problems
2024-05-06,refund_problems,21,140,0.15,Refund Problems
2024-05-07,refund_problems,13,124,0.10483870967741936,Refund Problems
2024-05-08,refund_problems,24,141,0.1702127659574468,Refund Problems
2024-05-09,refund_problems,17,125,0.136,Refund Problems
2024-05-10,refund_problems,21,133,0.15789473684210525,Refund Problems
2024-05-11,refund_problems,16,137,0.11678832116788321,Refund Problems
2024-05-12,refund_problems,21,133,0.15789473684210525,Refund Problems
2024-05-13,refund_problems,31,151,0.2052980132450331,Refund Problems
2024-05-14,refund_problems,12,119,0.10084033613445378,Refund Problems
2024-05-15,refund_problems,23,114,0.20175438596491227,Refund Problems
2024-05-16,refund_problems,17,129,0.13178294573643412,Refund Problems
2024-05-17,refund_problems,16,117,0.13675213675213677,Refund Problems
2024-05-18,refund_problems,15,130,0.11538461538461539,Refund Problems
2024-05-19,refund_problems,12,123,0.0975609756097561,Refund Problems
2024-05-20,refund_problems,19,141,0.1347517730496454,Refund Problems
2024-05-21,refund_problems,19,130,0.14615384615384616,Refund Problems
2024-05-22,refund_problems,23,140,0.16428571428571428,Refund Problems
2024-05-23,refund_problems,19,134,0.1417910447761194,Refund Problems
2024-05-24,refund_problems,27,132,0.20454545454545456,Refund Problems
2024-05-25,refund_problems,15,125,0.12,Refund Problems
2024-05-26,refund_problems,15,148,0.10135135135135136,Refund Problems
2024-05-27,refund_problems,16,108,0.14814814814814814,Refund Problems
2024-05-28,refund_problems,12,125,0.096,Refund Problems
2024-05-29,refund_problems,20,122,0.16393442622950818,Refund Problems
2024-05-30,refund_problems,15,133,0.11278195488721804,Refund Problems
2024-05-31,refund_problems,16,121,0.1322314049586777,Refund Problems
2024-06-01,refund_problems,14,128,0.109375,Refund Problems
2024-06-02,refund_problems,25,122,0.20491803278688525,Refund Problems
2024-06-03,refund_problems,13,130,0.1,Refund Problems
2024-06-04,refund_problems,20,133,0.15037593984962405,Refund Problems
2024-06-05,refund_problems,16,125,0.128,Refund Problems
2024-06-06,refund_problems,21,145,0.14482758620689656,Refund Problems
2024-06-07,refund_problems,19,126,0.15079365079365079,Refund Problems
2024-06-08,refund_problems,20,136,0.14705882352941177,Refund Problems
2024-06-09,refund_problems,14,120,0.11666666666666667,Refund Problems
2024-06-10,refund_problems,18,107,0.16822429906542055,Refund Problems
2024-06-11,refund_problems,20,143,0.13986013986013987,Refund Problems
2024-06-12,refund_problems,21,128,0.1640625,Refund Problems
2024-06-13,refund_problems,14,136,0.10294117647058823,Refund Problems
2024-06-14,refund_problems,15,125,0.12,Refund Problems
2024-06-15,refund_problems,17,133,0.12781954887218044,Refund Problems
2024-06-16,refund_problems,24,155,0.15483870967741936,Refund Problems
2024-06-17,refund_problems,22,129,0.17054263565891473,Refund Problems
2024-06-18,refund_problems,21,133,0.15789473684210525,Refund Problems
2024-06-19,refund_problems,17,120,0.14166666666666666,Refund Problems
2024-06-20,refund_problems,13,119,0.1092436974789916,Refund Problems
2024-06-21,refund_problems,25,129,0.1937984496124031,Refund Problems
2024-06-22,refund_problems,26,146,0.1780821917808219,Refund Problems
2024-06-23,refund_problems,20,146,0.136986301369863,Refund Problems
2024-06-24,refund_problems,24,144,0.16666666666666666,Refund Problems
2024-06-25,refund_problems,18,162,0.1111111111111111,Refund Problems
2024-06-26,refund_problems,20,129,0.15503875968992248,Refund Problems
2024-06-27,refund_problems,24,148,0.16216216216216217,Refund Problems
2024-06-28,refund_problems,15,106,0.14150943396226415,Refund Problems
2024-06-29,refund_problems,21,124,0.1693548387096774,Refund Problems
2024-06-30,refund_problems,19,156,0.12179487179487179,Refund Problems
2024-07-01,refund_problems,24,126,0.19047619047619047,Refund Problems
2024-07-02,refund_problems,14,122,0.11475409836065574,Refund Problems
2024-07-03,refund_problems,19,124,0.1532258064516129,Refund Problems
2024-07-04,refund_problems,9,146,0.06164383561643835,Refund Problems
2024-07-05,refund_problems,21,154,0.13636363636363635,Refund Problems
2024-07-06,refund_problems,14,128,0.109375,Refund Problems
2024-07-07,refund_problems,24,125,0.192,Refund Problems
2024-07-08,refund_problems,18,130,0.13846153846153847,Refund Problems
2024-07-09,refund_problems,22,153,0.1437908496732026,Refund Problems
2024-07-10,refund_problems,20,141,0.14184397163120568,Refund Problems
2024-07-11,refund_problems,12,132,0.09090909090909091,Refund Problems
2024-07-12,refund_problems,21,137,0.15328467153284672,Refund Problems
2024-07-13,refund_problems,17,130,0.13076923076923078,Refund Problems
2024-07-14,refund_problems,11,130,0.08461538461538462,Refund Problems
2024-07-15,refund_problems,11,115,0.09565217391304348,Refund Problems
2024-07-16,refund_problems,18,149,0.12080536912751678,Refund Problems
2024-07-17,refund_problems,15,125,0.12,Refund Problems
2024-07-18,refund_problems,13,120,0.10833333333333334,Refund Problems
2024-07-19,refund_problems,15,129,0.11627906976744186,Refund Problems
2024-07-20,refund_problems,21,143,0.14685314685314685,Refund Problems
2024-07-21,refund_problems,27,145,0.18620689655172415,Refund Problems
2024-07-22,refund_problems,18,148,0.12162162162162163,Refund Problems
2024-07-23,refund_problems,24,145,0.16551724137931034,Refund Problems
2024-07-24,refund_problems,14,115,0.12173913043478261,Refund Problems
2024-07-25,refund_problems,30,147,0.20408163265306123,Refund Problems
2024-07-26,refund_problems,23,139,0.16546762589928057,Refund Problems
2024-07-27,refund_problems,22,123,0.17886178861788618,Refund Problems
2024-07-28,refund_problems,8,123,0.06504065040650407,Refund Problems
2024-07-29,refund_problems,22,126,0.1746031746031746,Refund Problems
2024-07-30,refund_problems,25,138,0.18115942028985507,Refund Problems
2024-07-31,refund_problems,19,120,0.15833333333333333,Refund Problems
2024-08-01,refund_problems,11,124,0.08870967741935484,Refund Problems
2024-08-02,refund_problems,18,134,0.13432835820895522,Refund Problems
2024-08-03,refund_problems,18,131,0.13740458015267176,Refund Problems
2024-08-04,refund_problems,13,119,0.1092436974789916,Refund Problems
2024-08-05,refund_problems,18,115,0.1565217391304348,Refund Problems
2024-08-06,refund_problems,23,139,0.16546762589928057,Refund Problems
2024-08-07,refund_problems,18,123,0.14634146341463414,Refund Problems
2024-08-08,refund_problems,21,134,0.15671641791044777,Refund Problems
2024-08-09,refund_problems,17,119,0.14285714285714285,Refund Problems
2024-08-10,refund_problems,19,127,0.14960629921259844,Refund Problems
2024-08-11,refund_problems,28,140,0.2,Refund Problems
2024-08-12,refund_problems,16,142,0.11267605633802817,Refund Problems
2024-08-13,refund_problems,27,133,0.20300751879699247,Refund Problems
2024-08-14,refund_problems,17,145,0.11724137931034483,Refund Problems
2024-08-15,refund_problems,14,121,0.11570247933884298,Refund Problems
2024-08-16,refund_problems,15,93,0.16129032258064516,Refund Problems
2024-08-17,refund_problems,18,134,0.13432835820895522,Refund Problems
2024-08-18,refund_problems,22,145,0.15172413793103448,Refund Problems
2024-08-19,refund_problems,23,132,0.17424242424242425,Refund Problems
2024-08-20,refund_problems,17,151,0.11258278145695365,Refund Problems
2024-08-21,refund_problems,23,135,0.17037037037037037,Refund Problems
2024-08-22,refund_problems,15,107,0.14018691588785046,Refund Problems
2024-08-23,refund_problems,13,116,0.11206896551724138,Refund Problems
2024-08-24,refund_problems,22,145,0.15172413793103448,Refund Problems
2024-08-25,refund_problems,11,124,0.08870967741935484,Refund Problems
2024-08-26,refund_problems,18,134,0.13432835820895522,Refund Problems
2024-08-27,refund_problems,20,123,0.16260162601626016,Refund Problems
2024-08-28,refund_problems,25,133,0.18796992481203006,Refund Problems
2024-08-29,refund_problems,18,148,0.12162162162162163,Refund Problems
2024-08-30,refund_problems,11,141,0.07801418439716312,Refund Problems
2024-08-31,refund_problems,16,143,0.11188811188811189,Refund Problems
2024-09-01,refund_problems,17,117,0.1452991452991453,Refund Problems
2024-09-02,refund_problems,13,130,0.1,Refund Problems
2024-09-03,refund_problems,15,149,0.10067114093959731,Refund Problems
2024-09-04,refund_problems,18,141,0.1276595744680851,Refund Problems
2024-09-05,refund_problems,19,129,0.14728682170542637,Refund Problems
2024-09-06,refund_problems,29,137,0.2116788321167883,Refund Problems
2024-09-07,refund_problems,20,143,0.13986013986013987,Refund Problems
2024-09-08,refund_problems,22,140,0.15714285714285714,Refund Problems
2024-09-09,refund_problems,15,133,0.11278195488721804,Refund Problems
2024-09-10,refund_problems,19,131,0.1450381679389313,Refund Problems
2024-09-11,refund_problems,16,123,0.13008130081300814,Refund Problems
2024-09-12,refund_problems,20,128,0.15625,Refund Problems
2024-09-13,refund_problems,20,133,0.15037593984962405,Refund Problems
2024-09-14,refund_problems,24,141,0.1702127659574468,Refund Problems
2024-09-15,refund_problems,19,122,0.1557377049180328,Refund Problems
2024-09-16,refund_problems,20,136,0.14705882352941177,Refund Problems
2024-09-17,refund_problems,19,136,0.13970588235294118,Refund Problems
2024-09-18,refund_problems,17,128,0.1328125,Refund Problems
2024-09-19,refund_problems,12,122,0.09836065573770492,Refund Problems
2024-09-20,refund_problems,27,154,0.17532467532467533,Refund Problems
2024-09-21,refund_problems,21,149,0.14093959731543623,Refund Problems
2024-09-22,refund_problems,17,121,0.14049586776859505,Refund Problems
2024-09-23,refund_problems,24,142,0.16901408450704225,Refund Problems
2024-09-24,refund_problems,17,119,0.14285714285714285,Refund Problems
2024-09-25,refund_problems,19,144,0.13194444444444445,Refund Problems
2024-09-26,refund_problems,12,120,0.1,Refund Problems
2024-09-27,refund_problems,11,111,0.0990990990990991,Refund Problems
2024-09-28,refund_problems,21,135,0.15555555555555556,Refund Problems
2024-09-29,refund_problems,20,156,0.1282051282051282,Refund Problems
2024-09-30,refund_problems,21,116,0.1810344827586207,Refund Problems
2024-10-01,refund_problems,18,133,0.13533834586466165,Refund Problems
2024-10-02,refund_problems,15,114,0.13157894736842105,Refund Problems
2024-10-03,refund_problems,15,110,0.13636363636363635,Refund Problems
2024-10-04,refund_problems,15,134,0.11194029850746269,Refund Problems
2024-10-05,refund_problems,15,143,0.1048951048951049,Refund Problems
2024-10-06,refund_problems,24,142,0.16901408450704225,Refund Problems
2024-10-07,refund_problems,15,124,0.12096774193548387,Refund Problems
2024-10-08,refund_problems,15,122,0.12295081967213115,Refund Problems
2024-10-09,refund_problems,13,129,0.10077519379844961,Refund Problems
2024-10-10,refund_problems,12,130,0.09230769230769231,Refund Problems
2024-10-11,refund_problems,20,141,0.14184397163120568,Refund Problems
2024-10-12,refund_problems,12,119,0.10084033613445378,Refund Problems
2024-10-13,refund_problems,20,145,0.13793103448275862,Refund Problems
2024-10-14,refund_problems,16,130,0.12307692307692308,Refund Problems
2024-10-15,refund_problems,19,120,0.15833333333333333,Refund Problems
2024-10-16,refund_problems,15,112,0.13392857142857142,Refund Problems
2024-10-17,refund_problems,26,133,0.19548872180451127,Refund Problems
2024-10-18,refund_problems,13,112,0.11607142857142858,Refund Problems
2024-10-19,refund_problems,17,134,0.12686567164179105,Refund Problems
2024-10-20,refund_problems,11,128,0.0859375,Refund Problems
2024-10-21,refund_problems,25,127,0.1968503937007874,Refund Problems
2024-10-22,refund_problems,21,136,0.15441176470588236,Refund Problems
2024-10-23,refund_problems,22,143,0.15384615384615385,Refund Problems
2024-10-24,refund_problems,21,118,0.17796610169491525,Refund Problems
2024-10-25,refund_problems,28,148,0.1891891891891892,Refund Problems
2024-10-26,refund_problems,19,133,0.14285714285714285,Refund Problems
2024-10-27,refund_problems,22,124,0.1774193548387097,Refund Problems
2024-10-28,refund_problems,21,133,0.15789473684210525,Refund Problems
2024-10-29,refund_problems,19,128,0.1484375,Refund Problems
2024-10-30,refund_problems,18,115,0.1565217391304348,Refund Problems
2024-10-31,refund_problems,17,127,0.13385826771653545,Refund Problems
2024-11-01,refund_problems,15,136,0.11029411764705882,Refund Problems
2024-11-02,refund_problems,19,132,0.14393939393939395,Refund Problems
2024-11-03,refund_problems,19,117,0.1623931623931624,Refund Problems
2024-11-04,refund_problems,22,179,0.12290502793296089,Refund Problems
2024-11-05,refund_problems,22,140,0.15714285714285714,Refund Problems
2024-11-06,refund_problems,32,146,0.2191780821917808,Refund Problems
2024-11-07,refund_problems,20,124,0.16129032258064516,Refund Problems
2024-11-08,refund_problems,22,150,0.14666666666666667,Refund Problems
2024-11-09,refund_problems,22,141,0.15602836879432624,Refund Problems
2024-11-10,refund_problems,24,127,0.1889763779527559,Refund Problems
2024-11-11,refund_problems,14,120,0.11666666666666667,Refund Problems
2024-11-12,refund_problems,13,126,0.10317460317460317,Refund Problems
2024-11-13,refund_problems,23,139,0.16546762589928057,Refund Problems
2024-11-14,refund_problems,11,126,0.0873015873015873,Refund Problems
2024-11-15,refund_problems,14,109,0.12844036697247707,Refund Problems
2024-11-16,refund_problems,18,139,0.12949640287769784,Refund Problems
2024-11-17,refund_problems,21,120,0.175,Refund Problems
2024-11-18,refund_problems,22,138,0.15942028985507245,Refund Problems
2024-11-19,refund_problems,19,135,0.14074074074074075,Refund Problems
2024-11-20,refund_problems,20,118,0.1694915254237288,Refund Problems
2024-11-21,refund_problems,23,133,0.17293233082706766,Refund Problems
2024-11-22,refund_problems,19,142,0.13380281690140844,Refund Problems
2024-11-23,refund_problems,23,134,0.17164179104477612,Refund Problems
2024-11-24,refund_problems,22,134,0.16417910447761194,Refund Problems
2024-11-25,refund_problems,23,111,0.2072072072072072,Refund Problems
2024-11-26,refund_problems,19,143,0.13286713286713286,Refund Problems
2024-11-27,refund_problems,15,136,0.11029411764705882,Refund Problems
2024-11-28,refund_problems,27,134,0.20149253731343283,Refund Problems
2024-11-29,refund_problems,20,131,0.15267175572519084,Refund Problems
2024-11-30,refund_problems,19,140,0.1357142857142857,Refund Problems
2024-12-01,refund_problems,22,138,0.15942028985507245,Refund Problems
2024-12-02,refund_problems,22,124,0.1774193548387097,Refund Problems
2024-12-03,refund_problems,21,134,0.15671641791044777,Refund Problems
2024-12-04,refund_problems,15,130,0.11538461538461539,Refund Problems
2024-12-05,refund_problems,16,135,0.11851851851851852,Refund Problems
2024-12-06,refund_problems,23,140,0.16428571428571428,Refund Problems
2024-12-07,refund_problems,12,141,0.0851063829787234,Refund Problems
2024-12-08,refund_problems,17,138,0.12318840579710146,Refund Problems
2024-12-09,refund_problems,20,145,0.13793103448275862,Refund Problems
2024-12-10,refund_problems,18,141,0.1276595744680851,Refund Problems
2024-12-11,refund_problems,18,137,0.13138686131386862,Refund Problems
2024-12-12,refund_problems,20,142,0.14084507042253522,Refund Problems
2024-12-13,refund_problems,19,140,0.1357142857142857,Refund Problems
2024-12-14,refund_problems,14,124,0.11290322580645161,Refund Problems
2024-12-15,refund_problems,16,128,0.125,Refund Problems
2024-12-16,refund_problems,13,132,0.09848484848484848,Refund Problems
2024-12-17,refund_problems,17,115,0.14782608695652175,Refund Problems
2024-12-18,refund_problems,17,122,0.13934426229508196,Refund Problems
2024-12-19,refund_problems,12,120,0.1,Refund Problems
2024-12-20,refund_problems,20,132,0.15151515151515152,Refund Problems
2024-12-21,refund_problems,13,107,0.12149532710280374,Refund Problems
2024-12-22,refund_problems,27,143,0.1888111888111888,Refund Problems
2024-12-23,refund_problems,16,129,0.12403100775193798,Refund Problems
2024-12-24,refund_problems,17,103,0.1650485436893204,Refund Problems
2024-12-25,refund_problems,20,117,0.17094017094017094,Refund Problems
2024-12-26,refund_problems,22,131,0.16793893129770993,Refund Problems
2024-12-27,refund_problems,19,136,0.13970588235294118,Refund Problems
2024-12-28,refund_problems,19,134,0.1417910447761194,Refund Problems
2024-12-29,refund_problems,18,135,0.13333333333333333,Refund Problems
2024-12-30,refund_problems,17,149,0.11409395973154363,Refund Problems
2024-12-31,refund_problems,16,129,0.12403100775193798,Refund Problems
2025-01-01,refund_problems,14,118,0.11864406779661017,Refund Problems
2025-01-02,refund_problems,18,134,0.13432835820895522,Refund Problems
2025-01-03,refund_problems,15,137,0.10948905109489052,Refund Problems
2025-01-04,refund_problems,20,119,0.16806722689075632,Refund Problems
2025-01-05,refund_problems,23,148,0.1554054054054054,Refund Problems
2025-01-06,refund_problems,26,156,0.16666666666666666,Refund Problems
2025-01-07,refund_problems,12,126,0.09523809523809523,Refund Problems
2025-01-08,refund_problems,20,150,0.13333333333333333,Refund Problems
2025-01-09,refund_problems,14,131,0.10687022900763359,Refund Problems
2025-01-10,refund_problems,18,128,0.140625,Refund Problems
2025-01-11,refund_problems,20,148,0.13513513513513514,Refund Problems
2025-01-12,refund_problems,19,136,0.13970588235294118,Refund Problems
2025-01-13,refund_problems,17,123,0.13821138211382114,Refund Problems
2025-01-14,refund_problems,22,135,0.16296296296296298,Refund Problems
2025-01-15,refund_problems,31,139,0.22302158273381295,Refund Problems
2025-01-16,refund_problems,19,148,0.12837837837837837,Refund Problems
2025-01-17,refund_problems,18,156,0.11538461538461539,Refund Problems
2025-01-18,refund_problems,24,120,0.2,Refund Problems
2025-01-19,refund_problems,12,120,0.1,Refund Problems
2025-01-20,refund_problems,14,132,0.10606060606060606,Refund Problems
2025-01-21,refund_problems,18,130,0.13846153846153847,Refund Problems
2025-01-22,refund_problems,24,152,0.15789473684210525,Refund Problems
2025-01-23,refund_problems,24,139,0.17266187050359713,Refund Problems
2025-01-24,refund_problems,19,126,0.15079365079365079,Refund Problems
2025-01-25,refund_problems,24,143,0.16783216783216784,Refund Problems
2025-01-26,refund_problems,26,148,0.17567567567567569,Refund Problems
2025-01-27,refund_problems,16,113,0.1415929203539823,Refund Problems
2025-01-28,refund_problems,24,156,0.15384615384615385,Refund Problems
2025-01-29,refund_problems,17,137,0.12408759124087591,Refund Problems
2025-01-30,refund_problems,16,136,0.11764705882352941,Refund Problems
2025-01-31,refund_problems,24,136,0.17647058823529413,Refund Problems
2025-02-01,refund_problems,31,132,0.23484848484848486,Refund Problems
2025-02-02,refund_problems,23,138,0.16666666666666666,Refund Problems
2025-02-03,refund_problems,18,138,0.13043478260869565,Refund Problems
2025-02-04,refund_problems,19,132,0.14393939393939395,Refund Problems
2025-02-05,refund_problems,20,139,0.14388489208633093,Refund Problems
2025-02-06,refund_problems,21,143,0.14685314685314685,Refund Problems
2025-02-07,refund_problems,18,149,0.12080536912751678,Refund Problems
2025-02-08,refund_problems,18,128,0.140625,Refund Problems
2025-02-09,refund_problems,21,139,0.1510791366906475,Refund Problems
2025-02-10,refund_problems,14,138,0.10144927536231885,Refund Problems
2025-02-11,refund_problems,22,129,0.17054263565891473,Refund Problems
2025-02-12,refund_problems,19,140,0.1357142857142857,Refund Problems
2025-02-13,refund_problems,19,148,0.12837837837837837,Refund Problems
2025-02-14,refund_problems,17,116,0.14655172413793102,Refund Problems
2025-02-15,refund_problems,18,128,0.140625,Refund Problems
2025-02-16,refund_problems,21,143,0.14685314685314685,Refund Problems
2025-02-17,refund_problems,18,136,0.1323529411764706,Refund Problems
2025-02-18,refund_problems,15,145,0.10344827586206896,Refund Problems
2025-02-19,refund_problems,16,117,0.13675213675213677,Refund Problems
2025-02-20,refund_problems,26,143,0.18181818181818182,Refund Problems
2025-02-21,refund_problems,20,139,0.14388489208633093,Refund Problems
2025-02-22,refund_problems,20,114,0.17543859649122806,Refund Problems
2025-02-23,refund_problems,17,123,0.13821138211382114,Refund Problems
2025-02-24,refund_problems,23,135,0.17037037037037037,Refund Problems
2025-02-25,refund_problems,17,139,0.1223021582733813,Refund Problems
2025-02-26,refund_problems,11,127,0.08661417322834646,Refund Problems
2025-02-27,refund_problems,19,120,0.15833333333333333,Refund Problems
2025-02-28,refund_problems,19,130,0.14615384615384616,Refund Problems
2025-03-01,refund_problems,16,137,0.11678832116788321,Refund Problems
2025-03-02,refund_problems,15,141,0.10638297872340426,Refund Problems
2025-03-03,refund_problems,18,128,0.140625,Refund Problems
2025-03-04,refund_problems,19,142,0.13380281690140844,Refund Problems
2025-03-05,refund_problems,19,137,0.1386861313868613,Refund Problems
2025-03-06,refund_problems,20,143,0.13986013986013987,Refund Problems
2025-03-07,refund_problems,16,123,0.13008130081300814,Refund Problems
2025-03-08,refund_problems,23,128,0.1796875,Refund Problems
2025-03-09,refund_problems,14,135,0.1037037037037037,Refund Problems
2025-03-10,refund_problems,18,127,0.14173228346456693,Refund Problems
2025-03-11,refund_problems,22,138,0.15942028985507245,Refund Problems
2025-03-12,refund_problems,26,133,0.19548872180451127,Refund Problems
2025-03-13,refund_problems,16,121,0.1322314049586777,Refund Problems
2025-03-14,refund_problems,24,140,0.17142857142857143,Refund Problems
2025-03-15,refund_problems,16,131,0.12213740458015267,Refund Problems
2025-03-16,refund_problems,23,134,0.17164179104477612,Refund Problems
2025-03-17,refund_problems,19,135,0.14074074074074075,Refund Problems
2025-03-18,refund_problems,18,99,0.18181818181818182,Refund Problems
2025-03-19,refund_problems,12,121,0.09917355371900827,Refund Problems
2025-03-20,refund_problems,22,120,0.18333333333333332,Refund Problems
2025-03-21,refund_problems,21,138,0.15217391304347827,Refund Problems
2025-03-22,refund_problems,20,142,0.14084507042253522,Refund Problems
2025-03-23,refund_problems,19,121,0.15702479338842976,Refund Problems
2025-03-24,refund_problems,19,146,0.13013698630136986,Refund Problems
2025-03-25,refund_problems,17,119,0.14285714285714285,Refund Problems
2025-03-26,refund_problems,16,137,0.11678832116788321,Refund Problems
2025-03-27,refund_problems,19,131,0.1450381679389313,Refund Problems
2025-03-28,refund_problems,17,125,0.136,Refund Problems
2025-03-29,refund_problems,13,125,0.104,Refund Problems
2025-03-30,refund_problems,23,137,0.1678832116788321,Refund Problems
2025-03-31,refund_problems,24,150,0.16,Refund Problems
2025-04-01,refund_problems,25,152,0.16447368421052633,Refund Problems
2025-04-02,refund_problems,18,145,0.12413793103448276,Refund Problems
2025-04-03,refund_problems,21,138,0.15217391304347827,Refund Problems
2025-04-04,refund_problems,19,116,0.16379310344827586,Refund Problems
2025-04-05,refund_problems,14,148,0.0945945945945946,Refund Problems
2025-04-06,refund_problems,20,139,0.14388489208633093,Refund Problems
2025-04-07,refund_problems,18,119,0.15126050420168066,Refund Problems
2025-04-08,refund_problems,18,127,0.14173228346456693,Refund Problems
2025-04-09,refund_problems,16,124,0.12903225806451613,Refund Problems
2025-04-10,refund_problems,25,147,0.17006802721088435,Refund Problems
2025-04-11,refund_problems,21,150,0.14,Refund Problems
2025-04-12,refund_problems,16,158,0.10126582278481013,Refund Problems
2025-04-13,refund_problems,12,109,0.11009174311926606,Refund Problems
2025-04-14,refund_problems,19,132,0.14393939393939395,Refund Problems
2025-04-15,refund_problems,16,149,0.10738255033557047,Refund Problems
2025-04-16,refund_problems,17,130,0.13076923076923078,Refund Problems
2025-04-17,refund_problems,19,123,0.15447154471544716,Refund Problems
2025-04-18,refund_problems,21,139,0.1510791366906475,Refund Problems
2025-04-19,refund_problems,14,110,0.12727272727272726,Refund Problems
2025-04-20,refund_problems,19,128,0.1484375,Refund Problems
2025-04-21,refund_problems,13,132,0.09848484848484848,Refund Problems
2025-04-22,refund_problems,17,137,0.12408759124087591,Refund Problems
2025-04-23,refund_problems,16,130,0.12307692307692308,Refund Problems
2025-04-24,refund_problems,19,145,0.1310344827586207,Refund Problems
2025-04-25,refund_problems,20,121,0.1652892561983471,Refund Problems
2025-04-26,refund_problems,16,129,0.12403100775193798,Refund Problems
2025-04-27,refund_problems,20,127,0.15748031496062992,Refund Problems
2025-04-28,refund_problems,17,118,0.1440677966101695,Refund Problems
2025-04-29,refund_problems,17,122,0.13934426229508196,Refund Problems
2025-04-30,refund_problems,18,125,0.144,Refund Problems
2025-05-01,refund_problems,16,149,0.10738255033557047,Refund Problems
2025-05-02,refund_problems,20,122,0.16393442622950818,Refund Problems
2025-05-03,refund_problems,15,129,0.11627906976744186,Refund Problems
2025-05-04,refund_problems,21,139,0.1510791366906475,Refund Problems
2025-05-05,refund_problems,22,126,0.1746031746031746,Refund Problems
2025-05-06,refund_problems,28,150,0.18666666666666668,Refund Problems
2025-05-07,refund_problems,16,130,0.12307692307692308,Refund Problems
2025-05-08,refund_problems,14,118,0.11864406779661017,Refund Problems
2025-05-09,refund_problems,13,142,0.09154929577464789,Refund Problems
2025-05-10,refund_problems,8,124,0.06451612903225806,Refund Problems
2025-05-11,refund_problems,13,132,0.09848484848484848,Refund Problems
2025-05-12,refund_problems,16,138,0.11594202898550725,Refund Problems
2025-05-13,refund_problems,12,129,0.09302325581395349,Refund Problems
2025-05-14,refund_problems,26,119,0.2184873949579832,Refund Problems
2025-05-15,refund_problems,22,124,0.1774193548387097,Refund Problems
2025-05-16,refund_problems,20,139,0.14388489208633093,Refund Problems
2025-05-17,refund_problems,18,124,0.14516129032258066,Refund Problems
2025-05-18,refund_problems,16,121,0.1322314049586777,Refund Problems
2025-05-19,refund_problems,16,114,0.14035087719298245,Refund Problems
2025-05-20,refund_problems,17,130,0.13076923076923078,Refund Problems
2025-05-21,refund_problems,14,108,0.12962962962962962,Refund Problems
2025-05-22,refund_problems,19,156,0.12179487179487179,Refund Problems
2025-05-23,refund_problems,20,148,0.13513513513513514,Refund Problems
2025-05-24,refund_problems,18,137,0.13138686131386862,Refund Problems
2025-05-25,refund_problems,21,141,0.14893617021276595,Refund Problems
2025-05-26,refund_problems,18,119,0.15126050420168066,Refund Problems
2025-05-27,refund_problems,24,160,0.15,Refund Problems
2025-05-28,refund_problems,18,147,0.12244897959183673,Refund Problems
2025-05-29,refund_problems,19,116,0.16379310344827586,Refund Problems
2025-05-30,refund_problems,20,133,0.15037593984962405,Refund Problems
2025-05-31,refund_problems,19,140,0.1357142857142857,Refund Problems
2025-06-01,refund_problems,19,132,0.14393939393939395,Refund Problems
2025-06-02,refund_problems,20,118,0.1694915254237288,Refund Problems
2025-06-03,refund_problems,18,121,0.1487603305785124,Refund Problems
2025-06-04,refund_problems,20,141,0.14184397163120568,Refund Problems
2025-06-05,refund_problems,15,116,0.12931034482758622,Refund Problems
2025-06-06,refund_problems,17,140,0.12142857142857143,Refund Problems
2025-06-07,refund_problems,20,138,0.14492753623188406,Refund Problems
2025-06-08,refund_problems,21,142,0.14788732394366197,Refund Problems
2025-06-09,refund_problems,23,126,0.18253968253968253,Refund Problems
2025-06-10,refund_problems,19,152,0.125,Refund Problems
2025-06-11,refund_problems,16,133,0.12030075187969924,Refund Problems
2025-06-12,refund_problems,13,137,0.0948905109489051,Refund Problems
2025-06-13,refund_problems,14,137,0.10218978102189781,Refund Problems
2025-06-14,refund_problems,19,113,0.168141592920354,Refund Problems
2025-06-15,refund_problems,12,104,0.11538461538461539,Refund Problems
2025-06-16,refund_problems,25,132,0.1893939393939394,Refund Problems
2025-06-17,refund_problems,15,117,0.1282051282051282,Refund Problems
2025-06-18,refund_problems,28,136,0.20588235294117646,Refund Problems
2025-06-19,refund_problems,14,130,0.1076923076923077,Refund Problems
2025-06-20,refund_problems,19,137,0.1386861313868613,Refund Problems
2025-06-21,refund_problems,15,146,0.10273972602739725,Refund Problems
2025-06-22,refund_problems,18,134,0.13432835820895522,Refund Problems
2025-06-23,refund_problems,13,116,0.11206896551724138,Refund Problems
2025-06-24,refund_problems,21,134,0.15671641791044777,Refund Problems
2025-06-25,refund_problems,16,118,0.13559322033898305,Refund Problems
2025-06-26,refund_problems,14,119,0.11764705882352941,Refund Problems
2025-06-27,refund_problems,23,143,0.16083916083916083,Refund Problems
2025-06-28,refund_problems,14,132,0.10606060606060606,Refund Problems
2025-06-29,refund_problems,22,140,0.15714285714285714,Refund Problems
2025-06-30,refund_problems,18,133,0.13533834586466165,Refund Problems
2025-07-01,refund_problems,18,118,0.15254237288135594,Refund Problems
2025-07-02,refund_problems,17,128,0.1328125,Refund Problems
2025-07-03,refund_problems,17,124,0.13709677419354838,Refund Problems
2025-07-04,refund_problems,16,124,0.12903225806451613,Refund Problems
2025-07-05,refund_problems,15,126,0.11904761904761904,Refund Problems
2025-07-06,refund_problems,24,131,0.183206106870229,Refund Problems
2025-07-07,refund_problems,13,116,0.11206896551724138,Refund Problems
2025-07-08,refund_problems,22,158,0.13924050632911392,Refund Problems
2025-07-09,refund_problems,16,134,0.11940298507462686,Refund Problems
2025-07-10,refund_problems,27,151,0.17880794701986755,Refund Problems
2025-07-11,refund_problems,17,139,0.1223021582733813,Refund Problems
2025-07-12,refund_problems,13,141,0.09219858156028368,Refund Problems
2025-07-13,refund_problems,18,122,0.14754098360655737,Refund Problems
2025-07-14,refund_problems,28,123,0.22764227642276422,Refund Problems
2025-07-15,refund_problems,23,120,0.19166666666666668,Refund Problems
2025-07-16,refund_problems,19,112,0.16964285714285715,Refund Problems
2025-07-17,refund_problems,26,136,0.19117647058823528,Refund Problems
2025-07-18,refund_problems,14,141,0.09929078014184398,Refund Problems
2025-07-19,refund_problems,15,145,0.10344827586206896,Refund Problems
2025-07-20,refund_problems,20,147,0.1360544217687075,Refund Problems
2025-07-21,refund_problems,18,124,0.14516129032258066,Refund Problems
2025-07-22,refund_problems,20,125,0.16,Refund Problems
2025-07-23,refund_problems,23,129,0.17829457364341086,Refund Problems
2025-07-24,refund_problems,19,154,0.12337662337662338,Refund Problems
2025-07-25,refund_problems,13,126,0.10317460317460317,Refund Problems
2025-07-26,refund_problems,23,146,0.15753424657534246,Refund Problems
2025-07-27,refund_problems,20,144,0.1388888888888889,Refund Problems
2025-07-28,refund_problems,21,148,0.14189189189189189,Refund Problems
2025-07-29,refund_problems,16,101,0.15841584158415842,Refund Problems
2025-07-30,refund_problems,16,133,0.12030075187969924,Refund Problems
2025-07-31,refund_problems,14,133,0.10526315789473684,Refund Problems
2025-08-01,refund_problems,16,143,0.11188811188811189,Refund Problems
2025-08-02,refund_problems,23,151,0.152317880794702,Refund Problems
2025-08-03,refund_problems,27,130,0.2076923076923077,Refund Problems
2025-08-04,refund_problems,31,143,0.21678321678321677,Refund Problems
2025-08-05,refund_problems,20,122,0.16393442622950818,Refund Problems
2025-08-06,refund_problems,19,143,0.13286713286713286,Refund Problems
2025-08-07,refund_problems,10,116,0.08620689655172414,Refund Problems
2025-08-08,refund_problems,24,124,0.1935483870967742,Refund Problems
2025-08-09,refund_problems,14,125,0.112,Refund Problems
2025-08-10,refund_problems,20,158,0.12658227848101267,Refund Problems
2025-08-11,refund_problems,20,131,0.15267175572519084,Refund Problems
2025-08-12,refund_problems,25,155,0.16129032258064516,Refund Problems
2025-08-13,refund_problems,11,119,0.09243697478991597,Refund Problems
2025-08-14,refund_problems,27,136,0.19852941176470587,Refund Problems
2025-08-15,refund_problems,22,142,0.15492957746478872,Refund Problems
2025-08-16,refund_problems,13,117,0.1111111111111111,Refund Problems
2025-08-17,refund_problems,19,138,0.13768115942028986,Refund Problems
2025-08-18,refund_problems,16,117,0.13675213675213677,Refund Problems
2025-08-19,refund_problems,24,129,0.18604651162790697,Refund Problems
2025-08-20,refund_problems,19,146,0.13013698630136986,Refund Problems
2025-08-21,refund_problems,22,145,0.15172413793103448,Refund Problems
2025-08-22,refund_problems,24,146,0.1643835616438356,Refund Problems
2025-08-23,refund_problems,27,122,0.22131147540983606,Refund Problems
2025-08-24,refund_problems,11,129,0.08527131782945736,Refund Problems
2025-08-25,refund_problems,18,129,0.13953488372093023,Refund Problems
2025-08-26,refund_problems,21,124,0.1693548387096774,Refund Problems
2025-08-27,refund_problems,22,126,0.1746031746031746,Refund Problems
2025-08-28,refund_problems,19,123,0.15447154471544716,Refund Problems
2025-08-29,refund_problems,17,121,0.14049586776859505,Refund Problems
2025-08-30,refund_problems,15,127,0.11811023622047244,Refund Problems
2025-08-31,refund_problems,18,124,0.14516129032258066,Refund Problems
2025-09-01,refund_problems,13,132,0.09848484848484848,Refund Problems
2025-09-02,refund_problems,21,132,0.1590909090909091,Refund Problems
2025-09-03,refund_problems,21,136,0.15441176470588236,Refund Problems
2025-09-04,refund_problems,23,133,0.17293233082706766,Refund Problems
2025-09-05,refund_problems,23,113,0.20353982300884957,Refund Problems
2025-09-06,refund_problems,18,122,0.14754098360655737,Refund Problems
2025-09-07,refund_problems,16,141,0.11347517730496454,Refund Problems
2025-09-08,refund_problems,21,141,0.14893617021276595,Refund Problems
2025-09-09,refund_problems,16,152,0.10526315789473684,Refund Problems
2025-09-10,refund_problems,27,127,0.2125984251968504,Refund Problems
2025-09-11,refund_problems,14,129,0.10852713178294573,Refund Problems
2025-09-12,refund_problems,24,129,0.18604651162790697,Refund Problems
2025-09-13,refund_problems,19,115,0.16521739130434782,Refund Problems
2025-09-14,refund_problems,18,119,0.15126050420168066,Refund Problems
2025-09-15,refund_problems,18,132,0.13636363636363635,Refund Problems
2025-09-16,refund_problems,24,133,0.18045112781954886,Refund Problems
2025-09-17,refund_problems,25,137,0.18248175182481752,Refund Problems
2025-09-18,refund_problems,16,135,0.11851851851851852,Refund Problems
2025-09-19,refund_problems,20,138,0.14492753623188406,Refund Problems
2025-09-20,refund_problems,18,142,0.1267605633802817,Refund Problems
2025-09-21,refund_problems,8,118,0.06779661016949153,Refund Problems
2025-09-22,refund_problems,16,117,0.13675213675213677,Refund Problems
2025-09-23,refund_problems,20,125,0.16,Refund Problems
2025-09-24,refund_problems,24,129,0.18604651162790697,Refund Problems
2025-09-25,refund_problems,19,113,0.168141592920354,Refund Problems
2025-09-26,refund_problems,22,135,0.16296296296296298,Refund Problems
2025-09-27,refund_problems,24,146,0.1643835616438356,Refund Problems
2025-09-28,refund_problems,19,140,0.1357142857142857,Refund Problems
2025-09-29,refund_problems,10,122,0.08196721311475409,Refund Problems
2025-09-30,refund_problems,24,134,0.1791044776119403,Refund Problems
2025-10-01,refund_problems,21,135,0.15555555555555556,Refund Problems
2025-10-02,refund_problems,9,114,0.07894736842105263,Refund Problems
2025-10-03,refund_problems,10,125,0.08,Refund Problems
2025-10-04,refund_problems,26,139,0.18705035971223022,Refund Problems
2025-10-05,refund_problems,19,118,0.16101694915254236,Refund Problems
2025-10-06,refund_problems,18,130,0.13846153846153847,Refund Problems
2025-10-07,refund_problems,30,130,0.23076923076923078,Refund Problems
2025-10-08,refund_problems,20,129,0.15503875968992248,Refund Problems
2025-10-09,refund_problems,23,141,0.16312056737588654,Refund Problems
2025-10-10,refund_problems,18,127,0.14173228346456693,Refund Problems
2025-10-11,refund_problems,22,142,0.15492957746478872,Refund Problems
2025-10-12,refund_problems,22,116,0.1896551724137931,Refund Problems
2025-10-13,refund_problems,17,121,0.14049586776859505,Refund Problems
2025-10-14,refund_problems,18,123,0.14634146341463414,Refund Problems
2025-10-15,refund_problems,18,137,0.13138686131386862,Refund Problems
2025-10-16,refund_problems,22,143,0.15384615384615385,Refund Problems
2025-10-17,refund_problems,19,107,0.17757009345794392,Refund Problems
2025-10-18,refund_problems,17,143,0.11888111888111888,Refund Problems
2025-10-19,refund_problems,17,114,0.14912280701754385,Refund Problems
2025-10-20,refund_problems,13,110,0.11818181818181818,Refund Problems
2025-10-21,refund_problems,17,115,0.14782608695652175,Refund Problems
2025-10-22,refund_problems,21,115,0.1826086956521739,Refund Problems
2025-10-23,refund_problems,24,140,0.17142857142857143,Refund Problems
2025-10-24,refund_problems,18,130,0.13846153846153847,Refund Problems
2025-10-25,refund_problems,19,133,0.14285714285714285,Refund Problems
2025-10-26,refund_problems,22,138,0.15942028985507245,Refund Problems
2025-10-27,refund_problems,14,132,0.10606060606060606,Refund Problems
2025-10-28,refund_problems,21,142,0.14788732394366197,Refund Problems
2025-10-29,refund_problems,16,134,0.11940298507462686,Refund Problems
2025-10-30,refund_problems,19,130,0.14615384615384616,Refund Problems
2025-10-31,refund_problems,13,105,0.12380952380952381,Refund Problems
2025-11-01,refund_problems,32,149,0.21476510067114093,Refund Problems
2025-11-02,refund_problems,25,128,0.1953125,Refund Problems
2025-11-03,refund_problems,16,136,0.11764705882352941,Refund Problems
2025-11-04,refund_problems,14,130,0.1076923076923077,Refund Problems
2025-11-05,refund_problems,21,133,0.15789473684210525,Refund Problems
2025-11-06,refund_problems,20,126,0.15873015873015872,Refund Problems
2025-11-07,refund_problems,23,146,0.15753424657534246,Refund Problems
2025-11-08,refund_problems,26,142,0.18309859154929578,Refund Problems
2025-11-09,refund_problems,15,118,0.1271186440677966,Refund Problems
2025-11-10,refund_problems,17,129,0.13178294573643412,Refund Problems
2025-11-11,refund_problems,27,145,0.18620689655172415,Refund Problems
2025-11-12,refund_problems,15,112,0.13392857142857142,Refund Problems
2025-11-13,refund_problems,17,136,0.125,Refund Problems
2025-11-14,refund_problems,19,117,0.1623931623931624,Refund Problems
2025-11-15,refund_problems,15,110,0.13636363636363635,Refund Problems
2025-11-16,refund_problems,20,137,0.145985401459854,Refund Problems
2025-11-17,refund_problems,19,149,0.12751677852348994,Refund Problems
2025-11-18,refund_problems,24,134,0.1791044776119403,Refund Problems
2025-11-19,refund_problems,17,123,0.13821138211382114,Refund Problems
2025-11-20,refund_problems,17,143,0.11888111888111888,Refund Problems
2025-11-21,refund_problems,17,120,0.14166666666666666,Refund Problems
2025-11-22,refund_problems,17,130,0.13076923076923078,Refund Problems
2025-11-23,refund_problems,19,129,0.14728682170542637,Refund Problems
2025-11-24,refund_problems,16,121,0.1322314049586777,Refund Problems
2025-11-25,refund_problems,19,119,0.15966386554621848,Refund Problems
2025-11-26,refund_problems,17,119,0.14285714285714285,Refund Problems
2025-11-27,refund_problems,23,140,0.16428571428571428,Refund Problems
2025-11-28,refund_problems,14,129,0.10852713178294573,Refund Problems
2025-11-29,refund_problems,29,151,0.19205298013245034,Refund Problems
2025-11-30,refund_problems,22,129,0.17054263565891473,Refund Problems
2025-12-01,refund_problems,18,168,0.10714285714285714,Refund Problems
2025-12-02,refund_problems,21,119,0.17647058823529413,Refund Problems
2025-12-03,refund_problems,21,133,0.15789473684210525,Refund Problems
2025-12-04,refund_problems,19,139,0.1366906474820144,Refund Problems
2025-12-05,refund_problems,16,113,0.1415929203539823,Refund Problems
2025-12-06,refund_problems,18,134,0.13432835820895522,Refund Problems
2025-12-07,refund_problems,17,124,0.13709677419354838,Refund Problems
2025-12-08,refund_problems,29,153,0.1895424836601307,Refund Problems
2025-12-09,refund_problems,15,134,0.11194029850746269,Refund Problems
2025-12-10,refund_problems,11,147,0.07482993197278912,Refund Problems
2025-12-11,refund_problems,12,132,0.09090909090909091,Refund Problems
2025-12-12,refund_problems,20,131,0.15267175572519084,Refund Problems
2025-12-13,refund_problems,16,137,0.11678832116788321,Refund Problems
2025-12-14,refund_problems,15,105,0.14285714285714285,Refund Problems
2025-12-15,refund_problems,14,122,0.11475409836065574,Refund Problems
2025-12-16,refund_problems,19,136,0.13970588235294118,Refund Problems
2025-12-17,refund_problems,18,128,0.140625,Refund Problems
2025-12-18,refund_problems,17,118,0.1440677966101695,Refund Problems
2025-12-19,refund_problems,25,140,0.17857142857142858,Refund Problems
2025-12-20,refund_problems,19,145,0.1310344827586207,Refund Problems
2025-12-21,refund_problems,10,121,0.08264462809917356,Refund Problems
2025-12-22,refund_problems,19,138,0.13768115942028986,Refund Problems
2025-12-23,refund_problems,9,137,0.06569343065693431,Refund Problems
2025-12-24,refund_problems,18,123,0.14634146341463414,Refund Problems
2025-12-25,refund_problems,19,123,0.15447154471544716,Refund Problems
2025-12-26,refund_problems,16,135,0.11851851851851852,Refund Problems
2025-12-27,refund_problems,23,119,0.19327731092436976,Refund Problems
2025-12-28,refund_problems,19,151,0.12582781456953643,Refund Problems
2025-12-29,refund_problems,19,130,0.14615384615384616,Refund Problems
2025-12-30,refund_problems,17,115,0.14782608695652175,Refund Problems
2025-12-31,refund_problems,21,134,0.15671641791044777,Refund Problems
2026-01-01,refund_problems,22,140,0.15714285714285714,Refund Problems
2026-01-02,refund_problems,13,116,0.11206896551724138,Refund Problems
2026-01-03,refund_problems,18,132,0.13636363636363635,Refund Problems
2026-01-04,refund_problems,18,123,0.14634146341463414,Refund Problems
2026-01-05,refund_problems,17,125,0.136,Refund Problems
2026-01-06,refund_problems,20,137,0.145985401459854,Refund Problems
2026-01-07,refund_problems,13,123,0.10569105691056911,Refund Problems
2026-01-08,refund_problems,14,111,0.12612612612612611,Refund Problems
2026-01-09,refund_problems,19,127,0.14960629921259844,Refund Problems
2026-01-10,refund_problems,16,143,0.11188811188811189,Refund Problems
2026-01-11,refund_problems,22,118,0.1864406779661017,Refund Problems
2026-01-12,refund_problems,18,145,0.12413793103448276,Refund Problems
2026-01-13,refund_problems,13,138,0.09420289855072464,Refund Problems
2026-01-14,refund_problems,20,127,0.15748031496062992,Refund Problems
2026-01-15,refund_problems,24,135,0.17777777777777778,Refund Problems
2026-01-16,refund_problems,16,120,0.13333333333333333,Refund Problems
2026-01-17,refund_problems,15,120,0.125,Refund Problems
2026-01-18,refund_problems,23,131,0.17557251908396945,Refund Problems
2026-01-19,refund_problems,19,136,0.13970588235294118,Refund Problems
2026-01-20,refund_problems,28,127,0.2204724409448819,Refund Problems
2026-01-21,refund_problems,17,130,0.13076923076923078,Refund Problems
2026-01-22,refund_problems,22,149,0.1476510067114094,Refund Problems
2026-01-23,refund_problems,13,115,0.11304347826086956,Refund Problems
2026-01-24,refund_problems,23,134,0.17164179104477612,Refund Problems
2026-01-25,refund_problems,16,124,0.12903225806451613,Refund Problems
2026-01-26,refund_problems,13,125,0.104,Refund Problems
2026-01-27,refund_problems,22,139,0.15827338129496402,Refund Problems
2026-01-28,refund_problems,16,121,0.1322314049586777,Refund Problems
2026-01-29,refund_problems,12,132,0.09090909090909091,Refund Problems
2026-01-30,refund_problems,27,140,0.19285714285714287,Refund Problems
2026-01-31,refund_problems,17,114,0.14912280701754385,Refund Problems
2026-02-01,refund_problems,23,115,0.2,Refund Problems
2026-02-02,refund_problems,18,147,0.12244897959183673,Refund Problems
2026-02-03,refund_problems,23,153,0.1503267973856209,Refund Problems
2026-02-04,refund_problems,16,136,0.11764705882352941,Refund Problems
2026-02-05,refund_problems,18,133,0.13533834586466165,Refund Problems
2026-02-06,refund_problems,18,126,0.14285714285714285,Refund Problems
2026-02-07,refund_problems,18,143,0.1258741258741259,Refund Problems
2026-02-08,refund_problems,18,140,0.12857142857142856,Refund Problems
2026-02-09,refund_problems,27,137,0.19708029197080293,Refund Problems
2026-02-10,refund_problems,15,134,0.11194029850746269,Refund Problems
2026-02-11,refund_problems,16,121,0.1322314049586777,Refund Problems
2026-02-12,refund_problems,17,130,0.13076923076923078,Refund Problems
2026-02-13,refund_problems,10,131,0.07633587786259542,Refund Problems
2026-02-14,refund_problems,24,129,0.18604651162790697,Refund Problems
2026-02-15,refund_problems,10,141,0.07092198581560284,Refund Problems
2026-02-16,refund_problems,24,149,0.1610738255033557,Refund Problems
2026-02-17,refund_problems,15,118,0.1271186440677966,Refund Problems
2026-02-18,refund_problems,20,121,0.1652892561983471,Refund Problems
2026-02-19,refund_problems,12,123,0.0975609756097561,Refund Problems
2026-02-20,refund_problems,32,131,0.24427480916030533,Refund Problems
2026-02-21,refund_problems,18,156,0.11538461538461539,Refund Problems
2026-02-22,refund_problems,13,118,0.11016949152542373,Refund Problems
2026-02-23,refund_problems,18,145,0.12413793103448276,Refund Problems
2026-02-24,refund_problems,13,140,0.09285714285714286,Refund Problems
2026-02-25,refund_problems,14,114,0.12280701754385964,Refund Problems
2026-02-26,refund_problems,25,140,0.17857142857142858,Refund Problems
2026-02-27,refund_problems,18,138,0.13043478260869565,Refund Problems
2026-02-28,refund_problems,19,113,0.168141592920354,Refund Problems
2026-03-01,refund_problems,20,137,0.145985401459854,Refund Problems
2026-03-02,refund_problems,25,131,0.19083969465648856,Refund Problems
2026-03-03,refund_problems,26,164,0.15853658536585366,Refund Problems
2026-03-04,refund_problems,23,144,0.1597222222222222,Refund Problems
2026-03-05,refund_problems,27,147,0.1836734693877551,Refund Problems
2026-03-06,refund_problems,15,131,0.11450381679389313,Refund Problems
2026-03-07,refund_problems,20,133,0.15037593984962405,Refund Problems
2026-03-08,refund_problems,14,128,0.109375,Refund Problems
2026-03-09,refund_problems,14,124,0.11290322580645161,Refund Problems
2026-03-10,refund_problems,24,129,0.18604651162790697,Refund Problems
2026-03-11,refund_problems,16,127,0.12598425196850394,Refund Problems
2026-03-12,refund_problems,22,120,0.18333333333333332,Refund Problems
2026-03-13,refund_problems,18,139,0.12949640287769784,Refund Problems
2026-03-14,refund_problems,22,131,0.16793893129770993,Refund Problems
2026-03-15,refund_problems,15,123,0.12195121951219512,Refund Problems
2026-03-16,refund_problems,19,119,0.15966386554621848,Refund Problems
2026-03-17,refund_problems,21,138,0.15217391304347827,Refund Problems
2026-03-18,refund_problems,25,150,0.16666666666666666,Refund Problems
2026-03-19,refund_problems,15,136,0.11029411764705882,Refund Problems
2026-03-20,refund_problems,24,142,0.16901408450704225,Refund Problems
2026-03-21,refund_problems,17,114,0.14912280701754385,Refund Problems
2026-03-22,refund_problems,16,146,0.1095890410958904,Refund Problems
2026-03-23,refund_problems,20,139,0.14388489208633093,Refund Problems
2026-03-24,refund_problems,18,121,0.1487603305785124,Refund Problems
2026-03-25,refund_problems,15,140,0.10714285714285714,Refund Problems
2026-03-26,refund_problems,18,138,0.13043478260869565,Refund Problems
2026-03-27,refund_problems,16,139,0.11510791366906475,Refund Problems
2026-03-28,refund_problems,12,116,0.10344827586206896,Refund Problems
2026-03-29,refund_problems,20,130,0.15384615384615385,Refund Problems
2026-03-30,refund_problems,23,145,0.15862068965517243,Refund Problems
2026-03-31,refund_problems,27,125,0.216,Refund Problems
2026-04-01,refund_problems,19,126,0.15079365079365079,Refund Problems
2026-04-02,refund_problems,23,124,0.18548387096774194,Refund Problems
2026-04-03,refund_problems,24,139,0.17266187050359713,Refund Problems
2026-04-04,refund_problems,14,138,0.10144927536231885,Refund Problems
2026-04-05,refund_problems,9,134,0.06716417910447761,Refund Problems
2026-04-06,refund_problems,19,144,0.13194444444444445,Refund Problems
2026-04-07,refund_problems,14,135,0.1037037037037037,Refund Problems
2026-04-08,refund_problems,18,116,0.15517241379310345,Refund Problems
2026-04-09,refund_problems,19,131,0.1450381679389313,Refund Problems
2026-04-10,refund_problems,20,137,0.145985401459854,Refund Problems
2026-04-11,refund_problems,23,131,0.17557251908396945,Refund Problems
2026-04-12,refund_problems,18,129,0.13953488372093023,Refund Problems
2026-04-13,refund_problems,21,121,0.17355371900826447,Refund Problems
2026-04-14,refund_problems,22,132,0.16666666666666666,Refund Problems
2026-04-15,refund_problems,20,131,0.15267175572519084,Refund Problems
2026-04-16,refund_problems,18,135,0.13333333333333333,Refund Problems
2026-04-17,refund_problems,13,125,0.104,Refund Problems
2026-04-18,refund_problems,18,137,0.13138686131386862,Refund Problems
2026-04-19,refund_problems,25,118,0.211864406779661,Refund Problems
2026-04-20,refund_problems,22,140,0.15714285714285714,Refund Problems
2026-04-21,refund_problems,24,128,0.1875,Refund Problems
2026-04-22,refund_problems,20,139,0.14388489208633093,Refund Problems
2026-04-23,refund_problems,15,125,0.12,Refund Problems
2026-04-24,refund_problems,22,130,0.16923076923076924,Refund Problems
2026-04-25,refund_problems,12,107,0.11214953271028037,Refund Problems
2026-04-26,refund_problems,29,140,0.20714285714285716,Refund Problems
2026-04-27,refund_problems,28,140,0.2,Refund Problems
2026-04-28,refund_problems,22,113,0.19469026548672566,Refund Problems
2026-04-29,refund_problems,25,138,0.18115942028985507,Refund Problems
2026-04-30,refund_problems,14,126,0.1111111111111111,Refund Problems
2026-05-01,refund_problems,22,141,0.15602836879432624,Refund Problems
2026-05-02,refund_problems,17,128,0.1328125,Refund Problems
2026-05-03,refund_problems,23,137,0.1678832116788321,Refund Problems
2026-05-04,refund_problems,23,143,0.16083916083916083,Refund Problems
2026-05-05,refund_problems,25,155,0.16129032258064516,Refund Problems
2026-05-06,refund_problems,22,127,0.1732283464566929,Refund Problems
2026-05-07,refund_problems,18,139,0.12949640287769784,Refund Problems
2026-05-08,refund_problems,14,136,0.10294117647058823,Refund Problems
2026-05-09,refund_problems,26,130,0.2,Refund Problems
2026-05-10,refund_problems,16,134,0.11940298507462686,Refund Problems
2026-05-11,refund_problems,17,125,0.136,Refund Problems
2026-05-12,refund_problems,20,132,0.15151515151515152,Refund Problems
2026-05-13,refund_problems,19,123,0.15447154471544716,Refund Problems
2026-05-14,refund_problems,19,132,0.14393939393939395,Refund Problems
2026-05-15,refund_problems,19,131,0.1450381679389313,Refund Problems
2026-05-16,refund_problems,12,136,0.08823529411764706,Refund Problems
2026-05-17,refund_problems,14,135,0.1037037037037037,Refund Problems
2026-05-18,refund_problems,9,120,0.075,Refund Problems
2026-05-19,refund_problems,22,138,0.15942028985507245,Refund Problems
2026-05-20,refund_problems,22,140,0.15714285714285714,Refund Problems
2026-05-21,refund_problems,15,118,0.1271186440677966,Refund Problems
2026-05-22,refund_problems,14,141,0.09929078014184398,Refund Problems
2026-05-23,refund_problems,20,130,0.15384615384615385,Refund Problems
2026-05-24,refund_problems,12,124,0.0967741935483871,Refund Problems
2026-05-25,refund_problems,17,128,0.1328125,Refund Problems
2026-05-26,refund_problems,17,111,0.15315315315315314,Refund Problems
2026-05-27,refund_problems,25,136,0.18382352941176472,Refund Problems
2026-05-28,refund_problems,14,125,0.112,Refund Problems
2026-05-29,refund_problems,25,125,0.2,Refund Problems
2026-05-30,refund_problems,17,111,0.15315315315315314,Refund Problems
2026-05-31,refund_problems,18,154,0.11688311688311688,Refund Problems
2026-06-01,refund_problems,22,125,0.176,Refund Problems
2026-06-02,refund_problems,22,144,0.1527777777777778,Refund Problems
2026-06-03,refund_problems,18,141,0.1276595744680851,Refund Problems
2026-06-04,refund_problems,23,134,0.17164179104477612,Refund Problems
2026-06-05,refund_problems,21,138,0.15217391304347827,Refund Problems
2026-06-06,refund_problems,24,133,0.18045112781954886,Refund Problems
2026-06-07,refund_problems,20,132,0.15151515151515152,Refund Problems
2026-06-08,refund_problems,13,124,0.10483870967741936,Refund Problems
2026-06-09,refund_problems,16,141,0.11347517730496454,Refund Problems
2026-06-10,refund_problems,13,122,0.10655737704918032,Refund Problems
2026-06-11,refund_problems,17,143,0.11888111888111888,Refund Problems
2026-06-12,refund_problems,19,126,0.15079365079365079,Refund Problems
2026-06-13,refund_problems,22,115,0.19130434782608696,Refund Problems
2026-06-14,refund_problems,18,126,0.14285714285714285,Refund Problems
2026-06-15,refund_problems,23,126,0.18253968253968253,Refund Problems
2026-06-16,refund_problems,14,130,0.1076923076923077,Refund Problems
2026-06-17,refund_problems,13,131,0.09923664122137404,Refund Problems
2026-06-18,refund_problems,20,131,0.15267175572519084,Refund Problems
2026-06-19,refund_problems,15,147,0.10204081632653061,Refund Problems
2026-06-20,refund_problems,25,115,0.21739130434782608,Refund Problems
2026-06-21,refund_problems,17,124,0.13709677419354838,Refund Problems
2026-06-22,refund_problems,17,142,0.11971830985915492,Refund Problems
2026-06-23,refund_problems,14,131,0.10687022900763359,Refund Problems
2026-06-24,refund_problems,14,123,0.11382113821138211,Refund Problems
2026-06-25,refund_problems,18,129,0.13953488372093023,Refund Problems
2026-06-26,refund_problems,23,146,0.15753424657534246,Refund Problems
2026-06-27,refund_problems,15,123,0.12195121951219512,Refund Problems
2026-06-28,refund_problems,19,137,0.1386861313868613,Refund Problems
2026-06-29,refund_problems,16,119,0.13445378151260504,Refund Problems
